"protein","nm_id","cdna_mut","prot_mut"
"ACTL6A","NM_004301","c.1017C>T","p.D339D"
"ACTL6A","NM_004301","c.1080T>C","p.F360F"
"ACTL6A","NM_004301","c.1138T>C","p.L380L"
"ACTL6A","NM_004301","c.1165C>A","p.R389R"
"ACTL6A","NM_004301","c.45T>C","p.V15V"
"ACTL6A","NM_004301","c.558T>C","p.Y186Y"
"ACTL6A","NM_004301","c.652G>A","p.V218I"
"ACTL6A","NM_004301","c.673T>A","p.S225T"
"ACTL6A","NM_004301","c.822T>C","p.Y274Y"
"ACTL6A","NM_004301","c.976A>G","p.S326G"
"ACTL6A","NM_004301","c.993A>G","p.T331T"
"ACTL6A","NM_177989","c.1012T>C","p.L338L"
"ACTL6A","NM_177989","c.1039C>A","p.R347R"
"ACTL6A","NM_177989","c.432T>C","p.Y144Y"
"ACTL6A","NM_177989","c.526G>A","p.V176I"
"ACTL6A","NM_177989","c.547T>A","p.S183T"
"ACTL6A","NM_177989","c.696T>C","p.Y232Y"
"ACTL6A","NM_177989","c.850A>G","p.S284G"
"ACTL6A","NM_177989","c.867A>G","p.T289T"
"ACTL6A","NM_177989","c.891C>T","p.D297D"
"ACTL6A","NM_177989","c.954T>C","p.F318F"
"ACTL6A","NM_178042","c.1012T>C","p.L338L"
"ACTL6A","NM_178042","c.1039C>A","p.R347R"
"ACTL6A","NM_178042","c.432T>C","p.Y144Y"
"ACTL6A","NM_178042","c.526G>A","p.V176I"
"ACTL6A","NM_178042","c.547T>A","p.S183T"
"ACTL6A","NM_178042","c.696T>C","p.Y232Y"
"ACTL6A","NM_178042","c.850A>G","p.S284G"
"ACTL6A","NM_178042","c.867A>G","p.T289T"
"ACTL6A","NM_178042","c.891C>T","p.D297D"
"ACTL6A","NM_178042","c.954T>C","p.F318F"
"ACTL6B","NM_016188","c.132G>T","p.L44L"
"ACTL6B","NM_016188","c.144G>C","p.E48D"
"ACTL6B","NM_016188","c.237G>A","p.A79A"
"ACTL6B","NM_016188","c.414C>T","p.F138F"
"ACTL6B","NM_016188","c.449A>C","p.K150T"
"ACTL6B","NM_016188","c.453G>C","p.T151T"
"ACTL6B","NM_016188","c.495C>T","p.L165L"
"ACTL6B","NM_016188","c.546C>T","p.G182G"
"ACTL6B","NM_016188","c.549C>T","p.Y183Y"
"ACTL6B","NM_016188","c.588G>C","p.G196G"
"ACTL6B","NM_016188","c.634A>G","p.I212V"
"ACTL6B","NM_016188","c.660C>T","p.I220I"
"ACTL6B","NM_016188","c.694C>G","p.P232A"
"ACTL6B","NM_016188","c.852C>T","p.Y284Y"
"ACTR5","NM_024855","c.1128C>T","p.L376L"
"ACTR5","NM_024855","c.1133C>T","p.A378V"
"ACTR5","NM_024855","c.1175A>C","p.E392A"
"ACTR5","NM_024855","c.1245G>C","p.L415F"
"ACTR5","NM_024855","c.1297G>A","p.V433M"
"ACTR5","NM_024855","c.1346T>C","p.I449T"
"ACTR5","NM_024855","c.1401G>A","p.G467G"
"ACTR5","NM_024855","c.1441A>G","p.K481E"
"ACTR5","NM_024855","c.1444G>A","p.D482N"
"ACTR5","NM_024855","c.1447A>G","p.I483V"
"ACTR5","NM_024855","c.1494G>A","p.T498T"
"ACTR5","NM_024855","c.1501C>T","p.P501S"
"ACTR5","NM_024855","c.1553G>A","p.R518Q"
"ACTR5","NM_024855","c.1739C>T","p.P580L"
"ACTR5","NM_024855","c.1740G>A","p.P580P"
"ACTR5","NM_024855","c.18C>T","p.F6F"
"ACTR5","NM_024855","c.340G>A","p.D114N"
"ACTR5","NM_024855","c.396A>T","p.I132I"
"ACTR5","NM_024855","c.414G>A","p.V138V"
"ACTR5","NM_024855","c.444G>A","p.M148I"
"ACTR5","NM_024855","c.471G>A","p.G157G"
"ACTR5","NM_024855","c.488A>G","p.Y163C"
"ACTR5","NM_024855","c.509G>C","p.S170T"
"ACTR5","NM_024855","c.696G>A","p.G232G"
"ACTR5","NM_024855","c.816T>C","p.N272N"
"ACTR5","NM_024855","c.837A>G","p.P279P"
"ACTR5","NM_024855","c.90G>T","p.P30P"
"ACTR5","NM_024855","c.938G>A","p.R313Q"
"ACTR8","NM_022899","c.108G>C","p.P36P"
"ACTR8","NM_022899","c.1138C>T","p.R380X"
"ACTR8","NM_022899","c.117G>C","p.L39L"
"ACTR8","NM_022899","c.1200C>T","p.I400I"
"ACTR8","NM_022899","c.1242C>T","p.G414G"
"ACTR8","NM_022899","c.1279G>T","p.A427S"
"ACTR8","NM_022899","c.1346T>C","p.I449T"
"ACTR8","NM_022899","c.1368T>C","p.R456R"
"ACTR8","NM_022899","c.1433G>C","p.G478A"
"ACTR8","NM_022899","c.1518A>G","p.G506G"
"ACTR8","NM_022899","c.167C>T","p.T56I"
"ACTR8","NM_022899","c.1765G>C","p.G589R"
"ACTR8","NM_022899","c.1840C>T","p.R614C"
"ACTR8","NM_022899","c.209G>A","p.S70N"
"ACTR8","NM_022899","c.27G>A","p.T9T"
"ACTR8","NM_022899","c.393G>A","p.V131V"
"ACTR8","NM_022899","c.48C>T","p.G16G"
"ACTR8","NM_022899","c.51C>T","p.G17G"
"ACTR8","NM_022899","c.542A>G","p.N181S"
"ACTR8","NM_022899","c.699C>A","p.I233I"
"ACTR8","NM_022899","c.844G>T","p.V282L"
"ACTR8","NM_022899","c.911G>A","p.R304Q"
"ACTR8","NM_022899","c.955T>G","p.Y319D"
"ACTR8","NM_022899","c.982C>T","p.P328S"
"ARID1A","NM_006015","c.1188C>T","p.G396G"
"ARID1A","NM_006015","c.1224G>A","p.P408P"
"ARID1A","NM_006015","c.1560G>A","p.Q520Q"
"ARID1A","NM_006015","c.2109C>T","p.P703P"
"ARID1A","NM_006015","c.2347A>G","p.T783A"
"ARID1A","NM_006015","c.2511C>T","p.A837A"
"ARID1A","NM_006015","c.2541C>A","p.I847I"
"ARID1A","NM_006015","c.2615T>C","p.M872T"
"ARID1A","NM_006015","c.2971A>T","p.T991S"
"ARID1A","NM_006015","c.3046G>A","p.G1016S"
"ARID1A","NM_006015","c.3081T>C","p.Y1027Y"
"ARID1A","NM_006015","c.3159C>T","p.R1053R"
"ARID1A","NM_006015","c.3165T>C","p.Y1055Y"
"ARID1A","NM_006015","c.3242A>G","p.N1081S"
"ARID1A","NM_006015","c.3411A>T","p.G1137G"
"ARID1A","NM_006015","c.3760G>A","p.G1254S"
"ARID1A","NM_006015","c.3855T>C","p.Y1285Y"
"ARID1A","NM_006015","c.3873G>T","p.E1291D"
"ARID1A","NM_006015","c.3975C>T","p.P1325P"
"ARID1A","NM_006015","c.4053C>T","p.G1351G"
"ARID1A","NM_006015","c.4196A>C","p.Q1399P"
"ARID1A","NM_006015","c.4392C>T","p.V1464V"
"ARID1A","NM_006015","c.4400C>G","p.P1467R"
"ARID1A","NM_006015","c.4530C>T","p.N1510N"
"ARID1A","NM_006015","c.4560C>T","p.G1520G"
"ARID1A","NM_006015","c.4777C>T","p.R1593W"
"ARID1A","NM_006015","c.5001G>A","p.P1667P"
"ARID1A","NM_006015","c.5076C>T","p.N1692N"
"ARID1A","NM_006015","c.5114A>G","p.N1705S"
"ARID1A","NM_006015","c.5311C>T","p.P1771S"
"ARID1A","NM_006015","c.5491C>G","p.L1831V"
"ARID1A","NM_006015","c.5615C>T","p.A1872V"
"ARID1A","NM_006015","c.5628A>G","p.P1876P"
"ARID1A","NM_006015","c.5629G>C","p.A1877P"
"ARID1A","NM_006015","c.5679C>G","p.D1893E"
"ARID1A","NM_006015","c.5717G>A","p.R1906Q"
"ARID1A","NM_006015","c.5944G>A","p.V1982I"
"ARID1A","NM_006015","c.5957A>G","p.N1986S"
"ARID1A","NM_006015","c.6079G>C","p.A2027P"
"ARID1A","NM_006015","c.6258C>T","p.D2086D"
"ARID1A","NM_006015","c.6444T>C","p.Y2148Y"
"ARID1A","NM_006015","c.6478A>G","p.N2160D"
"ARID1A","NM_006015","c.6582C>T","p.N2194N"
"ARID1A","NM_006015","c.6586C>T","p.L2196L"
"ARID1A","NM_006015","c.6657G>T","p.Q2219H"
"ARID1A","NM_006015","c.6659A>G","p.N2220S"
"ARID1A","NM_139135","c.1188C>T","p.G396G"
"ARID1A","NM_139135","c.1224G>A","p.P408P"
"ARID1A","NM_139135","c.1560G>A","p.Q520Q"
"ARID1A","NM_139135","c.2109C>T","p.P703P"
"ARID1A","NM_139135","c.2347A>G","p.T783A"
"ARID1A","NM_139135","c.2511C>T","p.A837A"
"ARID1A","NM_139135","c.2541C>A","p.I847I"
"ARID1A","NM_139135","c.2615T>C","p.M872T"
"ARID1A","NM_139135","c.2971A>T","p.T991S"
"ARID1A","NM_139135","c.3046G>A","p.G1016S"
"ARID1A","NM_139135","c.3081T>C","p.Y1027Y"
"ARID1A","NM_139135","c.3159C>T","p.R1053R"
"ARID1A","NM_139135","c.3165T>C","p.Y1055Y"
"ARID1A","NM_139135","c.3242A>G","p.N1081S"
"ARID1A","NM_139135","c.3411A>T","p.G1137G"
"ARID1A","NM_139135","c.3760G>A","p.G1254S"
"ARID1A","NM_139135","c.3855T>C","p.Y1285Y"
"ARID1A","NM_139135","c.3873G>T","p.E1291D"
"ARID1A","NM_139135","c.3975C>T","p.P1325P"
"ARID1A","NM_139135","c.4053C>T","p.G1351G"
"ARID1A","NM_139135","c.4126C>T","p.R1376W"
"ARID1A","NM_139135","c.4350G>A","p.P1450P"
"ARID1A","NM_139135","c.4425C>T","p.N1475N"
"ARID1A","NM_139135","c.4463A>G","p.N1488S"
"ARID1A","NM_139135","c.4660C>T","p.P1554S"
"ARID1A","NM_139135","c.4840C>G","p.L1614V"
"ARID1A","NM_139135","c.4964C>T","p.A1655V"
"ARID1A","NM_139135","c.4977A>G","p.P1659P"
"ARID1A","NM_139135","c.4978G>C","p.A1660P"
"ARID1A","NM_139135","c.5028C>G","p.D1676E"
"ARID1A","NM_139135","c.5066G>A","p.R1689Q"
"ARID1A","NM_139135","c.5293G>A","p.V1765I"
"ARID1A","NM_139135","c.5306A>G","p.N1769S"
"ARID1A","NM_139135","c.5428G>C","p.A1810P"
"ARID1A","NM_139135","c.5607C>T","p.D1869D"
"ARID1A","NM_139135","c.5793T>C","p.Y1931Y"
"ARID1A","NM_139135","c.5827A>G","p.N1943D"
"ARID1A","NM_139135","c.5931C>T","p.N1977N"
"ARID1A","NM_139135","c.5935C>T","p.L1979L"
"ARID1A","NM_139135","c.6006G>T","p.Q2002H"
"ARID1A","NM_139135","c.6008A>G","p.N2003S"
"ARID1B","NM_017519","c.1632G>A","p.P544P"
"ARID1B","NM_017519","c.1678A>G","p.I560V"
"ARID1B","NM_017519","c.1714G>A","p.G572R"
"ARID1B","NM_017519","c.1938C>T","p.P646P"
"ARID1B","NM_017519","c.2037G>A","p.T679T"
"ARID1B","NM_017519","c.2133G>A","p.A711A"
"ARID1B","NM_017519","c.2259G>A","p.P753P"
"ARID1B","NM_017519","c.2380C>T","p.P794S"
"ARID1B","NM_017519","c.2405C>T","p.S802L"
"ARID1B","NM_017519","c.2823G>C","p.A941A"
"ARID1B","NM_017519","c.2856C>T","p.P952P"
"ARID1B","NM_017519","c.2857G>A","p.G953S"
"ARID1B","NM_017519","c.3273C>T","p.Y1091Y"
"ARID1B","NM_017519","c.3291C>T","p.I1097I"
"ARID1B","NM_017519","c.3420G>A","p.E1140E"
"ARID1B","NM_017519","c.363A>G","p.Q121Q"
"ARID1B","NM_017519","c.3668T>C","p.V1223A"
"ARID1B","NM_017519","c.3721A>G","p.M1241V"
"ARID1B","NM_017519","c.4051G>A","p.G1351S"
"ARID1B","NM_017519","c.4401C>T","p.G1467G"
"ARID1B","NM_017519","c.4404T>G","p.P1468P"
"ARID1B","NM_017519","c.4456A>T","p.M1486L"
"ARID1B","NM_017519","c.4485T>C","p.H1495H"
"ARID1B","NM_017519","c.4506C>T","p.H1502H"
"ARID1B","NM_017519","c.4557C>T","p.I1519I"
"ARID1B","NM_017519","c.4581C>T","p.Y1527Y"
"ARID1B","NM_017519","c.4593G>A","p.P1531P"
"ARID1B","NM_017519","c.4982C>T","p.S1661F"
"ARID1B","NM_017519","c.5139C>T","p.D1713D"
"ARID1B","NM_017519","c.5147G>A","p.G1716E"
"ARID1B","NM_017519","c.5168A>C","p.E1723A"
"ARID1B","NM_017519","c.5217C>T","p.S1739S"
"ARID1B","NM_017519","c.5399A>G","p.N1800S"
"ARID1B","NM_017519","c.5518G>A","p.A1840T"
"ARID1B","NM_017519","c.5763C>T","p.I1921I"
"ARID1B","NM_017519","c.5883C>T","p.I1961I"
"ARID1B","NM_017519","c.6048C>G","p.A2016A"
"ARID1B","NM_017519","c.6192G>A","p.S2064S"
"ARID1B","NM_017519","c.6307G>C","p.V2103L"
"ARID1B","NM_017519","c.6516G>A","p.P2172P"
"ARID1B","NM_017519","c.6574A>T","p.M2192L"
"ARID1B","NM_017519","c.6615C>T","p.H2205H"
"ARID1B","NM_017519","c.942C>A","p.G314G"
"ARID1B","NM_017519","c.984A>G","p.G328G"
"ARID1B","NM_020732","c.1632G>A","p.P544P"
"ARID1B","NM_020732","c.1678A>G","p.I560V"
"ARID1B","NM_020732","c.1714G>A","p.G572R"
"ARID1B","NM_020732","c.1977C>T","p.P659P"
"ARID1B","NM_020732","c.2076G>A","p.T692T"
"ARID1B","NM_020732","c.2172G>A","p.A724A"
"ARID1B","NM_020732","c.2298G>A","p.P766P"
"ARID1B","NM_020732","c.2419C>T","p.P807S"
"ARID1B","NM_020732","c.2444C>T","p.S815L"
"ARID1B","NM_020732","c.2862G>C","p.A954A"
"ARID1B","NM_020732","c.2895C>T","p.P965P"
"ARID1B","NM_020732","c.2896G>A","p.G966S"
"ARID1B","NM_020732","c.3312C>T","p.Y1104Y"
"ARID1B","NM_020732","c.3330C>T","p.I1110I"
"ARID1B","NM_020732","c.3459G>A","p.E1153E"
"ARID1B","NM_020732","c.363A>G","p.Q121Q"
"ARID1B","NM_020732","c.3707T>C","p.V1236A"
"ARID1B","NM_020732","c.3760A>G","p.M1254V"
"ARID1B","NM_020732","c.4090G>A","p.G1364S"
"ARID1B","NM_020732","c.4440C>T","p.G1480G"
"ARID1B","NM_020732","c.4443T>G","p.P1481P"
"ARID1B","NM_020732","c.4495A>T","p.M1499L"
"ARID1B","NM_020732","c.4524T>C","p.H1508H"
"ARID1B","NM_020732","c.4545C>T","p.H1515H"
"ARID1B","NM_020732","c.4596C>T","p.I1532I"
"ARID1B","NM_020732","c.4620C>T","p.Y1540Y"
"ARID1B","NM_020732","c.4632G>A","p.P1544P"
"ARID1B","NM_020732","c.5021C>T","p.S1674F"
"ARID1B","NM_020732","c.5178C>T","p.D1726D"
"ARID1B","NM_020732","c.5186G>A","p.G1729E"
"ARID1B","NM_020732","c.5207A>C","p.E1736A"
"ARID1B","NM_020732","c.5256C>T","p.S1752S"
"ARID1B","NM_020732","c.5438A>G","p.N1813S"
"ARID1B","NM_020732","c.5557G>A","p.A1853T"
"ARID1B","NM_020732","c.5802C>T","p.I1934I"
"ARID1B","NM_020732","c.5922C>T","p.I1974I"
"ARID1B","NM_020732","c.6087C>G","p.A2029A"
"ARID1B","NM_020732","c.6231G>A","p.S2077S"
"ARID1B","NM_020732","c.6346G>C","p.V2116L"
"ARID1B","NM_020732","c.6555G>A","p.P2185P"
"ARID1B","NM_020732","c.6613A>T","p.M2205L"
"ARID1B","NM_020732","c.6654C>T","p.H2218H"
"ARID1B","NM_020732","c.942C>A","p.G314G"
"ARID1B","NM_020732","c.984A>G","p.G328G"
"ASH1L","NM_018489","c.1101G>A","p.L367L"
"ASH1L","NM_018489","c.117A>G","p.L39L"
"ASH1L","NM_018489","c.1279G>A","p.E427K"
"ASH1L","NM_018489","c.1318T>G","p.C440G"
"ASH1L","NM_018489","c.1451G>A","p.R484Q"
"ASH1L","NM_018489","c.1570C>T","p.P524S"
"ASH1L","NM_018489","c.1590G>A","p.P530P"
"ASH1L","NM_018489","c.1672C>T","p.P558S"
"ASH1L","NM_018489","c.1723T>G","p.S575A"
"ASH1L","NM_018489","c.1823G>A","p.S608N"
"ASH1L","NM_018489","c.1836C>T","p.N612N"
"ASH1L","NM_018489","c.1948C>T","p.L650F"
"ASH1L","NM_018489","c.204T>G","p.D68E"
"ASH1L","NM_018489","c.2306T>A","p.F769Y"
"ASH1L","NM_018489","c.2329C>T","p.R777C"
"ASH1L","NM_018489","c.2330G>A","p.R777H"
"ASH1L","NM_018489","c.2425C>T","p.L809L"
"ASH1L","NM_018489","c.2460G>A","p.L820L"
"ASH1L","NM_018489","c.2862A>G","p.P954P"
"ASH1L","NM_018489","c.2940A>G","p.K980K"
"ASH1L","NM_018489","c.3040G>A","p.V1014M"
"ASH1L","NM_018489","c.3319A>G","p.I1107V"
"ASH1L","NM_018489","c.3324C>T","p.C1108C"
"ASH1L","NM_018489","c.3408G>T","p.L1136F"
"ASH1L","NM_018489","c.3478C>T","p.R1160W"
"ASH1L","NM_018489","c.3479G>A","p.R1160Q"
"ASH1L","NM_018489","c.347T>C","p.I116T"
"ASH1L","NM_018489","c.3493A>G","p.T1165A"
"ASH1L","NM_018489","c.3517C>T","p.H1173Y"
"ASH1L","NM_018489","c.3561A>G","p.P1187P"
"ASH1L","NM_018489","c.3594C>T","p.P1198P"
"ASH1L","NM_018489","c.3694C>T","p.L1232L"
"ASH1L","NM_018489","c.3818A>G","p.K1273R"
"ASH1L","NM_018489","c.3939A>C","p.R1313R"
"ASH1L","NM_018489","c.4071G>A","p.R1357R"
"ASH1L","NM_018489","c.4154C>G","p.P1385R"
"ASH1L","NM_018489","c.4200C>T","p.Y1400Y"
"ASH1L","NM_018489","c.4246T>C","p.S1416P"
"ASH1L","NM_018489","c.4257G>A","p.T1419T"
"ASH1L","NM_018489","c.4343G>A","p.R1448Q"
"ASH1L","NM_018489","c.4361C>G","p.T1454R"
"ASH1L","NM_018489","c.4478G>A","p.R1493H"
"ASH1L","NM_018489","c.4528G>A","p.V1510I"
"ASH1L","NM_018489","c.4718C>T","p.T1573I"
"ASH1L","NM_018489","c.4793C>T","p.A1598V"
"ASH1L","NM_018489","c.4843A>G","p.R1615G"
"ASH1L","NM_018489","c.5033C>T","p.T1678I"
"ASH1L","NM_018489","c.5175G>A","p.E1725E"
"ASH1L","NM_018489","c.5199T>C","p.S1733S"
"ASH1L","NM_018489","c.5310C>A","p.V1770V"
"ASH1L","NM_018489","c.5311A>G","p.T1771A"
"ASH1L","NM_018489","c.5346A>G","p.L1782L"
"ASH1L","NM_018489","c.5388G>A","p.K1796K"
"ASH1L","NM_018489","c.5821A>G","p.N1941D"
"ASH1L","NM_018489","c.5861C>T","p.P1954L"
"ASH1L","NM_018489","c.5881C>T","p.P1961S"
"ASH1L","NM_018489","c.589C>T","p.L197F"
"ASH1L","NM_018489","c.6030A>G","p.Q2010Q"
"ASH1L","NM_018489","c.6180A>T","p.L2060L"
"ASH1L","NM_018489","c.6437G>A","p.R2146Q"
"ASH1L","NM_018489","c.6528A>G","p.E2176E"
"ASH1L","NM_018489","c.6546G>A","p.R2182R"
"ASH1L","NM_018489","c.6597T>C","p.D2199D"
"ASH1L","NM_018489","c.6837C>T","p.I2279I"
"ASH1L","NM_018489","c.6895G>A","p.A2299T"
"ASH1L","NM_018489","c.6996C>T","p.I2332I"
"ASH1L","NM_018489","c.7073A>T","p.H2358L"
"ASH1L","NM_018489","c.7122G>A","p.E2374E"
"ASH1L","NM_018489","c.722G>A","p.G241E"
"ASH1L","NM_018489","c.7471A>G","p.I2491V"
"ASH1L","NM_018489","c.7568G>A","p.R2523H"
"ASH1L","NM_018489","c.7583G>C","p.G2528A"
"ASH1L","NM_018489","c.7635A>G","p.A2545A"
"ASH1L","NM_018489","c.7683C>G","p.D2561E"
"ASH1L","NM_018489","c.7699G>T","p.V2567F"
"ASH1L","NM_018489","c.8073A>G","p.R2691R"
"ASH1L","NM_018489","c.829A>G","p.S277G"
"ASH1L","NM_018489","c.8337T>C","p.D2779D"
"ASH1L","NM_018489","c.8492A>G","p.N2831S"
"ASH1L","NM_018489","c.8590G>A","p.A2864T"
"ASH1L","NM_018489","c.8641C>T","p.R2881W"
"ASH1L","NM_018489","c.8661C>T","p.N2887N"
"ASH1L","NM_018489","c.8685A>C","p.T2895T"
"ASH1L","NM_018489","c.942G>A","p.A314A"
"CARM1","NM_199141","c.1224G>A","p.P408P"
"CARM1","NM_199141","c.1338G>A","p.Q446Q"
"CARM1","NM_199141","c.1497G>A","p.T499T"
"CARM1","NM_199141","c.1521C>T","p.S507S"
"CARM1","NM_199141","c.1671G>A","p.T557T"
"CARM1","NM_199141","c.1722G>A","p.T574T"
"CARM1","NM_199141","c.1762G>A","p.G588S"
"CARM1","NM_199141","c.1782G>A","p.A594A"
"CARM1","NM_199141","c.1785G>A","p.S595S"
"CARM1","NM_199141","c.1818C>T","p.Y606Y"
"CARM1","NM_199141","c.318C>T","p.S106S"
"CARM1","NM_199141","c.420G>A","p.R140R"
"CARM1","NM_199141","c.597G>A","p.S199S"
"CARM1","NM_199141","c.678G>A","p.V226V"
"CARM1","NM_199141","c.972G>A","p.S324S"
"CARM1","NM_199141","c.990G>A","p.A330A"
"CDYL","NM_0011439","c.1020C>T","p.P340P"
"CDYL","NM_0011439","c.1104C>T","p.L368L"
"CDYL","NM_0011439","c.1105G>A","p.V369M"
"CDYL","NM_0011439","c.166G>A","p.G56R"
"CDYL","NM_0011439","c.180C>T","p.G60G"
"CDYL","NM_0011439","c.183C>T","p.P61P"
"CDYL","NM_0011439","c.189C>T","p.A63A"
"CDYL","NM_0011439","c.249C>T","p.G83G"
"CDYL","NM_0011439","c.265A>G","p.M89V"
"CDYL","NM_0011439","c.288C>T","p.N96N"
"CDYL","NM_0011439","c.421C>A","p.R141R"
"CDYL","NM_0011439","c.48C>G","p.P16P"
"CDYL","NM_0011439","c.624C>T","p.A208A"
"CDYL","NM_0011439","c.633C>T","p.S211S"
"CDYL","NM_0011439","c.63C>T","p.T21T"
"CDYL","NM_0011439","c.783C>T","p.G261G"
"CDYL","NM_0011439","c.792T>C","p.I264I"
"CDYL","NM_0011439","c.1020C>T","p.P340P"
"CDYL","NM_0011439","c.1104C>T","p.L368L"
"CDYL","NM_0011439","c.1105G>A","p.V369M"
"CDYL","NM_0011439","c.166G>A","p.G56R"
"CDYL","NM_0011439","c.180C>T","p.G60G"
"CDYL","NM_0011439","c.183C>T","p.P61P"
"CDYL","NM_0011439","c.189C>T","p.A63A"
"CDYL","NM_0011439","c.249C>T","p.G83G"
"CDYL","NM_0011439","c.265A>G","p.M89V"
"CDYL","NM_0011439","c.288C>T","p.N96N"
"CDYL","NM_0011439","c.421C>A","p.R141R"
"CDYL","NM_0011439","c.48C>G","p.P16P"
"CDYL","NM_0011439","c.624C>T","p.A208A"
"CDYL","NM_0011439","c.633C>T","p.S211S"
"CDYL","NM_0011439","c.63C>T","p.T21T"
"CDYL","NM_0011439","c.783C>T","p.G261G"
"CDYL","NM_0011439","c.792T>C","p.I264I"
"CDYL","NM_004824","c.1020C>T","p.A340A"
"CDYL","NM_004824","c.1029C>T","p.S343S"
"CDYL","NM_004824","c.105G>A","p.E35E"
"CDYL","NM_004824","c.1179C>T","p.G393G"
"CDYL","NM_004824","c.1188T>C","p.I396I"
"CDYL","NM_004824","c.123G>A","p.P41P"
"CDYL","NM_004824","c.136G>A","p.V46M"
"CDYL","NM_004824","c.1416C>T","p.P472P"
"CDYL","NM_004824","c.1500C>T","p.L500L"
"CDYL","NM_004824","c.1501G>A","p.V501M"
"CDYL","NM_004824","c.159C>T","p.H53H"
"CDYL","NM_004824","c.173G>A","p.R58H"
"CDYL","NM_004824","c.207C>G","p.T69T"
"CDYL","NM_004824","c.444C>G","p.P148P"
"CDYL","NM_004824","c.459C>T","p.T153T"
"CDYL","NM_004824","c.562G>A","p.G188R"
"CDYL","NM_004824","c.576C>T","p.G192G"
"CDYL","NM_004824","c.579C>T","p.P193P"
"CDYL","NM_004824","c.585C>T","p.A195A"
"CDYL","NM_004824","c.645C>T","p.G215G"
"CDYL","NM_004824","c.661A>G","p.M221V"
"CDYL","NM_004824","c.684C>T","p.N228N"
"CDYL","NM_004824","c.817C>A","p.R273R"
"CDYL","NM_004824","c.93C>T","p.G31G"
"CHD3","NM_0010052","c.1038G>T","p.K346N"
"CHD3","NM_0010052","c.1101G>A","p.S367S"
"CHD3","NM_0010052","c.1119C>T","p.D373D"
"CHD3","NM_0010052","c.1205G>A","p.R402H"
"CHD3","NM_0010052","c.1278G>A","p.G426G"
"CHD3","NM_0010052","c.1569C>T","p.D523D"
"CHD3","NM_0010052","c.1584G>A","p.L528L"
"CHD3","NM_0010052","c.1793C>G","p.P598R"
"CHD3","NM_0010052","c.1992C>T","p.D664D"
"CHD3","NM_0010052","c.2454A>C","p.L818L"
"CHD3","NM_0010052","c.2472A>G","p.L824L"
"CHD3","NM_0010052","c.2919A>G","p.P973P"
"CHD3","NM_0010052","c.3006G>A","p.E1002E"
"CHD3","NM_0010052","c.3351G>A","p.S1117S"
"CHD3","NM_0010052","c.3594G>T","p.G1198G"
"CHD3","NM_0010052","c.3639T>C","p.F1213F"
"CHD3","NM_0010052","c.3738C>T","p.R1246R"
"CHD3","NM_0010052","c.3825G>A","p.K1275K"
"CHD3","NM_0010052","c.3975G>A","p.R1325R"
"CHD3","NM_0010052","c.4002C>T","p.D1334D"
"CHD3","NM_0010052","c.4269G>A","p.S1423S"
"CHD3","NM_0010052","c.474G>A","p.P158P"
"CHD3","NM_0010052","c.4818C>G","p.T1606T"
"CHD3","NM_0010052","c.4886C>G","p.P1629R"
"CHD3","NM_0010052","c.5049G>T","p.V1683V"
"CHD3","NM_0010052","c.5141C>T","p.P1714L"
"CHD3","NM_0010052","c.5153A>G","p.Q1718R"
"CHD3","NM_0010052","c.5222G>A","p.R1741Q"
"CHD3","NM_0010052","c.5316T>C","p.D1772D"
"CHD3","NM_0010052","c.5386A>G","p.N1796D"
"CHD3","NM_0010052","c.5512G>C","p.E1838Q"
"CHD3","NM_0010052","c.5811C>T","p.D1937D"
"CHD3","NM_0010052","c.5912C>T","p.T1971M"
"CHD3","NM_0010052","c.5942C>T","p.P1981L"
"CHD3","NM_0010052","c.5975C>T","p.A1992V"
"CHD3","NM_0010052","c.5999G>A","p.G2000E"
"CHD3","NM_0010052","c.6001G>A","p.A2001T"
"CHD3","NM_0010052","c.6051C>T","p.F2017F"
"CHD3","NM_0010052","c.6073C>T","p.P2025S"
"CHD3","NM_0010052","c.876C>A","p.P292P"
"CHD3","NM_0010052","c.888C>G","p.S296S"
"CHD3","NM_0010052","c.897C>T","p.P299P"
"CHD3","NM_0010052","c.1028G>A","p.R343H"
"CHD3","NM_0010052","c.1101G>A","p.G367G"
"CHD3","NM_0010052","c.1392C>T","p.D464D"
"CHD3","NM_0010052","c.1407G>A","p.L469L"
"CHD3","NM_0010052","c.1616C>G","p.P539R"
"CHD3","NM_0010052","c.1815C>T","p.D605D"
"CHD3","NM_0010052","c.2277A>C","p.L759L"
"CHD3","NM_0010052","c.2295A>G","p.L765L"
"CHD3","NM_0010052","c.2742A>G","p.P914P"
"CHD3","NM_0010052","c.2829G>A","p.E943E"
"CHD3","NM_0010052","c.297G>A","p.P99P"
"CHD3","NM_0010052","c.3174G>A","p.S1058S"
"CHD3","NM_0010052","c.3417G>T","p.G1139G"
"CHD3","NM_0010052","c.3462T>C","p.F1154F"
"CHD3","NM_0010052","c.3561C>T","p.R1187R"
"CHD3","NM_0010052","c.3648G>A","p.K1216K"
"CHD3","NM_0010052","c.3798G>A","p.R1266R"
"CHD3","NM_0010052","c.3825C>T","p.D1275D"
"CHD3","NM_0010052","c.4092G>A","p.S1364S"
"CHD3","NM_0010052","c.4641C>G","p.T1547T"
"CHD3","NM_0010052","c.4709C>G","p.P1570R"
"CHD3","NM_0010052","c.4872G>T","p.V1624V"
"CHD3","NM_0010052","c.4964C>T","p.P1655L"
"CHD3","NM_0010052","c.4976A>G","p.Q1659R"
"CHD3","NM_0010052","c.5045G>A","p.R1682Q"
"CHD3","NM_0010052","c.5139T>C","p.D1713D"
"CHD3","NM_0010052","c.5209A>G","p.N1737D"
"CHD3","NM_0010052","c.5335G>C","p.E1779Q"
"CHD3","NM_0010052","c.5634C>T","p.D1878D"
"CHD3","NM_0010052","c.5735C>T","p.T1912M"
"CHD3","NM_0010052","c.5765C>T","p.P1922L"
"CHD3","NM_0010052","c.5798C>T","p.A1933V"
"CHD3","NM_0010052","c.5822G>A","p.G1941E"
"CHD3","NM_0010052","c.5824G>A","p.A1942T"
"CHD3","NM_0010052","c.5874C>T","p.F1958F"
"CHD3","NM_0010052","c.5896C>T","p.P1966S"
"CHD3","NM_0010052","c.67C>T","p.P23S"
"CHD3","NM_0010052","c.699C>A","p.P233P"
"CHD3","NM_0010052","c.711C>G","p.S237S"
"CHD3","NM_0010052","c.720C>T","p.P240P"
"CHD3","NM_0010052","c.861G>T","p.K287N"
"CHD3","NM_0010052","c.8C>T","p.A3V"
"CHD3","NM_0010052","c.924G>A","p.S308S"
"CHD3","NM_0010052","c.942C>T","p.D314D"
"CHD3","NM_005852","c.1028G>A","p.R343H"
"CHD3","NM_005852","c.1101G>A","p.G367G"
"CHD3","NM_005852","c.1392C>T","p.D464D"
"CHD3","NM_005852","c.1407G>A","p.L469L"
"CHD3","NM_005852","c.1616C>G","p.P539R"
"CHD3","NM_005852","c.1815C>T","p.D605D"
"CHD3","NM_005852","c.2277A>C","p.L759L"
"CHD3","NM_005852","c.2295A>G","p.L765L"
"CHD3","NM_005852","c.2742A>G","p.P914P"
"CHD3","NM_005852","c.2829G>A","p.E943E"
"CHD3","NM_005852","c.297G>A","p.P99P"
"CHD3","NM_005852","c.3174G>A","p.S1058S"
"CHD3","NM_005852","c.3417G>T","p.G1139G"
"CHD3","NM_005852","c.3462T>C","p.F1154F"
"CHD3","NM_005852","c.3561C>T","p.R1187R"
"CHD3","NM_005852","c.3648G>A","p.K1216K"
"CHD3","NM_005852","c.3798G>A","p.R1266R"
"CHD3","NM_005852","c.3825C>T","p.D1275D"
"CHD3","NM_005852","c.4092G>A","p.S1364S"
"CHD3","NM_005852","c.4641C>G","p.T1547T"
"CHD3","NM_005852","c.4709C>G","p.P1570R"
"CHD3","NM_005852","c.4872G>T","p.V1624V"
"CHD3","NM_005852","c.4943G>A","p.R1648Q"
"CHD3","NM_005852","c.5037T>C","p.D1679D"
"CHD3","NM_005852","c.5107A>G","p.N1703D"
"CHD3","NM_005852","c.5233G>C","p.E1745Q"
"CHD3","NM_005852","c.5532C>T","p.D1844D"
"CHD3","NM_005852","c.5633C>T","p.T1878M"
"CHD3","NM_005852","c.5663C>T","p.P1888L"
"CHD3","NM_005852","c.5696C>T","p.A1899V"
"CHD3","NM_005852","c.5720G>A","p.G1907E"
"CHD3","NM_005852","c.5722G>A","p.A1908T"
"CHD3","NM_005852","c.5772C>T","p.F1924F"
"CHD3","NM_005852","c.5794C>T","p.P1932S"
"CHD3","NM_005852","c.67C>T","p.P23S"
"CHD3","NM_005852","c.699C>A","p.P233P"
"CHD3","NM_005852","c.711C>G","p.S237S"
"CHD3","NM_005852","c.720C>T","p.P240P"
"CHD3","NM_005852","c.861G>T","p.K287N"
"CHD3","NM_005852","c.8C>T","p.A3V"
"CHD3","NM_005852","c.924G>A","p.S308S"
"CHD3","NM_005852","c.942C>T","p.D314D"
"CHD4","NM_001273","c.1137C>T","p.G379G"
"CHD4","NM_001273","c.1209G>A","p.K403K"
"CHD4","NM_001273","c.1362C>T","p.V454V"
"CHD4","NM_001273","c.13C>T","p.L5L"
"CHD4","NM_001273","c.1420C>T","p.H474Y"
"CHD4","NM_001273","c.143C>G","p.T48S"
"CHD4","NM_001273","c.1548C>T","p.P516P"
"CHD4","NM_001273","c.1800C>T","p.N600N"
"CHD4","NM_001273","c.1848G>A","p.G616G"
"CHD4","NM_001273","c.1875C>T","p.H625H"
"CHD4","NM_001273","c.1911C>T","p.H637H"
"CHD4","NM_001273","c.1992C>T","p.Y664Y"
"CHD4","NM_001273","c.2238C>T","p.D746D"
"CHD4","NM_001273","c.2274T>C","p.T758T"
"CHD4","NM_001273","c.238C>T","p.R80W"
"CHD4","NM_001273","c.2397A>C","p.P799P"
"CHD4","NM_001273","c.252C>G","p.D84E"
"CHD4","NM_001273","c.264G>A","p.E88E"
"CHD4","NM_001273","c.2734T>C","p.L912L"
"CHD4","NM_001273","c.2878G>A","p.A960T"
"CHD4","NM_001273","c.305G>A","p.R102H"
"CHD4","NM_001273","c.3087A>G","p.A1029A"
"CHD4","NM_001273","c.4147G>A","p.A1383T"
"CHD4","NM_001273","c.414G>T","p.E138D"
"CHD4","NM_001273","c.4161C>T","p.P1387P"
"CHD4","NM_001273","c.417G>T","p.E139D"
"CHD4","NM_001273","c.420T>G","p.D140E"
"CHD4","NM_001273","c.4323C>T","p.T1441T"
"CHD4","NM_001273","c.4410G>A","p.P1470P"
"CHD4","NM_001273","c.4587G>A","p.K1529K"
"CHD4","NM_001273","c.466G>A","p.E156K"
"CHD4","NM_001273","c.4858A>G","p.K1620E"
"CHD4","NM_001273","c.4871A>G","p.K1624R"
"CHD4","NM_001273","c.4943C>T","p.S1648L"
"CHD4","NM_001273","c.4972G>A","p.E1658K"
"CHD4","NM_001273","c.498G>A","p.V166V"
"CHD4","NM_001273","c.5178T>C","p.Y1726Y"
"CHD4","NM_001273","c.5217C>T","p.A1739A"
"CHD4","NM_001273","c.5292T>C","p.P1764P"
"CHD4","NM_001273","c.5529C>T","p.N1843N"
"CHD4","NM_001273","c.564C>A","p.L188L"
"CHD4","NM_001273","c.5703C>T","p.P1901P"
"CHD4","NM_001273","c.633G>A","p.E211E"
"CHD4","NM_001273","c.806A>G","p.N269S"
"CHD4","NM_001273","c.999T>C","p.D333D"
"CHRAC1","NM_017444","c.138C>G","p.A46A"
"CHRAC1","NM_017444","c.164G>A","p.C55Y"
"CHRAC1","NM_017444","c.224G>A","p.S75N"
"CHRAC1","NM_017444","c.377A>G","p.H126R"
"CHRAC1","NM_017444","c.53C>T","p.S18L"
"CREBBP","NM_0010798","c.1016C>G","p.A339G"
"CREBBP","NM_0010798","c.1143G>A","p.S381S"
"CREBBP","NM_0010798","c.1149G>A","p.P383P"
"CREBBP","NM_0010798","c.1157G>A","p.R386Q"
"CREBBP","NM_0010798","c.1407G>A","p.Q469Q"
"CREBBP","NM_0010798","c.1537C>A","p.L513I"
"CREBBP","NM_0010798","c.1629T>G","p.A543A"
"CREBBP","NM_0010798","c.1839T>C","p.Y613Y"
"CREBBP","NM_0010798","c.1979C>G","p.A660G"
"CREBBP","NM_0010798","c.2125A>G","p.M709V"
"CREBBP","NM_0010798","c.2246C>T","p.A749V"
"CREBBP","NM_0010798","c.2250C>T","p.P750P"
"CREBBP","NM_0010798","c.2413C>G","p.L805V"
"CREBBP","NM_0010798","c.2425C>A","p.P809T"
"CREBBP","NM_0010798","c.2444T>G","p.L815R"
"CREBBP","NM_0010798","c.2458C>T","p.P820S"
"CREBBP","NM_0010798","c.2614A>G","p.T872A"
"CREBBP","NM_0010798","c.2670G>A","p.P890P"
"CREBBP","NM_0010798","c.2697G>A","p.P899P"
"CREBBP","NM_0010798","c.2736G>A","p.T912T"
"CREBBP","NM_0010798","c.2827G>A","p.A943T"
"CREBBP","NM_0010798","c.2859C>T","p.D953D"
"CREBBP","NM_0010798","c.2860G>A","p.V954I"
"CREBBP","NM_0010798","c.2910C>T","p.P970P"
"CREBBP","NM_0010798","c.293G>T","p.G98V"
"CREBBP","NM_0010798","c.3014C>T","p.S1005L"
"CREBBP","NM_0010798","c.3043C>T","p.P1015S"
"CREBBP","NM_0010798","c.3138C>T","p.I1046I"
"CREBBP","NM_0010798","c.3636C>T","p.T1212T"
"CREBBP","NM_0010798","c.3645C>T","p.D1215D"
"CREBBP","NM_0010798","c.3692A>G","p.K1231R"
"CREBBP","NM_0010798","c.3717C>T","p.P1239P"
"CREBBP","NM_0010798","c.3747C>T","p.G1249G"
"CREBBP","NM_0010798","c.3786C>A","p.I1262I"
"CREBBP","NM_0010798","c.383C>G","p.S128C"
"CREBBP","NM_0010798","c.4236C>T","p.Y1412Y"
"CREBBP","NM_0010798","c.4284T>C","p.Y1428Y"
"CREBBP","NM_0010798","c.4380A>G","p.R1460R"
"CREBBP","NM_0010798","c.4389G>A","p.E1463E"
"CREBBP","NM_0010798","c.444C>G","p.S148S"
"CREBBP","NM_0010798","c.458C>T","p.P153L"
"CREBBP","NM_0010798","c.459G>A","p.P153P"
"CREBBP","NM_0010798","c.4609A>G","p.T1537A"
"CREBBP","NM_0010798","c.4708C>A","p.P1570T"
"CREBBP","NM_0010798","c.4938C>T","p.S1646S"
"CREBBP","NM_0010798","c.5136T>C","p.D1712D"
"CREBBP","NM_0010798","c.5150G>A","p.S1717N"
"CREBBP","NM_0010798","c.5157C>T","p.G1719G"
"CREBBP","NM_0010798","c.5220G>A","p.S1740S"
"CREBBP","NM_0010798","c.5322C>G","p.T1774T"
"CREBBP","NM_0010798","c.5340G>A","p.V1780V"
"CREBBP","NM_0010798","c.5556C>T","p.P1852P"
"CREBBP","NM_0010798","c.5745T>C","p.P1915P"
"CREBBP","NM_0010798","c.5819A>G","p.N1940S"
"CREBBP","NM_0010798","c.5874C>T","p.A1958A"
"CREBBP","NM_0010798","c.5889T>C","p.N1963N"
"CREBBP","NM_0010798","c.5958G>A","p.A1986A"
"CREBBP","NM_0010798","c.60C>G","p.P20P"
"CREBBP","NM_0010798","c.6210C>T","p.Y2070Y"
"CREBBP","NM_0010798","c.6262G>C","p.G2088R"
"CREBBP","NM_0010798","c.6450G>A","p.Q2150Q"
"CREBBP","NM_0010798","c.6507A>G","p.Q2169Q"
"CREBBP","NM_0010798","c.6510A>G","p.Q2170Q"
"CREBBP","NM_0010798","c.6571G>A","p.G2191S"
"CREBBP","NM_0010798","c.6597C>T","p.P2199P"
"CREBBP","NM_0010798","c.6614C>T","p.A2205V"
"CREBBP","NM_0010798","c.6735C>T","p.S2245S"
"CREBBP","NM_0010798","c.681T>C","p.P227P"
"CREBBP","NM_0010798","c.6926C>T","p.A2309V"
"CREBBP","NM_0010798","c.6975G>A","p.P2325P"
"CREBBP","NM_0010798","c.7098A>G","p.E2366E"
"CREBBP","NM_0010798","c.711C>T","p.S237S"
"CREBBP","NM_0010798","c.7142C>T","p.A2381V"
"CREBBP","NM_0010798","c.753T>C","p.T251T"
"CREBBP","NM_0010798","c.761C>T","p.A254V"
"CREBBP","NM_0010798","c.895A>G","p.S299G"
"CREBBP","NM_0010798","c.939T>C","p.D313D"
"CREBBP","NM_004380","c.1016C>G","p.A339G"
"CREBBP","NM_004380","c.1143G>A","p.S381S"
"CREBBP","NM_004380","c.1149G>A","p.P383P"
"CREBBP","NM_004380","c.1157G>A","p.R386Q"
"CREBBP","NM_004380","c.1521G>A","p.Q507Q"
"CREBBP","NM_004380","c.1651C>A","p.L551I"
"CREBBP","NM_004380","c.1743T>G","p.A581A"
"CREBBP","NM_004380","c.1953T>C","p.Y651Y"
"CREBBP","NM_004380","c.2093C>G","p.A698G"
"CREBBP","NM_004380","c.2239A>G","p.M747V"
"CREBBP","NM_004380","c.2360C>T","p.A787V"
"CREBBP","NM_004380","c.2364C>T","p.P788P"
"CREBBP","NM_004380","c.2527C>G","p.L843V"
"CREBBP","NM_004380","c.2539C>A","p.P847T"
"CREBBP","NM_004380","c.2558T>G","p.L853R"
"CREBBP","NM_004380","c.2572C>T","p.P858S"
"CREBBP","NM_004380","c.2728A>G","p.T910A"
"CREBBP","NM_004380","c.2784G>A","p.P928P"
"CREBBP","NM_004380","c.2811G>A","p.P937P"
"CREBBP","NM_004380","c.2850G>A","p.T950T"
"CREBBP","NM_004380","c.293G>T","p.G98V"
"CREBBP","NM_004380","c.2941G>A","p.A981T"
"CREBBP","NM_004380","c.2973C>T","p.D991D"
"CREBBP","NM_004380","c.2974G>A","p.V992I"
"CREBBP","NM_004380","c.3024C>T","p.P1008P"
"CREBBP","NM_004380","c.3128C>T","p.S1043L"
"CREBBP","NM_004380","c.3157C>T","p.P1053S"
"CREBBP","NM_004380","c.3252C>T","p.I1084I"
"CREBBP","NM_004380","c.3750C>T","p.T1250T"
"CREBBP","NM_004380","c.3759C>T","p.D1253D"
"CREBBP","NM_004380","c.3806A>G","p.K1269R"
"CREBBP","NM_004380","c.3831C>T","p.P1277P"
"CREBBP","NM_004380","c.383C>G","p.S128C"
"CREBBP","NM_004380","c.3861C>T","p.G1287G"
"CREBBP","NM_004380","c.3900C>A","p.I1300I"
"CREBBP","NM_004380","c.4350C>T","p.Y1450Y"
"CREBBP","NM_004380","c.4398T>C","p.Y1466Y"
"CREBBP","NM_004380","c.444C>G","p.S148S"
"CREBBP","NM_004380","c.4494A>G","p.R1498R"
"CREBBP","NM_004380","c.4503G>A","p.E1501E"
"CREBBP","NM_004380","c.458C>T","p.P153L"
"CREBBP","NM_004380","c.459G>A","p.P153P"
"CREBBP","NM_004380","c.4723A>G","p.T1575A"
"CREBBP","NM_004380","c.4822C>A","p.P1608T"
"CREBBP","NM_004380","c.5052C>T","p.S1684S"
"CREBBP","NM_004380","c.5250T>C","p.D1750D"
"CREBBP","NM_004380","c.5264G>A","p.S1755N"
"CREBBP","NM_004380","c.5271C>T","p.G1757G"
"CREBBP","NM_004380","c.5334G>A","p.S1778S"
"CREBBP","NM_004380","c.5436C>G","p.T1812T"
"CREBBP","NM_004380","c.5454G>A","p.V1818V"
"CREBBP","NM_004380","c.5670C>T","p.P1890P"
"CREBBP","NM_004380","c.5859T>C","p.P1953P"
"CREBBP","NM_004380","c.5933A>G","p.N1978S"
"CREBBP","NM_004380","c.5988C>T","p.A1996A"
"CREBBP","NM_004380","c.6003T>C","p.N2001N"
"CREBBP","NM_004380","c.6072G>A","p.A2024A"
"CREBBP","NM_004380","c.60C>G","p.P20P"
"CREBBP","NM_004380","c.6324C>T","p.Y2108Y"
"CREBBP","NM_004380","c.6376G>C","p.G2126R"
"CREBBP","NM_004380","c.6564G>A","p.Q2188Q"
"CREBBP","NM_004380","c.6621A>G","p.Q2207Q"
"CREBBP","NM_004380","c.6624A>G","p.Q2208Q"
"CREBBP","NM_004380","c.6685G>A","p.G2229S"
"CREBBP","NM_004380","c.6711C>T","p.P2237P"
"CREBBP","NM_004380","c.6728C>T","p.A2243V"
"CREBBP","NM_004380","c.681T>C","p.P227P"
"CREBBP","NM_004380","c.6849C>T","p.S2283S"
"CREBBP","NM_004380","c.7040C>T","p.A2347V"
"CREBBP","NM_004380","c.7089G>A","p.P2363P"
"CREBBP","NM_004380","c.711C>T","p.S237S"
"CREBBP","NM_004380","c.7212A>G","p.E2404E"
"CREBBP","NM_004380","c.7256C>T","p.A2419V"
"CREBBP","NM_004380","c.753T>C","p.T251T"
"CREBBP","NM_004380","c.761C>T","p.A254V"
"CREBBP","NM_004380","c.895A>G","p.S299G"
"CREBBP","NM_004380","c.939T>C","p.D313D"
"DNMT1","NM_0011308","c.1003G>A","p.E335K"
"DNMT1","NM_0011308","c.1095C>T","p.H365H"
"DNMT1","NM_0011308","c.1116C>T","p.C372C"
"DNMT1","NM_0011308","c.1195A>G","p.N399D"
"DNMT1","NM_0011308","c.1206G>C","p.L402L"
"DNMT1","NM_0011308","c.1224C>T","p.N408N"
"DNMT1","NM_0011308","c.1294C>T","p.H432Y"
"DNMT1","NM_0011308","c.1311C>T","p.P437P"
"DNMT1","NM_0011308","c.1389A>G","p.P463P"
"DNMT1","NM_0011308","c.1500C>T","p.A500A"
"DNMT1","NM_0011308","c.150C>T","p.H50H"
"DNMT1","NM_0011308","c.1632C>A","p.I544I"
"DNMT1","NM_0011308","c.1722G>A","p.V574V"
"DNMT1","NM_0011308","c.1782A>G","p.T594T"
"DNMT1","NM_0011308","c.1944C>T","p.F648F"
"DNMT1","NM_0011308","c.206G>A","p.R69H"
"DNMT1","NM_0011308","c.2286C>T","p.Y762Y"
"DNMT1","NM_0011308","c.2337C>A","p.V779V"
"DNMT1","NM_0011308","c.2394G>A","p.L798L"
"DNMT1","NM_0011308","c.2463C>T","p.L821L"
"DNMT1","NM_0011308","c.2464G>A","p.G822R"
"DNMT1","NM_0011308","c.2574C>T","p.N858N"
"DNMT1","NM_0011308","c.2601C>T","p.P867P"
"DNMT1","NM_0011308","c.2625C>T","p.D875D"
"DNMT1","NM_0011308","c.2626G>A","p.G876R"
"DNMT1","NM_0011308","c.2676C>T","p.F892F"
"DNMT1","NM_0011308","c.290A>G","p.H97R"
"DNMT1","NM_0011308","c.2914G>A","p.V972M"
"DNMT1","NM_0011308","c.2937C>T","p.P979P"
"DNMT1","NM_0011308","c.2976C>T","p.Y992Y"
"DNMT1","NM_0011308","c.3098G>A","p.R1033Q"
"DNMT1","NM_0011308","c.3196G>A","p.V1066M"
"DNMT1","NM_0011308","c.3408C>G","p.P1136P"
"DNMT1","NM_0011308","c.3413C>G","p.S1138C"
"DNMT1","NM_0011308","c.3492C>T","p.C1164C"
"DNMT1","NM_0011308","c.3504G>A","p.S1168S"
"DNMT1","NM_0011308","c.358G>C","p.V120L"
"DNMT1","NM_0011308","c.3657C>T","p.T1219T"
"DNMT1","NM_0011308","c.3659C>T","p.T1220I"
"DNMT1","NM_0011308","c.3759G>A","p.S1253S"
"DNMT1","NM_0011308","c.3837C>T","p.F1279F"
"DNMT1","NM_0011308","c.3939C>T","p.G1313G"
"DNMT1","NM_0011308","c.393C>T","p.P131P"
"DNMT1","NM_0011308","c.4032G>A","p.P1344P"
"DNMT1","NM_0011308","c.406C>T","p.R136C"
"DNMT1","NM_0011308","c.4146G>A","p.T1382T"
"DNMT1","NM_0011308","c.4392C>T","p.D1464D"
"DNMT1","NM_0011308","c.4428T>G","p.H1476Q"
"DNMT1","NM_0011308","c.4494C>G","p.G1498G"
"DNMT1","NM_0011308","c.4503C>T","p.C1501C"
"DNMT1","NM_0011308","c.4599C>T","p.L1533L"
"DNMT1","NM_0011308","c.615G>A","p.S205S"
"DNMT1","NM_0011308","c.633A>G","p.E211E"
"DNMT1","NM_0011308","c.736C>T","p.R246C"
"DNMT1","NM_0011308","c.925C>G","p.L309V"
"DNMT1","NM_0011308","c.977A>C","p.Q326P"
"DNMT1","NM_0011308","c.979A>G","p.I327V"
"DNMT1","NM_0011308","c.996C>T","p.D332D"
"DNMT1","NM_001379","c.1047C>T","p.H349H"
"DNMT1","NM_001379","c.1068C>T","p.C356C"
"DNMT1","NM_001379","c.1147A>G","p.N383D"
"DNMT1","NM_001379","c.1158G>C","p.L386L"
"DNMT1","NM_001379","c.1176C>T","p.N392N"
"DNMT1","NM_001379","c.1246C>T","p.H416Y"
"DNMT1","NM_001379","c.1263C>T","p.P421P"
"DNMT1","NM_001379","c.1341A>G","p.P447P"
"DNMT1","NM_001379","c.1452C>T","p.A484A"
"DNMT1","NM_001379","c.150C>T","p.H50H"
"DNMT1","NM_001379","c.1584C>A","p.I528I"
"DNMT1","NM_001379","c.1674G>A","p.V558V"
"DNMT1","NM_001379","c.1734A>G","p.T578T"
"DNMT1","NM_001379","c.1896C>T","p.F632F"
"DNMT1","NM_001379","c.206G>A","p.R69H"
"DNMT1","NM_001379","c.2238C>T","p.Y746Y"
"DNMT1","NM_001379","c.2289C>A","p.V763V"
"DNMT1","NM_001379","c.2346G>A","p.L782L"
"DNMT1","NM_001379","c.2415C>T","p.L805L"
"DNMT1","NM_001379","c.2416G>A","p.G806R"
"DNMT1","NM_001379","c.2526C>T","p.N842N"
"DNMT1","NM_001379","c.2553C>T","p.P851P"
"DNMT1","NM_001379","c.2577C>T","p.D859D"
"DNMT1","NM_001379","c.2578G>A","p.G860R"
"DNMT1","NM_001379","c.2628C>T","p.F876F"
"DNMT1","NM_001379","c.2866G>A","p.V956M"
"DNMT1","NM_001379","c.2889C>T","p.P963P"
"DNMT1","NM_001379","c.290A>G","p.H97R"
"DNMT1","NM_001379","c.2928C>T","p.Y976Y"
"DNMT1","NM_001379","c.3050G>A","p.R1017Q"
"DNMT1","NM_001379","c.3148G>A","p.V1050M"
"DNMT1","NM_001379","c.3360C>G","p.P1120P"
"DNMT1","NM_001379","c.3365C>G","p.S1122C"
"DNMT1","NM_001379","c.3444C>T","p.C1148C"
"DNMT1","NM_001379","c.3456G>A","p.S1152S"
"DNMT1","NM_001379","c.358G>C","p.V120L"
"DNMT1","NM_001379","c.3609C>T","p.T1203T"
"DNMT1","NM_001379","c.3611C>T","p.T1204I"
"DNMT1","NM_001379","c.3711G>A","p.S1237S"
"DNMT1","NM_001379","c.3789C>T","p.F1263F"
"DNMT1","NM_001379","c.3891C>T","p.G1297G"
"DNMT1","NM_001379","c.393C>T","p.P131P"
"DNMT1","NM_001379","c.3984G>A","p.P1328P"
"DNMT1","NM_001379","c.406C>T","p.R136C"
"DNMT1","NM_001379","c.4098G>A","p.T1366T"
"DNMT1","NM_001379","c.4344C>T","p.D1448D"
"DNMT1","NM_001379","c.4380T>G","p.H1460Q"
"DNMT1","NM_001379","c.4446C>G","p.G1482G"
"DNMT1","NM_001379","c.4455C>T","p.C1485C"
"DNMT1","NM_001379","c.4551C>T","p.L1517L"
"DNMT1","NM_001379","c.567G>A","p.S189S"
"DNMT1","NM_001379","c.585A>G","p.E195E"
"DNMT1","NM_001379","c.688C>T","p.R230C"
"DNMT1","NM_001379","c.877C>G","p.L293V"
"DNMT1","NM_001379","c.929A>C","p.Q310P"
"DNMT1","NM_001379","c.931A>G","p.I311V"
"DNMT1","NM_001379","c.948C>T","p.D316D"
"DNMT1","NM_001379","c.955G>A","p.E319K"
"DNMT3A","NM_022552","c.1038G>A","p.P346P"
"DNMT3A","NM_022552","c.1055G>A","p.S352N"
"DNMT3A","NM_022552","c.1074G>A","p.T358T"
"DNMT3A","NM_022552","c.1140G>A","p.A380A"
"DNMT3A","NM_022552","c.1170C>T","p.S390S"
"DNMT3A","NM_022552","c.1266G>A","p.L422L"
"DNMT3A","NM_022552","c.131C>T","p.T44M"
"DNMT3A","NM_022552","c.1344C>T","p.Y448Y"
"DNMT3A","NM_022552","c.1502A>G","p.N501S"
"DNMT3A","NM_022552","c.1839C>T","p.H613H"
"DNMT3A","NM_022552","c.1883C>A","p.A628D"
"DNMT3A","NM_022552","c.2151C>T","p.N717N"
"DNMT3A","NM_022552","c.2185C>T","p.R729W"
"DNMT3A","NM_022552","c.2323T>C","p.S775P"
"DNMT3A","NM_022552","c.2688A>G","p.P896P"
"DNMT3A","NM_022552","c.2697C>T","p.R899R"
"DNMT3A","NM_022552","c.2706C>T","p.F902F"
"DNMT3A","NM_022552","c.2711C>A","p.P904Q"
"DNMT3A","NM_022552","c.27C>T","p.P9P"
"DNMT3A","NM_022552","c.282G>A","p.E94E"
"DNMT3A","NM_022552","c.306G>A","p.E102E"
"DNMT3A","NM_022552","c.515G>C","p.G172A"
"DNMT3A","NM_022552","c.759C>T","p.P253P"
"DNMT3A","NM_022552","c.760G>A","p.A254T"
"DNMT3A","NM_022552","c.801C>T","p.S267S"
"DNMT3A","NM_022552","c.853G>T","p.E285X"
"DNMT3A","NM_022552","c.89A>C","p.E30A"
"DNMT3A","NM_153759","c.1272C>T","p.H424H"
"DNMT3A","NM_153759","c.1316C>A","p.A439D"
"DNMT3A","NM_153759","c.1584C>T","p.N528N"
"DNMT3A","NM_153759","c.1618C>T","p.R540W"
"DNMT3A","NM_153759","c.1756T>C","p.S586P"
"DNMT3A","NM_153759","c.192C>T","p.P64P"
"DNMT3A","NM_153759","c.193G>A","p.A65T"
"DNMT3A","NM_153759","c.2121A>G","p.P707P"
"DNMT3A","NM_153759","c.2130C>T","p.R710R"
"DNMT3A","NM_153759","c.2139C>T","p.F713F"
"DNMT3A","NM_153759","c.2144C>A","p.P715Q"
"DNMT3A","NM_153759","c.234C>T","p.S78S"
"DNMT3A","NM_153759","c.286G>T","p.E96X"
"DNMT3A","NM_153759","c.471G>A","p.P157P"
"DNMT3A","NM_153759","c.488G>A","p.S163N"
"DNMT3A","NM_153759","c.507G>A","p.T169T"
"DNMT3A","NM_153759","c.573G>A","p.A191A"
"DNMT3A","NM_153759","c.603C>T","p.S201S"
"DNMT3A","NM_153759","c.699G>A","p.L233L"
"DNMT3A","NM_153759","c.72G>A","p.T24T"
"DNMT3A","NM_153759","c.777C>T","p.Y259Y"
"DNMT3A","NM_153759","c.935A>G","p.N312S"
"DNMT3A","NM_175629","c.1038G>A","p.P346P"
"DNMT3A","NM_175629","c.1055G>A","p.S352N"
"DNMT3A","NM_175629","c.1074G>A","p.T358T"
"DNMT3A","NM_175629","c.1140G>A","p.A380A"
"DNMT3A","NM_175629","c.1170C>T","p.S390S"
"DNMT3A","NM_175629","c.1266G>A","p.L422L"
"DNMT3A","NM_175629","c.131C>T","p.T44M"
"DNMT3A","NM_175629","c.1344C>T","p.Y448Y"
"DNMT3A","NM_175629","c.1502A>G","p.N501S"
"DNMT3A","NM_175629","c.1839C>T","p.H613H"
"DNMT3A","NM_175629","c.1883C>A","p.A628D"
"DNMT3A","NM_175629","c.2151C>T","p.N717N"
"DNMT3A","NM_175629","c.2185C>T","p.R729W"
"DNMT3A","NM_175629","c.2323T>C","p.S775P"
"DNMT3A","NM_175629","c.2688A>G","p.P896P"
"DNMT3A","NM_175629","c.2697C>T","p.R899R"
"DNMT3A","NM_175629","c.2706C>T","p.F902F"
"DNMT3A","NM_175629","c.2711C>A","p.P904Q"
"DNMT3A","NM_175629","c.27C>T","p.P9P"
"DNMT3A","NM_175629","c.282G>A","p.E94E"
"DNMT3A","NM_175629","c.306G>A","p.E102E"
"DNMT3A","NM_175629","c.515G>C","p.G172A"
"DNMT3A","NM_175629","c.759C>T","p.P253P"
"DNMT3A","NM_175629","c.760G>A","p.A254T"
"DNMT3A","NM_175629","c.801C>T","p.S267S"
"DNMT3A","NM_175629","c.853G>T","p.E285X"
"DNMT3A","NM_175629","c.89A>C","p.E30A"
"DNMT3A","NM_175630","c.131C>T","p.T44M"
"DNMT3A","NM_175630","c.27C>T","p.P9P"
"DNMT3A","NM_175630","c.282G>A","p.E94E"
"DNMT3A","NM_175630","c.306G>A","p.E102E"
"DNMT3A","NM_175630","c.471A>T","p.A157A"
"DNMT3A","NM_175630","c.89A>C","p.E30A"
"DNMT3B","NM_0012070","c.1029C>T","p.N343N"
"DNMT3B","NM_0012070","c.1173G>A","p.G391G"
"DNMT3B","NM_0012070","c.1217T>C","p.M406T"
"DNMT3B","NM_0012070","c.1227C>T","p.D409D"
"DNMT3B","NM_0012070","c.124C>T","p.R42C"
"DNMT3B","NM_0012070","c.1352C>T","p.A451V"
"DNMT3B","NM_0012070","c.1371G>A","p.Q457Q"
"DNMT3B","NM_0012070","c.1386T>C","p.C462C"
"DNMT3B","NM_0012070","c.1417G>A","p.V473I"
"DNMT3B","NM_0012070","c.1488T>C","p.Y496Y"
"DNMT3B","NM_0012070","c.14C>T","p.T5I"
"DNMT3B","NM_0012070","c.1692C>T","p.N564N"
"DNMT3B","NM_0012070","c.1695C>T","p.D565D"
"DNMT3B","NM_0012070","c.1802G>C","p.G601A"
"DNMT3B","NM_0012070","c.1984A>G","p.I662V"
"DNMT3B","NM_0012070","c.2101C>T","p.R701C"
"DNMT3B","NM_0012070","c.2154C>T","p.F718F"
"DNMT3B","NM_0012070","c.254C>T","p.P85L"
"DNMT3B","NM_0012070","c.262C>T","p.P88S"
"DNMT3B","NM_0012070","c.290G>A","p.R97H"
"DNMT3B","NM_0012070","c.319C>T","p.R107W"
"DNMT3B","NM_0012070","c.332C>T","p.S111L"
"DNMT3B","NM_0012070","c.42C>T","p.A14A"
"DNMT3B","NM_0012070","c.439G>A","p.A147T"
"DNMT3B","NM_0012070","c.466G>T","p.G156W"
"DNMT3B","NM_0012070","c.482C>T","p.P161L"
"DNMT3B","NM_0012070","c.594C>T","p.P198P"
"DNMT3B","NM_0012070","c.606G>A","p.V202V"
"DNMT3B","NM_0012070","c.651G>A","p.R217R"
"DNMT3B","NM_0012070","c.73G>A","p.G25R"
"DNMT3B","NM_0012070","c.769C>A","p.R257R"
"DNMT3B","NM_0012070","c.953G>A","p.R318Q"
"DNMT3B","NM_0012070","c.958C>T","p.R320C"
"DNMT3B","NM_0012070","c.964G>A","p.A322T"
"DNMT3B","NM_0012070","c.1071G>A","p.G357G"
"DNMT3B","NM_0012070","c.1115T>C","p.M372T"
"DNMT3B","NM_0012070","c.1125C>T","p.D375D"
"DNMT3B","NM_0012070","c.124C>T","p.R42C"
"DNMT3B","NM_0012070","c.1250C>T","p.A417V"
"DNMT3B","NM_0012070","c.1269G>A","p.Q423Q"
"DNMT3B","NM_0012070","c.1284T>C","p.C428C"
"DNMT3B","NM_0012070","c.1315G>A","p.V439I"
"DNMT3B","NM_0012070","c.1386T>C","p.Y462Y"
"DNMT3B","NM_0012070","c.14C>T","p.T5I"
"DNMT3B","NM_0012070","c.1590C>T","p.N530N"
"DNMT3B","NM_0012070","c.1593C>T","p.D531D"
"DNMT3B","NM_0012070","c.1700G>C","p.G567A"
"DNMT3B","NM_0012070","c.1882A>G","p.I628V"
"DNMT3B","NM_0012070","c.1999C>T","p.R667C"
"DNMT3B","NM_0012070","c.2052C>T","p.F684F"
"DNMT3B","NM_0012070","c.217C>T","p.R73W"
"DNMT3B","NM_0012070","c.230C>T","p.S77L"
"DNMT3B","NM_0012070","c.337G>A","p.A113T"
"DNMT3B","NM_0012070","c.364G>T","p.G122W"
"DNMT3B","NM_0012070","c.380C>T","p.P127L"
"DNMT3B","NM_0012070","c.42C>T","p.A14A"
"DNMT3B","NM_0012070","c.492C>T","p.P164P"
"DNMT3B","NM_0012070","c.504G>A","p.V168V"
"DNMT3B","NM_0012070","c.549G>A","p.R183R"
"DNMT3B","NM_0012070","c.667C>A","p.R223R"
"DNMT3B","NM_0012070","c.73G>A","p.G25R"
"DNMT3B","NM_0012070","c.851G>A","p.R284Q"
"DNMT3B","NM_0012070","c.856C>T","p.R286C"
"DNMT3B","NM_0012070","c.862G>A","p.A288T"
"DNMT3B","NM_0012070","c.927C>T","p.N309N"
"DNMT3B","NM_006892","c.1125C>T","p.Y375Y"
"DNMT3B","NM_006892","c.1139G>A","p.R380Q"
"DNMT3B","NM_006892","c.1144C>T","p.R382C"
"DNMT3B","NM_006892","c.1150G>A","p.A384T"
"DNMT3B","NM_006892","c.1215C>T","p.N405N"
"DNMT3B","NM_006892","c.124C>T","p.R42C"
"DNMT3B","NM_006892","c.1359G>A","p.G453G"
"DNMT3B","NM_006892","c.1403T>C","p.M468T"
"DNMT3B","NM_006892","c.1413C>T","p.D471D"
"DNMT3B","NM_006892","c.14C>T","p.T5I"
"DNMT3B","NM_006892","c.1538C>T","p.A513V"
"DNMT3B","NM_006892","c.1557G>A","p.Q519Q"
"DNMT3B","NM_006892","c.1572T>C","p.C524C"
"DNMT3B","NM_006892","c.1603G>A","p.V535I"
"DNMT3B","NM_006892","c.1674T>C","p.Y558Y"
"DNMT3B","NM_006892","c.1878C>T","p.N626N"
"DNMT3B","NM_006892","c.1881C>T","p.D627D"
"DNMT3B","NM_006892","c.1988G>C","p.G663A"
"DNMT3B","NM_006892","c.2170A>G","p.I724V"
"DNMT3B","NM_006892","c.2236G>A","p.V746M"
"DNMT3B","NM_006892","c.2476C>T","p.R826C"
"DNMT3B","NM_006892","c.2529C>T","p.F843F"
"DNMT3B","NM_006892","c.254C>T","p.P85L"
"DNMT3B","NM_006892","c.262C>T","p.P88S"
"DNMT3B","NM_006892","c.290G>A","p.R97H"
"DNMT3B","NM_006892","c.317G>A","p.R106Q"
"DNMT3B","NM_006892","c.42C>T","p.A14A"
"DNMT3B","NM_006892","c.445C>T","p.R149W"
"DNMT3B","NM_006892","c.458C>T","p.S153L"
"DNMT3B","NM_006892","c.565G>A","p.A189T"
"DNMT3B","NM_006892","c.592G>T","p.G198W"
"DNMT3B","NM_006892","c.608C>T","p.P203L"
"DNMT3B","NM_006892","c.720C>T","p.P240P"
"DNMT3B","NM_006892","c.732G>A","p.V244V"
"DNMT3B","NM_006892","c.73G>A","p.G25R"
"DNMT3B","NM_006892","c.777G>A","p.R259R"
"DNMT3B","NM_006892","c.895C>A","p.R299R"
"DNMT3B","NM_175848","c.1079G>A","p.R360Q"
"DNMT3B","NM_175848","c.1084C>T","p.R362C"
"DNMT3B","NM_175848","c.1090G>A","p.A364T"
"DNMT3B","NM_175848","c.1155C>T","p.N385N"
"DNMT3B","NM_175848","c.124C>T","p.R42C"
"DNMT3B","NM_175848","c.1299G>A","p.G433G"
"DNMT3B","NM_175848","c.1343T>C","p.M448T"
"DNMT3B","NM_175848","c.1353C>T","p.D451D"
"DNMT3B","NM_175848","c.1478C>T","p.A493V"
"DNMT3B","NM_175848","c.1497G>A","p.Q499Q"
"DNMT3B","NM_175848","c.14C>T","p.T5I"
"DNMT3B","NM_175848","c.1512T>C","p.C504C"
"DNMT3B","NM_175848","c.1543G>A","p.V515I"
"DNMT3B","NM_175848","c.1614T>C","p.Y538Y"
"DNMT3B","NM_175848","c.1818C>T","p.N606N"
"DNMT3B","NM_175848","c.1821C>T","p.D607D"
"DNMT3B","NM_175848","c.1928G>C","p.G643A"
"DNMT3B","NM_175848","c.2110A>G","p.I704V"
"DNMT3B","NM_175848","c.2176G>A","p.V726M"
"DNMT3B","NM_175848","c.2416C>T","p.R806C"
"DNMT3B","NM_175848","c.2469C>T","p.F823F"
"DNMT3B","NM_175848","c.254C>T","p.P85L"
"DNMT3B","NM_175848","c.262C>T","p.P88S"
"DNMT3B","NM_175848","c.290G>A","p.R97H"
"DNMT3B","NM_175848","c.317G>A","p.R106Q"
"DNMT3B","NM_175848","c.42C>T","p.A14A"
"DNMT3B","NM_175848","c.445C>T","p.R149W"
"DNMT3B","NM_175848","c.458C>T","p.S153L"
"DNMT3B","NM_175848","c.565G>A","p.A189T"
"DNMT3B","NM_175848","c.592G>T","p.G198W"
"DNMT3B","NM_175848","c.608C>T","p.P203L"
"DNMT3B","NM_175848","c.720C>T","p.P240P"
"DNMT3B","NM_175848","c.732G>A","p.V244V"
"DNMT3B","NM_175848","c.73G>A","p.G25R"
"DNMT3B","NM_175848","c.777G>A","p.R259R"
"DNMT3B","NM_175848","c.895C>A","p.R299R"
"DNMT3B","NM_175849","c.1079G>A","p.R360Q"
"DNMT3B","NM_175849","c.1084C>T","p.R362C"
"DNMT3B","NM_175849","c.1090G>A","p.A364T"
"DNMT3B","NM_175849","c.1155C>T","p.N385N"
"DNMT3B","NM_175849","c.124C>T","p.R42C"
"DNMT3B","NM_175849","c.1299G>A","p.G433G"
"DNMT3B","NM_175849","c.1343T>C","p.M448T"
"DNMT3B","NM_175849","c.1353C>T","p.D451D"
"DNMT3B","NM_175849","c.1478C>T","p.A493V"
"DNMT3B","NM_175849","c.1497G>A","p.Q499Q"
"DNMT3B","NM_175849","c.14C>T","p.T5I"
"DNMT3B","NM_175849","c.1512T>C","p.C504C"
"DNMT3B","NM_175849","c.1543G>A","p.V515I"
"DNMT3B","NM_175849","c.1614T>C","p.Y538Y"
"DNMT3B","NM_175849","c.1818C>T","p.N606N"
"DNMT3B","NM_175849","c.1821C>T","p.D607D"
"DNMT3B","NM_175849","c.1928G>C","p.G643A"
"DNMT3B","NM_175849","c.2110A>G","p.I704V"
"DNMT3B","NM_175849","c.2227C>T","p.R743C"
"DNMT3B","NM_175849","c.2280C>T","p.F760F"
"DNMT3B","NM_175849","c.254C>T","p.P85L"
"DNMT3B","NM_175849","c.262C>T","p.P88S"
"DNMT3B","NM_175849","c.290G>A","p.R97H"
"DNMT3B","NM_175849","c.317G>A","p.R106Q"
"DNMT3B","NM_175849","c.42C>T","p.A14A"
"DNMT3B","NM_175849","c.445C>T","p.R149W"
"DNMT3B","NM_175849","c.458C>T","p.S153L"
"DNMT3B","NM_175849","c.565G>A","p.A189T"
"DNMT3B","NM_175849","c.592G>T","p.G198W"
"DNMT3B","NM_175849","c.608C>T","p.P203L"
"DNMT3B","NM_175849","c.720C>T","p.P240P"
"DNMT3B","NM_175849","c.732G>A","p.V244V"
"DNMT3B","NM_175849","c.73G>A","p.G25R"
"DNMT3B","NM_175849","c.777G>A","p.R259R"
"DNMT3B","NM_175849","c.895C>A","p.R299R"
"DNMT3B","NM_175850","c.109G>A","p.G37R"
"DNMT3B","NM_175850","c.1115G>A","p.R372Q"
"DNMT3B","NM_175850","c.1120C>T","p.R374C"
"DNMT3B","NM_175850","c.1126G>A","p.A376T"
"DNMT3B","NM_175850","c.1191C>T","p.N397N"
"DNMT3B","NM_175850","c.1335G>A","p.G445G"
"DNMT3B","NM_175850","c.1379T>C","p.M460T"
"DNMT3B","NM_175850","c.1389C>T","p.D463D"
"DNMT3B","NM_175850","c.1514C>T","p.A505V"
"DNMT3B","NM_175850","c.1533G>A","p.Q511Q"
"DNMT3B","NM_175850","c.1548T>C","p.C516C"
"DNMT3B","NM_175850","c.1579G>A","p.V527I"
"DNMT3B","NM_175850","c.160C>T","p.R54C"
"DNMT3B","NM_175850","c.1650T>C","p.Y550Y"
"DNMT3B","NM_175850","c.1854C>T","p.N618N"
"DNMT3B","NM_175850","c.1857C>T","p.D619D"
"DNMT3B","NM_175850","c.1964G>C","p.G655A"
"DNMT3B","NM_175850","c.2146A>G","p.I716V"
"DNMT3B","NM_175850","c.2212G>A","p.V738M"
"DNMT3B","NM_175850","c.2452C>T","p.R818C"
"DNMT3B","NM_175850","c.2505C>T","p.F835F"
"DNMT3B","NM_175850","c.27C>T","p.S9S"
"DNMT3B","NM_175850","c.290C>T","p.P97L"
"DNMT3B","NM_175850","c.298C>T","p.P100S"
"DNMT3B","NM_175850","c.326G>A","p.R109H"
"DNMT3B","NM_175850","c.353G>A","p.R118Q"
"DNMT3B","NM_175850","c.481C>T","p.R161W"
"DNMT3B","NM_175850","c.494C>T","p.S165L"
"DNMT3B","NM_175850","c.50C>T","p.T17I"
"DNMT3B","NM_175850","c.601G>A","p.A201T"
"DNMT3B","NM_175850","c.628G>T","p.G210W"
"DNMT3B","NM_175850","c.644C>T","p.P215L"
"DNMT3B","NM_175850","c.756C>T","p.P252P"
"DNMT3B","NM_175850","c.768G>A","p.V256V"
"DNMT3B","NM_175850","c.78C>T","p.A26A"
"DNMT3B","NM_175850","c.813G>A","p.R271R"
"DNMT3B","NM_175850","c.931C>A","p.R311R"
"DOT1L","NM_032482","c.1058C>G","p.A353G"
"DOT1L","NM_032482","c.1104C>T","p.A368A"
"DOT1L","NM_032482","c.1143G>A","p.A381A"
"DOT1L","NM_032482","c.1192A>C","p.K398Q"
"DOT1L","NM_032482","c.1233C>T","p.R411R"
"DOT1L","NM_032482","c.1275G>A","p.K425K"
"DOT1L","NM_032482","c.1297C>G","p.L433V"
"DOT1L","NM_032482","c.1312G>A","p.A438T"
"DOT1L","NM_032482","c.1422G>A","p.P474P"
"DOT1L","NM_032482","c.1446C>T","p.P482P"
"DOT1L","NM_032482","c.1773G>A","p.A591A"
"DOT1L","NM_032482","c.1777C>T","p.R593C"
"DOT1L","NM_032482","c.1812C>T","p.C604C"
"DOT1L","NM_032482","c.2059G>A","p.A687T"
"DOT1L","NM_032482","c.2169C>T","p.C723C"
"DOT1L","NM_032482","c.219G>A","p.R73R"
"DOT1L","NM_032482","c.2214C>T","p.Y738Y"
"DOT1L","NM_032482","c.2478C>T","p.S826S"
"DOT1L","NM_032482","c.2490G>A","p.P830P"
"DOT1L","NM_032482","c.2814C>G","p.S938S"
"DOT1L","NM_032482","c.2823C>A","p.G941G"
"DOT1L","NM_032482","c.2885C>T","p.P962L"
"DOT1L","NM_032482","c.2961C>T","p.H987H"
"DOT1L","NM_032482","c.3136G>T","p.V1046L"
"DOT1L","NM_032482","c.314G>C","p.G105A"
"DOT1L","NM_032482","c.3157G>A","p.A1053T"
"DOT1L","NM_032482","c.3204C>T","p.T1068T"
"DOT1L","NM_032482","c.3239G>T","p.G1080V"
"DOT1L","NM_032482","c.3303A>T","p.A1101A"
"DOT1L","NM_032482","c.3307G>A","p.V1103M"
"DOT1L","NM_032482","c.333G>A","p.L111L"
"DOT1L","NM_032482","c.3363G>A","p.S1121S"
"DOT1L","NM_032482","c.3393C>T","p.V1131V"
"DOT1L","NM_032482","c.3438G>A","p.P1146P"
"DOT1L","NM_032482","c.3932A>G","p.N1311S"
"DOT1L","NM_032482","c.3969C>T","p.A1323A"
"DOT1L","NM_032482","c.4135C>A","p.L1379M"
"DOT1L","NM_032482","c.4156G>A","p.G1386S"
"DOT1L","NM_032482","c.4208C>G","p.T1403S"
"DOT1L","NM_032482","c.4252G>C","p.V1418L"
"DOT1L","NM_032482","c.4327G>T","p.G1443C"
"DOT1L","NM_032482","c.4335C>T","p.A1445A"
"DOT1L","NM_032482","c.4350C>T","p.S1450S"
"DOT1L","NM_032482","c.4357G>A","p.G1453S"
"DOT1L","NM_032482","c.4423G>A","p.A1475T"
"DOT1L","NM_032482","c.465C>T","p.D155D"
"DOT1L","NM_032482","c.492C>T","p.S164S"
"DOT1L","NM_032482","c.705G>A","p.T235T"
"EHMT1","NM_0011455","c.1044G>A","p.S348S"
"EHMT1","NM_0011455","c.1077C>T","p.D359D"
"EHMT1","NM_0011455","c.1089T>C","p.G363G"
"EHMT1","NM_0011455","c.1162G>A","p.A388T"
"EHMT1","NM_0011455","c.128C>G","p.A43G"
"EHMT1","NM_0011455","c.129A>T","p.A43A"
"EHMT1","NM_0011455","c.1368C>T","p.L456L"
"EHMT1","NM_0011455","c.142A>C","p.M48L"
"EHMT1","NM_0011455","c.148G>A","p.A50T"
"EHMT1","NM_0011455","c.1865A>G","p.N622S"
"EHMT1","NM_0011455","c.1869C>T","p.N623N"
"EHMT1","NM_0011455","c.1951G>A","p.V651M"
"EHMT1","NM_0011455","c.2040G>A","p.S680S"
"EHMT1","NM_0011455","c.204T>C","p.N68N"
"EHMT1","NM_0011455","c.2235C>T","p.S745S"
"EHMT1","NM_0011455","c.316C>G","p.Q106E"
"EHMT1","NM_0011455","c.329C>A","p.T110N"
"EHMT1","NM_0011455","c.354T>C","p.S118S"
"EHMT1","NM_0011455","c.444T>C","p.P148P"
"EHMT1","NM_0011455","c.498C>T","p.S166S"
"EHMT1","NM_0011455","c.526C>T","p.P176S"
"EHMT1","NM_0011455","c.529G>C","p.A177P"
"EHMT1","NM_0011455","c.737G>A","p.R246Q"
"EHMT1","NM_024757","c.1044G>A","p.S348S"
"EHMT1","NM_024757","c.1077C>T","p.D359D"
"EHMT1","NM_024757","c.1089T>C","p.G363G"
"EHMT1","NM_024757","c.1162G>A","p.A388T"
"EHMT1","NM_024757","c.128C>G","p.A43G"
"EHMT1","NM_024757","c.129A>T","p.A43A"
"EHMT1","NM_024757","c.1368C>T","p.L456L"
"EHMT1","NM_024757","c.142A>C","p.M48L"
"EHMT1","NM_024757","c.148G>A","p.A50T"
"EHMT1","NM_024757","c.1865A>G","p.N622S"
"EHMT1","NM_024757","c.1869C>T","p.N623N"
"EHMT1","NM_024757","c.1951G>A","p.V651M"
"EHMT1","NM_024757","c.2040G>A","p.S680S"
"EHMT1","NM_024757","c.204T>C","p.N68N"
"EHMT1","NM_024757","c.2235C>T","p.S745S"
"EHMT1","NM_024757","c.2827C>T","p.L943L"
"EHMT1","NM_024757","c.2866G>A","p.V956I"
"EHMT1","NM_024757","c.2970G>T","p.Q990H"
"EHMT1","NM_024757","c.3000C>T","p.P1000P"
"EHMT1","NM_024757","c.3011G>A","p.S1004N"
"EHMT1","NM_024757","c.3039C>T","p.D1013D"
"EHMT1","NM_024757","c.3087G>A","p.V1029V"
"EHMT1","NM_024757","c.316C>G","p.Q106E"
"EHMT1","NM_024757","c.329C>A","p.T110N"
"EHMT1","NM_024757","c.3495C>T","p.A1165A"
"EHMT1","NM_024757","c.354T>C","p.S118S"
"EHMT1","NM_024757","c.3735C>T","p.R1245R"
"EHMT1","NM_024757","c.444T>C","p.P148P"
"EHMT1","NM_024757","c.498C>T","p.S166S"
"EHMT1","NM_024757","c.526C>T","p.P176S"
"EHMT1","NM_024757","c.529G>C","p.A177P"
"EHMT1","NM_024757","c.737G>A","p.R246Q"
"EHMT2","NM_0012894","c.1063C>G","p.L355V"
"EHMT2","NM_0012894","c.1236G>A","p.P412P"
"EHMT2","NM_0012894","c.1398G>T","p.G466G"
"EHMT2","NM_0012894","c.1428C>T","p.D476D"
"EHMT2","NM_0012894","c.1506G>A","p.V502V"
"EHMT2","NM_0012894","c.1578G>A","p.A526A"
"EHMT2","NM_0012894","c.1947G>T","p.G649G"
"EHMT2","NM_0012894","c.2589G>A","p.A863A"
"EHMT2","NM_0012894","c.2809C>A","p.R937R"
"EHMT2","NM_0012894","c.2866G>A","p.V956M"
"EHMT2","NM_0012894","c.2925C>T","p.Y975Y"
"EHMT2","NM_0012894","c.2946G>A","p.T982T"
"EHMT2","NM_0012894","c.2994G>A","p.T998T"
"EHMT2","NM_0012894","c.3030C>T","p.C1010C"
"EHMT2","NM_0012894","c.3199C>T","p.R1067X"
"EHMT2","NM_0012894","c.3243C>T","p.I1081I"
"EHMT2","NM_0012894","c.333C>T","p.A111A"
"EHMT2","NM_0012894","c.335C>A","p.T112N"
"EHMT2","NM_0012894","c.3436C>T","p.R1146W"
"EHMT2","NM_0012894","c.344C>T","p.S115F"
"EHMT2","NM_0012894","c.3477C>A","p.I1159I"
"EHMT2","NM_0012894","c.3479C>G","p.A1160G"
"EHMT2","NM_0012894","c.472G>A","p.D158N"
"EHMT2","NM_0012894","c.487C>T","p.R163W"
"EHMT2","NM_0012894","c.882A>G","p.S294S"
"EHMT2","NM_0012894","c.963G>A","p.T321T"
"EHMT2","NM_006709","c.1065G>A","p.P355P"
"EHMT2","NM_006709","c.1329G>T","p.G443G"
"EHMT2","NM_006709","c.1359C>T","p.D453D"
"EHMT2","NM_006709","c.1437G>A","p.V479V"
"EHMT2","NM_006709","c.1509G>A","p.A503A"
"EHMT2","NM_006709","c.162C>T","p.A54A"
"EHMT2","NM_006709","c.164C>A","p.T55N"
"EHMT2","NM_006709","c.173C>T","p.S58F"
"EHMT2","NM_006709","c.1878G>T","p.G626G"
"EHMT2","NM_006709","c.2520G>A","p.A840A"
"EHMT2","NM_006709","c.2740C>A","p.R914R"
"EHMT2","NM_006709","c.2797G>A","p.V933M"
"EHMT2","NM_006709","c.2856C>T","p.Y952Y"
"EHMT2","NM_006709","c.2877G>A","p.T959T"
"EHMT2","NM_006709","c.2925G>A","p.T975T"
"EHMT2","NM_006709","c.2961C>T","p.C987C"
"EHMT2","NM_006709","c.301G>A","p.D101N"
"EHMT2","NM_006709","c.3130C>T","p.R1044X"
"EHMT2","NM_006709","c.316C>T","p.R106W"
"EHMT2","NM_006709","c.3174C>T","p.I1058I"
"EHMT2","NM_006709","c.3367C>T","p.R1123W"
"EHMT2","NM_006709","c.3408C>A","p.I1136I"
"EHMT2","NM_006709","c.3410C>G","p.A1137G"
"EHMT2","NM_006709","c.711A>G","p.S237S"
"EHMT2","NM_006709","c.792G>A","p.T264T"
"EHMT2","NM_006709","c.892C>G","p.L298V"
"EHMT2","NM_025256","c.1065G>A","p.P355P"
"EHMT2","NM_025256","c.1227G>T","p.G409G"
"EHMT2","NM_025256","c.1257C>T","p.D419D"
"EHMT2","NM_025256","c.1335G>A","p.V445V"
"EHMT2","NM_025256","c.1407G>A","p.A469A"
"EHMT2","NM_025256","c.162C>T","p.A54A"
"EHMT2","NM_025256","c.164C>A","p.T55N"
"EHMT2","NM_025256","c.173C>T","p.S58F"
"EHMT2","NM_025256","c.1776G>T","p.G592G"
"EHMT2","NM_025256","c.2418G>A","p.A806A"
"EHMT2","NM_025256","c.2638C>A","p.R880R"
"EHMT2","NM_025256","c.2695G>A","p.V899M"
"EHMT2","NM_025256","c.2754C>T","p.Y918Y"
"EHMT2","NM_025256","c.2775G>A","p.T925T"
"EHMT2","NM_025256","c.2823G>A","p.T941T"
"EHMT2","NM_025256","c.2859C>T","p.C953C"
"EHMT2","NM_025256","c.301G>A","p.D101N"
"EHMT2","NM_025256","c.3028C>T","p.R1010X"
"EHMT2","NM_025256","c.3072C>T","p.I1024I"
"EHMT2","NM_025256","c.316C>T","p.R106W"
"EHMT2","NM_025256","c.3265C>T","p.R1089W"
"EHMT2","NM_025256","c.3306C>A","p.I1102I"
"EHMT2","NM_025256","c.3308C>G","p.A1103G"
"EHMT2","NM_025256","c.711A>G","p.S237S"
"EHMT2","NM_025256","c.792G>A","p.T264T"
"EHMT2","NM_025256","c.892C>G","p.L298V"
"ELP3","NM_0012842","c.106A>T","p.I36L"
"ELP3","NM_0012842","c.1101C>T","p.Y367Y"
"ELP3","NM_0012842","c.1169G>A","p.R390H"
"ELP3","NM_0012842","c.1227G>A","p.V409V"
"ELP3","NM_0012842","c.1243C>T","p.R415W"
"ELP3","NM_0012842","c.303G>A","p.T101T"
"ELP3","NM_0012842","c.390C>T","p.Y130Y"
"ELP3","NM_0012842","c.567C>T","p.G189G"
"ELP3","NM_0012842","c.720C>T","p.P240P"
"ELP3","NM_0012842","c.763G>A","p.G255R"
"ELP3","NM_0012842","c.904G>A","p.V302I"
"ELP3","NM_0012842","c.1078G>A","p.V360I"
"ELP3","NM_0012842","c.108C>A","p.G36G"
"ELP3","NM_0012842","c.1275C>T","p.Y425Y"
"ELP3","NM_0012842","c.1343G>A","p.R448H"
"ELP3","NM_0012842","c.1401G>A","p.V467V"
"ELP3","NM_0012842","c.1417C>T","p.R473W"
"ELP3","NM_0012842","c.171C>T","p.V57V"
"ELP3","NM_0012842","c.280A>T","p.I94L"
"ELP3","NM_0012842","c.477G>A","p.T159T"
"ELP3","NM_0012842","c.48C>T","p.H16H"
"ELP3","NM_0012842","c.564C>T","p.Y188Y"
"ELP3","NM_0012842","c.741C>T","p.G247G"
"ELP3","NM_0012842","c.894C>T","p.P298P"
"ELP3","NM_0012842","c.90G>C","p.K30N"
"ELP3","NM_0012842","c.937G>A","p.G313R"
"ELP3","NM_0012842","c.1028G>A","p.R343H"
"ELP3","NM_0012842","c.1086G>A","p.V362V"
"ELP3","NM_0012842","c.1102C>T","p.R368W"
"ELP3","NM_0012842","c.162G>A","p.T54T"
"ELP3","NM_0012842","c.249C>T","p.Y83Y"
"ELP3","NM_0012842","c.29A>T","p.Y10F"
"ELP3","NM_0012842","c.426C>T","p.G142G"
"ELP3","NM_0012842","c.579C>T","p.P193P"
"ELP3","NM_0012842","c.622G>A","p.G208R"
"ELP3","NM_0012842","c.763G>A","p.V255I"
"ELP3","NM_0012842","c.960C>T","p.Y320Y"
"ELP3","NM_0012842","c.1028G>A","p.R343H"
"ELP3","NM_0012842","c.1086G>A","p.V362V"
"ELP3","NM_0012842","c.1102C>T","p.R368W"
"ELP3","NM_0012842","c.162G>A","p.T54T"
"ELP3","NM_0012842","c.249C>T","p.Y83Y"
"ELP3","NM_0012842","c.29A>T","p.Y10F"
"ELP3","NM_0012842","c.426C>T","p.G142G"
"ELP3","NM_0012842","c.579C>T","p.P193P"
"ELP3","NM_0012842","c.622G>A","p.G208R"
"ELP3","NM_0012842","c.763G>A","p.V255I"
"ELP3","NM_0012842","c.960C>T","p.Y320Y"
"ELP3","NM_0012842","c.1041C>T","p.Y347Y"
"ELP3","NM_0012842","c.1109G>A","p.R370H"
"ELP3","NM_0012842","c.1167G>A","p.V389V"
"ELP3","NM_0012842","c.1183C>T","p.R395W"
"ELP3","NM_0012842","c.243G>A","p.T81T"
"ELP3","NM_0012842","c.330C>T","p.Y110Y"
"ELP3","NM_0012842","c.46A>T","p.I16L"
"ELP3","NM_0012842","c.507C>T","p.G169G"
"ELP3","NM_0012842","c.660C>T","p.P220P"
"ELP3","NM_0012842","c.703G>A","p.G235R"
"ELP3","NM_0012842","c.844G>A","p.V282I"
"ELP3","NM_018091","c.1120G>A","p.V374I"
"ELP3","NM_018091","c.1317C>T","p.Y439Y"
"ELP3","NM_018091","c.132G>C","p.K44N"
"ELP3","NM_018091","c.1385G>A","p.R462H"
"ELP3","NM_018091","c.1443G>A","p.V481V"
"ELP3","NM_018091","c.1459C>T","p.R487W"
"ELP3","NM_018091","c.150C>A","p.G50G"
"ELP3","NM_018091","c.213C>T","p.V71V"
"ELP3","NM_018091","c.322A>T","p.I108L"
"ELP3","NM_018091","c.519G>A","p.T173T"
"ELP3","NM_018091","c.5G>A","p.R2K"
"ELP3","NM_018091","c.606C>T","p.Y202Y"
"ELP3","NM_018091","c.783C>T","p.G261G"
"ELP3","NM_018091","c.90C>T","p.H30H"
"ELP3","NM_018091","c.936C>T","p.P312P"
"ELP3","NM_018091","c.979G>A","p.G327R"
"EP300","NM_001429","c.1104C>T","p.H368H"
"EP300","NM_001429","c.1519A>G","p.S507G"
"EP300","NM_001429","c.1686A>C","p.P562P"
"EP300","NM_001429","c.1965G>A","p.Q655Q"
"EP300","NM_001429","c.1988G>T","p.G663V"
"EP300","NM_001429","c.2019T>C","p.P673P"
"EP300","NM_001429","c.2064A>G","p.L688L"
"EP300","NM_001429","c.2083C>T","p.R695C"
"EP300","NM_001429","c.2091T>G","p.S697R"
"EP300","NM_001429","c.2173A>G","p.I725V"
"EP300","NM_001429","c.2184G>T","p.R728R"
"EP300","NM_001429","c.2240C>T","p.P747L"
"EP300","NM_001429","c.2419A>G","p.I807V"
"EP300","NM_001429","c.2499G>A","p.S833S"
"EP300","NM_001429","c.2520C>T","p.P840P"
"EP300","NM_001429","c.2534C>G","p.T845S"
"EP300","NM_001429","c.2572A>G","p.T858A"
"EP300","NM_001429","c.2576T>C","p.I859T"
"EP300","NM_001429","c.2656C>T","p.P886S"
"EP300","NM_001429","c.2671A>C","p.T891P"
"EP300","NM_001429","c.2746T>A","p.S916T"
"EP300","NM_001429","c.2773C>A","p.P925T"
"EP300","NM_001429","c.2854T>C","p.S952P"
"EP300","NM_001429","c.2889T>C","p.N963N"
"EP300","NM_001429","c.2916T>C","p.P972P"
"EP300","NM_001429","c.2922G>A","p.Q974Q"
"EP300","NM_001429","c.2925A>G","p.E975E"
"EP300","NM_001429","c.2989A>G","p.I997V"
"EP300","NM_001429","c.3030C>G","p.T1010T"
"EP300","NM_001429","c.3047G>T","p.S1016I"
"EP300","NM_001429","c.3063T>C","p.T1021T"
"EP300","NM_001429","c.3105C>T","p.T1035T"
"EP300","NM_001429","c.316A>G","p.S106G"
"EP300","NM_001429","c.3183T>A","p.T1061T"
"EP300","NM_001429","c.3348G>A","p.Q1116Q"
"EP300","NM_001429","c.3354C>G","p.V1118V"
"EP300","NM_001429","c.3426C>T","p.C1142C"
"EP300","NM_001429","c.3630G>A","p.G1210G"
"EP300","NM_001429","c.376A>G","p.M126V"
"EP300","NM_001429","c.3844A>G","p.T1282A"
"EP300","NM_001429","c.3876G>A","p.R1292R"
"EP300","NM_001429","c.4026G>A","p.R1342R"
"EP300","NM_001429","c.4236A>G","p.A1412A"
"EP300","NM_001429","c.4311A>C","p.A1437A"
"EP300","NM_001429","c.4399T>A","p.Y1467N"
"EP300","NM_001429","c.4599C>G","p.T1533T"
"EP300","NM_001429","c.4798C>G","p.L1600V"
"EP300","NM_001429","c.4824C>G","p.S1608S"
"EP300","NM_001429","c.490G>A","p.G164R"
"EP300","NM_001429","c.4993C>T","p.R1665C"
"EP300","NM_001429","c.5070C>T","p.D1690D"
"EP300","NM_001429","c.5077A>G","p.I1693V"
"EP300","NM_001429","c.5147G>C","p.S1716T"
"EP300","NM_001429","c.5259C>T","p.C1753C"
"EP300","NM_001429","c.5271C>T","p.S1757S"
"EP300","NM_001429","c.532T>C","p.L178L"
"EP300","NM_001429","c.5475C>T","p.A1825A"
"EP300","NM_001429","c.5568G>A","p.T1856T"
"EP300","NM_001429","c.5604G>T","p.T1868T"
"EP300","NM_001429","c.5623C>T","p.P1875S"
"EP300","NM_001429","c.5669C>G","p.T1890S"
"EP300","NM_001429","c.5725A>G","p.T1909A"
"EP300","NM_001429","c.5808G>A","p.A1936A"
"EP300","NM_001429","c.5814G>A","p.T1938T"
"EP300","NM_001429","c.586A>G","p.I196V"
"EP300","NM_001429","c.5957C>T","p.P1986L"
"EP300","NM_001429","c.6083C>T","p.A2028V"
"EP300","NM_001429","c.6094G>C","p.G2032R"
"EP300","NM_001429","c.6108A>T","p.V2036V"
"EP300","NM_001429","c.6210G>A","p.V2070V"
"EP300","NM_001429","c.6262C>T","p.R2088W"
"EP300","NM_001429","c.631G>A","p.G211S"
"EP300","NM_001429","c.6372C>T","p.V2124V"
"EP300","NM_001429","c.6390G>A","p.M2130I"
"EP300","NM_001429","c.6417C>T","p.G2139G"
"EP300","NM_001429","c.6481A>G","p.M2161V"
"EP300","NM_001429","c.6494C>T","p.A2165V"
"EP300","NM_001429","c.650A>C","p.N217T"
"EP300","NM_001429","c.6636G>A","p.Q2212Q"
"EP300","NM_001429","c.6642C>T","p.P2214P"
"EP300","NM_001429","c.6668A>C","p.Q2223P"
"EP300","NM_001429","c.6675G>A","p.Q2225Q"
"EP300","NM_001429","c.678C>G","p.G226G"
"EP300","NM_001429","c.6855C>T","p.L2285L"
"EP300","NM_001429","c.6951G>A","p.R2317R"
"EP300","NM_001429","c.6982T>C","p.S2328P"
"EP300","NM_001429","c.6984C>A","p.S2328S"
"EP300","NM_001429","c.7014C>T","p.H2338H"
"EP300","NM_001429","c.7015C>T","p.H2339Y"
"EP300","NM_001429","c.7145T>C","p.M2382T"
"EP300","NM_001429","c.7217T>C","p.L2406P"
"EP300","NM_001429","c.730A>T","p.M244L"
"EP300","NM_001429","c.739A>G","p.M247V"
"EP300","NM_001429","c.746A>G","p.N249S"
"EP300","NM_001429","c.7G>A","p.E3K"
"EP300","NM_001429","c.822T>A","p.I274I"
"EP300","NM_001429","c.825G>A","p.Q275Q"
"EP300","NM_001429","c.865A>G","p.M289V"
"EP300","NM_001429","c.942C>T","p.G314G"
"EZH2","NM_0012032","c.1002T>C","p.F334F"
"EZH2","NM_0012032","c.1017C>T","p.T339T"
"EZH2","NM_0012032","c.1040C>T","p.P347L"
"EZH2","NM_0012032","c.1089C>T","p.S363S"
"EZH2","NM_0012032","c.1095C>T","p.P365P"
"EZH2","NM_0012032","c.1194A>G","p.E398E"
"EZH2","NM_0012032","c.1386A>T","p.T462T"
"EZH2","NM_0012032","c.1437A>G","p.P479P"
"EZH2","NM_0012032","c.1533C>T","p.D511D"
"EZH2","NM_0012032","c.166T>C","p.L56L"
"EZH2","NM_0012032","c.1704C>A","p.T568T"
"EZH2","NM_0012032","c.1716G>A","p.P572P"
"EZH2","NM_0012032","c.2013T>C","p.N671N"
"EZH2","NM_0012032","c.234C>T","p.R78R"
"EZH2","NM_0012032","c.385C>T","p.H129Y"
"EZH2","NM_0012032","c.396T>C","p.P132P"
"EZH2","NM_0012032","c.553G>C","p.D185H"
"EZH2","NM_0012032","c.604G>A","p.D202N"
"EZH2","NM_0012032","c.657T>C","p.P219P"
"EZH2","NM_0012032","c.918T>C","p.Y306Y"
"EZH2","NM_0012032","c.950A>G","p.N317S"
"EZH2","NM_0012032","c.1013C>T","p.P338L"
"EZH2","NM_0012032","c.1062C>T","p.S354S"
"EZH2","NM_0012032","c.1068C>T","p.P356P"
"EZH2","NM_0012032","c.1167A>G","p.E389E"
"EZH2","NM_0012032","c.1359A>T","p.T453T"
"EZH2","NM_0012032","c.1410A>G","p.P470P"
"EZH2","NM_0012032","c.1506C>T","p.D502D"
"EZH2","NM_0012032","c.166T>C","p.L56L"
"EZH2","NM_0012032","c.1677C>A","p.T559T"
"EZH2","NM_0012032","c.1689G>A","p.P563P"
"EZH2","NM_0012032","c.1986T>C","p.N662N"
"EZH2","NM_0012032","c.358C>T","p.H120Y"
"EZH2","NM_0012032","c.369T>C","p.P123P"
"EZH2","NM_0012032","c.526G>C","p.D176H"
"EZH2","NM_0012032","c.577G>A","p.D193N"
"EZH2","NM_0012032","c.630T>C","p.P210P"
"EZH2","NM_0012032","c.891T>C","p.Y297Y"
"EZH2","NM_0012032","c.923A>G","p.N308S"
"EZH2","NM_0012032","c.975T>C","p.F325F"
"EZH2","NM_0012032","c.990C>T","p.T330T"
"EZH2","NM_0012032","c.1013C>T","p.P338L"
"EZH2","NM_0012032","c.1062C>T","p.S354S"
"EZH2","NM_0012032","c.1068C>T","p.P356P"
"EZH2","NM_0012032","c.1167A>G","p.E389E"
"EZH2","NM_0012032","c.1359A>T","p.T453T"
"EZH2","NM_0012032","c.1410A>G","p.P470P"
"EZH2","NM_0012032","c.1551C>A","p.T517T"
"EZH2","NM_0012032","c.1563G>A","p.P521P"
"EZH2","NM_0012032","c.166T>C","p.L56L"
"EZH2","NM_0012032","c.1860T>C","p.N620N"
"EZH2","NM_0012032","c.358C>T","p.H120Y"
"EZH2","NM_0012032","c.369T>C","p.P123P"
"EZH2","NM_0012032","c.526G>C","p.D176H"
"EZH2","NM_0012032","c.577G>A","p.D193N"
"EZH2","NM_0012032","c.630T>C","p.P210P"
"EZH2","NM_0012032","c.891T>C","p.Y297Y"
"EZH2","NM_0012032","c.923A>G","p.N308S"
"EZH2","NM_0012032","c.975T>C","p.F325F"
"EZH2","NM_0012032","c.990C>T","p.T330T"
"EZH2","NM_004456","c.1017T>C","p.F339F"
"EZH2","NM_004456","c.1032C>T","p.T344T"
"EZH2","NM_004456","c.1055C>T","p.P352L"
"EZH2","NM_004456","c.1104C>T","p.S368S"
"EZH2","NM_004456","c.1110C>T","p.P370P"
"EZH2","NM_004456","c.1209A>G","p.E403E"
"EZH2","NM_004456","c.1401A>T","p.T467T"
"EZH2","NM_004456","c.1452A>G","p.P484P"
"EZH2","NM_004456","c.1548C>T","p.D516D"
"EZH2","NM_004456","c.166T>C","p.L56L"
"EZH2","NM_004456","c.1719C>A","p.T573T"
"EZH2","NM_004456","c.1731G>A","p.P577P"
"EZH2","NM_004456","c.2028T>C","p.N676N"
"EZH2","NM_004456","c.234C>T","p.R78R"
"EZH2","NM_004456","c.385C>T","p.H129Y"
"EZH2","NM_004456","c.396T>C","p.P132P"
"EZH2","NM_004456","c.553G>C","p.D185H"
"EZH2","NM_004456","c.604G>A","p.D202N"
"EZH2","NM_004456","c.657T>C","p.P219P"
"EZH2","NM_004456","c.933T>C","p.Y311Y"
"EZH2","NM_004456","c.965A>G","p.N322S"
"EZH2","NM_152998","c.1077A>G","p.E359E"
"EZH2","NM_152998","c.1269A>T","p.T423T"
"EZH2","NM_152998","c.1320A>G","p.P440P"
"EZH2","NM_152998","c.1416C>T","p.D472D"
"EZH2","NM_152998","c.1587C>A","p.T529T"
"EZH2","NM_152998","c.1599G>A","p.P533P"
"EZH2","NM_152998","c.166T>C","p.L56L"
"EZH2","NM_152998","c.1896T>C","p.N632N"
"EZH2","NM_152998","c.234C>T","p.R78R"
"EZH2","NM_152998","c.268C>T","p.H90Y"
"EZH2","NM_152998","c.279T>C","p.P93P"
"EZH2","NM_152998","c.436G>C","p.D146H"
"EZH2","NM_152998","c.487G>A","p.D163N"
"EZH2","NM_152998","c.540T>C","p.P180P"
"EZH2","NM_152998","c.801T>C","p.Y267Y"
"EZH2","NM_152998","c.833A>G","p.N278S"
"EZH2","NM_152998","c.885T>C","p.F295F"
"EZH2","NM_152998","c.900C>T","p.T300T"
"EZH2","NM_152998","c.923C>T","p.P308L"
"EZH2","NM_152998","c.972C>T","p.S324S"
"EZH2","NM_152998","c.978C>T","p.P326P"
"FBXO10","NM_012166","c.1050C>T","p.T350T"
"FBXO10","NM_012166","c.1152A>T","p.V384V"
"FBXO10","NM_012166","c.1153T>C","p.L385L"
"FBXO10","NM_012166","c.120C>G","p.L40L"
"FBXO10","NM_012166","c.1317C>T","p.D439D"
"FBXO10","NM_012166","c.1446C>T","p.Y482Y"
"FBXO10","NM_012166","c.1485C>T","p.G495G"
"FBXO10","NM_012166","c.159C>T","p.T53T"
"FBXO10","NM_012166","c.160G>A","p.E54K"
"FBXO10","NM_012166","c.1737C>T","p.A579A"
"FBXO10","NM_012166","c.1758C>T","p.N586N"
"FBXO10","NM_012166","c.1823G>A","p.R608H"
"FBXO10","NM_012166","c.189G>T","p.Q63H"
"FBXO10","NM_012166","c.1965C>T","p.S655S"
"FBXO10","NM_012166","c.1989C>T","p.N663N"
"FBXO10","NM_012166","c.2049C>T","p.S683S"
"FBXO10","NM_012166","c.2071G>A","p.A691T"
"FBXO10","NM_012166","c.2257C>T","p.H753Y"
"FBXO10","NM_012166","c.2262G>A","p.A754A"
"FBXO10","NM_012166","c.2382C>G","p.L794L"
"FBXO10","NM_012166","c.2528G>A","p.R843Q"
"FBXO10","NM_012166","c.2586G>T","p.V862V"
"FBXO10","NM_012166","c.2762C>A","p.P921H"
"FBXO10","NM_012166","c.2766G>A","p.S922S"
"FBXO10","NM_012166","c.2799G>A","p.M933I"
"FBXO10","NM_012166","c.308G>A","p.R103Q"
"FBXO10","NM_012166","c.634C>A","p.H212N"
"FBXO10","NM_012166","c.717C>A","p.P239P"
"FBXO10","NM_012166","c.790G>A","p.A264T"
"FBXO10","NM_012166","c.969C>T","p.A323A"
"GTF3C4","NM_012204","c.1096A>G","p.M366V"
"GTF3C4","NM_012204","c.10G>A","p.A4T"
"GTF3C4","NM_012204","c.1212T>A","p.L404L"
"GTF3C4","NM_012204","c.1461A>G","p.A487A"
"GTF3C4","NM_012204","c.1514A>G","p.N505S"
"GTF3C4","NM_012204","c.1560G>A","p.E520E"
"GTF3C4","NM_012204","c.1695T>G","p.I565M"
"GTF3C4","NM_012204","c.1818C>T","p.I606I"
"GTF3C4","NM_012204","c.1854C>T","p.D618D"
"GTF3C4","NM_012204","c.1954T>G","p.S652A"
"GTF3C4","NM_012204","c.1956G>A","p.S652S"
"GTF3C4","NM_012204","c.2130C>T","p.R710R"
"GTF3C4","NM_012204","c.2268C>T","p.F756F"
"GTF3C4","NM_012204","c.2325A>G","p.L775L"
"GTF3C4","NM_012204","c.26T>A","p.V9E"
"GTF3C4","NM_012204","c.270G>A","p.E90E"
"GTF3C4","NM_012204","c.273C>T","p.L91L"
"GTF3C4","NM_012204","c.292C>T","p.P98S"
"GTF3C4","NM_012204","c.36G>A","p.A12A"
"GTF3C4","NM_012204","c.419C>T","p.T140M"
"GTF3C4","NM_012204","c.687G>C","p.P229P"
"GTF3C4","NM_012204","c.700G>A","p.G234R"
"GTF3C4","NM_012204","c.768C>G","p.I256M"
"GTF3C4","NM_012204","c.918T>C","p.I306I"
"HAT1","NM_003642","c.115C>T","p.R39C"
"HAT1","NM_003642","c.1161C>T","p.N387N"
"HAT1","NM_003642","c.414A>T","p.P138P"
"HAT1","NM_003642","c.442G>T","p.V148F"
"HAT1","NM_003642","c.547A>T","p.M183L"
"HAT1","NM_003642","c.681C>T","p.Y227Y"
"HAT1","NM_003642","c.72G>A","p.E24E"
"HAT1","NM_003642","c.761C>G","p.A254G"
"HAT1","NM_003642","c.781C>T","p.H261Y"
"HAT1","NM_003642","c.839A>G","p.K280R"
"HAT1","NM_003642","c.904C>T","p.R302W"
"HAT1","NM_003642","c.941C>T","p.A314V"
"HAT1","NM_003642","c.967A>C","p.I323L"
"HDAC1","NM_004964","c.1125C>T","p.H375H"
"HDAC1","NM_004964","c.1263C>T","p.S421S"
"HDAC1","NM_004964","c.1362G>A","p.E454E"
"HDAC1","NM_004964","c.207C>T","p.S69S"
"HDAC1","NM_004964","c.564C>T","p.Y188Y"
"HDAC1","NM_004964","c.681G>A","p.P227P"
"HDAC1","NM_004964","c.690C>T","p.D230D"
"HDAC1","NM_004964","c.702C>T","p.D234D"
"HDAC1","NM_004964","c.795C>T","p.S265S"
"HDAC1","NM_004964","c.987A>G","p.P329P"
"HDAC1","NM_004964","c.996C>T","p.D332D"
"HDAC10","NM_0011592","c.1038G>T","p.P346P"
"HDAC10","NM_0011592","c.1095T>A","p.G365G"
"HDAC10","NM_0011592","c.1123C>T","p.P375S"
"HDAC10","NM_0011592","c.1172G>T","p.R391L"
"HDAC10","NM_0011592","c.1193C>T","p.T398M"
"HDAC10","NM_0011592","c.1196C>T","p.P399L"
"HDAC10","NM_0011592","c.1197G>A","p.P399P"
"HDAC10","NM_0011592","c.1225G>A","p.V409I"
"HDAC10","NM_0011592","c.1263A>C","p.T421T"
"HDAC10","NM_0011592","c.1426C>T","p.R476W"
"HDAC10","NM_0011592","c.1448C>T","p.A483V"
"HDAC10","NM_0011592","c.1465G>T","p.V489L"
"HDAC10","NM_0011592","c.1569T>C","p.H523H"
"HDAC10","NM_0011592","c.1570G>A","p.V524I"
"HDAC10","NM_0011592","c.1597G>A","p.G533S"
"HDAC10","NM_0011592","c.1641C>G","p.A547A"
"HDAC10","NM_0011592","c.1697A>G","p.Q566R"
"HDAC10","NM_0011592","c.1738C>A","p.L580M"
"HDAC10","NM_0011592","c.1774A>G","p.N592D"
"HDAC10","NM_0011592","c.2T>C","p.M1T"
"HDAC10","NM_0011592","c.308C>T","p.A103V"
"HDAC10","NM_0011592","c.309G>A","p.A103A"
"HDAC10","NM_0011592","c.331C>T","p.L111L"
"HDAC10","NM_0011592","c.348T>A","p.A116A"
"HDAC10","NM_0011592","c.349G>A","p.V117M"
"HDAC10","NM_0011592","c.35C>T","p.T12M"
"HDAC10","NM_0011592","c.435T>C","p.C145C"
"HDAC10","NM_0011592","c.448G>A","p.V150M"
"HDAC10","NM_0011592","c.565G>A","p.V189I"
"HDAC10","NM_0011592","c.647G>A","p.R216Q"
"HDAC10","NM_0011592","c.693T>C","p.V231V"
"HDAC10","NM_0011592","c.730C>T","p.H244Y"
"HDAC10","NM_0011592","c.759G>A","p.G253G"
"HDAC10","NM_0011592","c.819C>T","p.A273A"
"HDAC10","NM_0011592","c.820G>A","p.G274S"
"HDAC10","NM_0011592","c.822C>T","p.G274G"
"HDAC10","NM_0011592","c.838G>A","p.V280M"
"HDAC10","NM_0011592","c.83C>T","p.P28L"
"HDAC10","NM_0011592","c.918C>T","p.A306A"
"HDAC10","NM_0011592","c.941C>T","p.A314V"
"HDAC10","NM_0011592","c.996G>A","p.P332P"
"HDAC10","NM_032019","c.1001C>T","p.A334V"
"HDAC10","NM_032019","c.1056G>A","p.P352P"
"HDAC10","NM_032019","c.1098G>T","p.P366P"
"HDAC10","NM_032019","c.1155T>A","p.G385G"
"HDAC10","NM_032019","c.1183C>T","p.P395S"
"HDAC10","NM_032019","c.1232G>T","p.R411L"
"HDAC10","NM_032019","c.1253C>T","p.T418M"
"HDAC10","NM_032019","c.1256C>T","p.P419L"
"HDAC10","NM_032019","c.1257G>A","p.P419P"
"HDAC10","NM_032019","c.1285G>A","p.V429I"
"HDAC10","NM_032019","c.1323A>C","p.T441T"
"HDAC10","NM_032019","c.1486C>T","p.R496W"
"HDAC10","NM_032019","c.1508C>T","p.A503V"
"HDAC10","NM_032019","c.1525G>T","p.V509L"
"HDAC10","NM_032019","c.1629T>C","p.H543H"
"HDAC10","NM_032019","c.1630G>A","p.V544I"
"HDAC10","NM_032019","c.1657G>A","p.G553S"
"HDAC10","NM_032019","c.1701C>G","p.A567A"
"HDAC10","NM_032019","c.1757A>G","p.Q586R"
"HDAC10","NM_032019","c.1798C>A","p.L600M"
"HDAC10","NM_032019","c.1834A>G","p.N612D"
"HDAC10","NM_032019","c.2T>C","p.M1T"
"HDAC10","NM_032019","c.308C>T","p.A103V"
"HDAC10","NM_032019","c.309G>A","p.A103A"
"HDAC10","NM_032019","c.331C>T","p.L111L"
"HDAC10","NM_032019","c.348T>A","p.A116A"
"HDAC10","NM_032019","c.349G>A","p.V117M"
"HDAC10","NM_032019","c.35C>T","p.T12M"
"HDAC10","NM_032019","c.435T>C","p.C145C"
"HDAC10","NM_032019","c.448G>A","p.V150M"
"HDAC10","NM_032019","c.565G>A","p.V189I"
"HDAC10","NM_032019","c.647G>A","p.R216Q"
"HDAC10","NM_032019","c.693T>C","p.V231V"
"HDAC10","NM_032019","c.730C>T","p.H244Y"
"HDAC10","NM_032019","c.774G>A","p.V258V"
"HDAC10","NM_032019","c.782C>T","p.S261L"
"HDAC10","NM_032019","c.819G>A","p.G273G"
"HDAC10","NM_032019","c.83C>T","p.P28L"
"HDAC10","NM_032019","c.879C>T","p.A293A"
"HDAC10","NM_032019","c.880G>A","p.G294S"
"HDAC10","NM_032019","c.882C>T","p.G294G"
"HDAC10","NM_032019","c.898G>A","p.V300M"
"HDAC10","NM_032019","c.978C>T","p.A326A"
"HDAC11","NM_0011360","c.315G>A","p.A105A"
"HDAC11","NM_0011360","c.331A>C","p.I111L"
"HDAC11","NM_0011360","c.44G>A","p.G15D"
"HDAC11","NM_0011360","c.591G>A","p.E197E"
"HDAC11","NM_0011360","c.597G>T","p.L199L"
"HDAC11","NM_0011360","c.600C>T","p.P200P"
"HDAC11","NM_0011360","c.627C>T","p.T209T"
"HDAC11","NM_0011360","c.681C>T","p.I227I"
"HDAC11","NM_0011360","c.840C>G","p.S280R"
"HDAC11","NM_0011360","c.861C>T","p.D287D"
"HDAC11","NM_0011360","c.870G>T","p.L290L"
"HDAC11","NM_024827","c.1014C>T","p.D338D"
"HDAC11","NM_024827","c.1023G>T","p.L341L"
"HDAC11","NM_024827","c.128G>A","p.G43D"
"HDAC11","NM_024827","c.468G>A","p.A156A"
"HDAC11","NM_024827","c.484A>C","p.I162L"
"HDAC11","NM_024827","c.69C>A","p.R23R"
"HDAC11","NM_024827","c.744G>A","p.E248E"
"HDAC11","NM_024827","c.750G>T","p.L250L"
"HDAC11","NM_024827","c.753C>T","p.P251P"
"HDAC11","NM_024827","c.780C>T","p.T260T"
"HDAC11","NM_024827","c.834C>T","p.I278I"
"HDAC11","NM_024827","c.993C>G","p.S331R"
"HDAC2","NM_001527","c.1092A>G","p.K364K"
"HDAC2","NM_001527","c.1149A>C","p.Q383H"
"HDAC2","NM_001527","c.1211A>G","p.K404R"
"HDAC2","NM_001527","c.231A>G","p.L77L"
"HDAC2","NM_001527","c.867A>T","p.V289V"
"HDAC2","NM_001527","c.909C>G","p.G303G"
"HDAC3","NM_003883","c.1167G>A","p.R389R"
"HDAC3","NM_003883","c.1232A>G","p.N411S"
"HDAC3","NM_003883","c.165A>G","p.Q55Q"
"HDAC3","NM_003883","c.189C>T","p.S63S"
"HDAC3","NM_003883","c.507T>C","p.I169I"
"HDAC3","NM_003883","c.760C>G","p.L254V"
"HDAC3","NM_003883","c.966G>A","p.E322E"
"HDAC4","NM_006037","c.1020C>T","p.A340A"
"HDAC4","NM_006037","c.1094C>T","p.A365V"
"HDAC4","NM_006037","c.1119C>A","p.A373A"
"HDAC4","NM_006037","c.1168G>A","p.G390S"
"HDAC4","NM_006037","c.1200G>A","p.S400S"
"HDAC4","NM_006037","c.1269G>A","p.P423P"
"HDAC4","NM_006037","c.1309C>T","p.P437S"
"HDAC4","NM_006037","c.1380C>T","p.R460R"
"HDAC4","NM_006037","c.1407G>A","p.P469P"
"HDAC4","NM_006037","c.1473G>C","p.E491D"
"HDAC4","NM_006037","c.1554G>A","p.P518P"
"HDAC4","NM_006037","c.1566G>A","p.P522P"
"HDAC4","NM_006037","c.1600G>T","p.A534S"
"HDAC4","NM_006037","c.1611C>T","p.D537D"
"HDAC4","NM_006037","c.1628G>A","p.R543Q"
"HDAC4","NM_006037","c.1634C>T","p.P545L"
"HDAC4","NM_006037","c.1653C>T","p.H551H"
"HDAC4","NM_006037","c.1677G>A","p.K559K"
"HDAC4","NM_006037","c.1695C>T","p.S565S"
"HDAC4","NM_006037","c.1720C>T","p.R574W"
"HDAC4","NM_006037","c.1794G>A","p.E598E"
"HDAC4","NM_006037","c.1842C>T","p.A614A"
"HDAC4","NM_006037","c.184G>A","p.A62T"
"HDAC4","NM_006037","c.1855G>A","p.V619M"
"HDAC4","NM_006037","c.1938C>T","p.P646P"
"HDAC4","NM_006037","c.213G>A","p.L71L"
"HDAC4","NM_006037","c.2148G>A","p.S716S"
"HDAC4","NM_006037","c.2175G>A","p.T725T"
"HDAC4","NM_006037","c.222G>A","p.E74E"
"HDAC4","NM_006037","c.2233G>A","p.V745M"
"HDAC4","NM_006037","c.2259T>C","p.G753G"
"HDAC4","NM_006037","c.2301G>A","p.S767S"
"HDAC4","NM_006037","c.2356G>A","p.A786T"
"HDAC4","NM_006037","c.2361A>G","p.T787T"
"HDAC4","NM_006037","c.2412G>A","p.A804A"
"HDAC4","NM_006037","c.2491G>A","p.V831M"
"HDAC4","NM_006037","c.2562C>T","p.D854D"
"HDAC4","NM_006037","c.2565C>T","p.P855P"
"HDAC4","NM_006037","c.2578A>G","p.M860V"
"HDAC4","NM_006037","c.2622C>T","p.S874S"
"HDAC4","NM_006037","c.2668G>A","p.V890I"
"HDAC4","NM_006037","c.2895C>T","p.G965G"
"HDAC4","NM_006037","c.2905G>C","p.V969L"
"HDAC4","NM_006037","c.2928C>T","p.H976H"
"HDAC4","NM_006037","c.2946C>T","p.C982C"
"HDAC4","NM_006037","c.3009G>T","p.K1003N"
"HDAC4","NM_006037","c.3043C>T","p.R1015C"
"HDAC4","NM_006037","c.312C>T","p.H104H"
"HDAC4","NM_006037","c.3159C>T","p.A1053A"
"HDAC4","NM_006037","c.3165G>A","p.T1055T"
"HDAC4","NM_006037","c.3190G>A","p.V1064M"
"HDAC4","NM_006037","c.3205G>A","p.A1069T"
"HDAC4","NM_006037","c.567G>A","p.R189R"
"HDAC4","NM_006037","c.658G>A","p.G220R"
"HDAC4","NM_006037","c.678C>G","p.N226K"
"HDAC4","NM_006037","c.684G>A","p.P228P"
"HDAC4","NM_006037","c.848G>A","p.R283H"
"HDAC4","NM_006037","c.921C>T","p.S307S"
"HDAC4","NM_006037","c.951G>A","p.A317A"
"HDAC4","NM_006037","c.955G>A","p.A319T"
"HDAC4","NM_006037","c.958G>A","p.V320I"
"HDAC4","NM_006037","c.959T>C","p.V320A"
"HDAC6","NM_006044","c.1134G>A","p.L378L"
"HDAC6","NM_006044","c.117C>T","p.A39A"
"HDAC6","NM_006044","c.1560C>T","p.A520A"
"HDAC6","NM_006044","c.2265A>G","p.S755S"
"HDAC6","NM_006044","c.2318G>A","p.R773H"
"HDAC6","NM_006044","c.246A>G","p.A82A"
"HDAC6","NM_006044","c.2495G>A","p.R832H"
"HDAC6","NM_006044","c.2504G>A","p.R835Q"
"HDAC6","NM_006044","c.2597G>A","p.R866Q"
"HDAC6","NM_006044","c.2747G>A","p.G916E"
"HDAC6","NM_006044","c.2788G>C","p.G930R"
"HDAC6","NM_006044","c.3074C>T","p.S1025L"
"HDAC6","NM_006044","c.3248G>A","p.G1083D"
"HDAC6","NM_006044","c.348G>A","p.K116K"
"HDAC6","NM_006044","c.3529A>T","p.I1177F"
"HDAC6","NM_006044","c.3598A>G","p.N1200D"
"HDAC6","NM_006044","c.432T>C","p.V144V"
"HDAC6","NM_006044","c.463A>G","p.T155A"
"HDAC6","NM_006044","c.513C>T","p.Y171Y"
"HDAC6","NM_006044","c.543C>T","p.Y181Y"
"HDAC6","NM_006044","c.570T>A","p.S190S"
"HDAC6","NM_006044","c.958A>G","p.I320V"
"HDAC9","NM_0012041","c.1003G>A","p.V335M"
"HDAC9","NM_0012041","c.1065G>T","p.T355T"
"HDAC9","NM_0012041","c.1155A>T","p.P385P"
"HDAC9","NM_0012041","c.1221G>A","p.K407K"
"HDAC9","NM_0012041","c.1441C>T","p.H481Y"
"HDAC9","NM_0012041","c.1574C>G","p.T525S"
"HDAC9","NM_0012041","c.1581C>T","p.S527S"
"HDAC9","NM_0012041","c.261A>G","p.Q87Q"
"HDAC9","NM_0012041","c.339G>A","p.Q113Q"
"HDAC9","NM_0012041","c.377A>T","p.Q126L"
"HDAC9","NM_0012041","c.52G>C","p.V18L"
"HDAC9","NM_0012041","c.580C>T","p.L194L"
"HDAC9","NM_0012041","c.611C>G","p.T204S"
"HDAC9","NM_0012041","c.715C>T","p.P239S"
"HDAC9","NM_0012041","c.752C>T","p.A251V"
"HDAC9","NM_0012041","c.895G>A","p.E299K"
"HDAC9","NM_0012041","c.927T>C","p.I309I"
"HDAC9","NM_0012041","c.97G>A","p.G33R"
"HDAC9","NM_0012041","c.1029A>T","p.P343P"
"HDAC9","NM_0012041","c.1095G>A","p.K365K"
"HDAC9","NM_0012041","c.1315C>T","p.H439Y"
"HDAC9","NM_0012041","c.135A>G","p.Q45Q"
"HDAC9","NM_0012041","c.1448C>G","p.T483S"
"HDAC9","NM_0012041","c.1455C>T","p.S485S"
"HDAC9","NM_0012041","c.213G>A","p.Q71Q"
"HDAC9","NM_0012041","c.251A>T","p.Q84L"
"HDAC9","NM_0012041","c.454C>T","p.L152L"
"HDAC9","NM_0012041","c.485C>G","p.T162S"
"HDAC9","NM_0012041","c.589C>T","p.P197S"
"HDAC9","NM_0012041","c.626C>T","p.A209V"
"HDAC9","NM_0012041","c.769G>A","p.E257K"
"HDAC9","NM_0012041","c.801T>C","p.I267I"
"HDAC9","NM_0012041","c.877G>A","p.V293M"
"HDAC9","NM_0012041","c.939G>T","p.T313T"
"HDAC9","NM_0012041","c.1038A>T","p.P346P"
"HDAC9","NM_0012041","c.1104G>A","p.K368K"
"HDAC9","NM_0012041","c.1324C>T","p.H442Y"
"HDAC9","NM_0012041","c.135A>G","p.Q45Q"
"HDAC9","NM_0012041","c.1457C>G","p.T486S"
"HDAC9","NM_0012041","c.1464C>T","p.S488S"
"HDAC9","NM_0012041","c.213G>A","p.Q71Q"
"HDAC9","NM_0012041","c.251A>T","p.Q84L"
"HDAC9","NM_0012041","c.463C>T","p.L155L"
"HDAC9","NM_0012041","c.494C>G","p.T165S"
"HDAC9","NM_0012041","c.598C>T","p.P200S"
"HDAC9","NM_0012041","c.635C>T","p.A212V"
"HDAC9","NM_0012041","c.778G>A","p.E260K"
"HDAC9","NM_0012041","c.810T>C","p.I270I"
"HDAC9","NM_0012041","c.886G>A","p.V296M"
"HDAC9","NM_0012041","c.948G>T","p.T316T"
"HDAC9","NM_0012041","c.120G>A","p.Q40Q"
"HDAC9","NM_0012041","c.1216C>T","p.H406Y"
"HDAC9","NM_0012041","c.1349C>G","p.T450S"
"HDAC9","NM_0012041","c.1356C>T","p.S452S"
"HDAC9","NM_0012041","c.158A>T","p.Q53L"
"HDAC9","NM_0012041","c.361C>T","p.L121L"
"HDAC9","NM_0012041","c.392C>G","p.T131S"
"HDAC9","NM_0012041","c.42A>G","p.Q14Q"
"HDAC9","NM_0012041","c.490C>T","p.P164S"
"HDAC9","NM_0012041","c.527C>T","p.A176V"
"HDAC9","NM_0012041","c.670G>A","p.E224K"
"HDAC9","NM_0012041","c.702T>C","p.I234I"
"HDAC9","NM_0012041","c.778G>A","p.V260M"
"HDAC9","NM_0012041","c.840G>T","p.T280T"
"HDAC9","NM_0012041","c.930A>T","p.P310P"
"HDAC9","NM_0012041","c.996G>A","p.K332K"
"HDAC9","NM_0012041","c.1077A>T","p.P359P"
"HDAC9","NM_0012041","c.1143G>A","p.K381K"
"HDAC9","NM_0012041","c.120G>A","p.Q40Q"
"HDAC9","NM_0012041","c.1363C>T","p.H455Y"
"HDAC9","NM_0012041","c.1496C>G","p.T499S"
"HDAC9","NM_0012041","c.1503C>T","p.S501S"
"HDAC9","NM_0012041","c.158A>T","p.Q53L"
"HDAC9","NM_0012041","c.370C>T","p.L124L"
"HDAC9","NM_0012041","c.401C>G","p.T134S"
"HDAC9","NM_0012041","c.42A>G","p.Q14Q"
"HDAC9","NM_0012041","c.505C>T","p.P169S"
"HDAC9","NM_0012041","c.542C>T","p.A181V"
"HDAC9","NM_0012041","c.817G>A","p.E273K"
"HDAC9","NM_0012041","c.849T>C","p.I283I"
"HDAC9","NM_0012041","c.925G>A","p.V309M"
"HDAC9","NM_0012041","c.987G>T","p.T329T"
"HDAC9","NM_014707","c.1009G>A","p.V337M"
"HDAC9","NM_014707","c.1071G>T","p.T357T"
"HDAC9","NM_014707","c.1161A>T","p.P387P"
"HDAC9","NM_014707","c.1227G>A","p.K409K"
"HDAC9","NM_014707","c.135A>G","p.Q45Q"
"HDAC9","NM_014707","c.1447C>T","p.H483Y"
"HDAC9","NM_014707","c.1580C>G","p.T527S"
"HDAC9","NM_014707","c.1587C>T","p.S529S"
"HDAC9","NM_014707","c.213G>A","p.Q71Q"
"HDAC9","NM_014707","c.251A>T","p.Q84L"
"HDAC9","NM_014707","c.454C>T","p.L152L"
"HDAC9","NM_014707","c.485C>G","p.T162S"
"HDAC9","NM_014707","c.589C>T","p.P197S"
"HDAC9","NM_014707","c.626C>T","p.A209V"
"HDAC9","NM_014707","c.901G>A","p.E301K"
"HDAC9","NM_014707","c.933T>C","p.I311I"
"HDAC9","NM_058176","c.1009G>A","p.V337M"
"HDAC9","NM_058176","c.1071G>T","p.T357T"
"HDAC9","NM_058176","c.1161A>T","p.P387P"
"HDAC9","NM_058176","c.1227G>A","p.K409K"
"HDAC9","NM_058176","c.135A>G","p.Q45Q"
"HDAC9","NM_058176","c.1447C>T","p.H483Y"
"HDAC9","NM_058176","c.1580C>G","p.T527S"
"HDAC9","NM_058176","c.1587C>T","p.S529S"
"HDAC9","NM_058176","c.1739C>A","p.T580K"
"HDAC9","NM_058176","c.1863A>G","p.P621P"
"HDAC9","NM_058176","c.1872C>T","p.D624D"
"HDAC9","NM_058176","c.1990A>G","p.I664V"
"HDAC9","NM_058176","c.2036G>A","p.R679Q"
"HDAC9","NM_058176","c.2058C>T","p.S686S"
"HDAC9","NM_058176","c.2119C>T","p.L707L"
"HDAC9","NM_058176","c.213G>A","p.Q71Q"
"HDAC9","NM_058176","c.2172G>A","p.K724K"
"HDAC9","NM_058176","c.2205G>T","p.G735G"
"HDAC9","NM_058176","c.2493T>C","p.F831F"
"HDAC9","NM_058176","c.251A>T","p.Q84L"
"HDAC9","NM_058176","c.2567C>A","p.A856D"
"HDAC9","NM_058176","c.2784G>T","p.V928V"
"HDAC9","NM_058176","c.2877A>T","p.T959T"
"HDAC9","NM_058176","c.2966C>T","p.P989L"
"HDAC9","NM_058176","c.3002T>C","p.I1001T"
"HDAC9","NM_058176","c.3030C>T","p.F1010F"
"HDAC9","NM_058176","c.454C>T","p.L152L"
"HDAC9","NM_058176","c.485C>G","p.T162S"
"HDAC9","NM_058176","c.589C>T","p.P197S"
"HDAC9","NM_058176","c.626C>T","p.A209V"
"HDAC9","NM_058176","c.901G>A","p.E301K"
"HDAC9","NM_058176","c.933T>C","p.I311I"
"HDAC9","NM_178423","c.1009G>A","p.V337M"
"HDAC9","NM_178423","c.1071G>T","p.T357T"
"HDAC9","NM_178423","c.1161A>T","p.P387P"
"HDAC9","NM_178423","c.1227G>A","p.K409K"
"HDAC9","NM_178423","c.135A>G","p.Q45Q"
"HDAC9","NM_178423","c.1447C>T","p.H483Y"
"HDAC9","NM_178423","c.1580C>G","p.T527S"
"HDAC9","NM_178423","c.1587C>T","p.S529S"
"HDAC9","NM_178423","c.1739C>A","p.T580K"
"HDAC9","NM_178423","c.1863A>G","p.P621P"
"HDAC9","NM_178423","c.1872C>T","p.D624D"
"HDAC9","NM_178423","c.1990A>G","p.I664V"
"HDAC9","NM_178423","c.2036G>A","p.R679Q"
"HDAC9","NM_178423","c.2058C>T","p.S686S"
"HDAC9","NM_178423","c.2119C>T","p.L707L"
"HDAC9","NM_178423","c.213G>A","p.Q71Q"
"HDAC9","NM_178423","c.2172G>A","p.K724K"
"HDAC9","NM_178423","c.2205G>T","p.G735G"
"HDAC9","NM_178423","c.2493T>C","p.F831F"
"HDAC9","NM_178423","c.251A>T","p.Q84L"
"HDAC9","NM_178423","c.2567C>A","p.A856D"
"HDAC9","NM_178423","c.2784G>T","p.V928V"
"HDAC9","NM_178423","c.2877A>T","p.T959T"
"HDAC9","NM_178423","c.2966C>T","p.P989L"
"HDAC9","NM_178423","c.3002T>C","p.I1001T"
"HDAC9","NM_178423","c.3093A>G","p.T1031T"
"HDAC9","NM_178423","c.3164C>T","p.T1055I"
"HDAC9","NM_178423","c.3171T>G","p.G1057G"
"HDAC9","NM_178423","c.454C>T","p.L152L"
"HDAC9","NM_178423","c.485C>G","p.T162S"
"HDAC9","NM_178423","c.589C>T","p.P197S"
"HDAC9","NM_178423","c.626C>T","p.A209V"
"HDAC9","NM_178423","c.901G>A","p.E301K"
"HDAC9","NM_178423","c.933T>C","p.I311I"
"HDAC9","NM_178425","c.1018G>A","p.V340M"
"HDAC9","NM_178425","c.1080G>T","p.T360T"
"HDAC9","NM_178425","c.1170A>T","p.P390P"
"HDAC9","NM_178425","c.1236G>A","p.K412K"
"HDAC9","NM_178425","c.135A>G","p.Q45Q"
"HDAC9","NM_178425","c.1456C>T","p.H486Y"
"HDAC9","NM_178425","c.1589C>G","p.T530S"
"HDAC9","NM_178425","c.1596C>T","p.S532S"
"HDAC9","NM_178425","c.1748C>A","p.T583K"
"HDAC9","NM_178425","c.1872A>G","p.P624P"
"HDAC9","NM_178425","c.1881C>T","p.D627D"
"HDAC9","NM_178425","c.1999A>G","p.I667V"
"HDAC9","NM_178425","c.2045G>A","p.R682Q"
"HDAC9","NM_178425","c.2067C>T","p.S689S"
"HDAC9","NM_178425","c.2128C>T","p.L710L"
"HDAC9","NM_178425","c.213G>A","p.Q71Q"
"HDAC9","NM_178425","c.2181G>A","p.K727K"
"HDAC9","NM_178425","c.2214G>T","p.G738G"
"HDAC9","NM_178425","c.2502T>C","p.F834F"
"HDAC9","NM_178425","c.251A>T","p.Q84L"
"HDAC9","NM_178425","c.2576C>A","p.A859D"
"HDAC9","NM_178425","c.2793G>T","p.V931V"
"HDAC9","NM_178425","c.2886A>T","p.T962T"
"HDAC9","NM_178425","c.2975C>T","p.P992L"
"HDAC9","NM_178425","c.3011T>C","p.I1004T"
"HDAC9","NM_178425","c.3102A>G","p.T1034T"
"HDAC9","NM_178425","c.3173C>T","p.T1058I"
"HDAC9","NM_178425","c.3180T>G","p.G1060G"
"HDAC9","NM_178425","c.463C>T","p.L155L"
"HDAC9","NM_178425","c.494C>G","p.T165S"
"HDAC9","NM_178425","c.598C>T","p.P200S"
"HDAC9","NM_178425","c.635C>T","p.A212V"
"HDAC9","NM_178425","c.910G>A","p.E304K"
"HDAC9","NM_178425","c.942T>C","p.I314I"
"HR","NM_005144","c.1010G>A","p.G337D"
"HR","NM_005144","c.1015G>C","p.G339R"
"HR","NM_005144","c.1055C>T","p.A352V"
"HR","NM_005144","c.1168C>G","p.Q390E"
"HR","NM_005144","c.1183C>T","p.R395C"
"HR","NM_005144","c.1190G>A","p.C397Y"
"HR","NM_005144","c.119C>T","p.P40L"
"HR","NM_005144","c.1200C>T","p.V400V"
"HR","NM_005144","c.1219C>T","p.R407W"
"HR","NM_005144","c.1255G>A","p.V419I"
"HR","NM_005144","c.1276C>T","p.P426S"
"HR","NM_005144","c.1305T>C","p.F435F"
"HR","NM_005144","c.1358C>T","p.S453L"
"HR","NM_005144","c.1359G>A","p.S453S"
"HR","NM_005144","c.1380C>T","p.D460D"
"HR","NM_005144","c.1461C>T","p.C487C"
"HR","NM_005144","c.1507G>A","p.A503T"
"HR","NM_005144","c.1517A>G","p.E506G"
"HR","NM_005144","c.1527G>A","p.G509G"
"HR","NM_005144","c.1566G>T","p.L522L"
"HR","NM_005144","c.1572G>A","p.G524G"
"HR","NM_005144","c.1577T>C","p.L526P"
"HR","NM_005144","c.1583A>G","p.Q528R"
"HR","NM_005144","c.1702C>T","p.R568C"
"HR","NM_005144","c.1711C>T","p.R571W"
"HR","NM_005144","c.1712G>A","p.R571Q"
"HR","NM_005144","c.1727C>T","p.A576V"
"HR","NM_005144","c.1804C>T","p.R602C"
"HR","NM_005144","c.1841G>A","p.C614Y"
"HR","NM_005144","c.184C>A","p.P62T"
"HR","NM_005144","c.1858C>G","p.R620G"
"HR","NM_005144","c.1859G>A","p.R620Q"
"HR","NM_005144","c.188C>G","p.P63R"
"HR","NM_005144","c.1907A>G","p.E636G"
"HR","NM_005144","c.1956C>T","p.A652A"
"HR","NM_005144","c.205C>T","p.P69S"
"HR","NM_005144","c.2090G>A","p.R697Q"
"HR","NM_005144","c.2104G>T","p.G702W"
"HR","NM_005144","c.2211C>T","p.P737P"
"HR","NM_005144","c.2218G>A","p.A740T"
"HR","NM_005144","c.2249G>A","p.R750Q"
"HR","NM_005144","c.2367T>C","p.S789S"
"HR","NM_005144","c.2370T>C","p.D790D"
"HR","NM_005144","c.2467G>A","p.G823S"
"HR","NM_005144","c.2532T>C","p.A844A"
"HR","NM_005144","c.2570G>A","p.R857H"
"HR","NM_005144","c.2617T>C","p.L873L"
"HR","NM_005144","c.2663C>G","p.T888R"
"HR","NM_005144","c.2699C>T","p.A900V"
"HR","NM_005144","c.2733C>A","p.S911R"
"HR","NM_005144","c.2779C>T","p.R927C"
"HR","NM_005144","c.2780G>A","p.R927H"
"HR","NM_005144","c.27G>A","p.K9K"
"HR","NM_005144","c.2862T>A","p.A954A"
"HR","NM_005144","c.2880G>A","p.P960P"
"HR","NM_005144","c.2889C>T","p.C963C"
"HR","NM_005144","c.2961G>C","p.Q987H"
"HR","NM_005144","c.2993G>A","p.R998Q"
"HR","NM_005144","c.3064A>G","p.T1022A"
"HR","NM_005144","c.3192C>T","p.R1064R"
"HR","NM_005144","c.3216G>A","p.V1072V"
"HR","NM_005144","c.3253C>G","p.P1085A"
"HR","NM_005144","c.3339C>A","p.P1113P"
"HR","NM_005144","c.333C>T","p.C111C"
"HR","NM_005144","c.34C>T","p.P12S"
"HR","NM_005144","c.37A>G","p.T13A"
"HR","NM_005144","c.415C>T","p.R139W"
"HR","NM_005144","c.483C>T","p.T161T"
"HR","NM_005144","c.542T>G","p.L181R"
"HR","NM_005144","c.597C>T","p.F199F"
"HR","NM_005144","c.64G>A","p.G22S"
"HR","NM_005144","c.698C>T","p.S233F"
"HR","NM_005144","c.729C>T","p.A243A"
"HR","NM_005144","c.792C>T","p.C264C"
"HR","NM_005144","c.806G>A","p.G269E"
"HR","NM_005144","c.840C>T","p.P280P"
"HR","NM_005144","c.847C>T","p.P283S"
"HR","NM_005144","c.863A>G","p.H288R"
"HR","NM_005144","c.956C>T","p.P319L"
"HR","NM_005144","c.970C>T","p.R324W"
"HR","NM_018411","c.1010G>A","p.G337D"
"HR","NM_018411","c.1015G>C","p.G339R"
"HR","NM_018411","c.1055C>T","p.A352V"
"HR","NM_018411","c.1168C>G","p.Q390E"
"HR","NM_018411","c.1183C>T","p.R395C"
"HR","NM_018411","c.1190G>A","p.C397Y"
"HR","NM_018411","c.119C>T","p.P40L"
"HR","NM_018411","c.1200C>T","p.V400V"
"HR","NM_018411","c.1219C>T","p.R407W"
"HR","NM_018411","c.1255G>A","p.V419I"
"HR","NM_018411","c.1276C>T","p.P426S"
"HR","NM_018411","c.1305T>C","p.F435F"
"HR","NM_018411","c.1358C>T","p.S453L"
"HR","NM_018411","c.1359G>A","p.S453S"
"HR","NM_018411","c.1380C>T","p.D460D"
"HR","NM_018411","c.1461C>T","p.C487C"
"HR","NM_018411","c.1507G>A","p.A503T"
"HR","NM_018411","c.1517A>G","p.E506G"
"HR","NM_018411","c.1527G>A","p.G509G"
"HR","NM_018411","c.1566G>T","p.L522L"
"HR","NM_018411","c.1572G>A","p.G524G"
"HR","NM_018411","c.1577T>C","p.L526P"
"HR","NM_018411","c.1583A>G","p.Q528R"
"HR","NM_018411","c.1702C>T","p.R568C"
"HR","NM_018411","c.1711C>T","p.R571W"
"HR","NM_018411","c.1712G>A","p.R571Q"
"HR","NM_018411","c.1727C>T","p.A576V"
"HR","NM_018411","c.1804C>T","p.R602C"
"HR","NM_018411","c.1841G>A","p.C614Y"
"HR","NM_018411","c.184C>A","p.P62T"
"HR","NM_018411","c.1858C>G","p.R620G"
"HR","NM_018411","c.1859G>A","p.R620Q"
"HR","NM_018411","c.188C>G","p.P63R"
"HR","NM_018411","c.1907A>G","p.E636G"
"HR","NM_018411","c.1956C>T","p.A652A"
"HR","NM_018411","c.205C>T","p.P69S"
"HR","NM_018411","c.2090G>A","p.R697Q"
"HR","NM_018411","c.2104G>T","p.G702W"
"HR","NM_018411","c.2211C>T","p.P737P"
"HR","NM_018411","c.2218G>A","p.A740T"
"HR","NM_018411","c.2249G>A","p.R750Q"
"HR","NM_018411","c.2367T>C","p.S789S"
"HR","NM_018411","c.2370T>C","p.D790D"
"HR","NM_018411","c.2467G>A","p.G823S"
"HR","NM_018411","c.2532T>C","p.A844A"
"HR","NM_018411","c.2570G>A","p.R857H"
"HR","NM_018411","c.2617T>C","p.L873L"
"HR","NM_018411","c.2663C>G","p.T888R"
"HR","NM_018411","c.2699C>T","p.A900V"
"HR","NM_018411","c.2733C>A","p.S911R"
"HR","NM_018411","c.2779C>T","p.R927C"
"HR","NM_018411","c.2780G>A","p.R927H"
"HR","NM_018411","c.27G>A","p.K9K"
"HR","NM_018411","c.2862T>A","p.A954A"
"HR","NM_018411","c.2880G>A","p.P960P"
"HR","NM_018411","c.2889C>T","p.C963C"
"HR","NM_018411","c.2961G>C","p.Q987H"
"HR","NM_018411","c.2993G>A","p.R998Q"
"HR","NM_018411","c.3064A>G","p.T1022A"
"HR","NM_018411","c.3192C>T","p.R1064R"
"HR","NM_018411","c.333C>T","p.C111C"
"HR","NM_018411","c.34C>T","p.P12S"
"HR","NM_018411","c.37A>G","p.T13A"
"HR","NM_018411","c.415C>T","p.R139W"
"HR","NM_018411","c.483C>T","p.T161T"
"HR","NM_018411","c.542T>G","p.L181R"
"HR","NM_018411","c.597C>T","p.F199F"
"HR","NM_018411","c.64G>A","p.G22S"
"HR","NM_018411","c.698C>T","p.S233F"
"HR","NM_018411","c.729C>T","p.A243A"
"HR","NM_018411","c.792C>T","p.C264C"
"HR","NM_018411","c.806G>A","p.G269E"
"HR","NM_018411","c.840C>T","p.P280P"
"HR","NM_018411","c.847C>T","p.P283S"
"HR","NM_018411","c.863A>G","p.H288R"
"HR","NM_018411","c.956C>T","p.P319L"
"HR","NM_018411","c.970C>T","p.R324W"
"HSPBAP1","NM_024610","c.1026A>G","p.V342V"
"HSPBAP1","NM_024610","c.1139A>G","p.D380G"
"HSPBAP1","NM_024610","c.1182T>C","p.P394P"
"HSPBAP1","NM_024610","c.1206G>A","p.P402P"
"HSPBAP1","NM_024610","c.1225A>G","p.I409V"
"HSPBAP1","NM_024610","c.1266A>T","p.G422G"
"HSPBAP1","NM_024610","c.1282T>C","p.L428L"
"HSPBAP1","NM_024610","c.1369_1370insTC","p.Q457fs"
"HSPBAP1","NM_024610","c.1430T>C","p.I477T"
"HSPBAP1","NM_024610","c.189T>G","p.L63L"
"HSPBAP1","NM_024610","c.190T>G","p.S64A"
"HSPBAP1","NM_024610","c.191C>T","p.S64L"
"HSPBAP1","NM_024610","c.192G>T","p.S64S"
"HSPBAP1","NM_024610","c.231G>T","p.G77G"
"HSPBAP1","NM_024610","c.245G>A","p.S82N"
"HSPBAP1","NM_024610","c.29C>G","p.P10R"
"HSPBAP1","NM_024610","c.323A>G","p.Q108R"
"HSPBAP1","NM_024610","c.366G>A","p.K122K"
"HSPBAP1","NM_024610","c.453C>T","p.F151F"
"HSPBAP1","NM_024610","c.662A>G","p.N221S"
"HSPBAP1","NM_024610","c.686G>A","p.R229H"
"HSPBAP1","NM_024610","c.719C>T","p.A240V"
"HSPBAP1","NM_024610","c.71A>G","p.H24R"
"HSPBAP1","NM_024610","c.727C>G","p.L243V"
"ING2","NM_001564","c.12G>A","p.Q4Q"
"ING2","NM_001564","c.252G>C","p.Q84H"
"ING2","NM_001564","c.39C>T","p.A13A"
"ING2","NM_001564","c.456C>T","p.P152P"
"ING2","NM_001564","c.516C>T","p.D172D"
"ING2","NM_001564","c.573C>T","p.R191R"
"ING3","NM_019071","c.1011A>C","p.Q337H"
"ING3","NM_019071","c.1068C>T","p.D356D"
"ING3","NM_019071","c.1215G>A","p.Q405Q"
"ING3","NM_019071","c.447T>C","p.Y149Y"
"ING3","NM_019071","c.460C>A","p.H154N"
"ING3","NM_019071","c.467C>T","p.T156M"
"ING3","NM_019071","c.60C>T","p.D20D"
"ING3","NM_019071","c.622C>A","p.L208M"
"ING3","NM_019071","c.644C>T","p.S215L"
"ING3","NM_019071","c.73A>G","p.M25V"
"ING3","NM_019071","c.972G>A","p.S324S"
"ING3","NM_198267","c.60C>T","p.D20D"
"ING3","NM_198267","c.73A>G","p.M25V"
"ING4","NM_0011275","c.158C>T","p.A53V"
"ING4","NM_0011275","c.15G>A","p.M5I"
"ING4","NM_0011275","c.172T>C","p.S58P"
"ING4","NM_0011275","c.435C>T","p.S145S"
"ING4","NM_0011275","c.450G>A","p.S150S"
"ING4","NM_0011275","c.493G>A","p.V165M"
"ING4","NM_0011275","c.640A>G","p.N214D"
"ING4","NM_0011275","c.648T>C","p.D216D"
"ING4","NM_0011275","c.679G>A","p.V227M"
"ING4","NM_0011275","c.744G>A","p.K248K"
"ING4","NM_0011275","c.158C>T","p.A53V"
"ING4","NM_0011275","c.15G>A","p.M5I"
"ING4","NM_0011275","c.172T>C","p.S58P"
"ING4","NM_0011275","c.426C>T","p.S142S"
"ING4","NM_0011275","c.441G>A","p.S147S"
"ING4","NM_0011275","c.484G>A","p.V162M"
"ING4","NM_0011275","c.631A>G","p.N211D"
"ING4","NM_0011275","c.639T>C","p.D213D"
"ING4","NM_0011275","c.670G>A","p.V224M"
"ING4","NM_0011275","c.735G>A","p.K245K"
"ING4","NM_0011275","c.158C>T","p.A53V"
"ING4","NM_0011275","c.15G>A","p.M5I"
"ING4","NM_0011275","c.172T>C","p.S58P"
"ING4","NM_0011275","c.423C>T","p.S141S"
"ING4","NM_0011275","c.438G>A","p.S146S"
"ING4","NM_0011275","c.481G>A","p.V161M"
"ING4","NM_0011275","c.628A>G","p.N210D"
"ING4","NM_0011275","c.636T>C","p.D212D"
"ING4","NM_0011275","c.667G>A","p.V223M"
"ING4","NM_0011275","c.732G>A","p.K244K"
"ING4","NM_0011275","c.100T>C","p.S34P"
"ING4","NM_0011275","c.15G>A","p.M5I"
"ING4","NM_0011275","c.363C>T","p.S121S"
"ING4","NM_0011275","c.378G>A","p.S126S"
"ING4","NM_0011275","c.421G>A","p.V141M"
"ING4","NM_0011275","c.568A>G","p.N190D"
"ING4","NM_0011275","c.576T>C","p.D192D"
"ING4","NM_0011275","c.607G>A","p.V203M"
"ING4","NM_0011275","c.672G>A","p.K224K"
"ING4","NM_0011275","c.86C>T","p.A29V"
"ING4","NM_0011275","c.158C>T","p.A53V"
"ING4","NM_0011275","c.15G>A","p.M5I"
"ING4","NM_0011275","c.172T>C","p.S58P"
"ING4","NM_0011275","c.435C>T","p.S145S"
"ING4","NM_0011275","c.450G>A","p.S150S"
"ING4","NM_0011275","c.493G>A","p.V165M"
"ING4","NM_016162","c.158C>T","p.A53V"
"ING4","NM_016162","c.15G>A","p.M5I"
"ING4","NM_016162","c.172T>C","p.S58P"
"ING4","NM_016162","c.432C>T","p.S144S"
"ING4","NM_016162","c.447G>A","p.S149S"
"ING4","NM_016162","c.490G>A","p.V164M"
"ING4","NM_016162","c.637A>G","p.N213D"
"ING4","NM_016162","c.645T>C","p.D215D"
"ING4","NM_016162","c.676G>A","p.V226M"
"ING4","NM_016162","c.741G>A","p.K247K"
"ING5","NM_032329","c.179A>T","p.Q60L"
"ING5","NM_032329","c.198G>A","p.Q66Q"
"ING5","NM_032329","c.210C>T","p.N70N"
"ING5","NM_032329","c.222G>A","p.K74K"
"ING5","NM_032329","c.227A>G","p.K76R"
"ING5","NM_032329","c.240C>T","p.D80D"
"ING5","NM_032329","c.345G>A","p.M115I"
"ING5","NM_032329","c.369C>T","p.S123S"
"ING5","NM_032329","c.394C>T","p.R132W"
"ING5","NM_032329","c.395G>A","p.R132Q"
"ING5","NM_032329","c.42C>T","p.I14I"
"ING5","NM_032329","c.441A>T","p.T147T"
"ING5","NM_032329","c.648C>T","p.C216C"
"ING5","NM_032329","c.693G>A","p.R231R"
"ING5","NM_032329","c.87A>G","p.R29R"
"INO80","NM_017553","c.1050T>C","p.Y350Y"
"INO80","NM_017553","c.1219C>A","p.H407N"
"INO80","NM_017553","c.1833C>T","p.F611F"
"INO80","NM_017553","c.2016G>A","p.Q672Q"
"INO80","NM_017553","c.230C>T","p.P77L"
"INO80","NM_017553","c.2457G>A","p.P819P"
"INO80","NM_017553","c.2644A>G","p.I882V"
"INO80","NM_017553","c.2715G>A","p.M905I"
"INO80","NM_017553","c.2812G>A","p.E938K"
"INO80","NM_017553","c.2813A>G","p.E938G"
"INO80","NM_017553","c.2829C>T","p.Y943Y"
"INO80","NM_017553","c.287A>G","p.Y96C"
"INO80","NM_017553","c.2972G>A","p.R991Q"
"INO80","NM_017553","c.3194G>A","p.R1065Q"
"INO80","NM_017553","c.3323T>G","p.V1108G"
"INO80","NM_017553","c.3504C>G","p.D1168E"
"INO80","NM_017553","c.3842G>A","p.R1281Q"
"INO80","NM_017553","c.3906A>G","p.E1302E"
"INO80","NM_017553","c.3915A>G","p.A1305A"
"INO80","NM_017553","c.3933A>T","p.E1311D"
"INO80","NM_017553","c.3965G>A","p.G1322D"
"INO80","NM_017553","c.3995C>T","p.S1332L"
"INO80","NM_017553","c.4011C>T","p.N1337N"
"INO80","NM_017553","c.4231G>A","p.V1411M"
"INO80","NM_017553","c.4270C>T","p.R1424C"
"INO80","NM_017553","c.4271G>C","p.R1424P"
"INO80","NM_017553","c.4292G>T","p.R1431L"
"INO80","NM_017553","c.432C>T","p.D144D"
"INO80","NM_017553","c.4350A>G","p.R1450R"
"INO80","NM_017553","c.4462G>A","p.A1488T"
"INO80","NM_017553","c.4482A>T","p.T1494T"
"INO80","NM_017553","c.4515T>C","p.F1505F"
"INO80","NM_017553","c.452A>G","p.N151S"
"INO80","NM_017553","c.4531T>A","p.S1511T"
"INO80","NM_017553","c.4553T>C","p.L1518S"
"INO80","NM_017553","c.4666C>T","p.R1556W"
"INO80","NM_017553","c.57C>T","p.P19P"
"INO80","NM_017553","c.600A>G","p.Q200Q"
"INO80","NM_017553","c.604C>T","p.R202W"
"INO80","NM_017553","c.614T>C","p.L205P"
"INO80","NM_017553","c.810T>C","p.I270I"
"INO80","NM_017553","c.833G>A","p.R278K"
"INO80","NM_017553","c.943A>C","p.M315L"
"INO80","NM_017553","c.975C>A","p.A325A"
"INO80B","NM_031288","c.1021A>G","p.M341V"
"INO80B","NM_031288","c.1056C>G","p.P352P"
"INO80B","NM_031288","c.1061T>G","p.L354W"
"INO80B","NM_031288","c.16C>T","p.R6W"
"INO80B","NM_031288","c.189C>G","p.S63S"
"INO80B","NM_031288","c.22G>A","p.G8R"
"INO80B","NM_031288","c.371A>G","p.D124G"
"INO80B","NM_031288","c.85G>T","p.G29C"
"INO80B","NM_031288","c.870C>A","p.V290V"
"INO80C","NM_0010988","c.141T>C","p.A47A"
"INO80C","NM_0010988","c.142T>G","p.S48A"
"INO80C","NM_0010988","c.158C>T","p.T53M"
"INO80C","NM_0010988","c.195C>T","p.P65P"
"INO80C","NM_0010988","c.212C>T","p.T71M"
"INO80C","NM_0010988","c.219C>T","p.L73L"
"INO80C","NM_0010988","c.266G>A","p.G89D"
"INO80C","NM_0010988","c.281C>A","p.A94D"
"INO80C","NM_0010988","c.32C>G","p.T11S"
"INO80C","NM_0010988","c.510A>G","p.P170P"
"INO80C","NM_0010988","c.620G>A","p.R207Q"
"INO80C","NM_0010988","c.636C>T","p.D212D"
"INO80C","NM_0010988","c.645C>T","p.T215T"
"INO80C","NM_0010988","c.678C>T","p.I226I"
"INO80C","NM_194281","c.141T>C","p.A47A"
"INO80C","NM_194281","c.142T>G","p.S48A"
"INO80C","NM_194281","c.158G>A","p.G53D"
"INO80C","NM_194281","c.173C>A","p.A58D"
"INO80C","NM_194281","c.32C>G","p.T11S"
"INO80C","NM_194281","c.402A>G","p.P134P"
"INO80C","NM_194281","c.512G>A","p.R171Q"
"INO80C","NM_194281","c.528C>T","p.D176D"
"INO80C","NM_194281","c.537C>T","p.T179T"
"INO80C","NM_194281","c.570C>T","p.I190I"
"INO80D","NM_017759","c.1073C>T","p.A358V"
"INO80D","NM_017759","c.1091C>T","p.A364V"
"INO80D","NM_017759","c.1196G>A","p.R399Q"
"INO80D","NM_017759","c.1416C>G","p.L472L"
"INO80D","NM_017759","c.1506T>C","p.H502H"
"INO80D","NM_017759","c.1570C>T","p.R524C"
"INO80D","NM_017759","c.1695A>T","p.A565A"
"INO80D","NM_017759","c.1722C>T","p.P574P"
"INO80D","NM_017759","c.1729G>A","p.V577I"
"INO80D","NM_017759","c.1754A>G","p.H585R"
"INO80D","NM_017759","c.1769C>T","p.S590F"
"INO80D","NM_017759","c.1800G>A","p.P600P"
"INO80D","NM_017759","c.1813A>G","p.N605D"
"INO80D","NM_017759","c.1814A>G","p.N605S"
"INO80D","NM_017759","c.2113T>A","p.L705M"
"INO80D","NM_017759","c.2367C>T","p.D789D"
"INO80D","NM_017759","c.2368G>A","p.G790S"
"INO80D","NM_017759","c.2452A>T","p.S818C"
"INO80D","NM_017759","c.2679C>T","p.L893L"
"INO80D","NM_017759","c.2754A>C","p.L918L"
"INO80D","NM_017759","c.2803G>A","p.A935T"
"INO80D","NM_017759","c.3050A>G","p.N1017S"
"INO80D","NM_017759","c.337C>G","p.L113V"
"INO80D","NM_017759","c.352T>C","p.L118L"
"INO80D","NM_017759","c.397C>T","p.P133S"
"INO80D","NM_017759","c.435C>T","p.T145T"
"INO80D","NM_017759","c.664C>T","p.P222S"
"INO80D","NM_017759","c.833C>G","p.P278R"
"INO80D","NM_017759","c.896G>A","p.R299Q"
"INO80D","NM_017759","c.987C>T","p.S329S"
"INO80E","NM_173618","c.216C>T","p.A72A"
"INO80E","NM_173618","c.270A>G","p.T90T"
"INO80E","NM_173618","c.273G>A","p.P91P"
"INO80E","NM_173618","c.299C>T","p.P100L"
"INO80E","NM_173618","c.310G>T","p.A104S"
"INO80E","NM_173618","c.358C>T","p.L120F"
"INO80E","NM_173618","c.405C>A","p.S135S"
"INO80E","NM_173618","c.420A>C","p.P140P"
"INO80E","NM_173618","c.473C>A","p.P158H"
"INO80E","NM_173618","c.502C>T","p.R168W"
"INO80E","NM_173618","c.647C>T","p.T216M"
"JARID2","NM_0012670","c.107C>T","p.S36L"
"JARID2","NM_0012670","c.1120G>A","p.G374S"
"JARID2","NM_0012670","c.1173C>T","p.S391S"
"JARID2","NM_0012670","c.1257C>T","p.P419P"
"JARID2","NM_0012670","c.1278G>A","p.E426E"
"JARID2","NM_0012670","c.1530C>T","p.D510D"
"JARID2","NM_0012670","c.1637G>A","p.R546Q"
"JARID2","NM_0012670","c.1706C>T","p.T569I"
"JARID2","NM_0012670","c.1708G>C","p.E570Q"
"JARID2","NM_0012670","c.1714G>A","p.D572N"
"JARID2","NM_0012670","c.1719C>T","p.H573H"
"JARID2","NM_0012670","c.1778C>T","p.A593V"
"JARID2","NM_0012670","c.1787A>G","p.N596S"
"JARID2","NM_0012670","c.1795C>T","p.R599C"
"JARID2","NM_0012670","c.1820A>G","p.Q607R"
"JARID2","NM_0012670","c.1863A>G","p.E621E"
"JARID2","NM_0012670","c.1890G>A","p.E630E"
"JARID2","NM_0012670","c.1971G>A","p.A657A"
"JARID2","NM_0012670","c.2008G>A","p.A670T"
"JARID2","NM_0012670","c.200A>C","p.Q67P"
"JARID2","NM_0012670","c.2136C>T","p.P712P"
"JARID2","NM_0012670","c.2383C>G","p.L795V"
"JARID2","NM_0012670","c.2556C>T","p.S852S"
"JARID2","NM_0012670","c.266G>A","p.R89H"
"JARID2","NM_0012670","c.267C>T","p.R89R"
"JARID2","NM_0012670","c.2763G>A","p.L921L"
"JARID2","NM_0012670","c.2765G>A","p.R922Q"
"JARID2","NM_0012670","c.2823C>T","p.H941H"
"JARID2","NM_0012670","c.282A>G","p.S94S"
"JARID2","NM_0012670","c.2853G>A","p.K951K"
"JARID2","NM_0012670","c.2886G>C","p.T962T"
"JARID2","NM_0012670","c.2916C>T","p.H972H"
"JARID2","NM_0012670","c.2958C>T","p.V986V"
"JARID2","NM_0012670","c.2961G>A","p.V987V"
"JARID2","NM_0012670","c.300G>A","p.A100A"
"JARID2","NM_0012670","c.3078C>G","p.G1026G"
"JARID2","NM_0012670","c.3114T>C","p.C1038C"
"JARID2","NM_0012670","c.3152G>C","p.R1051T"
"JARID2","NM_0012670","c.3156G>C","p.A1052A"
"JARID2","NM_0012670","c.3171C>T","p.P1057P"
"JARID2","NM_0012670","c.3172C>A","p.P1058T"
"JARID2","NM_0012670","c.3176C>G","p.S1059C"
"JARID2","NM_0012670","c.31G>C","p.E11Q"
"JARID2","NM_0012670","c.3212C>T","p.S1071L"
"JARID2","NM_0012670","c.341C>T","p.T114I"
"JARID2","NM_0012670","c.39C>T","p.V13V"
"JARID2","NM_0012670","c.419T>C","p.M140T"
"JARID2","NM_0012670","c.63A>G","p.E21E"
"JARID2","NM_0012670","c.67G>A","p.V23I"
"JARID2","NM_0012670","c.690C>T","p.P230P"
"JARID2","NM_0012670","c.691G>A","p.A231T"
"JARID2","NM_0012670","c.698A>G","p.N233S"
"JARID2","NM_0012670","c.736T>C","p.C246R"
"JARID2","NM_0012670","c.81C>G","p.T27T"
"JARID2","NM_0012670","c.883G>A","p.A295T"
"JARID2","NM_0012670","c.921T>C","p.G307G"
"JARID2","NM_0012670","c.925C>T","p.L309L"
"JARID2","NM_0012670","c.958C>T","p.R320C"
"JARID2","NM_0012670","c.980C>G","p.P327R"
"JARID2","NM_004973","c.1206C>T","p.P402P"
"JARID2","NM_004973","c.1207G>A","p.A403T"
"JARID2","NM_004973","c.1214A>G","p.N405S"
"JARID2","NM_004973","c.1252T>C","p.C418R"
"JARID2","NM_004973","c.126T>C","p.N42N"
"JARID2","NM_004973","c.1399G>A","p.A467T"
"JARID2","NM_004973","c.1437T>C","p.G479G"
"JARID2","NM_004973","c.1441C>T","p.L481L"
"JARID2","NM_004973","c.1474C>T","p.R492C"
"JARID2","NM_004973","c.1496C>G","p.P499R"
"JARID2","NM_004973","c.1636G>A","p.G546S"
"JARID2","NM_004973","c.1689C>T","p.S563S"
"JARID2","NM_004973","c.1773C>T","p.P591P"
"JARID2","NM_004973","c.1794G>A","p.E598E"
"JARID2","NM_004973","c.2046C>T","p.D682D"
"JARID2","NM_004973","c.2153G>A","p.R718Q"
"JARID2","NM_004973","c.2222C>T","p.T741I"
"JARID2","NM_004973","c.2224G>C","p.E742Q"
"JARID2","NM_004973","c.2230G>A","p.D744N"
"JARID2","NM_004973","c.2235C>T","p.H745H"
"JARID2","NM_004973","c.2294C>T","p.A765V"
"JARID2","NM_004973","c.2303A>G","p.N768S"
"JARID2","NM_004973","c.2311C>T","p.R771C"
"JARID2","NM_004973","c.2336A>G","p.Q779R"
"JARID2","NM_004973","c.2379A>G","p.E793E"
"JARID2","NM_004973","c.2406G>A","p.E802E"
"JARID2","NM_004973","c.2487G>A","p.A829A"
"JARID2","NM_004973","c.2524G>A","p.A842T"
"JARID2","NM_004973","c.2652C>T","p.P884P"
"JARID2","NM_004973","c.2899C>G","p.L967V"
"JARID2","NM_004973","c.3072C>T","p.S1024S"
"JARID2","NM_004973","c.3279G>A","p.L1093L"
"JARID2","NM_004973","c.3281G>A","p.R1094Q"
"JARID2","NM_004973","c.3339C>T","p.H1113H"
"JARID2","NM_004973","c.3369G>A","p.K1123K"
"JARID2","NM_004973","c.3402G>C","p.T1134T"
"JARID2","NM_004973","c.3432C>T","p.H1144H"
"JARID2","NM_004973","c.3474C>T","p.V1158V"
"JARID2","NM_004973","c.3477G>A","p.V1159V"
"JARID2","NM_004973","c.3594C>G","p.G1198G"
"JARID2","NM_004973","c.3630T>C","p.C1210C"
"JARID2","NM_004973","c.3668G>C","p.R1223T"
"JARID2","NM_004973","c.3672G>C","p.A1224A"
"JARID2","NM_004973","c.3687C>T","p.P1229P"
"JARID2","NM_004973","c.3688C>A","p.P1230T"
"JARID2","NM_004973","c.3692C>G","p.S1231C"
"JARID2","NM_004973","c.3728C>T","p.S1243L"
"JARID2","NM_004973","c.439C>T","p.L147F"
"JARID2","NM_004973","c.547G>C","p.E183Q"
"JARID2","NM_004973","c.555C>T","p.V185V"
"JARID2","NM_004973","c.579A>G","p.E193E"
"JARID2","NM_004973","c.583G>A","p.V195I"
"JARID2","NM_004973","c.597C>G","p.T199T"
"JARID2","NM_004973","c.623C>T","p.S208L"
"JARID2","NM_004973","c.716A>C","p.Q239P"
"JARID2","NM_004973","c.782G>A","p.R261H"
"JARID2","NM_004973","c.783C>T","p.R261R"
"JARID2","NM_004973","c.798A>G","p.S266S"
"JARID2","NM_004973","c.816G>A","p.A272A"
"JARID2","NM_004973","c.857C>T","p.T286I"
"JARID2","NM_004973","c.935T>C","p.M312T"
"JMJD4","NM_0011614","c.1022G>A","p.R341H"
"JMJD4","NM_0011614","c.1024T>C","p.F342L"
"JMJD4","NM_0011614","c.1029G>A","p.L343L"
"JMJD4","NM_0011614","c.1048G>A","p.V350M"
"JMJD4","NM_0011614","c.1064T>C","p.I355T"
"JMJD4","NM_0011614","c.1074C>T","p.S358S"
"JMJD4","NM_0011614","c.1080G>A","p.S360S"
"JMJD4","NM_0011614","c.1084A>G","p.I362V"
"JMJD4","NM_0011614","c.1123G>A","p.A375T"
"JMJD4","NM_0011614","c.1134G>A","p.R378R"
"JMJD4","NM_0011614","c.1251C>T","p.D417D"
"JMJD4","NM_0011614","c.1272C>T","p.S424S"
"JMJD4","NM_0011614","c.1301T>A","p.L434Q"
"JMJD4","NM_0011614","c.1309C>G","p.L437V"
"JMJD4","NM_0011614","c.1334C>T","p.A445V"
"JMJD4","NM_0011614","c.195T>G","p.D65E"
"JMJD4","NM_0011614","c.247G>A","p.G83S"
"JMJD4","NM_0011614","c.32C>T","p.A11V"
"JMJD4","NM_0011614","c.44G>C","p.R15P"
"JMJD4","NM_0011614","c.46G>T","p.G16C"
"JMJD4","NM_0011614","c.505A>G","p.I169V"
"JMJD4","NM_0011614","c.518A>C","p.Y173S"
"JMJD4","NM_0011614","c.527C>T","p.P176L"
"JMJD4","NM_0011614","c.576G>A","p.P192P"
"JMJD4","NM_0011614","c.583G>A","p.D195N"
"JMJD4","NM_0011614","c.586G>A","p.V196I"
"JMJD4","NM_0011614","c.598C>T","p.P200S"
"JMJD4","NM_0011614","c.684G>A","p.A228A"
"JMJD4","NM_0011614","c.712A>T","p.I238F"
"JMJD4","NM_0011614","c.742G>A","p.V248I"
"JMJD4","NM_0011614","c.822C>T","p.Y274Y"
"JMJD4","NM_0011614","c.834C>T","p.S278S"
"JMJD4","NM_0011614","c.836C>A","p.P279Q"
"JMJD4","NM_0011614","c.846C>T","p.C282C"
"JMJD4","NM_0011614","c.866G>A","p.R289Q"
"JMJD4","NM_0011614","c.878C>G","p.A293G"
"JMJD4","NM_0011614","c.995A>G","p.N332S"
"JMJD4","NM_023007","c.1022G>A","p.R341H"
"JMJD4","NM_023007","c.1024T>C","p.F342L"
"JMJD4","NM_023007","c.1029G>A","p.L343L"
"JMJD4","NM_023007","c.1048G>A","p.V350M"
"JMJD4","NM_023007","c.1066G>A","p.E356K"
"JMJD4","NM_023007","c.1087G>A","p.D363N"
"JMJD4","NM_023007","c.1112T>C","p.I371T"
"JMJD4","NM_023007","c.1122C>T","p.S374S"
"JMJD4","NM_023007","c.1128G>A","p.S376S"
"JMJD4","NM_023007","c.1132A>G","p.I378V"
"JMJD4","NM_023007","c.1171G>A","p.A391T"
"JMJD4","NM_023007","c.1182G>A","p.R394R"
"JMJD4","NM_023007","c.1299C>T","p.D433D"
"JMJD4","NM_023007","c.1320C>T","p.S440S"
"JMJD4","NM_023007","c.1349T>A","p.L450Q"
"JMJD4","NM_023007","c.1357C>G","p.L453V"
"JMJD4","NM_023007","c.1382C>T","p.A461V"
"JMJD4","NM_023007","c.195T>G","p.D65E"
"JMJD4","NM_023007","c.247G>A","p.G83S"
"JMJD4","NM_023007","c.32C>T","p.A11V"
"JMJD4","NM_023007","c.44G>C","p.R15P"
"JMJD4","NM_023007","c.46G>T","p.G16C"
"JMJD4","NM_023007","c.505A>G","p.I169V"
"JMJD4","NM_023007","c.518A>C","p.Y173S"
"JMJD4","NM_023007","c.527C>T","p.P176L"
"JMJD4","NM_023007","c.576G>A","p.P192P"
"JMJD4","NM_023007","c.583G>A","p.D195N"
"JMJD4","NM_023007","c.586G>A","p.V196I"
"JMJD4","NM_023007","c.598C>T","p.P200S"
"JMJD4","NM_023007","c.684G>A","p.A228A"
"JMJD4","NM_023007","c.712A>T","p.I238F"
"JMJD4","NM_023007","c.742G>A","p.V248I"
"JMJD4","NM_023007","c.822C>T","p.Y274Y"
"JMJD4","NM_023007","c.834C>T","p.S278S"
"JMJD4","NM_023007","c.836C>A","p.P279Q"
"JMJD4","NM_023007","c.846C>T","p.C282C"
"JMJD4","NM_023007","c.866G>A","p.R289Q"
"JMJD4","NM_023007","c.878C>G","p.A293G"
"JMJD4","NM_023007","c.995A>G","p.N332S"
"JMJD7","NM_0011146","c.125A>G","p.Y42C"
"JMJD7","NM_0011146","c.153G>A","p.P51P"
"JMJD7","NM_0011146","c.168C>T","p.N56N"
"JMJD7","NM_0011146","c.172C>T","p.L58L"
"JMJD7","NM_0011146","c.181T>C","p.W61R"
"JMJD7","NM_0011146","c.20A>G","p.E7G"
"JMJD7","NM_0011146","c.212A>C","p.Y71S"
"JMJD7","NM_0011146","c.253G>A","p.V85M"
"JMJD7","NM_0011146","c.258C>T","p.T86T"
"JMJD7","NM_0011146","c.272C>T","p.A91V"
"JMJD7","NM_0011146","c.343G>A","p.V115M"
"JMJD7","NM_0011146","c.428T>G","p.L143R"
"JMJD7","NM_0011146","c.471G>T","p.L157L"
"JMJD7","NM_0011146","c.50C>T","p.P17L"
"JMJD7","NM_0011146","c.512C>T","p.A171V"
"JMJD7","NM_0011146","c.517G>A","p.A173T"
"JMJD7","NM_0011146","c.607C>T","p.R203W"
"JMJD7","NM_0011146","c.616A>G","p.I206V"
"JMJD7","NM_0011146","c.630G>A","p.L210L"
"JMJD7","NM_0011146","c.650A>G","p.Q217R"
"JMJD7","NM_0011146","c.72C>T","p.C24C"
"JMJD7","NM_0011146","c.73G>A","p.V25M"
"JMJD7","NM_0011146","c.779G>A","p.R260H"
"JMJD7","NM_0011146","c.785C>T","p.T262M"
"JMJD7","NM_0011146","c.807C>T","p.L269L"
"JMJD7","NM_0011146","c.810T>C","p.Y270Y"
"JMJD7","NM_0011146","c.83C>G","p.A28G"
"JMJD7","NM_0011146","c.912G>C","p.Q304H"
"JMJD7-PLA2","NM_0011985","c.1027T>G","p.F343V"
"JMJD7-PLA2","NM_0011985","c.1073G>A","p.R358H"
"JMJD7-PLA2","NM_0011985","c.1075C>T","p.L359L"
"JMJD7-PLA2","NM_0011985","c.1094G>A","p.R365H"
"JMJD7-PLA2","NM_0011985","c.1107C>T","p.L369L"
"JMJD7-PLA2","NM_0011985","c.1135G>T","p.E379X"
"JMJD7-PLA2","NM_0011985","c.1152C>T","p.H384H"
"JMJD7-PLA2","NM_0011985","c.1153G>A","p.V385I"
"JMJD7-PLA2","NM_0011985","c.1233G>T","p.P411P"
"JMJD7-PLA2","NM_0011985","c.125A>G","p.Y42C"
"JMJD7-PLA2","NM_0011985","c.1264C>T","p.R422C"
"JMJD7-PLA2","NM_0011985","c.1306C>T","p.R436C"
"JMJD7-PLA2","NM_0011985","c.1340C>T","p.A447V"
"JMJD7-PLA2","NM_0011985","c.1376G>T","p.R459M"
"JMJD7-PLA2","NM_0011985","c.1381G>C","p.V461L"
"JMJD7-PLA2","NM_0011985","c.1392G>A","p.T464T"
"JMJD7-PLA2","NM_0011985","c.1397A>T","p.Q466L"
"JMJD7-PLA2","NM_0011985","c.1410G>A","p.M470I"
"JMJD7-PLA2","NM_0011985","c.1419G>A","p.E473E"
"JMJD7-PLA2","NM_0011985","c.1420C>G","p.L474V"
"JMJD7-PLA2","NM_0011985","c.1522G>A","p.A508T"
"JMJD7-PLA2","NM_0011985","c.153G>A","p.P51P"
"JMJD7-PLA2","NM_0011985","c.1549G>A","p.D517N"
"JMJD7-PLA2","NM_0011985","c.1551C>T","p.D517D"
"JMJD7-PLA2","NM_0011985","c.1555G>T","p.D519Y"
"JMJD7-PLA2","NM_0011985","c.1608G>C","p.G536G"
"JMJD7-PLA2","NM_0011985","c.1612C>T","p.R538W"
"JMJD7-PLA2","NM_0011985","c.1675G>A","p.V559I"
"JMJD7-PLA2","NM_0011985","c.1689C>T","p.T563T"
"JMJD7-PLA2","NM_0011985","c.168C>T","p.N56N"
"JMJD7-PLA2","NM_0011985","c.1703C>T","p.S568F"
"JMJD7-PLA2","NM_0011985","c.172C>T","p.L58L"
"JMJD7-PLA2","NM_0011985","c.181T>C","p.W61R"
"JMJD7-PLA2","NM_0011985","c.1825C>T","p.Q609X"
"JMJD7-PLA2","NM_0011985","c.1834C>T","p.R612W"
"JMJD7-PLA2","NM_0011985","c.1865G>A","p.R622H"
"JMJD7-PLA2","NM_0011985","c.1960C>T","p.R654W"
"JMJD7-PLA2","NM_0011985","c.2066C>T","p.S689F"
"JMJD7-PLA2","NM_0011985","c.2094C>T","p.Y698Y"
"JMJD7-PLA2","NM_0011985","c.2095G>A","p.G699R"
"JMJD7-PLA2","NM_0011985","c.20A>G","p.E7G"
"JMJD7-PLA2","NM_0011985","c.2124C>G","p.G708G"
"JMJD7-PLA2","NM_0011985","c.212A>C","p.Y71S"
"JMJD7-PLA2","NM_0011985","c.2171G>A","p.R724H"
"JMJD7-PLA2","NM_0011985","c.2199C>G","p.S733R"
"JMJD7-PLA2","NM_0011985","c.2207A>G","p.Y736C"
"JMJD7-PLA2","NM_0011985","c.2315T>G","p.L772R"
"JMJD7-PLA2","NM_0011985","c.2349G>A","p.R783R"
"JMJD7-PLA2","NM_0011985","c.2378C>T","p.T793M"
"JMJD7-PLA2","NM_0011985","c.2379G>A","p.T793T"
"JMJD7-PLA2","NM_0011985","c.2384G>A","p.R795H"
"JMJD7-PLA2","NM_0011985","c.2435A>G","p.K812R"
"JMJD7-PLA2","NM_0011985","c.2465C>T","p.T822I"
"JMJD7-PLA2","NM_0011985","c.2466A>C","p.T822T"
"JMJD7-PLA2","NM_0011985","c.2494C>G","p.P832A"
"JMJD7-PLA2","NM_0011985","c.253G>A","p.V85M"
"JMJD7-PLA2","NM_0011985","c.258C>T","p.T86T"
"JMJD7-PLA2","NM_0011985","c.2657C>T","p.P886L"
"JMJD7-PLA2","NM_0011985","c.2669A>G","p.Q890R"
"JMJD7-PLA2","NM_0011985","c.272C>T","p.A91V"
"JMJD7-PLA2","NM_0011985","c.343G>A","p.V115M"
"JMJD7-PLA2","NM_0011985","c.428T>G","p.L143R"
"JMJD7-PLA2","NM_0011985","c.471G>T","p.L157L"
"JMJD7-PLA2","NM_0011985","c.50C>T","p.P17L"
"JMJD7-PLA2","NM_0011985","c.512C>T","p.A171V"
"JMJD7-PLA2","NM_0011985","c.517G>A","p.A173T"
"JMJD7-PLA2","NM_0011985","c.607C>T","p.R203W"
"JMJD7-PLA2","NM_0011985","c.616A>G","p.I206V"
"JMJD7-PLA2","NM_0011985","c.630G>A","p.L210L"
"JMJD7-PLA2","NM_0011985","c.650A>G","p.Q217R"
"JMJD7-PLA2","NM_0011985","c.72C>T","p.C24C"
"JMJD7-PLA2","NM_0011985","c.731C>T","p.T244M"
"JMJD7-PLA2","NM_0011985","c.73G>A","p.V25M"
"JMJD7-PLA2","NM_0011985","c.766A>G","p.K256E"
"JMJD7-PLA2","NM_0011985","c.795C>T","p.Y265Y"
"JMJD7-PLA2","NM_0011985","c.83C>G","p.A28G"
"JMJD7-PLA2","NM_005090","c.1027T>G","p.F343V"
"JMJD7-PLA2","NM_005090","c.1073G>A","p.R358H"
"JMJD7-PLA2","NM_005090","c.1075C>T","p.L359L"
"JMJD7-PLA2","NM_005090","c.1094G>A","p.R365H"
"JMJD7-PLA2","NM_005090","c.1107C>T","p.L369L"
"JMJD7-PLA2","NM_005090","c.1135G>T","p.E379X"
"JMJD7-PLA2","NM_005090","c.1152C>T","p.H384H"
"JMJD7-PLA2","NM_005090","c.1153G>A","p.V385I"
"JMJD7-PLA2","NM_005090","c.1233G>T","p.P411P"
"JMJD7-PLA2","NM_005090","c.125A>G","p.Y42C"
"JMJD7-PLA2","NM_005090","c.1264C>T","p.R422C"
"JMJD7-PLA2","NM_005090","c.1306C>T","p.R436C"
"JMJD7-PLA2","NM_005090","c.1340C>T","p.A447V"
"JMJD7-PLA2","NM_005090","c.1376G>T","p.R459M"
"JMJD7-PLA2","NM_005090","c.1381G>C","p.V461L"
"JMJD7-PLA2","NM_005090","c.1392G>A","p.T464T"
"JMJD7-PLA2","NM_005090","c.1397A>T","p.Q466L"
"JMJD7-PLA2","NM_005090","c.1410G>A","p.M470I"
"JMJD7-PLA2","NM_005090","c.1419G>A","p.E473E"
"JMJD7-PLA2","NM_005090","c.1420C>G","p.L474V"
"JMJD7-PLA2","NM_005090","c.1522G>A","p.A508T"
"JMJD7-PLA2","NM_005090","c.153G>A","p.P51P"
"JMJD7-PLA2","NM_005090","c.1549G>A","p.D517N"
"JMJD7-PLA2","NM_005090","c.1551C>T","p.D517D"
"JMJD7-PLA2","NM_005090","c.1555G>T","p.D519Y"
"JMJD7-PLA2","NM_005090","c.1608G>C","p.G536G"
"JMJD7-PLA2","NM_005090","c.1612C>T","p.R538W"
"JMJD7-PLA2","NM_005090","c.1675G>A","p.V559I"
"JMJD7-PLA2","NM_005090","c.1689C>T","p.T563T"
"JMJD7-PLA2","NM_005090","c.168C>T","p.N56N"
"JMJD7-PLA2","NM_005090","c.1703C>T","p.S568F"
"JMJD7-PLA2","NM_005090","c.172C>T","p.L58L"
"JMJD7-PLA2","NM_005090","c.181T>C","p.W61R"
"JMJD7-PLA2","NM_005090","c.1825C>T","p.Q609X"
"JMJD7-PLA2","NM_005090","c.1834C>T","p.R612W"
"JMJD7-PLA2","NM_005090","c.1865G>A","p.R622H"
"JMJD7-PLA2","NM_005090","c.1960C>T","p.R654W"
"JMJD7-PLA2","NM_005090","c.2066C>T","p.S689F"
"JMJD7-PLA2","NM_005090","c.2094C>T","p.Y698Y"
"JMJD7-PLA2","NM_005090","c.2095G>A","p.G699R"
"JMJD7-PLA2","NM_005090","c.20A>G","p.E7G"
"JMJD7-PLA2","NM_005090","c.2124C>G","p.G708G"
"JMJD7-PLA2","NM_005090","c.212A>C","p.Y71S"
"JMJD7-PLA2","NM_005090","c.2171G>A","p.R724H"
"JMJD7-PLA2","NM_005090","c.2199C>G","p.S733R"
"JMJD7-PLA2","NM_005090","c.2207A>G","p.Y736C"
"JMJD7-PLA2","NM_005090","c.2315T>G","p.L772R"
"JMJD7-PLA2","NM_005090","c.2349G>A","p.R783R"
"JMJD7-PLA2","NM_005090","c.2378C>T","p.T793M"
"JMJD7-PLA2","NM_005090","c.2379G>A","p.T793T"
"JMJD7-PLA2","NM_005090","c.2384G>A","p.R795H"
"JMJD7-PLA2","NM_005090","c.2435A>G","p.K812R"
"JMJD7-PLA2","NM_005090","c.2465C>T","p.T822I"
"JMJD7-PLA2","NM_005090","c.2466A>C","p.T822T"
"JMJD7-PLA2","NM_005090","c.2494C>G","p.P832A"
"JMJD7-PLA2","NM_005090","c.253G>A","p.V85M"
"JMJD7-PLA2","NM_005090","c.258C>T","p.T86T"
"JMJD7-PLA2","NM_005090","c.2660G>A","p.R887Q"
"JMJD7-PLA2","NM_005090","c.2728C>T","p.R910W"
"JMJD7-PLA2","NM_005090","c.272C>T","p.A91V"
"JMJD7-PLA2","NM_005090","c.2740A>C","p.T914P"
"JMJD7-PLA2","NM_005090","c.2748C>T","p.S916S"
"JMJD7-PLA2","NM_005090","c.2784C>T","p.H928H"
"JMJD7-PLA2","NM_005090","c.2807T>G","p.F936C"
"JMJD7-PLA2","NM_005090","c.2809C>T","p.R937W"
"JMJD7-PLA2","NM_005090","c.2836C>T","p.R946W"
"JMJD7-PLA2","NM_005090","c.2880A>G","p.S960S"
"JMJD7-PLA2","NM_005090","c.2882C>T","p.S961L"
"JMJD7-PLA2","NM_005090","c.2883G>A","p.S961S"
"JMJD7-PLA2","NM_005090","c.2967C>T","p.C989C"
"JMJD7-PLA2","NM_005090","c.2998C>T","p.R1000C"
"JMJD7-PLA2","NM_005090","c.3014G>A","p.R1005Q"
"JMJD7-PLA2","NM_005090","c.343G>A","p.V115M"
"JMJD7-PLA2","NM_005090","c.428T>G","p.L143R"
"JMJD7-PLA2","NM_005090","c.471G>T","p.L157L"
"JMJD7-PLA2","NM_005090","c.50C>T","p.P17L"
"JMJD7-PLA2","NM_005090","c.512C>T","p.A171V"
"JMJD7-PLA2","NM_005090","c.517G>A","p.A173T"
"JMJD7-PLA2","NM_005090","c.607C>T","p.R203W"
"JMJD7-PLA2","NM_005090","c.616A>G","p.I206V"
"JMJD7-PLA2","NM_005090","c.630G>A","p.L210L"
"JMJD7-PLA2","NM_005090","c.650A>G","p.Q217R"
"JMJD7-PLA2","NM_005090","c.72C>T","p.C24C"
"JMJD7-PLA2","NM_005090","c.731C>T","p.T244M"
"JMJD7-PLA2","NM_005090","c.73G>A","p.V25M"
"JMJD7-PLA2","NM_005090","c.766A>G","p.K256E"
"JMJD7-PLA2","NM_005090","c.795C>T","p.Y265Y"
"JMJD7-PLA2","NM_005090","c.83C>G","p.A28G"
"JMJD8","NM_0010059","c.412G>A","p.E138K"
"JMJD8","NM_0010059","c.445C>T","p.L149L"
"JMJD8","NM_0010059","c.455A>C","p.D152A"
"JMJD8","NM_0010059","c.467T>A","p.F156Y"
"JMJD8","NM_0010059","c.472G>C","p.G158R"
"JMJD8","NM_0010059","c.489C>T","p.T163T"
"JMJD8","NM_0010059","c.622G>T","p.E208X"
"JMJD8","NM_0010059","c.713G>A","p.R238Q"
"JMJD8","NM_0010059","c.730C>T","p.L244L"
"JMJD8","NM_0010059","c.746G>A","p.R249Q"
"JMJD8","NM_0010059","c.751C>T","p.L251L"
"JMJD8","NM_0010059","c.766C>T","p.R256W"
"JMJD8","NM_0010059","c.792C>T","p.P264P"
"JMJD8","NM_0010059","c.796C>T","p.R266C"
"JMJD8","NM_0010059","c.831C>T","p.S277S"
"KAT2A","NM_021078","c.1074A>G","p.K358K"
"KAT2A","NM_021078","c.1308C>T","p.L436L"
"KAT2A","NM_021078","c.1527G>A","p.T509T"
"KAT2A","NM_021078","c.1651C>T","p.L551L"
"KAT2A","NM_021078","c.1728T>A","p.I576I"
"KAT2A","NM_021078","c.1860C>A","p.G620G"
"KAT2A","NM_021078","c.1990C>T","p.L664L"
"KAT2A","NM_021078","c.2037T>A","p.I679I"
"KAT2A","NM_021078","c.2155T>C","p.L719L"
"KAT2A","NM_021078","c.2279C>T","p.S760L"
"KAT2A","NM_021078","c.2280G>A","p.S760S"
"KAT2A","NM_021078","c.2415C>T","p.R805R"
"KAT2A","NM_021078","c.2429C>T","p.P810L"
"KAT2A","NM_021078","c.2430G>A","p.P810P"
"KAT2A","NM_021078","c.2457C>T","p.S819S"
"KAT2A","NM_021078","c.2466G>A","p.E822E"
"KAT2A","NM_021078","c.588G>A","p.Q196Q"
"KAT2A","NM_021078","c.693T>G","p.I231M"
"KAT2A","NM_021078","c.981C>T","p.T327T"
"KAT2B","NM_003884","c.1157A>G","p.N386S"
"KAT2B","NM_003884","c.1248A>C","p.K416N"
"KAT2B","NM_003884","c.1301C>G","p.S434C"
"KAT2B","NM_003884","c.1366G>A","p.E456K"
"KAT2B","NM_003884","c.1399A>G","p.M467V"
"KAT2B","NM_003884","c.1682G>A","p.R561H"
"KAT2B","NM_003884","c.1957C>T","p.R653W"
"KAT2B","NM_003884","c.2065T>A","p.S689T"
"KAT2B","NM_003884","c.2137C>A","p.P713T"
"KAT2B","NM_003884","c.2175T>C","p.P725P"
"KAT2B","NM_003884","c.2409C>G","p.N803K"
"KAT2B","NM_003884","c.2465G>A","p.S822N"
"KAT2B","NM_003884","c.309G>A","p.E103E"
"KAT2B","NM_003884","c.566A>G","p.Y189C"
"KAT2B","NM_003884","c.570A>C","p.L190L"
"KAT2B","NM_003884","c.579C>T","p.L193L"
"KAT2B","NM_003884","c.588G>A","p.K196K"
"KAT2B","NM_003884","c.592A>G","p.I198V"
"KAT2B","NM_003884","c.706C>G","p.L236V"
"KAT2B","NM_003884","c.813C>A","p.P271P"
"KAT2B","NM_003884","c.870C>T","p.N290N"
"KAT6A","NM_0010994","c.1134A>G","p.S378S"
"KAT6A","NM_0010994","c.1157G>A","p.R386Q"
"KAT6A","NM_0010994","c.1185T>G","p.D395E"
"KAT6A","NM_0010994","c.1190A>G","p.N397S"
"KAT6A","NM_0010994","c.1445T>A","p.M482K"
"KAT6A","NM_0010994","c.1462A>G","p.I488V"
"KAT6A","NM_0010994","c.1477C>T","p.L493L"
"KAT6A","NM_0010994","c.1989C>T","p.I663I"
"KAT6A","NM_0010994","c.2046G>A","p.P682P"
"KAT6A","NM_0010994","c.2217C>G","p.F739L"
"KAT6A","NM_0010994","c.2301A>T","p.V767V"
"KAT6A","NM_0010994","c.2373A>C","p.E791D"
"KAT6A","NM_0010994","c.2487A>G","p.V829V"
"KAT6A","NM_0010994","c.2676T>G","p.S892S"
"KAT6A","NM_0010994","c.2694A>G","p.Q898Q"
"KAT6A","NM_0010994","c.2826G>T","p.E942D"
"KAT6A","NM_0010994","c.2913T>C","p.R971R"
"KAT6A","NM_0010994","c.2982G>A","p.P994P"
"KAT6A","NM_0010994","c.2986A>G","p.S996G"
"KAT6A","NM_0010994","c.3191C>T","p.T1064M"
"KAT6A","NM_0010994","c.3192G>A","p.T1064T"
"KAT6A","NM_0010994","c.3199A>G","p.I1067V"
"KAT6A","NM_0010994","c.3202G>T","p.D1068Y"
"KAT6A","NM_0010994","c.3327_3329del","p.1109_1110del"
"KAT6A","NM_0010994","c.3430A>G","p.T1144A"
"KAT6A","NM_0010994","c.3535A>G","p.I1179V"
"KAT6A","NM_0010994","c.3562G>A","p.V1188I"
"KAT6A","NM_0010994","c.3577G>A","p.V1193I"
"KAT6A","NM_0010994","c.3705G>A","p.E1235E"
"KAT6A","NM_0010994","c.3789C>T","p.T1263T"
"KAT6A","NM_0010994","c.3832C>T","p.R1278C"
"KAT6A","NM_0010994","c.3855G>T","p.Q1285H"
"KAT6A","NM_0010994","c.3945C>T","p.D1315D"
"KAT6A","NM_0010994","c.401T>C","p.L134S"
"KAT6A","NM_0010994","c.405C>T","p.F135F"
"KAT6A","NM_0010994","c.4146G>A","p.T1382T"
"KAT6A","NM_0010994","c.4149C>T","p.S1383S"
"KAT6A","NM_0010994","c.4217T>C","p.L1406S"
"KAT6A","NM_0010994","c.4225T>C","p.L1409L"
"KAT6A","NM_0010994","c.4324G>A","p.A1442T"
"KAT6A","NM_0010994","c.4394A>G","p.D1465G"
"KAT6A","NM_0010994","c.4431A>G","p.S1477S"
"KAT6A","NM_0010994","c.4455C>T","p.S1485S"
"KAT6A","NM_0010994","c.4484G>A","p.R1495H"
"KAT6A","NM_0010994","c.4769G>T","p.G1590V"
"KAT6A","NM_0010994","c.4870G>A","p.V1624I"
"KAT6A","NM_0010994","c.4872C>G","p.V1624V"
"KAT6A","NM_0010994","c.4914C>T","p.C1638C"
"KAT6A","NM_0010994","c.4952C>T","p.P1651L"
"KAT6A","NM_0010994","c.4956A>G","p.P1652P"
"KAT6A","NM_0010994","c.5102C>T","p.P1701L"
"KAT6A","NM_0010994","c.5224G>A","p.G1742S"
"KAT6A","NM_0010994","c.5241A>G","p.P1747P"
"KAT6A","NM_0010994","c.5379G>A","p.Q1793Q"
"KAT6A","NM_0010994","c.5395C>G","p.P1799A"
"KAT6A","NM_0010994","c.5406G>T","p.G1802G"
"KAT6A","NM_0010994","c.5432C>T","p.T1811M"
"KAT6A","NM_0010994","c.5526G>A","p.T1842T"
"KAT6A","NM_0010994","c.5568C>T","p.S1856S"
"KAT6A","NM_0010994","c.5597C>G","p.S1866C"
"KAT6A","NM_0010994","c.5730T>C","p.N1910N"
"KAT6A","NM_0010994","c.5913C>T","p.N1971N"
"KAT6A","NM_0010994","c.5967T>C","p.A1989A"
"KAT6A","NM_0010994","c.5994C>T","p.N1998N"
"KAT6A","NM_0010994","c.694G>A","p.D232N"
"KAT6A","NM_0010994","c.916A>G","p.I306V"
"KAT6A","NM_0010994","c.950G>A","p.R317Q"
"KAT6A","NM_0010994","c.1134A>G","p.S378S"
"KAT6A","NM_0010994","c.1157G>A","p.R386Q"
"KAT6A","NM_0010994","c.1185T>G","p.D395E"
"KAT6A","NM_0010994","c.1190A>G","p.N397S"
"KAT6A","NM_0010994","c.1445T>A","p.M482K"
"KAT6A","NM_0010994","c.1462A>G","p.I488V"
"KAT6A","NM_0010994","c.1477C>T","p.L493L"
"KAT6A","NM_0010994","c.1989C>T","p.I663I"
"KAT6A","NM_0010994","c.2046G>A","p.P682P"
"KAT6A","NM_0010994","c.2217C>G","p.F739L"
"KAT6A","NM_0010994","c.2301A>T","p.V767V"
"KAT6A","NM_0010994","c.2373A>C","p.E791D"
"KAT6A","NM_0010994","c.2487A>G","p.V829V"
"KAT6A","NM_0010994","c.2676T>G","p.S892S"
"KAT6A","NM_0010994","c.2694A>G","p.Q898Q"
"KAT6A","NM_0010994","c.2826G>T","p.E942D"
"KAT6A","NM_0010994","c.2913T>C","p.R971R"
"KAT6A","NM_0010994","c.2982G>A","p.P994P"
"KAT6A","NM_0010994","c.2986A>G","p.S996G"
"KAT6A","NM_0010994","c.3191C>T","p.T1064M"
"KAT6A","NM_0010994","c.3192G>A","p.T1064T"
"KAT6A","NM_0010994","c.3199A>G","p.I1067V"
"KAT6A","NM_0010994","c.3202G>T","p.D1068Y"
"KAT6A","NM_0010994","c.3327_3329del","p.1109_1110del"
"KAT6A","NM_0010994","c.3430A>G","p.T1144A"
"KAT6A","NM_0010994","c.3535A>G","p.I1179V"
"KAT6A","NM_0010994","c.3562G>A","p.V1188I"
"KAT6A","NM_0010994","c.3577G>A","p.V1193I"
"KAT6A","NM_0010994","c.3705G>A","p.E1235E"
"KAT6A","NM_0010994","c.3789C>T","p.T1263T"
"KAT6A","NM_0010994","c.3832C>T","p.R1278C"
"KAT6A","NM_0010994","c.3855G>T","p.Q1285H"
"KAT6A","NM_0010994","c.3945C>T","p.D1315D"
"KAT6A","NM_0010994","c.401T>C","p.L134S"
"KAT6A","NM_0010994","c.405C>T","p.F135F"
"KAT6A","NM_0010994","c.4146G>A","p.T1382T"
"KAT6A","NM_0010994","c.4149C>T","p.S1383S"
"KAT6A","NM_0010994","c.4217T>C","p.L1406S"
"KAT6A","NM_0010994","c.4225T>C","p.L1409L"
"KAT6A","NM_0010994","c.4324G>A","p.A1442T"
"KAT6A","NM_0010994","c.4394A>G","p.D1465G"
"KAT6A","NM_0010994","c.4431A>G","p.S1477S"
"KAT6A","NM_0010994","c.4455C>T","p.S1485S"
"KAT6A","NM_0010994","c.4484G>A","p.R1495H"
"KAT6A","NM_0010994","c.4769G>T","p.G1590V"
"KAT6A","NM_0010994","c.4870G>A","p.V1624I"
"KAT6A","NM_0010994","c.4872C>G","p.V1624V"
"KAT6A","NM_0010994","c.4914C>T","p.C1638C"
"KAT6A","NM_0010994","c.4952C>T","p.P1651L"
"KAT6A","NM_0010994","c.4956A>G","p.P1652P"
"KAT6A","NM_0010994","c.5102C>T","p.P1701L"
"KAT6A","NM_0010994","c.5224G>A","p.G1742S"
"KAT6A","NM_0010994","c.5241A>G","p.P1747P"
"KAT6A","NM_0010994","c.5379G>A","p.Q1793Q"
"KAT6A","NM_0010994","c.5395C>G","p.P1799A"
"KAT6A","NM_0010994","c.5406G>T","p.G1802G"
"KAT6A","NM_0010994","c.5432C>T","p.T1811M"
"KAT6A","NM_0010994","c.5526G>A","p.T1842T"
"KAT6A","NM_0010994","c.5568C>T","p.S1856S"
"KAT6A","NM_0010994","c.5597C>G","p.S1866C"
"KAT6A","NM_0010994","c.5730T>C","p.N1910N"
"KAT6A","NM_0010994","c.5913C>T","p.N1971N"
"KAT6A","NM_0010994","c.5967T>C","p.A1989A"
"KAT6A","NM_0010994","c.5994C>T","p.N1998N"
"KAT6A","NM_0010994","c.694G>A","p.D232N"
"KAT6A","NM_0010994","c.916A>G","p.I306V"
"KAT6A","NM_0010994","c.950G>A","p.R317Q"
"KAT6A","NM_006766","c.1134A>G","p.S378S"
"KAT6A","NM_006766","c.1157G>A","p.R386Q"
"KAT6A","NM_006766","c.1185T>G","p.D395E"
"KAT6A","NM_006766","c.1190A>G","p.N397S"
"KAT6A","NM_006766","c.1445T>A","p.M482K"
"KAT6A","NM_006766","c.1462A>G","p.I488V"
"KAT6A","NM_006766","c.1477C>T","p.L493L"
"KAT6A","NM_006766","c.1989C>T","p.I663I"
"KAT6A","NM_006766","c.2046G>A","p.P682P"
"KAT6A","NM_006766","c.2217C>G","p.F739L"
"KAT6A","NM_006766","c.2301A>T","p.V767V"
"KAT6A","NM_006766","c.2373A>C","p.E791D"
"KAT6A","NM_006766","c.2487A>G","p.V829V"
"KAT6A","NM_006766","c.2676T>G","p.S892S"
"KAT6A","NM_006766","c.2694A>G","p.Q898Q"
"KAT6A","NM_006766","c.2826G>T","p.E942D"
"KAT6A","NM_006766","c.2913T>C","p.R971R"
"KAT6A","NM_006766","c.2982G>A","p.P994P"
"KAT6A","NM_006766","c.2986A>G","p.S996G"
"KAT6A","NM_006766","c.3191C>T","p.T1064M"
"KAT6A","NM_006766","c.3192G>A","p.T1064T"
"KAT6A","NM_006766","c.3199A>G","p.I1067V"
"KAT6A","NM_006766","c.3202G>T","p.D1068Y"
"KAT6A","NM_006766","c.3327_3329del","p.1109_1110del"
"KAT6A","NM_006766","c.3430A>G","p.T1144A"
"KAT6A","NM_006766","c.3535A>G","p.I1179V"
"KAT6A","NM_006766","c.3562G>A","p.V1188I"
"KAT6A","NM_006766","c.3577G>A","p.V1193I"
"KAT6A","NM_006766","c.3705G>A","p.E1235E"
"KAT6A","NM_006766","c.3789C>T","p.T1263T"
"KAT6A","NM_006766","c.3832C>T","p.R1278C"
"KAT6A","NM_006766","c.3855G>T","p.Q1285H"
"KAT6A","NM_006766","c.3945C>T","p.D1315D"
"KAT6A","NM_006766","c.401T>C","p.L134S"
"KAT6A","NM_006766","c.405C>T","p.F135F"
"KAT6A","NM_006766","c.4146G>A","p.T1382T"
"KAT6A","NM_006766","c.4149C>T","p.S1383S"
"KAT6A","NM_006766","c.4217T>C","p.L1406S"
"KAT6A","NM_006766","c.4225T>C","p.L1409L"
"KAT6A","NM_006766","c.4324G>A","p.A1442T"
"KAT6A","NM_006766","c.4394A>G","p.D1465G"
"KAT6A","NM_006766","c.4431A>G","p.S1477S"
"KAT6A","NM_006766","c.4455C>T","p.S1485S"
"KAT6A","NM_006766","c.4484G>A","p.R1495H"
"KAT6A","NM_006766","c.4769G>T","p.G1590V"
"KAT6A","NM_006766","c.4870G>A","p.V1624I"
"KAT6A","NM_006766","c.4872C>G","p.V1624V"
"KAT6A","NM_006766","c.4914C>T","p.C1638C"
"KAT6A","NM_006766","c.4952C>T","p.P1651L"
"KAT6A","NM_006766","c.4956A>G","p.P1652P"
"KAT6A","NM_006766","c.5102C>T","p.P1701L"
"KAT6A","NM_006766","c.5224G>A","p.G1742S"
"KAT6A","NM_006766","c.5241A>G","p.P1747P"
"KAT6A","NM_006766","c.5379G>A","p.Q1793Q"
"KAT6A","NM_006766","c.5395C>G","p.P1799A"
"KAT6A","NM_006766","c.5406G>T","p.G1802G"
"KAT6A","NM_006766","c.5432C>T","p.T1811M"
"KAT6A","NM_006766","c.5526G>A","p.T1842T"
"KAT6A","NM_006766","c.5568C>T","p.S1856S"
"KAT6A","NM_006766","c.5597C>G","p.S1866C"
"KAT6A","NM_006766","c.5730T>C","p.N1910N"
"KAT6A","NM_006766","c.5913C>T","p.N1971N"
"KAT6A","NM_006766","c.5967T>C","p.A1989A"
"KAT6A","NM_006766","c.5994C>T","p.N1998N"
"KAT6A","NM_006766","c.694G>A","p.D232N"
"KAT6A","NM_006766","c.916A>G","p.I306V"
"KAT6A","NM_006766","c.950G>A","p.R317Q"
"KAT8","NM_032188","c.1056A>G","p.P352P"
"KAT8","NM_032188","c.106C>G","p.P36A"
"KAT8","NM_032188","c.1110A>G","p.L370L"
"KAT8","NM_032188","c.115G>A","p.G39S"
"KAT8","NM_032188","c.12G>A","p.Q4Q"
"KAT8","NM_032188","c.306G>A","p.E102E"
"KAT8","NM_032188","c.417T>C","p.T139T"
"KAT8","NM_032188","c.468T>C","p.Y156Y"
"KAT8","NM_032188","c.690C>T","p.C230C"
"KAT8","NM_032188","c.708C>T","p.P236P"
"KAT8","NM_032188","c.795G>A","p.L265L"
"KAT8","NM_032188","c.837C>T","p.D279D"
"KAT8","NM_182958","c.1056A>G","p.P352P"
"KAT8","NM_182958","c.106C>G","p.P36A"
"KAT8","NM_182958","c.1110A>G","p.L370L"
"KAT8","NM_182958","c.115G>A","p.G39S"
"KAT8","NM_182958","c.12G>A","p.Q4Q"
"KAT8","NM_182958","c.1337G>A","p.R446Q"
"KAT8","NM_182958","c.1362A>G","p.I454M"
"KAT8","NM_182958","c.1366A>T","p.T456S"
"KAT8","NM_182958","c.306G>A","p.E102E"
"KAT8","NM_182958","c.417T>C","p.T139T"
"KAT8","NM_182958","c.468T>C","p.Y156Y"
"KAT8","NM_182958","c.690C>T","p.C230C"
"KAT8","NM_182958","c.708C>T","p.P236P"
"KAT8","NM_182958","c.795G>A","p.L265L"
"KAT8","NM_182958","c.837C>T","p.D279D"
"KDM1A","NM_0010099","c.1112T>C","p.M371T"
"KDM1A","NM_0010099","c.1185T>C","p.P395P"
"KDM1A","NM_0010099","c.136G>A","p.G46S"
"KDM1A","NM_0010099","c.1662T>C","p.D554D"
"KDM1A","NM_0010099","c.2448G>A","p.P816P"
"KDM1A","NM_0010099","c.2577G>A","p.T859T"
"KDM1A","NM_0010099","c.482A>T","p.E161V"
"KDM1A","NM_0010099","c.663T>C","p.S221S"
"KDM1A","NM_0010099","c.717G>A","p.Q239Q"
"KDM1A","NM_0010099","c.852C>T","p.F284F"
"KDM1A","NM_015013","c.1052T>C","p.M351T"
"KDM1A","NM_015013","c.1113T>C","p.P371P"
"KDM1A","NM_015013","c.136G>A","p.G46S"
"KDM1A","NM_015013","c.1590T>C","p.D530D"
"KDM1A","NM_015013","c.2376G>A","p.P792P"
"KDM1A","NM_015013","c.2505G>A","p.T835T"
"KDM1A","NM_015013","c.482A>T","p.E161V"
"KDM1A","NM_015013","c.603T>C","p.S201S"
"KDM1A","NM_015013","c.657G>A","p.Q219Q"
"KDM1A","NM_015013","c.792C>T","p.F264F"
"KDM1B","NM_153042","c.1043C>T","p.S348L"
"KDM1B","NM_153042","c.104C>T","p.T35I"
"KDM1B","NM_153042","c.1148G>A","p.G383D"
"KDM1B","NM_153042","c.117T>A","p.D39E"
"KDM1B","NM_153042","c.1185A>C","p.V395V"
"KDM1B","NM_153042","c.1191G>A","p.L397L"
"KDM1B","NM_153042","c.1246A>T","p.M416L"
"KDM1B","NM_153042","c.1363A>C","p.S455R"
"KDM1B","NM_153042","c.1389C>T","p.A463A"
"KDM1B","NM_153042","c.1397A>G","p.Y466C"
"KDM1B","NM_153042","c.1458C>T","p.V486V"
"KDM1B","NM_153042","c.1479T>C","p.D493D"
"KDM1B","NM_153042","c.147G>A","p.K49K"
"KDM1B","NM_153042","c.1512G>A","p.T504T"
"KDM1B","NM_153042","c.1665A>G","p.Q555Q"
"KDM1B","NM_153042","c.1671C>T","p.T557T"
"KDM1B","NM_153042","c.176C>T","p.T59M"
"KDM1B","NM_153042","c.234C>T","p.Y78Y"
"KDM1B","NM_153042","c.485A>C","p.Q162P"
"KDM1B","NM_153042","c.508G>A","p.G170S"
"KDM1B","NM_153042","c.54G>A","p.P18P"
"KDM1B","NM_153042","c.558C>T","p.S186S"
"KDM1B","NM_153042","c.566A>T","p.E189V"
"KDM1B","NM_153042","c.617G>A","p.R206Q"
"KDM1B","NM_153042","c.717C>T","p.A239A"
"KDM1B","NM_153042","c.754T>C","p.S252P"
"KDM1B","NM_153042","c.791C>T","p.A264V"
"KDM1B","NM_153042","c.79G>A","p.G27S"
"KDM1B","NM_153042","c.939C>T","p.N313N"
"KDM1B","NM_153042","c.93G>A","p.K31K"
"KDM1B","NM_153042","c.942A>G","p.P314P"
"KDM3A","NM_0011466","c.1048C>T","p.L350L"
"KDM3A","NM_0011466","c.1069C>G","p.L357V"
"KDM3A","NM_0011466","c.117C>T","p.A39A"
"KDM3A","NM_0011466","c.1250G>T","p.C417F"
"KDM3A","NM_0011466","c.1295A>G","p.N432S"
"KDM3A","NM_0011466","c.1318C>T","p.L440L"
"KDM3A","NM_0011466","c.1339T>C","p.S447P"
"KDM3A","NM_0011466","c.1373G>A","p.G458D"
"KDM3A","NM_0011466","c.1487G>A","p.C496Y"
"KDM3A","NM_0011466","c.1505A>G","p.N502S"
"KDM3A","NM_0011466","c.1559T>A","p.L520H"
"KDM3A","NM_0011466","c.1560C>T","p.L520L"
"KDM3A","NM_0011466","c.1698G>A","p.V566V"
"KDM3A","NM_0011466","c.1874T>C","p.I625T"
"KDM3A","NM_0011466","c.189G>T","p.V63V"
"KDM3A","NM_0011466","c.1917T>G","p.A639A"
"KDM3A","NM_0011466","c.2340G>A","p.P780P"
"KDM3A","NM_0011466","c.2454A>G","p.T818T"
"KDM3A","NM_0011466","c.2457T>A","p.S819S"
"KDM3A","NM_0011466","c.2475C>T","p.A825A"
"KDM3A","NM_0011466","c.2476G>A","p.D826N"
"KDM3A","NM_0011466","c.2483C>G","p.T828S"
"KDM3A","NM_0011466","c.2490G>C","p.G830G"
"KDM3A","NM_0011466","c.2756C>T","p.T919M"
"KDM3A","NM_0011466","c.275A>G","p.H92R"
"KDM3A","NM_0011466","c.2809C>T","p.L937L"
"KDM3A","NM_0011466","c.2816T>G","p.F939C"
"KDM3A","NM_0011466","c.287T>C","p.L96S"
"KDM3A","NM_0011466","c.2925A>G","p.P975P"
"KDM3A","NM_0011466","c.2935T>C","p.S979P"
"KDM3A","NM_0011466","c.309A>C","p.E103D"
"KDM3A","NM_0011466","c.3216C>T","p.P1072P"
"KDM3A","NM_0011466","c.3335G>A","p.R1112Q"
"KDM3A","NM_0011466","c.3339A>G","p.K1113K"
"KDM3A","NM_0011466","c.3391G>A","p.V1131I"
"KDM3A","NM_0011466","c.3418T>C","p.C1140R"
"KDM3A","NM_0011466","c.3420T>G","p.C1140W"
"KDM3A","NM_0011466","c.3561A>G","p.E1187E"
"KDM3A","NM_0011466","c.3763T>C","p.Y1255H"
"KDM3A","NM_0011466","c.3783T>G","p.A1261A"
"KDM3A","NM_0011466","c.3847C>T","p.L1283L"
"KDM3A","NM_0011466","c.3957C>G","p.G1319G"
"KDM3A","NM_0011466","c.438T>G","p.L146L"
"KDM3A","NM_0011466","c.510T>G","p.F170L"
"KDM3A","NM_0011466","c.634A>G","p.I212V"
"KDM3A","NM_0011466","c.789G>A","p.K263K"
"KDM3A","NM_0011466","c.918G>A","p.A306A"
"KDM3A","NM_0011466","c.974C>T","p.S325F"
"KDM3A","NM_018433","c.1048C>T","p.L350L"
"KDM3A","NM_018433","c.1069C>G","p.L357V"
"KDM3A","NM_018433","c.117C>T","p.A39A"
"KDM3A","NM_018433","c.1250G>T","p.C417F"
"KDM3A","NM_018433","c.1295A>G","p.N432S"
"KDM3A","NM_018433","c.1318C>T","p.L440L"
"KDM3A","NM_018433","c.1339T>C","p.S447P"
"KDM3A","NM_018433","c.1373G>A","p.G458D"
"KDM3A","NM_018433","c.1487G>A","p.C496Y"
"KDM3A","NM_018433","c.1505A>G","p.N502S"
"KDM3A","NM_018433","c.1559T>A","p.L520H"
"KDM3A","NM_018433","c.1560C>T","p.L520L"
"KDM3A","NM_018433","c.1698G>A","p.V566V"
"KDM3A","NM_018433","c.1874T>C","p.I625T"
"KDM3A","NM_018433","c.189G>T","p.V63V"
"KDM3A","NM_018433","c.1917T>G","p.A639A"
"KDM3A","NM_018433","c.2340G>A","p.P780P"
"KDM3A","NM_018433","c.2454A>G","p.T818T"
"KDM3A","NM_018433","c.2457T>A","p.S819S"
"KDM3A","NM_018433","c.2475C>T","p.A825A"
"KDM3A","NM_018433","c.2476G>A","p.D826N"
"KDM3A","NM_018433","c.2483C>G","p.T828S"
"KDM3A","NM_018433","c.2490G>C","p.G830G"
"KDM3A","NM_018433","c.2756C>T","p.T919M"
"KDM3A","NM_018433","c.275A>G","p.H92R"
"KDM3A","NM_018433","c.2809C>T","p.L937L"
"KDM3A","NM_018433","c.2816T>G","p.F939C"
"KDM3A","NM_018433","c.287T>C","p.L96S"
"KDM3A","NM_018433","c.2925A>G","p.P975P"
"KDM3A","NM_018433","c.2935T>C","p.S979P"
"KDM3A","NM_018433","c.309A>C","p.E103D"
"KDM3A","NM_018433","c.3216C>T","p.P1072P"
"KDM3A","NM_018433","c.3335G>A","p.R1112Q"
"KDM3A","NM_018433","c.3339A>G","p.K1113K"
"KDM3A","NM_018433","c.3391G>A","p.V1131I"
"KDM3A","NM_018433","c.3418T>C","p.C1140R"
"KDM3A","NM_018433","c.3420T>G","p.C1140W"
"KDM3A","NM_018433","c.3561A>G","p.E1187E"
"KDM3A","NM_018433","c.3763T>C","p.Y1255H"
"KDM3A","NM_018433","c.3783T>G","p.A1261A"
"KDM3A","NM_018433","c.3847C>T","p.L1283L"
"KDM3A","NM_018433","c.3957C>G","p.G1319G"
"KDM3A","NM_018433","c.438T>G","p.L146L"
"KDM3A","NM_018433","c.510T>G","p.F170L"
"KDM3A","NM_018433","c.634A>G","p.I212V"
"KDM3A","NM_018433","c.789G>A","p.K263K"
"KDM3A","NM_018433","c.918G>A","p.A306A"
"KDM3A","NM_018433","c.974C>T","p.S325F"
"KDM3B","NM_016604","c.1001G>A","p.G334E"
"KDM3B","NM_016604","c.1177C>T","p.P393S"
"KDM3B","NM_016604","c.1312G>A","p.D438N"
"KDM3B","NM_016604","c.1316C>G","p.T439S"
"KDM3B","NM_016604","c.1371C>T","p.A457A"
"KDM3B","NM_016604","c.1437A>G","p.S479S"
"KDM3B","NM_016604","c.1536A>G","p.A512A"
"KDM3B","NM_016604","c.1778T>C","p.V593A"
"KDM3B","NM_016604","c.1820G>A","p.R607Q"
"KDM3B","NM_016604","c.1848G>T","p.E616D"
"KDM3B","NM_016604","c.2022G>T","p.W674C"
"KDM3B","NM_016604","c.2083A>G","p.T695A"
"KDM3B","NM_016604","c.2163G>T","p.G721G"
"KDM3B","NM_016604","c.2194C>T","p.L732F"
"KDM3B","NM_016604","c.2276A>G","p.N759S"
"KDM3B","NM_016604","c.2340G>A","p.P780P"
"KDM3B","NM_016604","c.2359A>G","p.N787D"
"KDM3B","NM_016604","c.2430G>A","p.S810S"
"KDM3B","NM_016604","c.2543A>G","p.N848S"
"KDM3B","NM_016604","c.264C>T","p.I88I"
"KDM3B","NM_016604","c.2817C>T","p.F939F"
"KDM3B","NM_016604","c.2856A>G","p.V952V"
"KDM3B","NM_016604","c.3452C>G","p.P1151R"
"KDM3B","NM_016604","c.3489T>C","p.G1163G"
"KDM3B","NM_016604","c.3505C>T","p.P1169S"
"KDM3B","NM_016604","c.3558C>G","p.I1186M"
"KDM3B","NM_016604","c.3592G>T","p.A1198S"
"KDM3B","NM_016604","c.3602G>A","p.S1201N"
"KDM3B","NM_016604","c.3604A>C","p.N1202H"
"KDM3B","NM_016604","c.3630T>C","p.P1210P"
"KDM3B","NM_016604","c.3951G>T","p.P1317P"
"KDM3B","NM_016604","c.4085C>A","p.T1362N"
"KDM3B","NM_016604","c.4116G>T","p.G1372G"
"KDM3B","NM_016604","c.4203T>C","p.N1401N"
"KDM3B","NM_016604","c.427C>A","p.R143R"
"KDM3B","NM_016604","c.444G>C","p.L148L"
"KDM3B","NM_016604","c.4776G>A","p.E1592E"
"KDM3B","NM_016604","c.4881G>A","p.E1627E"
"KDM3B","NM_016604","c.5022G>A","p.V1674V"
"KDM3B","NM_016604","c.714G>A","p.E238E"
"KDM3B","NM_016604","c.766G>A","p.A256T"
"KDM3B","NM_016604","c.788C>T","p.T263M"
"KDM3B","NM_016604","c.810C>T","p.S270S"
"KDM4A","NM_014663","c.1120A>G","p.M374V"
"KDM4A","NM_014663","c.1185G>C","p.G395G"
"KDM4A","NM_014663","c.1280T>C","p.M427T"
"KDM4A","NM_014663","c.1293G>A","p.P431P"
"KDM4A","NM_014663","c.1302C>T","p.L434L"
"KDM4A","NM_014663","c.1333C>T","p.R445W"
"KDM4A","NM_014663","c.1445C>A","p.A482E"
"KDM4A","NM_014663","c.1478C>T","p.A493V"
"KDM4A","NM_014663","c.1479G>A","p.A493A"
"KDM4A","NM_014663","c.1485A>T","p.V495V"
"KDM4A","NM_014663","c.1561A>G","p.I521V"
"KDM4A","NM_014663","c.1594T>C","p.S532P"
"KDM4A","NM_014663","c.1616C>T","p.T539M"
"KDM4A","NM_014663","c.1672G>C","p.E558Q"
"KDM4A","NM_014663","c.1699G>A","p.A567T"
"KDM4A","NM_014663","c.1795C>T","p.P599S"
"KDM4A","NM_014663","c.1813C>T","p.R605C"
"KDM4A","NM_014663","c.1922G>C","p.S641T"
"KDM4A","NM_014663","c.2027C>T","p.T676I"
"KDM4A","NM_014663","c.2061G>A","p.Q687Q"
"KDM4A","NM_014663","c.2064C>T","p.N688N"
"KDM4A","NM_014663","c.2073T>C","p.N691N"
"KDM4A","NM_014663","c.2200A>G","p.I734V"
"KDM4A","NM_014663","c.2205C>T","p.L735L"
"KDM4A","NM_014663","c.2231G>A","p.R744Q"
"KDM4A","NM_014663","c.2253G>A","p.G751G"
"KDM4A","NM_014663","c.2256C>T","p.V752V"
"KDM4A","NM_014663","c.228G>T","p.T76T"
"KDM4A","NM_014663","c.2571T>C","p.H857H"
"KDM4A","NM_014663","c.2772C>T","p.T924T"
"KDM4A","NM_014663","c.2907C>T","p.D969D"
"KDM4A","NM_014663","c.2962G>A","p.V988M"
"KDM4A","NM_014663","c.309C>T","p.S103S"
"KDM4A","NM_014663","c.30C>T","p.P10P"
"KDM4A","NM_014663","c.469C>T","p.L157L"
"KDM4A","NM_014663","c.48C>A","p.T16T"
"KDM4A","NM_014663","c.591C>T","p.I197I"
"KDM4A","NM_014663","c.897C>T","p.Y299Y"
"KDM4B","NM_015015","c.1080A>G","p.A360A"
"KDM4B","NM_015015","c.1142A>C","p.K381T"
"KDM4B","NM_015015","c.1320C>T","p.D440D"
"KDM4B","NM_015015","c.1336C>T","p.R446W"
"KDM4B","NM_015015","c.1356C>T","p.S452S"
"KDM4B","NM_015015","c.1464G>A","p.P488P"
"KDM4B","NM_015015","c.1551G>A","p.E517E"
"KDM4B","NM_015015","c.1590C>T","p.Y530Y"
"KDM4B","NM_015015","c.1591G>A","p.V531M"
"KDM4B","NM_015015","c.1600C>T","p.R534W"
"KDM4B","NM_015015","c.1682G>C","p.W561S"
"KDM4B","NM_015015","c.1733C>T","p.A578V"
"KDM4B","NM_015015","c.177G>A","p.T59T"
"KDM4B","NM_015015","c.1843C>T","p.L615L"
"KDM4B","NM_015015","c.186C>T","p.D62D"
"KDM4B","NM_015015","c.1878G>C","p.V626V"
"KDM4B","NM_015015","c.2040G>A","p.T680T"
"KDM4B","NM_015015","c.2128A>G","p.K710E"
"KDM4B","NM_015015","c.2247C>T","p.I749I"
"KDM4B","NM_015015","c.2250C>T","p.G750G"
"KDM4B","NM_015015","c.2253C>T","p.D751D"
"KDM4B","NM_015015","c.2334G>A","p.L778L"
"KDM4B","NM_015015","c.2373C>T","p.H791H"
"KDM4B","NM_015015","c.2466C>T","p.I822I"
"KDM4B","NM_015015","c.2724G>A","p.S908S"
"KDM4B","NM_015015","c.2733C>T","p.H911H"
"KDM4B","NM_015015","c.2738T>C","p.V913A"
"KDM4B","NM_015015","c.2754C>T","p.A918A"
"KDM4B","NM_015015","c.2793C>T","p.N931N"
"KDM4B","NM_015015","c.3153G>A","p.S1051S"
"KDM4B","NM_015015","c.3217G>A","p.G1073R"
"KDM4B","NM_015015","c.348T>C","p.D116D"
"KDM4B","NM_015015","c.432C>T","p.D144D"
"KDM4B","NM_015015","c.444G>A","p.Q148Q"
"KDM4B","NM_015015","c.495C>T","p.C165C"
"KDM4B","NM_015015","c.537C>T","p.F179F"
"KDM4B","NM_015015","c.630C>T","p.Y210Y"
"KDM4B","NM_015015","c.696G>A","p.S232S"
"KDM4B","NM_015015","c.705C>T","p.C235C"
"KDM4B","NM_015015","c.882C>A","p.T294T"
"KDM4B","NM_015015","c.900C>T","p.Y300Y"
"KDM4B","NM_015015","c.990C>T","p.Y330Y"
"KDM4C","NM_0011466","c.1038G>A","p.T346T"
"KDM4C","NM_0011466","c.1112G>A","p.R371Q"
"KDM4C","NM_0011466","c.1119C>G","p.F373L"
"KDM4C","NM_0011466","c.1122G>A","p.Q374Q"
"KDM4C","NM_0011466","c.1139C>G","p.S380C"
"KDM4C","NM_0011466","c.1177G>T","p.D393Y"
"KDM4C","NM_0011466","c.1186G>A","p.D396N"
"KDM4C","NM_0011466","c.1243A>C","p.K415Q"
"KDM4C","NM_0011466","c.1298C>T","p.S433L"
"KDM4C","NM_0011466","c.1325A>G","p.Q442R"
"KDM4C","NM_0011466","c.1466C>T","p.P489L"
"KDM4C","NM_0011466","c.1467A>G","p.P489P"
"KDM4C","NM_0011466","c.1475G>C","p.S492T"
"KDM4C","NM_0011466","c.1491C>T","p.P497P"
"KDM4C","NM_0011466","c.1536G>A","p.E512E"
"KDM4C","NM_0011466","c.1574C>T","p.T525I"
"KDM4C","NM_0011466","c.1600A>C","p.S534R"
"KDM4C","NM_0011466","c.1646G>A","p.S549N"
"KDM4C","NM_0011466","c.1698A>G","p.K566K"
"KDM4C","NM_0011466","c.1772C>T","p.A591V"
"KDM4C","NM_0011466","c.1888G>T","p.A630S"
"KDM4C","NM_0011466","c.1980C>T","p.S660S"
"KDM4C","NM_0011466","c.2052C>A","p.P684P"
"KDM4C","NM_0011466","c.2055C>T","p.L685L"
"KDM4C","NM_0011466","c.2065A>T","p.M689L"
"KDM4C","NM_0011466","c.2079T>C","p.Y693Y"
"KDM4C","NM_0011466","c.2090A>G","p.N697S"
"KDM4C","NM_0011466","c.2127G>C","p.E709D"
"KDM4C","NM_0011466","c.2167G>A","p.V723I"
"KDM4C","NM_0011466","c.2226G>C","p.L742L"
"KDM4C","NM_0011466","c.2299C>G","p.Q767E"
"KDM4C","NM_0011466","c.2315A>G","p.K772R"
"KDM4C","NM_0011466","c.2366A>G","p.N789S"
"KDM4C","NM_0011466","c.2447G>A","p.R816Q"
"KDM4C","NM_0011466","c.2487C>T","p.Y829Y"
"KDM4C","NM_0011466","c.2535G>A","p.G845G"
"KDM4C","NM_0011466","c.2550T>C","p.P850P"
"KDM4C","NM_0011466","c.2556C>T","p.D852D"
"KDM4C","NM_0011466","c.2598C>G","p.V866V"
"KDM4C","NM_0011466","c.2625C>T","p.C875C"
"KDM4C","NM_0011466","c.2677C>T","p.R893W"
"KDM4C","NM_0011466","c.2686A>G","p.S896G"
"KDM4C","NM_0011466","c.2720T>G","p.F907C"
"KDM4C","NM_0011466","c.2772G>A","p.E924E"
"KDM4C","NM_0011466","c.3004G>A","p.G1002S"
"KDM4C","NM_0011466","c.3110G>A","p.S1037N"
"KDM4C","NM_0011466","c.36C>T","p.P12P"
"KDM4C","NM_0011466","c.447A>G","p.E149E"
"KDM4C","NM_0011466","c.508A>G","p.I170V"
"KDM4C","NM_0011466","c.618G>C","p.E206D"
"KDM4C","NM_0011466","c.651T>C","p.H217H"
"KDM4C","NM_0011466","c.676C>G","p.Q226E"
"KDM4C","NM_0011466","c.721C>T","p.R241C"
"KDM4C","NM_0011466","c.754T>C","p.L252L"
"KDM4C","NM_0011466","c.765T>C","p.Y255Y"
"KDM4C","NM_0011466","c.83A>C","p.E28A"
"KDM4C","NM_0011466","c.1038G>A","p.T346T"
"KDM4C","NM_0011466","c.1112G>A","p.R371Q"
"KDM4C","NM_0011466","c.1119C>G","p.F373L"
"KDM4C","NM_0011466","c.1122G>A","p.Q374Q"
"KDM4C","NM_0011466","c.1139C>G","p.S380C"
"KDM4C","NM_0011466","c.1177G>T","p.D393Y"
"KDM4C","NM_0011466","c.1186G>A","p.D396N"
"KDM4C","NM_0011466","c.1243A>C","p.K415Q"
"KDM4C","NM_0011466","c.1298C>T","p.S433L"
"KDM4C","NM_0011466","c.1325A>G","p.Q442R"
"KDM4C","NM_0011466","c.1466C>T","p.P489L"
"KDM4C","NM_0011466","c.1467A>G","p.P489P"
"KDM4C","NM_0011466","c.1475G>C","p.S492T"
"KDM4C","NM_0011466","c.1491C>T","p.P497P"
"KDM4C","NM_0011466","c.1536G>A","p.E512E"
"KDM4C","NM_0011466","c.1574C>T","p.T525I"
"KDM4C","NM_0011466","c.1600A>C","p.S534R"
"KDM4C","NM_0011466","c.1646G>A","p.S549N"
"KDM4C","NM_0011466","c.1698A>G","p.K566K"
"KDM4C","NM_0011466","c.1772C>T","p.A591V"
"KDM4C","NM_0011466","c.1888G>T","p.A630S"
"KDM4C","NM_0011466","c.1980C>T","p.S660S"
"KDM4C","NM_0011466","c.2052C>A","p.P684P"
"KDM4C","NM_0011466","c.2055C>T","p.L685L"
"KDM4C","NM_0011466","c.2065A>T","p.M689L"
"KDM4C","NM_0011466","c.2079T>C","p.Y693Y"
"KDM4C","NM_0011466","c.2090A>G","p.N697S"
"KDM4C","NM_0011466","c.2127G>C","p.E709D"
"KDM4C","NM_0011466","c.2167G>A","p.V723I"
"KDM4C","NM_0011466","c.2226G>C","p.L742L"
"KDM4C","NM_0011466","c.2299C>G","p.Q767E"
"KDM4C","NM_0011466","c.2315A>G","p.K772R"
"KDM4C","NM_0011466","c.2366A>G","p.N789S"
"KDM4C","NM_0011466","c.36C>T","p.P12P"
"KDM4C","NM_0011466","c.447A>G","p.E149E"
"KDM4C","NM_0011466","c.508A>G","p.I170V"
"KDM4C","NM_0011466","c.618G>C","p.E206D"
"KDM4C","NM_0011466","c.651T>C","p.H217H"
"KDM4C","NM_0011466","c.676C>G","p.Q226E"
"KDM4C","NM_0011466","c.721C>T","p.R241C"
"KDM4C","NM_0011466","c.754T>C","p.L252L"
"KDM4C","NM_0011466","c.765T>C","p.Y255Y"
"KDM4C","NM_0011466","c.83A>C","p.E28A"
"KDM4C","NM_0011466","c.102C>T","p.P34P"
"KDM4C","NM_0011466","c.1104G>A","p.T368T"
"KDM4C","NM_0011466","c.1178G>A","p.R393Q"
"KDM4C","NM_0011466","c.1185C>G","p.F395L"
"KDM4C","NM_0011466","c.1188G>A","p.Q396Q"
"KDM4C","NM_0011466","c.1205C>G","p.S402C"
"KDM4C","NM_0011466","c.1243G>T","p.D415Y"
"KDM4C","NM_0011466","c.1252G>A","p.D418N"
"KDM4C","NM_0011466","c.1309A>C","p.K437Q"
"KDM4C","NM_0011466","c.1364C>T","p.S455L"
"KDM4C","NM_0011466","c.1391A>G","p.Q464R"
"KDM4C","NM_0011466","c.149A>C","p.E50A"
"KDM4C","NM_0011466","c.1532C>T","p.P511L"
"KDM4C","NM_0011466","c.1533A>G","p.P511P"
"KDM4C","NM_0011466","c.1541G>C","p.S514T"
"KDM4C","NM_0011466","c.1557C>T","p.P519P"
"KDM4C","NM_0011466","c.1602G>A","p.E534E"
"KDM4C","NM_0011466","c.1640C>T","p.T547I"
"KDM4C","NM_0011466","c.1666A>C","p.S556R"
"KDM4C","NM_0011466","c.1712G>A","p.S571N"
"KDM4C","NM_0011466","c.1764A>G","p.K588K"
"KDM4C","NM_0011466","c.1838C>T","p.A613V"
"KDM4C","NM_0011466","c.1954G>T","p.A652S"
"KDM4C","NM_0011466","c.2046C>T","p.S682S"
"KDM4C","NM_0011466","c.2118C>A","p.P706P"
"KDM4C","NM_0011466","c.2121C>T","p.L707L"
"KDM4C","NM_0011466","c.2131A>T","p.M711L"
"KDM4C","NM_0011466","c.2145T>C","p.Y715Y"
"KDM4C","NM_0011466","c.2156A>G","p.N719S"
"KDM4C","NM_0011466","c.2193G>C","p.E731D"
"KDM4C","NM_0011466","c.2233G>A","p.V745I"
"KDM4C","NM_0011466","c.2292G>C","p.L764L"
"KDM4C","NM_0011466","c.2365C>G","p.Q789E"
"KDM4C","NM_0011466","c.2381A>G","p.K794R"
"KDM4C","NM_0011466","c.2432A>G","p.N811S"
"KDM4C","NM_0011466","c.513A>G","p.E171E"
"KDM4C","NM_0011466","c.574A>G","p.I192V"
"KDM4C","NM_0011466","c.684G>C","p.E228D"
"KDM4C","NM_0011466","c.717T>C","p.H239H"
"KDM4C","NM_0011466","c.742C>G","p.Q248E"
"KDM4C","NM_0011466","c.787C>T","p.R263C"
"KDM4C","NM_0011466","c.820T>C","p.L274L"
"KDM4C","NM_0011466","c.831T>C","p.Y277Y"
"KDM4C","NM_015061","c.1038G>A","p.T346T"
"KDM4C","NM_015061","c.1112G>A","p.R371Q"
"KDM4C","NM_015061","c.1119C>G","p.F373L"
"KDM4C","NM_015061","c.1122G>A","p.Q374Q"
"KDM4C","NM_015061","c.1139C>G","p.S380C"
"KDM4C","NM_015061","c.1177G>T","p.D393Y"
"KDM4C","NM_015061","c.1186G>A","p.D396N"
"KDM4C","NM_015061","c.1243A>C","p.K415Q"
"KDM4C","NM_015061","c.1298C>T","p.S433L"
"KDM4C","NM_015061","c.1325A>G","p.Q442R"
"KDM4C","NM_015061","c.1466C>T","p.P489L"
"KDM4C","NM_015061","c.1467A>G","p.P489P"
"KDM4C","NM_015061","c.1475G>C","p.S492T"
"KDM4C","NM_015061","c.1491C>T","p.P497P"
"KDM4C","NM_015061","c.1536G>A","p.E512E"
"KDM4C","NM_015061","c.1574C>T","p.T525I"
"KDM4C","NM_015061","c.1600A>C","p.S534R"
"KDM4C","NM_015061","c.1646G>A","p.S549N"
"KDM4C","NM_015061","c.1698A>G","p.K566K"
"KDM4C","NM_015061","c.1772C>T","p.A591V"
"KDM4C","NM_015061","c.1888G>T","p.A630S"
"KDM4C","NM_015061","c.1980C>T","p.S660S"
"KDM4C","NM_015061","c.2052C>A","p.P684P"
"KDM4C","NM_015061","c.2055C>T","p.L685L"
"KDM4C","NM_015061","c.2065A>T","p.M689L"
"KDM4C","NM_015061","c.2079T>C","p.Y693Y"
"KDM4C","NM_015061","c.2090A>G","p.N697S"
"KDM4C","NM_015061","c.2127G>C","p.E709D"
"KDM4C","NM_015061","c.2167G>A","p.V723I"
"KDM4C","NM_015061","c.2226G>C","p.L742L"
"KDM4C","NM_015061","c.2299C>G","p.Q767E"
"KDM4C","NM_015061","c.2315A>G","p.K772R"
"KDM4C","NM_015061","c.2366A>G","p.N789S"
"KDM4C","NM_015061","c.2447G>A","p.R816Q"
"KDM4C","NM_015061","c.2487C>T","p.Y829Y"
"KDM4C","NM_015061","c.2535G>A","p.G845G"
"KDM4C","NM_015061","c.2550T>C","p.P850P"
"KDM4C","NM_015061","c.2556C>T","p.D852D"
"KDM4C","NM_015061","c.2598C>G","p.V866V"
"KDM4C","NM_015061","c.2625C>T","p.C875C"
"KDM4C","NM_015061","c.2677C>T","p.R893W"
"KDM4C","NM_015061","c.2686A>G","p.S896G"
"KDM4C","NM_015061","c.2720T>G","p.F907C"
"KDM4C","NM_015061","c.2772G>A","p.E924E"
"KDM4C","NM_015061","c.3075G>C","p.V1025V"
"KDM4C","NM_015061","c.3115G>A","p.V1039I"
"KDM4C","NM_015061","c.36C>T","p.P12P"
"KDM4C","NM_015061","c.447A>G","p.E149E"
"KDM4C","NM_015061","c.508A>G","p.I170V"
"KDM4C","NM_015061","c.618G>C","p.E206D"
"KDM4C","NM_015061","c.651T>C","p.H217H"
"KDM4C","NM_015061","c.676C>G","p.Q226E"
"KDM4C","NM_015061","c.721C>T","p.R241C"
"KDM4C","NM_015061","c.754T>C","p.L252L"
"KDM4C","NM_015061","c.765T>C","p.Y255Y"
"KDM4C","NM_015061","c.83A>C","p.E28A"
"KDM5A","NM_0010426","c.1023C>G","p.V341V"
"KDM5A","NM_0010426","c.1076G>A","p.R359Q"
"KDM5A","NM_0010426","c.1146C>G","p.V382V"
"KDM5A","NM_0010426","c.1170A>G","p.V390V"
"KDM5A","NM_0010426","c.117C>T","p.I39I"
"KDM5A","NM_0010426","c.1269G>A","p.P423P"
"KDM5A","NM_0010426","c.1353G>C","p.L451L"
"KDM5A","NM_0010426","c.1362T>A","p.S454S"
"KDM5A","NM_0010426","c.144C>T","p.I48I"
"KDM5A","NM_0010426","c.1743T>G","p.A581A"
"KDM5A","NM_0010426","c.1810C>T","p.R604C"
"KDM5A","NM_0010426","c.1839C>T","p.H613H"
"KDM5A","NM_0010426","c.1897G>A","p.A633T"
"KDM5A","NM_0010426","c.1983A>C","p.S661S"
"KDM5A","NM_0010426","c.205C>T","p.R69C"
"KDM5A","NM_0010426","c.216A>G","p.P72P"
"KDM5A","NM_0010426","c.2372C>T","p.A791V"
"KDM5A","NM_0010426","c.2423A>T","p.H808L"
"KDM5A","NM_0010426","c.2594T>C","p.M865T"
"KDM5A","NM_0010426","c.2652C>G","p.L884L"
"KDM5A","NM_0010426","c.2654A>T","p.Y885F"
"KDM5A","NM_0010426","c.2713G>T","p.D905Y"
"KDM5A","NM_0010426","c.2901G>C","p.P967P"
"KDM5A","NM_0010426","c.3195T>C","p.N1065N"
"KDM5A","NM_0010426","c.3197C>G","p.S1066C"
"KDM5A","NM_0010426","c.3461T>C","p.M1154T"
"KDM5A","NM_0010426","c.3540C>T","p.C1180C"
"KDM5A","NM_0010426","c.3568C>G","p.P1190A"
"KDM5A","NM_0010426","c.3807A>G","p.L1269L"
"KDM5A","NM_0010426","c.3943A>C","p.S1315R"
"KDM5A","NM_0010426","c.3977G>A","p.S1326N"
"KDM5A","NM_0010426","c.3998G>A","p.R1333Q"
"KDM5A","NM_0010426","c.39C>T","p.F13F"
"KDM5A","NM_0010426","c.4006A>G","p.M1336V"
"KDM5A","NM_0010426","c.4020T>G","p.D1340E"
"KDM5A","NM_0010426","c.4149C>T","p.S1383S"
"KDM5A","NM_0010426","c.4336G>C","p.E1446Q"
"KDM5A","NM_0010426","c.4386T>A","p.T1462T"
"KDM5A","NM_0010426","c.4420C>A","p.P1474T"
"KDM5A","NM_0010426","c.4673A>T","p.E1558V"
"KDM5A","NM_0010426","c.478T>G","p.S160A"
"KDM5A","NM_0010426","c.4987G>A","p.G1663R"
"KDM5A","NM_0010426","c.5047A>G","p.M1683V"
"KDM5A","NM_0010426","c.618G>A","p.E206E"
"KDM5A","NM_0010426","c.622G>A","p.G208S"
"KDM5A","NM_0010426","c.680C>T","p.S227F"
"KDM5A","NM_0010426","c.72G>C","p.P24P"
"KDM5A","NM_0010426","c.761G>A","p.G254E"
"KDM5A","NM_0010426","c.88A>G","p.T30A"
"KDM5A","NM_0010426","c.983C>T","p.P328L"
"KDM5B","NM_006618","c.1404G>A","p.E468E"
"KDM5B","NM_006618","c.1887C>T","p.H629H"
"KDM5B","NM_006618","c.1965G>T","p.M655I"
"KDM5B","NM_006618","c.2184C>T","p.Y728Y"
"KDM5B","NM_006618","c.2198G>A","p.R733Q"
"KDM5B","NM_006618","c.2320A>G","p.K774E"
"KDM5B","NM_006618","c.2515G>A","p.V839M"
"KDM5B","NM_006618","c.2523G>A","p.E841E"
"KDM5B","NM_006618","c.2664G>A","p.A888A"
"KDM5B","NM_006618","c.2707G>C","p.E903Q"
"KDM5B","NM_006618","c.2859A>T","p.A953A"
"KDM5B","NM_006618","c.2957C>T","p.S986L"
"KDM5B","NM_006618","c.2991C>T","p.I997I"
"KDM5B","NM_006618","c.3150C>G","p.P1050P"
"KDM5B","NM_006618","c.3166T>C","p.L1056L"
"KDM5B","NM_006618","c.3186A>G","p.L1062L"
"KDM5B","NM_006618","c.3204T>C","p.A1068A"
"KDM5B","NM_006618","c.3245C>G","p.S1082C"
"KDM5B","NM_006618","c.3270G>A","p.L1090L"
"KDM5B","NM_006618","c.3278G>A","p.R1093Q"
"KDM5B","NM_006618","c.3386A>G","p.E1129G"
"KDM5B","NM_006618","c.341A>T","p.Q114L"
"KDM5B","NM_006618","c.3520G>A","p.V1174M"
"KDM5B","NM_006618","c.3561C>T","p.A1187A"
"KDM5B","NM_006618","c.3629C>T","p.S1210L"
"KDM5B","NM_006618","c.3813G>A","p.S1271S"
"KDM5B","NM_006618","c.3819G>A","p.G1273G"
"KDM5B","NM_006618","c.387C>T","p.D129D"
"KDM5B","NM_006618","c.4017C>T","p.L1339L"
"KDM5B","NM_006618","c.4132C>G","p.Q1378E"
"KDM5B","NM_006618","c.4145G>A","p.R1382Q"
"KDM5B","NM_006618","c.4353A>G","p.L1451L"
"KDM5B","NM_006618","c.4364G>A","p.R1455H"
"KDM5B","NM_006618","c.4479G>A","p.L1493L"
"KDM5B","NM_006618","c.524A>G","p.Y175C"
"KDM5B","NM_006618","c.540C>G","p.N180K"
"KDM5B","NM_006618","c.671C>T","p.T224M"
"KDM5B","NM_006618","c.747G>A","p.T249T"
"KDM5B","NM_006618","c.807T>C","p.N269N"
"KDM5B","NM_006618","c.910A>G","p.T304A"
"KDM5B","NM_006618","c.942A>G","p.L314L"
"KDM5B","NM_006618","c.984T>C","p.D328D"
"KDM5C","NM_0011467","c.1035C>T","p.P345P"
"KDM5C","NM_0011467","c.108C>T","p.P36P"
"KDM5C","NM_0011467","c.1533C>T","p.S511S"
"KDM5C","NM_0011467","c.1545A>G","p.P515P"
"KDM5C","NM_0011467","c.1563G>A","p.Q521Q"
"KDM5C","NM_0011467","c.1593C>T","p.P531P"
"KDM5C","NM_0011467","c.1683G>A","p.Q561Q"
"KDM5C","NM_0011467","c.2306A>G","p.Q769R"
"KDM5C","NM_0011467","c.3339G>A","p.T1113T"
"KDM5C","NM_0011467","c.3491C>T","p.P1164L"
"KDM5C","NM_0011467","c.363G>A","p.K121K"
"KDM5C","NM_0011467","c.3789C>G","p.A1263A"
"KDM5C","NM_0011467","c.388C>T","p.L130L"
"KDM5C","NM_0012826","c.108C>T","p.P36P"
"KDM5C","NM_0012826","c.1233C>T","p.P411P"
"KDM5C","NM_0012826","c.1731C>T","p.S577S"
"KDM5C","NM_0012826","c.1743A>G","p.P581P"
"KDM5C","NM_0012826","c.1761G>A","p.Q587Q"
"KDM5C","NM_0012826","c.1791C>T","p.P597P"
"KDM5C","NM_0012826","c.1881G>A","p.Q627Q"
"KDM5C","NM_0012826","c.2504A>G","p.Q835R"
"KDM5C","NM_0012826","c.3537G>A","p.T1179T"
"KDM5C","NM_0012826","c.3689C>T","p.P1230L"
"KDM5C","NM_0012826","c.3987C>G","p.A1329A"
"KDM5C","NM_0012826","c.561G>A","p.K187K"
"KDM5C","NM_0012826","c.586C>T","p.L196L"
"KDM5C","NM_004187","c.108C>T","p.P36P"
"KDM5C","NM_004187","c.1236C>T","p.P412P"
"KDM5C","NM_004187","c.1734C>T","p.S578S"
"KDM5C","NM_004187","c.1746A>G","p.P582P"
"KDM5C","NM_004187","c.1764G>A","p.Q588Q"
"KDM5C","NM_004187","c.1794C>T","p.P598P"
"KDM5C","NM_004187","c.1884G>A","p.Q628Q"
"KDM5C","NM_004187","c.2507A>G","p.Q836R"
"KDM5C","NM_004187","c.3540G>A","p.T1180T"
"KDM5C","NM_004187","c.3692C>T","p.P1231L"
"KDM5C","NM_004187","c.3990C>G","p.A1330A"
"KDM5C","NM_004187","c.564G>A","p.K188K"
"KDM5C","NM_004187","c.589C>T","p.L197L"
"KDM6A","NM_021140","c.1402T>C","p.C468R"
"KDM6A","NM_021140","c.1694A>G","p.Q565R"
"KDM6A","NM_021140","c.1741A>G","p.T581A"
"KDM6A","NM_021140","c.1751C>T","p.T584M"
"KDM6A","NM_021140","c.1843C>G","p.L615V"
"KDM6A","NM_021140","c.2080G>A","p.A694T"
"KDM6A","NM_021140","c.2177C>A","p.T726K"
"KDM6A","NM_021140","c.2194A>G","p.R732G"
"KDM6A","NM_021140","c.2222C>T","p.T741I"
"KDM6A","NM_021140","c.2989A>G","p.M997V"
"KDM6A","NM_021140","c.2990T>C","p.M997T"
"KDM6A","NM_021140","c.3111G>A","p.Q1037Q"
"KDM6A","NM_021140","c.3678T>C","p.H1226H"
"KDM6A","NM_021140","c.3714T>C","p.A1238A"
"KDM6A","NM_021140","c.3974A>G","p.E1325G"
"KDM6A","NM_021140","c.624A>G","p.Q208Q"
"KDM6A","NM_021140","c.822A>G","p.Q274Q"
"KDM6B","NM_0010804","c.1003C>G","p.P335A"
"KDM6B","NM_0010804","c.1146C>T","p.C382C"
"KDM6B","NM_0010804","c.1157C>T","p.A386V"
"KDM6B","NM_0010804","c.1181C>T","p.P394L"
"KDM6B","NM_0010804","c.1199G>A","p.S400N"
"KDM6B","NM_0010804","c.1204A>T","p.S402C"
"KDM6B","NM_0010804","c.1232G>A","p.R411Q"
"KDM6B","NM_0010804","c.1297T>C","p.S433P"
"KDM6B","NM_0010804","c.1302C>T","p.H434H"
"KDM6B","NM_0010804","c.1310G>A","p.R437H"
"KDM6B","NM_0010804","c.1330A>G","p.S444G"
"KDM6B","NM_0010804","c.1444C>T","p.P482S"
"KDM6B","NM_0010804","c.1469C>A","p.A490D"
"KDM6B","NM_0010804","c.1513T>A","p.F505I"
"KDM6B","NM_0010804","c.1532C>A","p.P511H"
"KDM6B","NM_0010804","c.1586C>T","p.P529L"
"KDM6B","NM_0010804","c.160C>T","p.P54S"
"KDM6B","NM_0010804","c.165G>A","p.P55P"
"KDM6B","NM_0010804","c.173C>G","p.A58G"
"KDM6B","NM_0010804","c.1749C>T","p.P583P"
"KDM6B","NM_0010804","c.1767C>T","p.S589S"
"KDM6B","NM_0010804","c.1782C>A","p.P594P"
"KDM6B","NM_0010804","c.1830T>G","p.P610P"
"KDM6B","NM_0010804","c.1871G>A","p.R624H"
"KDM6B","NM_0010804","c.1875G>A","p.P625P"
"KDM6B","NM_0010804","c.1881C>G","p.S627R"
"KDM6B","NM_0010804","c.1885C>T","p.R629W"
"KDM6B","NM_0010804","c.1925C>T","p.P642L"
"KDM6B","NM_0010804","c.1959C>T","p.P653P"
"KDM6B","NM_0010804","c.1970C>T","p.P657L"
"KDM6B","NM_0010804","c.1974C>T","p.P658P"
"KDM6B","NM_0010804","c.2018T>C","p.F673S"
"KDM6B","NM_0010804","c.2145C>T","p.H715H"
"KDM6B","NM_0010804","c.2172G>A","p.P724P"
"KDM6B","NM_0010804","c.2240C>T","p.P747L"
"KDM6B","NM_0010804","c.2276C>T","p.T759I"
"KDM6B","NM_0010804","c.2389C>A","p.P797T"
"KDM6B","NM_0010804","c.2455C>T","p.R819W"
"KDM6B","NM_0010804","c.2536A>T","p.T846S"
"KDM6B","NM_0010804","c.2606C>T","p.S869F"
"KDM6B","NM_0010804","c.2626G>A","p.G876R"
"KDM6B","NM_0010804","c.2655C>T","p.G885G"
"KDM6B","NM_0010804","c.2726C>A","p.S909Y"
"KDM6B","NM_0010804","c.279G>A","p.L93L"
"KDM6B","NM_0010804","c.2917A>C","p.K973Q"
"KDM6B","NM_0010804","c.2943G>C","p.K981N"
"KDM6B","NM_0010804","c.322G>C","p.G108R"
"KDM6B","NM_0010804","c.3248G>C","p.G1083A"
"KDM6B","NM_0010804","c.3278G>A","p.R1093H"
"KDM6B","NM_0010804","c.3385C>T","p.R1129C"
"KDM6B","NM_0010804","c.3432C>T","p.R1144R"
"KDM6B","NM_0010804","c.3478C>T","p.L1160F"
"KDM6B","NM_0010804","c.3533G>C","p.R1178P"
"KDM6B","NM_0010804","c.3795C>A","p.I1265I"
"KDM6B","NM_0010804","c.3897G>A","p.E1299E"
"KDM6B","NM_0010804","c.3940C>T","p.P1314S"
"KDM6B","NM_0010804","c.3972C>T","p.H1324H"
"KDM6B","NM_0010804","c.4039C>T","p.L1347L"
"KDM6B","NM_0010804","c.4044G>A","p.L1348L"
"KDM6B","NM_0010804","c.4083C>T","p.N1361N"
"KDM6B","NM_0010804","c.4197C>T","p.V1399V"
"KDM6B","NM_0010804","c.4218C>T","p.G1406G"
"KDM6B","NM_0010804","c.4259C>T","p.T1420I"
"KDM6B","NM_0010804","c.4594T>C","p.L1532L"
"KDM6B","NM_0010804","c.4764G>A","p.V1588V"
"KDM6B","NM_0010804","c.4790C>T","p.T1597M"
"KDM6B","NM_0010804","c.4845C>T","p.G1615G"
"KDM6B","NM_0010804","c.607C>G","p.P203A"
"KDM6B","NM_0010804","c.625G>T","p.V209L"
"KDM6B","NM_0010804","c.663G>C","p.E221D"
"KDM6B","NM_0010804","c.807T>C","p.A269A"
"KDM6B","NM_0010804","c.837A>G","p.P279P"
"KDM6B","NM_0010804","c.894A>G","p.A298A"
"KDM6B","NM_0010804","c.896C>G","p.P299R"
"KDM6B","NM_0010804","c.905G>A","p.R302H"
"KDM6B","NM_0010804","c.923C>T","p.S308L"
"KDM6B","NM_0010804","c.966G>A","p.A322A"
"KDM7A","NM_030647","c.111C>T","p.P37P"
"KDM7A","NM_030647","c.1393A>G","p.I465V"
"KDM7A","NM_030647","c.1432G>A","p.E478K"
"KDM7A","NM_030647","c.1612A>C","p.R538R"
"KDM7A","NM_030647","c.1725T>C","p.N575N"
"KDM7A","NM_030647","c.1788T>A","p.D596E"
"KDM7A","NM_030647","c.1869T>A","p.S623R"
"KDM7A","NM_030647","c.1930C>A","p.R644S"
"KDM7A","NM_030647","c.2001C>T","p.P667P"
"KDM7A","NM_030647","c.2081C>G","p.S694C"
"KDM7A","NM_030647","c.2099C>A","p.S700Y"
"KDM7A","NM_030647","c.2114A>G","p.N705S"
"KDM7A","NM_030647","c.2237A>G","p.Y746C"
"KDM7A","NM_030647","c.2306C>T","p.P769L"
"KDM7A","NM_030647","c.2334G>A","p.E778E"
"KDM7A","NM_030647","c.2380C>T","p.H794Y"
"KDM7A","NM_030647","c.2396A>G","p.D799G"
"KDM7A","NM_030647","c.2427A>G","p.K809K"
"KDM7A","NM_030647","c.2517G>T","p.R839S"
"KDM7A","NM_030647","c.262T>C","p.L88L"
"KDM7A","NM_030647","c.2690C>T","p.P897L"
"KDM7A","NM_030647","c.303C>T","p.H101H"
"KDM7A","NM_030647","c.585T>C","p.I195I"
"KDM7A","NM_030647","c.618A>G","p.T206T"
"KDM7A","NM_030647","c.731T>C","p.I244T"
"KDM7A","NM_030647","c.780C>G","p.V260V"
"KDM8","NM_0011453","c.1005G>A","p.L335L"
"KDM8","NM_0011453","c.1009G>A","p.D337N"
"KDM8","NM_0011453","c.1073T>C","p.L358P"
"KDM8","NM_0011453","c.111C>T","p.G37G"
"KDM8","NM_0011453","c.1134G>C","p.L378L"
"KDM8","NM_0011453","c.1206C>T","p.D402D"
"KDM8","NM_0011453","c.1218C>T","p.P406P"
"KDM8","NM_0011453","c.1219G>A","p.D407N"
"KDM8","NM_0011453","c.1238A>G","p.K413R"
"KDM8","NM_0011453","c.1353C>T","p.F451F"
"KDM8","NM_0011453","c.185C>T","p.A62V"
"KDM8","NM_0011453","c.186G>A","p.A62A"
"KDM8","NM_0011453","c.226G>A","p.G76R"
"KDM8","NM_0011453","c.286G>A","p.E96K"
"KDM8","NM_0011453","c.292A>T","p.R98W"
"KDM8","NM_0011453","c.300C>T","p.D100D"
"KDM8","NM_0011453","c.372C>T","p.D124D"
"KDM8","NM_0011453","c.392G>A","p.R131Q"
"KDM8","NM_0011453","c.403A>G","p.I135V"
"KDM8","NM_0011453","c.405C>T","p.I135I"
"KDM8","NM_0011453","c.465C>T","p.A155A"
"KDM8","NM_0011453","c.904G>A","p.V302M"
"KDM8","NM_0011453","c.974A>C","p.Q325P"
"KDM8","NM_024773","c.1020G>C","p.L340L"
"KDM8","NM_024773","c.1092C>T","p.D364D"
"KDM8","NM_024773","c.1104C>T","p.P368P"
"KDM8","NM_024773","c.1105G>A","p.D369N"
"KDM8","NM_024773","c.1124A>G","p.K375R"
"KDM8","NM_024773","c.112G>A","p.G38R"
"KDM8","NM_024773","c.1239C>T","p.F413F"
"KDM8","NM_024773","c.172G>A","p.E58K"
"KDM8","NM_024773","c.178A>T","p.R60W"
"KDM8","NM_024773","c.186C>T","p.D62D"
"KDM8","NM_024773","c.258C>T","p.D86D"
"KDM8","NM_024773","c.278G>A","p.R93Q"
"KDM8","NM_024773","c.289A>G","p.I97V"
"KDM8","NM_024773","c.291C>T","p.I97I"
"KDM8","NM_024773","c.351C>T","p.A117A"
"KDM8","NM_024773","c.71C>T","p.A24V"
"KDM8","NM_024773","c.72G>A","p.A24A"
"KDM8","NM_024773","c.790G>A","p.V264M"
"KDM8","NM_024773","c.860A>C","p.Q287P"
"KDM8","NM_024773","c.891G>A","p.L297L"
"KDM8","NM_024773","c.895G>A","p.D299N"
"KDM8","NM_024773","c.959T>C","p.L320P"
"KMT2C","NM_170606","c.10035C>T","p.P3345P"
"KMT2C","NM_170606","c.10163A>C","p.N3388T"
"KMT2C","NM_170606","c.10173T>C","p.F3391F"
"KMT2C","NM_170606","c.10299G>A","p.Q3433Q"
"KMT2C","NM_170606","c.10338A>G","p.T3446T"
"KMT2C","NM_170606","c.10392A>G","p.Q3464Q"
"KMT2C","NM_170606","c.10395T>G","p.P3465P"
"KMT2C","NM_170606","c.10402C>A","p.P3468T"
"KMT2C","NM_170606","c.10432C>G","p.Q3478E"
"KMT2C","NM_170606","c.10488C>T","p.P3496P"
"KMT2C","NM_170606","c.10513A>G","p.N3505D"
"KMT2C","NM_170606","c.10639T>C","p.S3547P"
"KMT2C","NM_170606","c.10763C>T","p.S3588L"
"KMT2C","NM_170606","c.10765C>G","p.L3589V"
"KMT2C","NM_170606","c.10773G>T","p.Q3591H"
"KMT2C","NM_170606","c.10911C>T","p.I3637I"
"KMT2C","NM_170606","c.10969G>A","p.D3657N"
"KMT2C","NM_170606","c.10979C>T","p.S3660L"
"KMT2C","NM_170606","c.10980G>A","p.S3660S"
"KMT2C","NM_170606","c.10992C>T","p.V3664V"
"KMT2C","NM_170606","c.11098G>A","p.A3700T"
"KMT2C","NM_170606","c.11139C>T","p.A3713A"
"KMT2C","NM_170606","c.11167G>C","p.A3723P"
"KMT2C","NM_170606","c.1122G>A","p.A374A"
"KMT2C","NM_170606","c.11242G>A","p.A3748T"
"KMT2C","NM_170606","c.11374C>A","p.Q3792K"
"KMT2C","NM_170606","c.11423A>C","p.N3808T"
"KMT2C","NM_170606","c.11492T>G","p.F3831C"
"KMT2C","NM_170606","c.11522A>T","p.D3841V"
"KMT2C","NM_170606","c.11565G>C","p.Q3855H"
"KMT2C","NM_170606","c.11819A>G","p.K3940R"
"KMT2C","NM_170606","c.11865C>T","p.D3955D"
"KMT2C","NM_170606","c.12066A>G","p.S4022S"
"KMT2C","NM_170606","c.12099G>A","p.P4033P"
"KMT2C","NM_170606","c.12174G>A","p.E4058E"
"KMT2C","NM_170606","c.12195G>A","p.A4065A"
"KMT2C","NM_170606","c.1224G>C","p.T408T"
"KMT2C","NM_170606","c.12371T>C","p.M4124T"
"KMT2C","NM_170606","c.12434G>A","p.R4145H"
"KMT2C","NM_170606","c.12501T>C","p.N4167N"
"KMT2C","NM_170606","c.12570C>T","p.S4190S"
"KMT2C","NM_170606","c.12649C>A","p.L4217M"
"KMT2C","NM_170606","c.12817C>T","p.P4273S"
"KMT2C","NM_170606","c.12870C>T","p.H4290H"
"KMT2C","NM_170606","c.12898T>C","p.S4300P"
"KMT2C","NM_170606","c.12927C>T","p.F4309F"
"KMT2C","NM_170606","c.12954C>T","p.V4318V"
"KMT2C","NM_170606","c.13001G>A","p.R4334Q"
"KMT2C","NM_170606","c.13198C>A","p.R4400R"
"KMT2C","NM_170606","c.13246C>T","p.P4416S"
"KMT2C","NM_170606","c.13398C>G","p.H4466Q"
"KMT2C","NM_170606","c.13423C>T","p.H4475Y"
"KMT2C","NM_170606","c.1344G>T","p.Q448H"
"KMT2C","NM_170606","c.13522C>T","p.P4508S"
"KMT2C","NM_170606","c.1355A>G","p.N452S"
"KMT2C","NM_170606","c.1365A>G","p.I455M"
"KMT2C","NM_170606","c.13812G>A","p.E4604E"
"KMT2C","NM_170606","c.14016A>G","p.A4672A"
"KMT2C","NM_170606","c.14022A>T","p.I4674I"
"KMT2C","NM_170606","c.1402C>A","p.P468T"
"KMT2C","NM_170606","c.14057A>G","p.N4686S"
"KMT2C","NM_170606","c.14073C>T","p.Y4691Y"
"KMT2C","NM_170606","c.14125G>T","p.A4709S"
"KMT2C","NM_170606","c.1422T>C","p.Y474Y"
"KMT2C","NM_170606","c.14421C>T","p.N4807N"
"KMT2C","NM_170606","c.1574A>C","p.D525A"
"KMT2C","NM_170606","c.1577G>C","p.R526P"
"KMT2C","NM_170606","c.1650C>T","p.G550G"
"KMT2C","NM_170606","c.1688A>G","p.N563S"
"KMT2C","NM_170606","c.1795G>T","p.D599Y"
"KMT2C","NM_170606","c.180A>G","p.K60K"
"KMT2C","NM_170606","c.181A>G","p.T61A"
"KMT2C","NM_170606","c.1863T>A","p.N621K"
"KMT2C","NM_170606","c.2016A>T","p.E672D"
"KMT2C","NM_170606","c.2017C>T","p.P673S"
"KMT2C","NM_170606","c.2055A>G","p.P685P"
"KMT2C","NM_170606","c.2222T>C","p.M741T"
"KMT2C","NM_170606","c.2453C>T","p.S818L"
"KMT2C","NM_170606","c.2477G>T","p.G826V"
"KMT2C","NM_170606","c.2545A>G","p.T849A"
"KMT2C","NM_170606","c.2759T>C","p.V920A"
"KMT2C","NM_170606","c.3384C>T","p.D1128D"
"KMT2C","NM_170606","c.3414C>G","p.P1138P"
"KMT2C","NM_170606","c.3487G>C","p.V1163L"
"KMT2C","NM_170606","c.363C>G","p.V121V"
"KMT2C","NM_170606","c.3648C>G","p.V1216V"
"KMT2C","NM_170606","c.3672A>G","p.Q1224Q"
"KMT2C","NM_170606","c.3955G>C","p.D1319H"
"KMT2C","NM_170606","c.4119A>G","p.L1373L"
"KMT2C","NM_170606","c.4188A>G","p.K1396K"
"KMT2C","NM_170606","c.4248G>A","p.S1416S"
"KMT2C","NM_170606","c.4266A>G","p.G1422G"
"KMT2C","NM_170606","c.4301T>A","p.I1434N"
"KMT2C","NM_170606","c.4349A>T","p.D1450V"
"KMT2C","NM_170606","c.4548C>T","p.G1516G"
"KMT2C","NM_170606","c.4721A>G","p.H1574R"
"KMT2C","NM_170606","c.4761T>G","p.S1587S"
"KMT2C","NM_170606","c.4802A>G","p.N1601S"
"KMT2C","NM_170606","c.4908G>A","p.T1636T"
"KMT2C","NM_170606","c.4986C>G","p.P1662P"
"KMT2C","NM_170606","c.5053G>T","p.A1685S"
"KMT2C","NM_170606","c.5150A>G","p.K1717R"
"KMT2C","NM_170606","c.5167G>A","p.D1723N"
"KMT2C","NM_170606","c.5198C>T","p.S1733L"
"KMT2C","NM_170606","c.5355A>G","p.Q1785Q"
"KMT2C","NM_170606","c.5361A>G","p.Q1787Q"
"KMT2C","NM_170606","c.5496A>G","p.K1832K"
"KMT2C","NM_170606","c.5532T>C","p.D1844D"
"KMT2C","NM_170606","c.5584A>G","p.I1862V"
"KMT2C","NM_170606","c.5587C>G","p.P1863A"
"KMT2C","NM_170606","c.5631C>G","p.P1877P"
"KMT2C","NM_170606","c.5655G>C","p.G1885G"
"KMT2C","NM_170606","c.566C>T","p.P189L"
"KMT2C","NM_170606","c.5802G>A","p.R1934R"
"KMT2C","NM_170606","c.5858G>C","p.C1953S"
"KMT2C","NM_170606","c.5952A>C","p.L1984L"
"KMT2C","NM_170606","c.6022A>G","p.T2008A"
"KMT2C","NM_170606","c.6073T>A","p.S2025T"
"KMT2C","NM_170606","c.60G>A","p.E20E"
"KMT2C","NM_170606","c.6275A>T","p.D2092V"
"KMT2C","NM_170606","c.6339A>C","p.S2113S"
"KMT2C","NM_170606","c.6441A>G","p.Q2147Q"
"KMT2C","NM_170606","c.6609T>C","p.Y2203Y"
"KMT2C","NM_170606","c.6653A>C","p.Y2218S"
"KMT2C","NM_170606","c.6667G>A","p.A2223T"
"KMT2C","NM_170606","c.6729C>T","p.L2243L"
"KMT2C","NM_170606","c.6826C>T","p.P2276S"
"KMT2C","NM_170606","c.6866G>A","p.R2289H"
"KMT2C","NM_170606","c.7056C>G","p.V2352V"
"KMT2C","NM_170606","c.7077G>A","p.V2359V"
"KMT2C","NM_170606","c.7192A>C","p.K2398Q"
"KMT2C","NM_170606","c.722C>G","p.A241G"
"KMT2C","NM_170606","c.7234C>A","p.P2412T"
"KMT2C","NM_170606","c.723C>G","p.A241A"
"KMT2C","NM_170606","c.7388G>A","p.R2463H"
"KMT2C","NM_170606","c.7397A>G","p.Y2466C"
"KMT2C","NM_170606","c.7491C>T","p.R2497R"
"KMT2C","NM_170606","c.7595A>G","p.N2532S"
"KMT2C","NM_170606","c.7712G>A","p.R2571Q"
"KMT2C","NM_170606","c.7722C>T","p.F2574F"
"KMT2C","NM_170606","c.7798C>G","p.P2600A"
"KMT2C","NM_170606","c.7839G>A","p.Q2613Q"
"KMT2C","NM_170606","c.7846C>T","p.P2616S"
"KMT2C","NM_170606","c.785T>C","p.V262A"
"KMT2C","NM_170606","c.7881A>G","p.Q2627Q"
"KMT2C","NM_170606","c.7957C>G","p.L2653V"
"KMT2C","NM_170606","c.7958T>C","p.L2653P"
"KMT2C","NM_170606","c.8040G>A","p.Q2680Q"
"KMT2C","NM_170606","c.8042C>T","p.P2681L"
"KMT2C","NM_170606","c.816C>T","p.N272N"
"KMT2C","NM_170606","c.843C>T","p.S281S"
"KMT2C","NM_170606","c.8502A>T","p.E2834D"
"KMT2C","NM_170606","c.8663G>A","p.G2888D"
"KMT2C","NM_170606","c.8669G>C","p.S2890T"
"KMT2C","NM_170606","c.8685G>A","p.Q2895Q"
"KMT2C","NM_170606","c.8697A>G","p.Q2899Q"
"KMT2C","NM_170606","c.8770A>G","p.N2924D"
"KMT2C","NM_170606","c.8832G>A","p.P2944P"
"KMT2C","NM_170606","c.8839C>T","p.P2947S"
"KMT2C","NM_170606","c.8880G>A","p.P2960P"
"KMT2C","NM_170606","c.8887C>T","p.R2963C"
"KMT2C","NM_170606","c.8943T>C","p.H2981H"
"KMT2C","NM_170606","c.8951C>T","p.S2984F"
"KMT2C","NM_170606","c.9018A>G","p.T3006T"
"KMT2C","NM_170606","c.9095T>C","p.M3032T"
"KMT2C","NM_170606","c.9138T>A","p.L3046L"
"KMT2C","NM_170606","c.9150A>G","p.E3050E"
"KMT2C","NM_170606","c.9229C>T","p.R3077C"
"KMT2C","NM_170606","c.9260T>C","p.I3087T"
"KMT2C","NM_170606","c.9511T>C","p.F3171L"
"KMT2C","NM_170606","c.9585G>A","p.Q3195Q"
"KMT2C","NM_170606","c.9791A>G","p.D3264G"
"KMT2C","NM_170606","c.9823A>G","p.M3275V"
"KMT2C","NM_170606","c.9975C>T","p.S3325S"
"KMT2C","NM_170606","c.9987G>A","p.M3329I"
"KMT2E","NM_018682","c.1313A>G","p.K438R"
"KMT2E","NM_018682","c.1496C>T","p.S499L"
"KMT2E","NM_018682","c.149C>T","p.S50L"
"KMT2E","NM_018682","c.1518T>C","p.N506N"
"KMT2E","NM_018682","c.1560G>A","p.M520I"
"KMT2E","NM_018682","c.1605A>T","p.L535L"
"KMT2E","NM_018682","c.19T>C","p.L7L"
"KMT2E","NM_018682","c.2423C>A","p.T808N"
"KMT2E","NM_018682","c.2588C>A","p.S863Y"
"KMT2E","NM_018682","c.2631T>C","p.Y877Y"
"KMT2E","NM_018682","c.2645C>T","p.S882L"
"KMT2E","NM_018682","c.2722C>T","p.P908S"
"KMT2E","NM_018682","c.2759A>G","p.D920G"
"KMT2E","NM_018682","c.2926A>G","p.M976V"
"KMT2E","NM_018682","c.2995G>T","p.G999C"
"KMT2E","NM_018682","c.3028A>G","p.N1010D"
"KMT2E","NM_018682","c.3043G>A","p.G1015R"
"KMT2E","NM_018682","c.3137G>A","p.R1046K"
"KMT2E","NM_018682","c.3354A>G","p.E1118E"
"KMT2E","NM_018682","c.354A>G","p.V118V"
"KMT2E","NM_018682","c.3554C>T","p.S1185L"
"KMT2E","NM_018682","c.3596G>A","p.C1199Y"
"KMT2E","NM_018682","c.3674A>T","p.N1225I"
"KMT2E","NM_018682","c.3973C>T","p.P1325S"
"KMT2E","NM_018682","c.4182C>G","p.H1394Q"
"KMT2E","NM_018682","c.4220A>G","p.N1407S"
"KMT2E","NM_018682","c.4232T>G","p.L1411R"
"KMT2E","NM_018682","c.4270T>C","p.S1424P"
"KMT2E","NM_018682","c.42G>A","p.T14T"
"KMT2E","NM_018682","c.4365G>A","p.T1455T"
"KMT2E","NM_018682","c.4497T>C","p.F1499F"
"KMT2E","NM_018682","c.4529C>T","p.T1510I"
"KMT2E","NM_018682","c.4584A>G","p.S1528S"
"KMT2E","NM_018682","c.4595G>A","p.S1532N"
"KMT2E","NM_018682","c.4751C>T","p.S1584L"
"KMT2E","NM_018682","c.4985T>C","p.V1662A"
"KMT2E","NM_018682","c.5007T>A","p.H1669Q"
"KMT2E","NM_018682","c.5061C>T","p.A1687A"
"KMT2E","NM_018682","c.5154C>T","p.P1718P"
"KMT2E","NM_018682","c.5239C>G","p.P1747A"
"KMT2E","NM_018682","c.5256G>A","p.S1752S"
"KMT2E","NM_018682","c.5297C>T","p.T1766I"
"KMT2E","NM_018682","c.5350C>T","p.P1784S"
"KMT2E","NM_018682","c.5355T>C","p.H1785H"
"KMT2E","NM_018682","c.535C>T","p.R179W"
"KMT2E","NM_018682","c.5448C>T","p.G1816G"
"KMT2E","NM_018682","c.5490A>C","p.A1830A"
"KMT2E","NM_018682","c.5531T>C","p.V1844A"
"KMT2E","NM_018682","c.737G>A","p.R246H"
"KMT2E","NM_018682","c.771T>C","p.G257G"
"KMT2E","NM_018682","c.876C>T","p.Y292Y"
"KMT2E","NM_182931","c.1313A>G","p.K438R"
"KMT2E","NM_182931","c.1496C>T","p.S499L"
"KMT2E","NM_182931","c.149C>T","p.S50L"
"KMT2E","NM_182931","c.1518T>C","p.N506N"
"KMT2E","NM_182931","c.1560G>A","p.M520I"
"KMT2E","NM_182931","c.1605A>T","p.L535L"
"KMT2E","NM_182931","c.19T>C","p.L7L"
"KMT2E","NM_182931","c.2423C>A","p.T808N"
"KMT2E","NM_182931","c.2588C>A","p.S863Y"
"KMT2E","NM_182931","c.2631T>C","p.Y877Y"
"KMT2E","NM_182931","c.2645C>T","p.S882L"
"KMT2E","NM_182931","c.2722C>T","p.P908S"
"KMT2E","NM_182931","c.2759A>G","p.D920G"
"KMT2E","NM_182931","c.2926A>G","p.M976V"
"KMT2E","NM_182931","c.2995G>T","p.G999C"
"KMT2E","NM_182931","c.3028A>G","p.N1010D"
"KMT2E","NM_182931","c.3043G>A","p.G1015R"
"KMT2E","NM_182931","c.3137G>A","p.R1046K"
"KMT2E","NM_182931","c.3354A>G","p.E1118E"
"KMT2E","NM_182931","c.354A>G","p.V118V"
"KMT2E","NM_182931","c.3554C>T","p.S1185L"
"KMT2E","NM_182931","c.3596G>A","p.C1199Y"
"KMT2E","NM_182931","c.3674A>T","p.N1225I"
"KMT2E","NM_182931","c.3973C>T","p.P1325S"
"KMT2E","NM_182931","c.4182C>G","p.H1394Q"
"KMT2E","NM_182931","c.4220A>G","p.N1407S"
"KMT2E","NM_182931","c.4232T>G","p.L1411R"
"KMT2E","NM_182931","c.4270T>C","p.S1424P"
"KMT2E","NM_182931","c.42G>A","p.T14T"
"KMT2E","NM_182931","c.4365G>A","p.T1455T"
"KMT2E","NM_182931","c.4497T>C","p.F1499F"
"KMT2E","NM_182931","c.4529C>T","p.T1510I"
"KMT2E","NM_182931","c.4584A>G","p.S1528S"
"KMT2E","NM_182931","c.4595G>A","p.S1532N"
"KMT2E","NM_182931","c.4751C>T","p.S1584L"
"KMT2E","NM_182931","c.4985T>C","p.V1662A"
"KMT2E","NM_182931","c.5007T>A","p.H1669Q"
"KMT2E","NM_182931","c.5061C>T","p.A1687A"
"KMT2E","NM_182931","c.5154C>T","p.P1718P"
"KMT2E","NM_182931","c.5239C>G","p.P1747A"
"KMT2E","NM_182931","c.5256G>A","p.S1752S"
"KMT2E","NM_182931","c.5297C>T","p.T1766I"
"KMT2E","NM_182931","c.5350C>T","p.P1784S"
"KMT2E","NM_182931","c.5355T>C","p.H1785H"
"KMT2E","NM_182931","c.535C>T","p.R179W"
"KMT2E","NM_182931","c.5448C>T","p.G1816G"
"KMT2E","NM_182931","c.5490A>C","p.A1830A"
"KMT2E","NM_182931","c.5531T>C","p.V1844A"
"KMT2E","NM_182931","c.737G>A","p.R246H"
"KMT2E","NM_182931","c.771T>C","p.G257G"
"KMT2E","NM_182931","c.876C>T","p.Y292Y"
"MBD3","NM_0012814","c.25C>T","p.P9S"
"MBD3","NM_0012814","c.276G>A","p.K92K"
"MBD3","NM_0012814","c.401C>T","p.P134L"
"MBD3","NM_0012814","c.447C>T","p.F149F"
"MBD3","NM_0012814","c.468C>G","p.V156V"
"MBD3","NM_0012814","c.612C>T","p.P204P"
"MBD3","NM_0012814","c.624C>T","p.L208L"
"MBD3","NM_0012814","c.686A>C","p.E229A"
"MBD3","NM_0012814","c.807C>T","p.D269D"
"MBD3","NM_0012814","c.810C>T","p.D270D"
"MBD3","NM_0012814","c.814G>A","p.E272K"
"MBD3","NM_0012814","c.819A>G","p.E273E"
"MBD3","NM_0012814","c.858G>A","p.P286P"
"MBD3","NM_0012814","c.180G>A","p.K60K"
"MBD3","NM_0012814","c.305C>T","p.P102L"
"MBD3","NM_0012814","c.351C>T","p.F117F"
"MBD3","NM_0012814","c.372C>G","p.V124V"
"MBD3","NM_0012814","c.516C>T","p.P172P"
"MBD3","NM_0012814","c.528C>T","p.L176L"
"MBD3","NM_0012814","c.590A>C","p.E197A"
"MBD3","NM_0012814","c.711C>T","p.D237D"
"MBD3","NM_0012814","c.714C>T","p.D238D"
"MBD3","NM_0012814","c.718G>A","p.E240K"
"MBD3","NM_0012814","c.723A>G","p.E241E"
"MBD3","NM_0012814","c.762G>A","p.P254P"
"MBD4","NM_0012762","c.1024T>C","p.S342P"
"MBD4","NM_0012762","c.1036G>A","p.E346K"
"MBD4","NM_0012762","c.1073T>C","p.I358T"
"MBD4","NM_0012762","c.1074C>T","p.I358I"
"MBD4","NM_0012762","c.111A>T","p.E37D"
"MBD4","NM_0012762","c.1132C>T","p.R378C"
"MBD4","NM_0012762","c.1177T>A","p.F393I"
"MBD4","NM_0012762","c.1244A>G","p.K415R"
"MBD4","NM_0012762","c.1277G>A","p.R426H"
"MBD4","NM_0012762","c.1307G>A","p.R436Q"
"MBD4","NM_0012762","c.1365C>T","p.I455I"
"MBD4","NM_0012762","c.136G>A","p.V46M"
"MBD4","NM_0012762","c.1382A>G","p.N461S"
"MBD4","NM_0012762","c.1395C>T","p.G465G"
"MBD4","NM_0012762","c.1576A>G","p.I526V"
"MBD4","NM_0012762","c.1580A>T","p.E527V"
"MBD4","NM_0012762","c.1590G>A","p.G530G"
"MBD4","NM_0012762","c.1684G>C","p.D562H"
"MBD4","NM_0012762","c.31C>T","p.L11L"
"MBD4","NM_0012762","c.336C>T","p.S112S"
"MBD4","NM_0012762","c.368C>T","p.S123L"
"MBD4","NM_0012762","c.415G>C","p.E139Q"
"MBD4","NM_0012762","c.483A>T","p.A161A"
"MBD4","NM_0012762","c.542G>A","p.R181Q"
"MBD4","NM_0012762","c.572C>T","p.P191L"
"MBD4","NM_0012762","c.573G>A","p.P191P"
"MBD4","NM_0012762","c.702G>A","p.K234K"
"MBD4","NM_0012762","c.817G>A","p.A273T"
"MBD4","NM_0012762","c.839A>T","p.Q280L"
"MBD4","NM_0012762","c.1024T>C","p.S342P"
"MBD4","NM_0012762","c.1036G>A","p.E346K"
"MBD4","NM_0012762","c.1073T>C","p.I358T"
"MBD4","NM_0012762","c.1074C>T","p.I358I"
"MBD4","NM_0012762","c.111A>T","p.E37D"
"MBD4","NM_0012762","c.1132C>T","p.R378C"
"MBD4","NM_0012762","c.1177T>A","p.F393I"
"MBD4","NM_0012762","c.1200A>G","p.Q400Q"
"MBD4","NM_0012762","c.1262A>G","p.K421R"
"MBD4","NM_0012762","c.1295G>A","p.R432H"
"MBD4","NM_0012762","c.1325G>A","p.R442Q"
"MBD4","NM_0012762","c.136G>A","p.V46M"
"MBD4","NM_0012762","c.1383C>T","p.I461I"
"MBD4","NM_0012762","c.1400A>G","p.N467S"
"MBD4","NM_0012762","c.1413C>T","p.G471G"
"MBD4","NM_0012762","c.1594A>G","p.I532V"
"MBD4","NM_0012762","c.1598A>T","p.E533V"
"MBD4","NM_0012762","c.1608G>A","p.G536G"
"MBD4","NM_0012762","c.1699T>G","p.L567V"
"MBD4","NM_0012762","c.31C>T","p.L11L"
"MBD4","NM_0012762","c.336C>T","p.S112S"
"MBD4","NM_0012762","c.368C>T","p.S123L"
"MBD4","NM_0012762","c.415G>C","p.E139Q"
"MBD4","NM_0012762","c.483A>T","p.A161A"
"MBD4","NM_0012762","c.542G>A","p.R181Q"
"MBD4","NM_0012762","c.572C>T","p.P191L"
"MBD4","NM_0012762","c.573G>A","p.P191P"
"MBD4","NM_0012762","c.702G>A","p.K234K"
"MBD4","NM_0012762","c.817G>A","p.A273T"
"MBD4","NM_0012762","c.839A>T","p.Q280L"
"MBD4","NM_0012762","c.1024T>C","p.S342P"
"MBD4","NM_0012762","c.1036G>A","p.E346K"
"MBD4","NM_0012762","c.1073T>C","p.I358T"
"MBD4","NM_0012762","c.1074C>T","p.I358I"
"MBD4","NM_0012762","c.111A>T","p.E37D"
"MBD4","NM_0012762","c.1132C>T","p.R378C"
"MBD4","NM_0012762","c.1177T>A","p.F393I"
"MBD4","NM_0012762","c.1200A>G","p.Q400Q"
"MBD4","NM_0012762","c.1262A>G","p.K421R"
"MBD4","NM_0012762","c.1295G>A","p.R432H"
"MBD4","NM_0012762","c.1325G>A","p.R442Q"
"MBD4","NM_0012762","c.136G>A","p.V46M"
"MBD4","NM_0012762","c.1383C>T","p.I461I"
"MBD4","NM_0012762","c.1400A>G","p.N467S"
"MBD4","NM_0012762","c.1413C>T","p.G471G"
"MBD4","NM_0012762","c.1594A>G","p.I532V"
"MBD4","NM_0012762","c.1598A>T","p.E533V"
"MBD4","NM_0012762","c.1608G>A","p.G536G"
"MBD4","NM_0012762","c.31C>T","p.L11L"
"MBD4","NM_0012762","c.336C>T","p.S112S"
"MBD4","NM_0012762","c.368C>T","p.S123L"
"MBD4","NM_0012762","c.415G>C","p.E139Q"
"MBD4","NM_0012762","c.483A>T","p.A161A"
"MBD4","NM_0012762","c.542G>A","p.R181Q"
"MBD4","NM_0012762","c.572C>T","p.P191L"
"MBD4","NM_0012762","c.573G>A","p.P191P"
"MBD4","NM_0012762","c.702G>A","p.K234K"
"MBD4","NM_0012762","c.817G>A","p.A273T"
"MBD4","NM_0012762","c.839A>T","p.Q280L"
"MBD4","NM_0012762","c.111A>T","p.E37D"
"MBD4","NM_0012762","c.136G>A","p.V46M"
"MBD4","NM_0012762","c.308A>G","p.K103R"
"MBD4","NM_0012762","c.31C>T","p.L11L"
"MBD4","NM_0012762","c.341G>A","p.R114H"
"MBD4","NM_0012762","c.371G>A","p.R124Q"
"MBD4","NM_0012762","c.429C>T","p.I143I"
"MBD4","NM_0012762","c.446A>G","p.N149S"
"MBD4","NM_0012762","c.459C>T","p.G153G"
"MBD4","NM_0012762","c.640A>G","p.I214V"
"MBD4","NM_0012762","c.644A>T","p.E215V"
"MBD4","NM_0012762","c.654G>A","p.G218G"
"MBD4","NM_0012762","c.748G>C","p.D250H"
"MBD4","NM_003925","c.1024T>C","p.S342P"
"MBD4","NM_003925","c.1036G>A","p.E346K"
"MBD4","NM_003925","c.1073T>C","p.I358T"
"MBD4","NM_003925","c.1074C>T","p.I358I"
"MBD4","NM_003925","c.111A>T","p.E37D"
"MBD4","NM_003925","c.1132C>T","p.R378C"
"MBD4","NM_003925","c.1177T>A","p.F393I"
"MBD4","NM_003925","c.1200A>G","p.Q400Q"
"MBD4","NM_003925","c.1262A>G","p.K421R"
"MBD4","NM_003925","c.1295G>A","p.R432H"
"MBD4","NM_003925","c.1325G>A","p.R442Q"
"MBD4","NM_003925","c.136G>A","p.V46M"
"MBD4","NM_003925","c.1383C>T","p.I461I"
"MBD4","NM_003925","c.1400A>G","p.N467S"
"MBD4","NM_003925","c.1413C>T","p.G471G"
"MBD4","NM_003925","c.1594A>G","p.I532V"
"MBD4","NM_003925","c.1598A>T","p.E533V"
"MBD4","NM_003925","c.1608G>A","p.G536G"
"MBD4","NM_003925","c.1702G>C","p.D568H"
"MBD4","NM_003925","c.31C>T","p.L11L"
"MBD4","NM_003925","c.336C>T","p.S112S"
"MBD4","NM_003925","c.368C>T","p.S123L"
"MBD4","NM_003925","c.415G>C","p.E139Q"
"MBD4","NM_003925","c.483A>T","p.A161A"
"MBD4","NM_003925","c.542G>A","p.R181Q"
"MBD4","NM_003925","c.572C>T","p.P191L"
"MBD4","NM_003925","c.573G>A","p.P191P"
"MBD4","NM_003925","c.702G>A","p.K234K"
"MBD4","NM_003925","c.817G>A","p.A273T"
"MBD4","NM_003925","c.839A>T","p.Q280L"
"MINA","NM_0010425","c.1027T>C","p.S343P"
"MINA","NM_0010425","c.1073C>T","p.P358L"
"MINA","NM_0010425","c.1156G>A","p.A386T"
"MINA","NM_0010425","c.180G>A","p.E60E"
"MINA","NM_0010425","c.187C>G","p.P63A"
"MINA","NM_0010425","c.279G>A","p.G93G"
"MINA","NM_0010425","c.281T>G","p.M94R"
"MINA","NM_0010425","c.306C>T","p.V102V"
"MINA","NM_0010425","c.419C>T","p.P140L"
"MINA","NM_0010425","c.437A>G","p.E146G"
"MINA","NM_0010425","c.463G>C","p.E155Q"
"MINA","NM_0010425","c.487G>A","p.G163S"
"MINA","NM_0010425","c.49G>C","p.A17P"
"MINA","NM_0010425","c.549C>T","p.V183V"
"MINA","NM_0010425","c.589C>T","p.R197C"
"MINA","NM_0010425","c.590G>A","p.R197H"
"MINA","NM_0010425","c.602C>T","p.P201L"
"MINA","NM_0010425","c.643G>A","p.E215K"
"MINA","NM_0010425","c.66G>A","p.M22I"
"MINA","NM_0010425","c.679A>C","p.K227Q"
"MINA","NM_0010425","c.726G>A","p.A242A"
"MINA","NM_0010425","c.753T>G","p.S251S"
"MINA","NM_0010425","c.768C>T","p.I256I"
"MINA","NM_0010425","c.868A>G","p.I290V"
"MINA","NM_0010425","c.93A>T","p.S31S"
"MINA","NM_0010425","c.952C>T","p.R318W"
"MINA","NM_0010425","c.975G>A","p.L325L"
"MINA","NM_0012618","c.1024T>C","p.S342P"
"MINA","NM_0012618","c.1070C>T","p.P357L"
"MINA","NM_0012618","c.1153G>A","p.A385T"
"MINA","NM_0012618","c.180G>A","p.E60E"
"MINA","NM_0012618","c.187C>G","p.P63A"
"MINA","NM_0012618","c.279G>A","p.G93G"
"MINA","NM_0012618","c.281T>G","p.M94R"
"MINA","NM_0012618","c.306C>T","p.V102V"
"MINA","NM_0012618","c.419C>T","p.P140L"
"MINA","NM_0012618","c.437A>G","p.E146G"
"MINA","NM_0012618","c.463G>C","p.E155Q"
"MINA","NM_0012618","c.487G>A","p.G163S"
"MINA","NM_0012618","c.49G>C","p.A17P"
"MINA","NM_0012618","c.549C>T","p.V183V"
"MINA","NM_0012618","c.589C>T","p.R197C"
"MINA","NM_0012618","c.590G>A","p.R197H"
"MINA","NM_0012618","c.602C>T","p.P201L"
"MINA","NM_0012618","c.643G>A","p.E215K"
"MINA","NM_0012618","c.66G>A","p.M22I"
"MINA","NM_0012618","c.679A>C","p.K227Q"
"MINA","NM_0012618","c.726G>A","p.A242A"
"MINA","NM_0012618","c.753T>G","p.S251S"
"MINA","NM_0012618","c.768C>T","p.I256I"
"MINA","NM_0012618","c.868A>G","p.I290V"
"MINA","NM_0012618","c.93A>T","p.S31S"
"MINA","NM_0012618","c.949C>T","p.R317W"
"MINA","NM_0012618","c.972G>A","p.L324L"
"MINA","NM_032778","c.1024T>C","p.S342P"
"MINA","NM_032778","c.1070C>T","p.P357L"
"MINA","NM_032778","c.1153G>A","p.A385T"
"MINA","NM_032778","c.180G>A","p.E60E"
"MINA","NM_032778","c.187C>G","p.P63A"
"MINA","NM_032778","c.279G>A","p.G93G"
"MINA","NM_032778","c.281T>G","p.M94R"
"MINA","NM_032778","c.306C>T","p.V102V"
"MINA","NM_032778","c.419C>T","p.P140L"
"MINA","NM_032778","c.437A>G","p.E146G"
"MINA","NM_032778","c.463G>C","p.E155Q"
"MINA","NM_032778","c.487G>A","p.G163S"
"MINA","NM_032778","c.49G>C","p.A17P"
"MINA","NM_032778","c.549C>T","p.V183V"
"MINA","NM_032778","c.589C>T","p.R197C"
"MINA","NM_032778","c.590G>A","p.R197H"
"MINA","NM_032778","c.602C>T","p.P201L"
"MINA","NM_032778","c.643G>A","p.E215K"
"MINA","NM_032778","c.66G>A","p.M22I"
"MINA","NM_032778","c.679A>C","p.K227Q"
"MINA","NM_032778","c.726G>A","p.A242A"
"MINA","NM_032778","c.753T>G","p.S251S"
"MINA","NM_032778","c.768C>T","p.I256I"
"MINA","NM_032778","c.868A>G","p.I290V"
"MINA","NM_032778","c.93A>T","p.S31S"
"MINA","NM_032778","c.949C>T","p.R317W"
"MINA","NM_032778","c.972G>A","p.L324L"
"MINA","NM_153182","c.1027T>C","p.S343P"
"MINA","NM_153182","c.1073C>T","p.P358L"
"MINA","NM_153182","c.1156G>A","p.A386T"
"MINA","NM_153182","c.180G>A","p.E60E"
"MINA","NM_153182","c.187C>G","p.P63A"
"MINA","NM_153182","c.279G>A","p.G93G"
"MINA","NM_153182","c.281T>G","p.M94R"
"MINA","NM_153182","c.306C>T","p.V102V"
"MINA","NM_153182","c.419C>T","p.P140L"
"MINA","NM_153182","c.437A>G","p.E146G"
"MINA","NM_153182","c.463G>C","p.E155Q"
"MINA","NM_153182","c.487G>A","p.G163S"
"MINA","NM_153182","c.49G>C","p.A17P"
"MINA","NM_153182","c.549C>T","p.V183V"
"MINA","NM_153182","c.589C>T","p.R197C"
"MINA","NM_153182","c.590G>A","p.R197H"
"MINA","NM_153182","c.602C>T","p.P201L"
"MINA","NM_153182","c.643G>A","p.E215K"
"MINA","NM_153182","c.66G>A","p.M22I"
"MINA","NM_153182","c.679A>C","p.K227Q"
"MINA","NM_153182","c.726G>A","p.A242A"
"MINA","NM_153182","c.753T>G","p.S251S"
"MINA","NM_153182","c.768C>T","p.I256I"
"MINA","NM_153182","c.868A>G","p.I290V"
"MINA","NM_153182","c.93A>T","p.S31S"
"MINA","NM_153182","c.952C>T","p.R318W"
"MINA","NM_153182","c.975G>A","p.L325L"
"MTA3","NM_0012827","c.1017T>C","p.P339P"
"MTA3","NM_0012827","c.1026G>A","p.Q342Q"
"MTA3","NM_0012827","c.111G>A","p.L37L"
"MTA3","NM_0012827","c.1138C>T","p.R380C"
"MTA3","NM_0012827","c.1160G>A","p.R387H"
"MTA3","NM_0012827","c.1223G>T","p.R408L"
"MTA3","NM_0012827","c.1317G>A","p.P439P"
"MTA3","NM_0012827","c.1364G>A","p.R455K"
"MTA3","NM_0012827","c.1398C>G","p.S466R"
"MTA3","NM_0012827","c.1452T>A","p.P484P"
"MTA3","NM_0012827","c.1519A>T","p.T507S"
"MTA3","NM_0012827","c.1596G>A","p.T532T"
"MTA3","NM_0012827","c.174G>C","p.L58L"
"MTA3","NM_0012827","c.240T>C","p.Y80Y"
"MTA3","NM_0012827","c.261A>G","p.L87L"
"MTA3","NM_0012827","c.399G>A","p.T133T"
"MTA3","NM_0012827","c.540C>T","p.H180H"
"MTA3","NM_0012827","c.708C>T","p.D236D"
"MTA3","NM_0012827","c.849C>T","p.I283I"
"MTA3","NM_0012827","c.1017T>C","p.P339P"
"MTA3","NM_0012827","c.1026G>A","p.Q342Q"
"MTA3","NM_0012827","c.111G>A","p.L37L"
"MTA3","NM_0012827","c.1138C>T","p.R380C"
"MTA3","NM_0012827","c.1160G>A","p.R387H"
"MTA3","NM_0012827","c.1223G>T","p.R408L"
"MTA3","NM_0012827","c.1317G>A","p.P439P"
"MTA3","NM_0012827","c.1364G>A","p.R455K"
"MTA3","NM_0012827","c.1398C>G","p.S466R"
"MTA3","NM_0012827","c.1452T>A","p.P484P"
"MTA3","NM_0012827","c.1519A>T","p.T507S"
"MTA3","NM_0012827","c.1596G>A","p.T532T"
"MTA3","NM_0012827","c.174G>C","p.L58L"
"MTA3","NM_0012827","c.240T>C","p.Y80Y"
"MTA3","NM_0012827","c.261A>G","p.L87L"
"MTA3","NM_0012827","c.399G>A","p.T133T"
"MTA3","NM_0012827","c.540C>T","p.H180H"
"MTA3","NM_0012827","c.708C>T","p.D236D"
"MTA3","NM_0012827","c.849C>T","p.I283I"
"MTA3","NM_020744","c.1017C>T","p.I339I"
"MTA3","NM_020744","c.1188T>C","p.P396P"
"MTA3","NM_020744","c.1197G>A","p.Q399Q"
"MTA3","NM_020744","c.1309C>T","p.R437C"
"MTA3","NM_020744","c.1331G>A","p.R444H"
"MTA3","NM_020744","c.1394G>T","p.R465L"
"MTA3","NM_020744","c.1488G>A","p.P496P"
"MTA3","NM_020744","c.279G>A","p.L93L"
"MTA3","NM_020744","c.342G>C","p.L114L"
"MTA3","NM_020744","c.408T>C","p.Y136Y"
"MTA3","NM_020744","c.429A>G","p.L143L"
"MTA3","NM_020744","c.53C>G","p.S18C"
"MTA3","NM_020744","c.567G>A","p.T189T"
"MTA3","NM_020744","c.708C>T","p.H236H"
"MTA3","NM_020744","c.876C>T","p.D292D"
"NCOA1","NM_003743","c.1221A>G","p.P407P"
"NCOA1","NM_003743","c.1323C>T","p.F441F"
"NCOA1","NM_003743","c.1419T>C","p.N473N"
"NCOA1","NM_003743","c.1451C>T","p.A484V"
"NCOA1","NM_003743","c.1455G>A","p.Q485Q"
"NCOA1","NM_003743","c.1485T>C","p.S495S"
"NCOA1","NM_003743","c.1505G>A","p.R502K"
"NCOA1","NM_003743","c.1512A>T","p.P504P"
"NCOA1","NM_003743","c.1566A>T","p.T522T"
"NCOA1","NM_003743","c.1716A>T","p.R572S"
"NCOA1","NM_003743","c.1724T>C","p.I575T"
"NCOA1","NM_003743","c.1728A>G","p.Q576Q"
"NCOA1","NM_003743","c.1923C>T","p.A641A"
"NCOA1","NM_003743","c.1983A>G","p.T661T"
"NCOA1","NM_003743","c.2356A>G","p.T786A"
"NCOA1","NM_003743","c.237A>C","p.L79L"
"NCOA1","NM_003743","c.24A>T","p.S8S"
"NCOA1","NM_003743","c.2516C>T","p.A839V"
"NCOA1","NM_003743","c.2823T>C","p.S941S"
"NCOA1","NM_003743","c.3060G>T","p.T1020T"
"NCOA1","NM_003743","c.3090T>G","p.G1030G"
"NCOA1","NM_003743","c.3100C>T","p.P1034S"
"NCOA1","NM_003743","c.3111C>T","p.G1037G"
"NCOA1","NM_003743","c.3202T>C","p.L1068L"
"NCOA1","NM_003743","c.3213A>G","p.Q1071Q"
"NCOA1","NM_003743","c.3359A>G","p.Q1120R"
"NCOA1","NM_003743","c.3491C>G","p.P1164R"
"NCOA1","NM_003743","c.3527A>G","p.N1176S"
"NCOA1","NM_003743","c.3712G>A","p.V1238I"
"NCOA1","NM_003743","c.3774G>A","p.M1258I"
"NCOA1","NM_003743","c.3801T>G","p.L1267L"
"NCOA1","NM_003743","c.3814C>T","p.P1272S"
"NCOA1","NM_003743","c.3825C>T","p.S1275S"
"NCOA1","NM_003743","c.3831T>C","p.Y1277Y"
"NCOA1","NM_003743","c.3995A>G","p.N1332S"
"NCOA1","NM_003743","c.4085G>A","p.R1362K"
"NCOA1","NM_003743","c.414G>A","p.E138E"
"NCOA1","NM_003743","c.4199T>C","p.V1400A"
"NCOA1","NM_003743","c.4277C>A","p.T1426N"
"NCOA1","NM_003743","c.462G>C","p.T154T"
"NCOA1","NM_003743","c.852C>A","p.G284G"
"NCOA1","NM_003743","c.93G>A","p.T31T"
"NCOA1","NM_003743","c.945A>G","p.Q315Q"
"NCOA1","NM_147223","c.1221A>G","p.P407P"
"NCOA1","NM_147223","c.1323C>T","p.F441F"
"NCOA1","NM_147223","c.1419T>C","p.N473N"
"NCOA1","NM_147223","c.1451C>T","p.A484V"
"NCOA1","NM_147223","c.1455G>A","p.Q485Q"
"NCOA1","NM_147223","c.1485T>C","p.S495S"
"NCOA1","NM_147223","c.1505G>A","p.R502K"
"NCOA1","NM_147223","c.1512A>T","p.P504P"
"NCOA1","NM_147223","c.1566A>T","p.T522T"
"NCOA1","NM_147223","c.1716A>T","p.R572S"
"NCOA1","NM_147223","c.1724T>C","p.I575T"
"NCOA1","NM_147223","c.1728A>G","p.Q576Q"
"NCOA1","NM_147223","c.1923C>T","p.A641A"
"NCOA1","NM_147223","c.1983A>G","p.T661T"
"NCOA1","NM_147223","c.2356A>G","p.T786A"
"NCOA1","NM_147223","c.237A>C","p.L79L"
"NCOA1","NM_147223","c.24A>T","p.S8S"
"NCOA1","NM_147223","c.2516C>T","p.A839V"
"NCOA1","NM_147223","c.2823T>C","p.S941S"
"NCOA1","NM_147223","c.3060G>T","p.T1020T"
"NCOA1","NM_147223","c.3090T>G","p.G1030G"
"NCOA1","NM_147223","c.3100C>T","p.P1034S"
"NCOA1","NM_147223","c.3111C>T","p.G1037G"
"NCOA1","NM_147223","c.3202T>C","p.L1068L"
"NCOA1","NM_147223","c.3213A>G","p.Q1071Q"
"NCOA1","NM_147223","c.3359A>G","p.Q1120R"
"NCOA1","NM_147223","c.3491C>G","p.P1164R"
"NCOA1","NM_147223","c.3527A>G","p.N1176S"
"NCOA1","NM_147223","c.3712G>A","p.V1238I"
"NCOA1","NM_147223","c.3774G>A","p.M1258I"
"NCOA1","NM_147223","c.3801T>G","p.L1267L"
"NCOA1","NM_147223","c.3814C>T","p.P1272S"
"NCOA1","NM_147223","c.3825C>T","p.S1275S"
"NCOA1","NM_147223","c.3831T>C","p.Y1277Y"
"NCOA1","NM_147223","c.3995A>G","p.N1332S"
"NCOA1","NM_147223","c.4085G>A","p.R1362K"
"NCOA1","NM_147223","c.414G>A","p.E138E"
"NCOA1","NM_147223","c.462G>C","p.T154T"
"NCOA1","NM_147223","c.852C>A","p.G284G"
"NCOA1","NM_147223","c.93G>A","p.T31T"
"NCOA1","NM_147223","c.945A>G","p.Q315Q"
"NCOA1","NM_147233","c.1221A>G","p.P407P"
"NCOA1","NM_147233","c.1323C>T","p.F441F"
"NCOA1","NM_147233","c.1419T>C","p.N473N"
"NCOA1","NM_147233","c.1451C>T","p.A484V"
"NCOA1","NM_147233","c.1455G>A","p.Q485Q"
"NCOA1","NM_147233","c.1485T>C","p.S495S"
"NCOA1","NM_147233","c.1505G>A","p.R502K"
"NCOA1","NM_147233","c.1512A>T","p.P504P"
"NCOA1","NM_147233","c.1566A>T","p.T522T"
"NCOA1","NM_147233","c.1716A>T","p.R572S"
"NCOA1","NM_147233","c.1724T>C","p.I575T"
"NCOA1","NM_147233","c.1728A>G","p.Q576Q"
"NCOA1","NM_147233","c.1923C>T","p.A641A"
"NCOA1","NM_147233","c.1983A>G","p.T661T"
"NCOA1","NM_147233","c.2356A>G","p.T786A"
"NCOA1","NM_147233","c.237A>C","p.L79L"
"NCOA1","NM_147233","c.24A>T","p.S8S"
"NCOA1","NM_147233","c.2516C>T","p.A839V"
"NCOA1","NM_147233","c.2823T>C","p.S941S"
"NCOA1","NM_147233","c.3060G>T","p.T1020T"
"NCOA1","NM_147233","c.3090T>G","p.G1030G"
"NCOA1","NM_147233","c.3100C>T","p.P1034S"
"NCOA1","NM_147233","c.3111C>T","p.G1037G"
"NCOA1","NM_147233","c.3202T>C","p.L1068L"
"NCOA1","NM_147233","c.3213A>G","p.Q1071Q"
"NCOA1","NM_147233","c.3359A>G","p.Q1120R"
"NCOA1","NM_147233","c.3491C>G","p.P1164R"
"NCOA1","NM_147233","c.3527A>G","p.N1176S"
"NCOA1","NM_147233","c.3712G>A","p.V1238I"
"NCOA1","NM_147233","c.3774G>A","p.M1258I"
"NCOA1","NM_147233","c.3801T>G","p.L1267L"
"NCOA1","NM_147233","c.3814C>T","p.P1272S"
"NCOA1","NM_147233","c.3825C>T","p.S1275S"
"NCOA1","NM_147233","c.3831T>C","p.Y1277Y"
"NCOA1","NM_147233","c.3995A>G","p.N1332S"
"NCOA1","NM_147233","c.4085G>A","p.R1362K"
"NCOA1","NM_147233","c.414G>A","p.E138E"
"NCOA1","NM_147233","c.4196T>C","p.V1399A"
"NCOA1","NM_147233","c.4274C>A","p.T1425N"
"NCOA1","NM_147233","c.462G>C","p.T154T"
"NCOA1","NM_147233","c.852C>A","p.G284G"
"NCOA1","NM_147233","c.93G>A","p.T31T"
"NCOA1","NM_147233","c.945A>G","p.Q315Q"
"NSD1","NM_022455","c.1149C>T","p.I383I"
"NSD1","NM_022455","c.1252T>C","p.L418L"
"NSD1","NM_022455","c.1317C>T","p.N439N"
"NSD1","NM_022455","c.1482C>T","p.C494C"
"NSD1","NM_022455","c.1515T>C","p.N505N"
"NSD1","NM_022455","c.1546A>T","p.I516L"
"NSD1","NM_022455","c.1574G>A","p.R525Q"
"NSD1","NM_022455","c.1654T>C","p.S552P"
"NSD1","NM_022455","c.1666A>G","p.N556D"
"NSD1","NM_022455","c.1690G>T","p.A564S"
"NSD1","NM_022455","c.1749G>A","p.E583E"
"NSD1","NM_022455","c.1779G>C","p.L593F"
"NSD1","NM_022455","c.1792T>C","p.L598L"
"NSD1","NM_022455","c.1811G>T","p.R604L"
"NSD1","NM_022455","c.1840G>T","p.V614L"
"NSD1","NM_022455","c.1895G>A","p.R632Q"
"NSD1","NM_022455","c.1980C>T","p.N660N"
"NSD1","NM_022455","c.2071G>A","p.A691T"
"NSD1","NM_022455","c.2169C>T","p.T723T"
"NSD1","NM_022455","c.2176T>C","p.S726P"
"NSD1","NM_022455","c.2181G>C","p.Q727H"
"NSD1","NM_022455","c.2267A>G","p.N756S"
"NSD1","NM_022455","c.2295C>T","p.N765N"
"NSD1","NM_022455","c.2417T>C","p.I806T"
"NSD1","NM_022455","c.2450C>T","p.S817F"
"NSD1","NM_022455","c.2696T>C","p.I899T"
"NSD1","NM_022455","c.2822G>A","p.R941H"
"NSD1","NM_022455","c.2970G>T","p.E990D"
"NSD1","NM_022455","c.3000C>T","p.S1000S"
"NSD1","NM_022455","c.3106G>C","p.A1036P"
"NSD1","NM_022455","c.3151G>A","p.E1051K"
"NSD1","NM_022455","c.3178C>T","p.P1060S"
"NSD1","NM_022455","c.3187A>G","p.T1063A"
"NSD1","NM_022455","c.3292A>G","p.T1098A"
"NSD1","NM_022455","c.3389A>G","p.E1130G"
"NSD1","NM_022455","c.339C>T","p.C113C"
"NSD1","NM_022455","c.3692G>A","p.G1231E"
"NSD1","NM_022455","c.3705T>C","p.N1235N"
"NSD1","NM_022455","c.3722G>C","p.S1241T"
"NSD1","NM_022455","c.3950T>C","p.L1317P"
"NSD1","NM_022455","c.4176G>C","p.L1392F"
"NSD1","NM_022455","c.4473G>T","p.S1491S"
"NSD1","NM_022455","c.4520C>T","p.T1507M"
"NSD1","NM_022455","c.480C>T","p.D160D"
"NSD1","NM_022455","c.489T>C","p.D163D"
"NSD1","NM_022455","c.4973T>A","p.L1658X"
"NSD1","NM_022455","c.5061C>T","p.I1687I"
"NSD1","NM_022455","c.5209G>A","p.D1737N"
"NSD1","NM_022455","c.53A>G","p.N18S"
"NSD1","NM_022455","c.5832T>C","p.V1944V"
"NSD1","NM_022455","c.6636T>C","p.P2212P"
"NSD1","NM_022455","c.6675A>C","p.P2225P"
"NSD1","NM_022455","c.671C>T","p.S224L"
"NSD1","NM_022455","c.6750G>A","p.M2250I"
"NSD1","NM_022455","c.6782T>C","p.M2261T"
"NSD1","NM_022455","c.6786G>T","p.L2262L"
"NSD1","NM_022455","c.6829T>C","p.L2277L"
"NSD1","NM_022455","c.6903G>C","p.G2301G"
"NSD1","NM_022455","c.7145C>T","p.T2382I"
"NSD1","NM_022455","c.7350T>C","p.N2450N"
"NSD1","NM_022455","c.7421A>C","p.Q2474P"
"NSD1","NM_022455","c.7575C>T","p.D2525D"
"NSD1","NM_022455","c.760C>T","p.L254F"
"NSD1","NM_022455","c.7636G>A","p.A2546T"
"NSD1","NM_022455","c.7645T>A","p.Y2549N"
"NSD1","NM_022455","c.7722G>A","p.P2574P"
"NSD1","NM_022455","c.7735C>G","p.Q2579E"
"NSD1","NM_022455","c.7780G>A","p.A2594T"
"NSD1","NM_022455","c.7850T>C","p.L2617S"
"NSD1","NM_022455","c.7933C>T","p.L2645L"
"NSD1","NM_022455","c.8009A>T","p.D2670V"
"NSD1","NM_022455","c.8022G>A","p.E2674E"
"NSD1","NM_022455","c.8025A>G","p.Q2675Q"
"NSD1","NM_022455","c.8050G>A","p.A2684T"
"NSD1","NM_022455","c.8071G>A","p.A2691T"
"NSD1","NM_022455","c.816C>A","p.N272K"
"NSD1","NM_022455","c.820A>G","p.I274V"
"NSD1","NM_172349","c.1004G>T","p.R335L"
"NSD1","NM_172349","c.1033G>T","p.V345L"
"NSD1","NM_172349","c.1088G>A","p.R363Q"
"NSD1","NM_172349","c.1173C>T","p.N391N"
"NSD1","NM_172349","c.1264G>A","p.A422T"
"NSD1","NM_172349","c.1362C>T","p.T454T"
"NSD1","NM_172349","c.1369T>C","p.S457P"
"NSD1","NM_172349","c.1374G>C","p.Q458H"
"NSD1","NM_172349","c.1460A>G","p.N487S"
"NSD1","NM_172349","c.1488C>T","p.N496N"
"NSD1","NM_172349","c.1610T>C","p.I537T"
"NSD1","NM_172349","c.1643C>T","p.S548F"
"NSD1","NM_172349","c.1889T>C","p.I630T"
"NSD1","NM_172349","c.2015G>A","p.R672H"
"NSD1","NM_172349","c.2163G>T","p.E721D"
"NSD1","NM_172349","c.2193C>T","p.S731S"
"NSD1","NM_172349","c.2299G>C","p.A767P"
"NSD1","NM_172349","c.2344G>A","p.E782K"
"NSD1","NM_172349","c.2371C>T","p.P791S"
"NSD1","NM_172349","c.2380A>G","p.T794A"
"NSD1","NM_172349","c.2485A>G","p.T829A"
"NSD1","NM_172349","c.2582A>G","p.E861G"
"NSD1","NM_172349","c.2885G>A","p.G962E"
"NSD1","NM_172349","c.2898T>C","p.N966N"
"NSD1","NM_172349","c.2915G>C","p.S972T"
"NSD1","NM_172349","c.3143T>C","p.L1048P"
"NSD1","NM_172349","c.3369G>C","p.L1123F"
"NSD1","NM_172349","c.342C>T","p.I114I"
"NSD1","NM_172349","c.3666G>T","p.S1222S"
"NSD1","NM_172349","c.3713C>T","p.T1238M"
"NSD1","NM_172349","c.4166T>A","p.L1389X"
"NSD1","NM_172349","c.4254C>T","p.I1418I"
"NSD1","NM_172349","c.4402G>A","p.D1468N"
"NSD1","NM_172349","c.445T>C","p.L149L"
"NSD1","NM_172349","c.5025T>C","p.V1675V"
"NSD1","NM_172349","c.510C>T","p.N170N"
"NSD1","NM_172349","c.5829T>C","p.P1943P"
"NSD1","NM_172349","c.5868A>C","p.P1956P"
"NSD1","NM_172349","c.5943G>A","p.M1981I"
"NSD1","NM_172349","c.5975T>C","p.M1992T"
"NSD1","NM_172349","c.5979G>T","p.L1993L"
"NSD1","NM_172349","c.6022T>C","p.L2008L"
"NSD1","NM_172349","c.6096G>C","p.G2032G"
"NSD1","NM_172349","c.6338C>T","p.T2113I"
"NSD1","NM_172349","c.6543T>C","p.N2181N"
"NSD1","NM_172349","c.6614A>C","p.Q2205P"
"NSD1","NM_172349","c.675C>T","p.C225C"
"NSD1","NM_172349","c.6768C>T","p.D2256D"
"NSD1","NM_172349","c.6829G>A","p.A2277T"
"NSD1","NM_172349","c.6838T>A","p.Y2280N"
"NSD1","NM_172349","c.6915G>A","p.P2305P"
"NSD1","NM_172349","c.6928C>G","p.Q2310E"
"NSD1","NM_172349","c.6973G>A","p.A2325T"
"NSD1","NM_172349","c.7043T>C","p.L2348S"
"NSD1","NM_172349","c.708T>C","p.N236N"
"NSD1","NM_172349","c.7126C>T","p.L2376L"
"NSD1","NM_172349","c.7202A>T","p.D2401V"
"NSD1","NM_172349","c.7215G>A","p.E2405E"
"NSD1","NM_172349","c.7218A>G","p.Q2406Q"
"NSD1","NM_172349","c.7243G>A","p.A2415T"
"NSD1","NM_172349","c.7264G>A","p.A2422T"
"NSD1","NM_172349","c.739A>T","p.I247L"
"NSD1","NM_172349","c.767G>A","p.R256Q"
"NSD1","NM_172349","c.847T>C","p.S283P"
"NSD1","NM_172349","c.859A>G","p.N287D"
"NSD1","NM_172349","c.883G>T","p.A295S"
"NSD1","NM_172349","c.942G>A","p.E314E"
"NSD1","NM_172349","c.972G>C","p.L324F"
"NSD1","NM_172349","c.985T>C","p.L329L"
"PHF2","NM_005392","c.1122G>A","p.G374G"
"PHF2","NM_005392","c.1145A>G","p.K382R"
"PHF2","NM_005392","c.1181A>G","p.H394R"
"PHF2","NM_005392","c.1345G>A","p.V449I"
"PHF2","NM_005392","c.1390G>T","p.D464Y"
"PHF2","NM_005392","c.1439C>T","p.P480L"
"PHF2","NM_005392","c.1560G>A","p.T520T"
"PHF2","NM_005392","c.1644C>T","p.L548L"
"PHF2","NM_005392","c.1835C>G","p.S612C"
"PHF2","NM_005392","c.1882G>A","p.A628T"
"PHF2","NM_005392","c.1959G>A","p.P653P"
"PHF2","NM_005392","c.2012A>C","p.K671T"
"PHF2","NM_005392","c.213C>T","p.H71H"
"PHF2","NM_005392","c.2174C>T","p.S725L"
"PHF2","NM_005392","c.2175G>A","p.S725S"
"PHF2","NM_005392","c.2179G>A","p.A727T"
"PHF2","NM_005392","c.218C>T","p.P73L"
"PHF2","NM_005392","c.2202G>C","p.S734S"
"PHF2","NM_005392","c.2214G>A","p.S738S"
"PHF2","NM_005392","c.2265G>A","p.K755K"
"PHF2","NM_005392","c.228G>A","p.A76A"
"PHF2","NM_005392","c.2327C>T","p.A776V"
"PHF2","NM_005392","c.2358G>A","p.P786P"
"PHF2","NM_005392","c.2421C>T","p.S807S"
"PHF2","NM_005392","c.2442G>A","p.T814T"
"PHF2","NM_005392","c.2519G>A","p.S840N"
"PHF2","NM_005392","c.2562C>T","p.V854V"
"PHF2","NM_005392","c.2679G>A","p.S893S"
"PHF2","NM_005392","c.2684A>G","p.K895R"
"PHF2","NM_005392","c.2760T>C","p.P920P"
"PHF2","NM_005392","c.2918C>G","p.S973C"
"PHF2","NM_005392","c.2964G>T","p.P988P"
"PHF2","NM_005392","c.3059G>T","p.S1020I"
"PHF2","NM_005392","c.309C>T","p.D103D"
"PHF2","NM_005392","c.3100G>A","p.G1034R"
"PHF2","NM_005392","c.326C>T","p.P109L"
"PHF2","NM_005392","c.342G>A","p.T114T"
"PHF2","NM_005392","c.372C>T","p.T124T"
"PHF2","NM_005392","c.435T>C","p.Y145Y"
"PHF2","NM_005392","c.465G>A","p.P155P"
"PHF2","NM_005392","c.486A>G","p.T162T"
"PHF2","NM_005392","c.519G>A","p.K173K"
"PHF2","NM_005392","c.522G>A","p.L174L"
"PHF2","NM_005392","c.574G>A","p.V192I"
"PHF2","NM_005392","c.624A>T","p.P208P"
"PHF2","NM_005392","c.825G>A","p.S275S"
"PHF8","NM_0011848","c.1386C>T","p.T462T"
"PHF8","NM_0011848","c.1625G>A","p.R542Q"
"PHF8","NM_0011848","c.2307C>T","p.S769S"
"PHF8","NM_0011848","c.2407A>G","p.N803D"
"PHF8","NM_0011848","c.2497G>A","p.A833T"
"PHF8","NM_0011848","c.2636G>A","p.W879X"
"PHF8","NM_0011848","c.2828G>A","p.R943H"
"PHF8","NM_0011848","c.3018C>T","p.T1006T"
"PHF8","NM_0011848","c.306T>G","p.R102R"
"PHF8","NM_0011848","c.327T>A","p.D109E"
"PHF8","NM_0011848","c.549T>G","p.V183V"
"PHF8","NM_0011848","c.714C>T","p.N238N"
"PHF8","NM_0011848","c.720G>A","p.V240V"
"PHF8","NM_0011848","c.894T>G","p.G298G"
"PHF8","NM_0011848","c.990G>A","p.G330G"
"PHF8","NM_0011848","c.1278C>T","p.T426T"
"PHF8","NM_0011848","c.1896C>T","p.S632S"
"PHF8","NM_0011848","c.198T>G","p.R66R"
"PHF8","NM_0011848","c.1996A>G","p.N666D"
"PHF8","NM_0011848","c.2086G>A","p.A696T"
"PHF8","NM_0011848","c.219T>A","p.D73E"
"PHF8","NM_0011848","c.2225G>A","p.W742X"
"PHF8","NM_0011848","c.2417G>A","p.R806H"
"PHF8","NM_0011848","c.2607C>T","p.T869T"
"PHF8","NM_0011848","c.441T>G","p.V147V"
"PHF8","NM_0011848","c.606C>T","p.N202N"
"PHF8","NM_0011848","c.612G>A","p.V204V"
"PHF8","NM_0011848","c.786T>G","p.G262G"
"PHF8","NM_0011848","c.882G>A","p.G294G"
"PHF8","NM_0011848","c.1278C>T","p.T426T"
"PHF8","NM_0011848","c.1517G>A","p.R506Q"
"PHF8","NM_0011848","c.198T>G","p.R66R"
"PHF8","NM_0011848","c.2148C>T","p.S716S"
"PHF8","NM_0011848","c.219T>A","p.D73E"
"PHF8","NM_0011848","c.2248A>G","p.N750D"
"PHF8","NM_0011848","c.2338G>A","p.A780T"
"PHF8","NM_0011848","c.2477G>A","p.W826X"
"PHF8","NM_0011848","c.441T>G","p.V147V"
"PHF8","NM_0011848","c.606C>T","p.N202N"
"PHF8","NM_0011848","c.612G>A","p.V204V"
"PHF8","NM_0011848","c.786T>G","p.G262G"
"PHF8","NM_0011848","c.882G>A","p.G294G"
"PHF8","NM_015107","c.1278C>T","p.T426T"
"PHF8","NM_015107","c.1517G>A","p.R506Q"
"PHF8","NM_015107","c.198T>G","p.R66R"
"PHF8","NM_015107","c.2199C>T","p.S733S"
"PHF8","NM_015107","c.219T>A","p.D73E"
"PHF8","NM_015107","c.2299A>G","p.N767D"
"PHF8","NM_015107","c.2389G>A","p.A797T"
"PHF8","NM_015107","c.2528G>A","p.W843X"
"PHF8","NM_015107","c.2720G>A","p.R907H"
"PHF8","NM_015107","c.2910C>T","p.T970T"
"PHF8","NM_015107","c.441T>G","p.V147V"
"PHF8","NM_015107","c.606C>T","p.N202N"
"PHF8","NM_015107","c.612G>A","p.V204V"
"PHF8","NM_015107","c.786T>G","p.G262G"
"PHF8","NM_015107","c.882G>A","p.G294G"
"PLA2G4B","NM_0011146","c.1010C>T","p.S337F"
"PLA2G4B","NM_0011146","c.102C>T","p.Y34Y"
"PLA2G4B","NM_0011146","c.1132C>T","p.Q378X"
"PLA2G4B","NM_0011146","c.1141C>T","p.R381W"
"PLA2G4B","NM_0011146","c.1172G>A","p.R391H"
"PLA2G4B","NM_0011146","c.1267C>T","p.R423W"
"PLA2G4B","NM_0011146","c.1373C>T","p.S458F"
"PLA2G4B","NM_0011146","c.1401C>T","p.Y467Y"
"PLA2G4B","NM_0011146","c.1402G>A","p.G468R"
"PLA2G4B","NM_0011146","c.1431C>G","p.G477G"
"PLA2G4B","NM_0011146","c.1478G>A","p.R493H"
"PLA2G4B","NM_0011146","c.1506C>G","p.S502R"
"PLA2G4B","NM_0011146","c.1514A>G","p.Y505C"
"PLA2G4B","NM_0011146","c.1622T>G","p.L541R"
"PLA2G4B","NM_0011146","c.1656G>A","p.R552R"
"PLA2G4B","NM_0011146","c.1685C>T","p.T562M"
"PLA2G4B","NM_0011146","c.1686G>A","p.T562T"
"PLA2G4B","NM_0011146","c.1691G>A","p.R564H"
"PLA2G4B","NM_0011146","c.1742A>G","p.K581R"
"PLA2G4B","NM_0011146","c.1772C>T","p.T591I"
"PLA2G4B","NM_0011146","c.1773A>C","p.T591T"
"PLA2G4B","NM_0011146","c.1801C>G","p.P601A"
"PLA2G4B","NM_0011146","c.1967G>A","p.R656Q"
"PLA2G4B","NM_0011146","c.2035C>T","p.R679W"
"PLA2G4B","NM_0011146","c.2047A>C","p.T683P"
"PLA2G4B","NM_0011146","c.2055C>T","p.S685S"
"PLA2G4B","NM_0011146","c.2091C>T","p.H697H"
"PLA2G4B","NM_0011146","c.2114T>G","p.F705C"
"PLA2G4B","NM_0011146","c.2116C>T","p.R706W"
"PLA2G4B","NM_0011146","c.2143C>T","p.R715W"
"PLA2G4B","NM_0011146","c.2187A>G","p.S729S"
"PLA2G4B","NM_0011146","c.2189C>T","p.S730L"
"PLA2G4B","NM_0011146","c.2190G>A","p.S730S"
"PLA2G4B","NM_0011146","c.2274C>T","p.C758C"
"PLA2G4B","NM_0011146","c.2305C>T","p.R769C"
"PLA2G4B","NM_0011146","c.2321G>A","p.R774Q"
"PLA2G4B","NM_0011146","c.334T>G","p.F112V"
"PLA2G4B","NM_0011146","c.380G>A","p.R127H"
"PLA2G4B","NM_0011146","c.382C>T","p.L128L"
"PLA2G4B","NM_0011146","c.38C>T","p.T13M"
"PLA2G4B","NM_0011146","c.401G>A","p.R134H"
"PLA2G4B","NM_0011146","c.414C>T","p.L138L"
"PLA2G4B","NM_0011146","c.442G>T","p.E148X"
"PLA2G4B","NM_0011146","c.459C>T","p.H153H"
"PLA2G4B","NM_0011146","c.460G>A","p.V154I"
"PLA2G4B","NM_0011146","c.540G>T","p.P180P"
"PLA2G4B","NM_0011146","c.571C>T","p.R191C"
"PLA2G4B","NM_0011146","c.613C>T","p.R205C"
"PLA2G4B","NM_0011146","c.647C>T","p.A216V"
"PLA2G4B","NM_0011146","c.683G>T","p.R228M"
"PLA2G4B","NM_0011146","c.688G>C","p.V230L"
"PLA2G4B","NM_0011146","c.699G>A","p.T233T"
"PLA2G4B","NM_0011146","c.704A>T","p.Q235L"
"PLA2G4B","NM_0011146","c.717G>A","p.M239I"
"PLA2G4B","NM_0011146","c.726G>A","p.E242E"
"PLA2G4B","NM_0011146","c.727C>G","p.L243V"
"PLA2G4B","NM_0011146","c.73A>G","p.K25E"
"PLA2G4B","NM_0011146","c.829G>A","p.A277T"
"PLA2G4B","NM_0011146","c.856G>A","p.D286N"
"PLA2G4B","NM_0011146","c.858C>T","p.D286D"
"PLA2G4B","NM_0011146","c.862G>T","p.D288Y"
"PLA2G4B","NM_0011146","c.915G>C","p.G305G"
"PLA2G4B","NM_0011146","c.919C>T","p.R307W"
"PLA2G4B","NM_0011146","c.982G>A","p.V328I"
"PLA2G4B","NM_0011146","c.996C>T","p.T332T"
"PRDM2","NM_0010072","c.1029G>A","p.P343P"
"PRDM2","NM_0010072","c.1053T>C","p.D351D"
"PRDM2","NM_0010072","c.1068C>T","p.D356D"
"PRDM2","NM_0010072","c.1173G>A","p.S391S"
"PRDM2","NM_0010072","c.1437C>T","p.H479H"
"PRDM2","NM_0010072","c.1501_1502insCTC","p.T501delinsTP"
"PRDM2","NM_0010072","c.1551T>C","p.C517C"
"PRDM2","NM_0010072","c.1564G>T","p.A522S"
"PRDM2","NM_0010072","c.156C>A","p.D52E"
"PRDM2","NM_0010072","c.1570A>G","p.M524V"
"PRDM2","NM_0010072","c.1689C>T","p.T563T"
"PRDM2","NM_0010072","c.1695C>T","p.A565A"
"PRDM2","NM_0010072","c.1696G>A","p.G566R"
"PRDM2","NM_0010072","c.1730A>T","p.H577L"
"PRDM2","NM_0010072","c.1832G>A","p.S611N"
"PRDM2","NM_0010072","c.1904G>T","p.G635V"
"PRDM2","NM_0010072","c.2019G>A","p.T673T"
"PRDM2","NM_0010072","c.2126C>A","p.T709N"
"PRDM2","NM_0010072","c.2153T>G","p.L718R"
"PRDM2","NM_0010072","c.2197C>G","p.P733A"
"PRDM2","NM_0010072","c.2219C>T","p.T740I"
"PRDM2","NM_0010072","c.2242C>G","p.P748A"
"PRDM2","NM_0010072","c.2271C>T","p.S757S"
"PRDM2","NM_0010072","c.2272G>A","p.G758S"
"PRDM2","NM_0010072","c.2274T>G","p.G758G"
"PRDM2","NM_0010072","c.228T>G","p.D76E"
"PRDM2","NM_0010072","c.2350C>T","p.P784S"
"PRDM2","NM_0010072","c.2373C>T","p.T791T"
"PRDM2","NM_0010072","c.2382T>A","p.L794L"
"PRDM2","NM_0010072","c.2428C>T","p.L810F"
"PRDM2","NM_0010072","c.2467T>A","p.S823T"
"PRDM2","NM_0010072","c.2469C>A","p.S823S"
"PRDM2","NM_0010072","c.246T>A","p.D82E"
"PRDM2","NM_0010072","c.2520G>A","p.M840I"
"PRDM2","NM_0010072","c.2585C>T","p.S862L"
"PRDM2","NM_0010072","c.2587T>A","p.F863I"
"PRDM2","NM_0010072","c.2675C>T","p.A892V"
"PRDM2","NM_0010072","c.2765A>T","p.D922V"
"PRDM2","NM_0010072","c.2810T>C","p.V937A"
"PRDM2","NM_0010072","c.2871A>G","p.E957E"
"PRDM2","NM_0010072","c.3039C>T","p.H1013H"
"PRDM2","NM_0010072","c.3231T>C","p.S1077S"
"PRDM2","NM_0010072","c.329G>A","p.R110Q"
"PRDM2","NM_0010072","c.3390C>T","p.T1130T"
"PRDM2","NM_0010072","c.3391G>A","p.A1131T"
"PRDM2","NM_0010072","c.3428A>G","p.N1143S"
"PRDM2","NM_0010072","c.3543C>T","p.G1181G"
"PRDM2","NM_0010072","c.3544G>A","p.V1182M"
"PRDM2","NM_0010072","c.3547G>A","p.V1183M"
"PRDM2","NM_0010072","c.3570A>G","p.K1190K"
"PRDM2","NM_0010072","c.3816C>T","p.H1272H"
"PRDM2","NM_0010072","c.3819C>T","p.A1273A"
"PRDM2","NM_0010072","c.3871C>T","p.H1291Y"
"PRDM2","NM_0010072","c.3928A>G","p.S1310G"
"PRDM2","NM_0010072","c.3939C>G","p.R1313R"
"PRDM2","NM_0010072","c.398G>A","p.C133Y"
"PRDM2","NM_0010072","c.4032A>T","p.P1344P"
"PRDM2","NM_0010072","c.4036C>A","p.P1346T"
"PRDM2","NM_0010072","c.405G>A","p.E135E"
"PRDM2","NM_0010072","c.4082C>T","p.S1361L"
"PRDM2","NM_0010072","c.4095A>G","p.K1365K"
"PRDM2","NM_0010072","c.4121A>G","p.N1374S"
"PRDM2","NM_0010072","c.4130C>T","p.P1377L"
"PRDM2","NM_0010072","c.4138A>G","p.M1380V"
"PRDM2","NM_0010072","c.4155T>C","p.H1385H"
"PRDM2","NM_0010072","c.4191T>G","p.N1397K"
"PRDM2","NM_0010072","c.4221A>G","p.S1407S"
"PRDM2","NM_0010072","c.4229T>A","p.L1410Q"
"PRDM2","NM_0010072","c.4301A>G","p.D1434G"
"PRDM2","NM_0010072","c.4404C>T","p.G1468G"
"PRDM2","NM_0010072","c.4445A>G","p.X1482W"
"PRDM2","NM_0010072","c.480G>C","p.P160P"
"PRDM2","NM_0010072","c.489T>C","p.H163H"
"PRDM2","NM_0010072","c.675G>A","p.P225P"
"PRDM2","NM_0010072","c.746G>A","p.S249N"
"PRDM2","NM_0010072","c.784G>A","p.A262T"
"PRDM2","NM_0010072","c.905G>A","p.R302H"
"PRDM2","NM_0010072","c.961G>C","p.E321Q"
"PRDM2","NM_0010072","c.963A>G","p.E321E"
"PRDM2","NM_0010072","c.998C>G","p.T333S"
"PRDM2","NM_0011356","c.228G>A","p.W76X"
"PRDM2","NM_0011356","c.277C>G","p.P93A"
"PRDM2","NM_0011356","c.409C>T","p.L137L"
"PRDM2","NM_0011356","c.470C>T","p.A157V"
"PRDM2","NM_0011356","c.497C>A","p.P166H"
"PRDM2","NM_0011356","c.550C>T","p.R184W"
"PRDM2","NM_0011356","c.57C>G","p.P19P"
"PRDM2","NM_0011356","c.593A>G","p.Q198R"
"PRDM2","NM_0011356","c.670T>G","p.W224G"
"PRDM2","NM_0011356","c.93G>C","p.R31S"
"PRDM2","NM_012231","c.1001G>A","p.C334Y"
"PRDM2","NM_012231","c.1008G>A","p.E336E"
"PRDM2","NM_012231","c.1083G>C","p.P361P"
"PRDM2","NM_012231","c.1092T>C","p.H364H"
"PRDM2","NM_012231","c.1278G>A","p.P426P"
"PRDM2","NM_012231","c.1349G>A","p.S450N"
"PRDM2","NM_012231","c.1387G>A","p.A463T"
"PRDM2","NM_012231","c.1508G>A","p.R503H"
"PRDM2","NM_012231","c.1564G>C","p.E522Q"
"PRDM2","NM_012231","c.1566A>G","p.E522E"
"PRDM2","NM_012231","c.1601C>G","p.T534S"
"PRDM2","NM_012231","c.1632G>A","p.P544P"
"PRDM2","NM_012231","c.1656T>C","p.D552D"
"PRDM2","NM_012231","c.1671C>T","p.D557D"
"PRDM2","NM_012231","c.1776G>A","p.S592S"
"PRDM2","NM_012231","c.2040C>T","p.H680H"
"PRDM2","NM_012231","c.2104_2105insCTC","p.T702delinsTP"
"PRDM2","NM_012231","c.2154T>C","p.C718C"
"PRDM2","NM_012231","c.2167G>T","p.A723S"
"PRDM2","NM_012231","c.2173A>G","p.M725V"
"PRDM2","NM_012231","c.228G>A","p.W76X"
"PRDM2","NM_012231","c.2292C>T","p.T764T"
"PRDM2","NM_012231","c.2298C>T","p.A766A"
"PRDM2","NM_012231","c.2299G>A","p.G767R"
"PRDM2","NM_012231","c.2333A>T","p.H778L"
"PRDM2","NM_012231","c.2435G>A","p.S812N"
"PRDM2","NM_012231","c.2507G>T","p.G836V"
"PRDM2","NM_012231","c.2622G>A","p.T874T"
"PRDM2","NM_012231","c.2729C>A","p.T910N"
"PRDM2","NM_012231","c.2756T>G","p.L919R"
"PRDM2","NM_012231","c.277C>G","p.P93A"
"PRDM2","NM_012231","c.2800C>G","p.P934A"
"PRDM2","NM_012231","c.2822C>T","p.T941I"
"PRDM2","NM_012231","c.2845C>G","p.P949A"
"PRDM2","NM_012231","c.2874C>T","p.S958S"
"PRDM2","NM_012231","c.2875G>A","p.G959S"
"PRDM2","NM_012231","c.2877T>G","p.G959G"
"PRDM2","NM_012231","c.2953C>T","p.P985S"
"PRDM2","NM_012231","c.2976C>T","p.T992T"
"PRDM2","NM_012231","c.2985T>A","p.L995L"
"PRDM2","NM_012231","c.3031C>T","p.L1011F"
"PRDM2","NM_012231","c.3070T>A","p.S1024T"
"PRDM2","NM_012231","c.3072C>A","p.S1024S"
"PRDM2","NM_012231","c.3123G>A","p.M1041I"
"PRDM2","NM_012231","c.3188C>T","p.S1063L"
"PRDM2","NM_012231","c.3190T>A","p.F1064I"
"PRDM2","NM_012231","c.3278C>T","p.A1093V"
"PRDM2","NM_012231","c.3368A>T","p.D1123V"
"PRDM2","NM_012231","c.3413T>C","p.V1138A"
"PRDM2","NM_012231","c.3474A>G","p.E1158E"
"PRDM2","NM_012231","c.3642C>T","p.H1214H"
"PRDM2","NM_012231","c.3834T>C","p.S1278S"
"PRDM2","NM_012231","c.3993C>T","p.T1331T"
"PRDM2","NM_012231","c.3994G>A","p.A1332T"
"PRDM2","NM_012231","c.4031A>G","p.N1344S"
"PRDM2","NM_012231","c.409C>T","p.L137L"
"PRDM2","NM_012231","c.4146C>T","p.G1382G"
"PRDM2","NM_012231","c.4147G>A","p.V1383M"
"PRDM2","NM_012231","c.4150G>A","p.V1384M"
"PRDM2","NM_012231","c.4173A>G","p.K1391K"
"PRDM2","NM_012231","c.4419C>T","p.H1473H"
"PRDM2","NM_012231","c.4422C>T","p.A1474A"
"PRDM2","NM_012231","c.4474C>T","p.H1492Y"
"PRDM2","NM_012231","c.4531A>G","p.S1511G"
"PRDM2","NM_012231","c.4542C>G","p.R1514R"
"PRDM2","NM_012231","c.4635A>T","p.P1545P"
"PRDM2","NM_012231","c.4639C>A","p.P1547T"
"PRDM2","NM_012231","c.4685C>T","p.S1562L"
"PRDM2","NM_012231","c.4698A>G","p.K1566K"
"PRDM2","NM_012231","c.470C>T","p.A157V"
"PRDM2","NM_012231","c.4724A>G","p.N1575S"
"PRDM2","NM_012231","c.4733C>T","p.P1578L"
"PRDM2","NM_012231","c.4741A>G","p.M1581V"
"PRDM2","NM_012231","c.4758T>C","p.H1586H"
"PRDM2","NM_012231","c.4794T>G","p.N1598K"
"PRDM2","NM_012231","c.4824A>G","p.S1608S"
"PRDM2","NM_012231","c.4832T>A","p.L1611Q"
"PRDM2","NM_012231","c.4904A>G","p.D1635G"
"PRDM2","NM_012231","c.497C>A","p.P166H"
"PRDM2","NM_012231","c.5007C>T","p.G1669G"
"PRDM2","NM_012231","c.5075C>T","p.A1692V"
"PRDM2","NM_012231","c.513G>A","p.G171G"
"PRDM2","NM_012231","c.57C>G","p.P19P"
"PRDM2","NM_012231","c.759C>A","p.D253E"
"PRDM2","NM_012231","c.831T>G","p.D277E"
"PRDM2","NM_012231","c.849T>A","p.D283E"
"PRDM2","NM_012231","c.932G>A","p.R311Q"
"PRDM2","NM_012231","c.93G>C","p.R31S"
"PRDM2","NM_015866","c.1001G>A","p.C334Y"
"PRDM2","NM_015866","c.1008G>A","p.E336E"
"PRDM2","NM_015866","c.1083G>C","p.P361P"
"PRDM2","NM_015866","c.1092T>C","p.H364H"
"PRDM2","NM_015866","c.1278G>A","p.P426P"
"PRDM2","NM_015866","c.1349G>A","p.S450N"
"PRDM2","NM_015866","c.1387G>A","p.A463T"
"PRDM2","NM_015866","c.1508G>A","p.R503H"
"PRDM2","NM_015866","c.1564G>C","p.E522Q"
"PRDM2","NM_015866","c.1566A>G","p.E522E"
"PRDM2","NM_015866","c.1601C>G","p.T534S"
"PRDM2","NM_015866","c.1632G>A","p.P544P"
"PRDM2","NM_015866","c.1656T>C","p.D552D"
"PRDM2","NM_015866","c.1671C>T","p.D557D"
"PRDM2","NM_015866","c.1776G>A","p.S592S"
"PRDM2","NM_015866","c.2040C>T","p.H680H"
"PRDM2","NM_015866","c.2104_2105insCTC","p.T702delinsTP"
"PRDM2","NM_015866","c.2154T>C","p.C718C"
"PRDM2","NM_015866","c.2167G>T","p.A723S"
"PRDM2","NM_015866","c.2173A>G","p.M725V"
"PRDM2","NM_015866","c.228G>A","p.W76X"
"PRDM2","NM_015866","c.2292C>T","p.T764T"
"PRDM2","NM_015866","c.2298C>T","p.A766A"
"PRDM2","NM_015866","c.2299G>A","p.G767R"
"PRDM2","NM_015866","c.2333A>T","p.H778L"
"PRDM2","NM_015866","c.2435G>A","p.S812N"
"PRDM2","NM_015866","c.2507G>T","p.G836V"
"PRDM2","NM_015866","c.2622G>A","p.T874T"
"PRDM2","NM_015866","c.2729C>A","p.T910N"
"PRDM2","NM_015866","c.2756T>G","p.L919R"
"PRDM2","NM_015866","c.277C>G","p.P93A"
"PRDM2","NM_015866","c.2800C>G","p.P934A"
"PRDM2","NM_015866","c.2822C>T","p.T941I"
"PRDM2","NM_015866","c.2845C>G","p.P949A"
"PRDM2","NM_015866","c.2874C>T","p.S958S"
"PRDM2","NM_015866","c.2875G>A","p.G959S"
"PRDM2","NM_015866","c.2877T>G","p.G959G"
"PRDM2","NM_015866","c.2953C>T","p.P985S"
"PRDM2","NM_015866","c.2976C>T","p.T992T"
"PRDM2","NM_015866","c.2985T>A","p.L995L"
"PRDM2","NM_015866","c.3031C>T","p.L1011F"
"PRDM2","NM_015866","c.3070T>A","p.S1024T"
"PRDM2","NM_015866","c.3072C>A","p.S1024S"
"PRDM2","NM_015866","c.3123G>A","p.M1041I"
"PRDM2","NM_015866","c.3188C>T","p.S1063L"
"PRDM2","NM_015866","c.3190T>A","p.F1064I"
"PRDM2","NM_015866","c.3278C>T","p.A1093V"
"PRDM2","NM_015866","c.3368A>T","p.D1123V"
"PRDM2","NM_015866","c.3413T>C","p.V1138A"
"PRDM2","NM_015866","c.3474A>G","p.E1158E"
"PRDM2","NM_015866","c.3642C>T","p.H1214H"
"PRDM2","NM_015866","c.3834T>C","p.S1278S"
"PRDM2","NM_015866","c.3993C>T","p.T1331T"
"PRDM2","NM_015866","c.3994G>A","p.A1332T"
"PRDM2","NM_015866","c.4031A>G","p.N1344S"
"PRDM2","NM_015866","c.409C>T","p.L137L"
"PRDM2","NM_015866","c.4146C>T","p.G1382G"
"PRDM2","NM_015866","c.4147G>A","p.V1383M"
"PRDM2","NM_015866","c.4150G>A","p.V1384M"
"PRDM2","NM_015866","c.4173A>G","p.K1391K"
"PRDM2","NM_015866","c.4419C>T","p.H1473H"
"PRDM2","NM_015866","c.4422C>T","p.A1474A"
"PRDM2","NM_015866","c.4474C>T","p.H1492Y"
"PRDM2","NM_015866","c.4531A>G","p.S1511G"
"PRDM2","NM_015866","c.4542C>G","p.R1514R"
"PRDM2","NM_015866","c.4635A>T","p.P1545P"
"PRDM2","NM_015866","c.4639C>A","p.P1547T"
"PRDM2","NM_015866","c.4685C>T","p.S1562L"
"PRDM2","NM_015866","c.4698A>G","p.K1566K"
"PRDM2","NM_015866","c.470C>T","p.A157V"
"PRDM2","NM_015866","c.4724A>G","p.N1575S"
"PRDM2","NM_015866","c.4733C>T","p.P1578L"
"PRDM2","NM_015866","c.4741A>G","p.M1581V"
"PRDM2","NM_015866","c.4758T>C","p.H1586H"
"PRDM2","NM_015866","c.4794T>G","p.N1598K"
"PRDM2","NM_015866","c.4824A>G","p.S1608S"
"PRDM2","NM_015866","c.4832T>A","p.L1611Q"
"PRDM2","NM_015866","c.4904A>G","p.D1635G"
"PRDM2","NM_015866","c.497C>A","p.P166H"
"PRDM2","NM_015866","c.5007C>T","p.G1669G"
"PRDM2","NM_015866","c.5048A>G","p.X1683W"
"PRDM2","NM_015866","c.513G>A","p.G171G"
"PRDM2","NM_015866","c.57C>G","p.P19P"
"PRDM2","NM_015866","c.759C>A","p.D253E"
"PRDM2","NM_015866","c.831T>G","p.D277E"
"PRDM2","NM_015866","c.849T>A","p.D283E"
"PRDM2","NM_015866","c.932G>A","p.R311Q"
"PRDM2","NM_015866","c.93G>C","p.R31S"
"PRDM9","NM_020227","c.1016T>A","p.I339N"
"PRDM9","NM_020227","c.1024A>G","p.R342G"
"PRDM9","NM_020227","c.1084G>A","p.G362S"
"PRDM9","NM_020227","c.119G>A","p.W40X"
"PRDM9","NM_020227","c.1276C>T","p.Q426X"
"PRDM9","NM_020227","c.1278A>G","p.Q426Q"
"PRDM9","NM_020227","c.1724C>T","p.T575I"
"PRDM9","NM_020227","c.222G>A","p.M74I"
"PRDM9","NM_020227","c.2272C>A","p.R758S"
"PRDM9","NM_020227","c.2274C>A","p.R758R"
"PRDM9","NM_020227","c.2331C>T","p.V777V"
"PRDM9","NM_020227","c.2362A>G","p.K788E"
"PRDM9","NM_020227","c.2371C>G","p.L791V"
"PRDM9","NM_020227","c.2385G>A","p.Q795Q"
"PRDM9","NM_020227","c.2547A>T","p.R849S"
"PRDM9","NM_020227","c.265G>A","p.E89K"
"PRDM9","NM_020227","c.42C>T","p.D14D"
"PRDM9","NM_020227","c.432C>T","p.G144G"
"PRDM9","NM_020227","c.463T>G","p.S155A"
"PRDM9","NM_020227","c.530A>C","p.E177A"
"PRDM9","NM_020227","c.550C>A","p.R184R"
"PRDM9","NM_020227","c.552A>T","p.R184R"
"PRDM9","NM_020227","c.58C>T","p.R20W"
"PRDM9","NM_020227","c.590C>T","p.P197L"
"PRDM9","NM_020227","c.591G>A","p.P197P"
"PRDM9","NM_020227","c.596A>T","p.D199V"
"PRDM9","NM_020227","c.696G>C","p.K232N"
"PRDM9","NM_020227","c.849C>T","p.D283D"
"PRDM9","NM_020227","c.866A>G","p.N289S"
"PRDM9","NM_020227","c.90C>T","p.D30D"
"PRDM9","NM_020227","c.943T>C","p.W315R"
"PRDM9","NM_020227","c.968G>A","p.R323Q"
"PRDM9","NM_020227","c.993G>A","p.V331V"
"PRMT3","NM_0011451","c.1011T>C","p.I337I"
"PRMT3","NM_0011451","c.1040C>T","p.P347L"
"PRMT3","NM_0011451","c.1041G>A","p.P347P"
"PRMT3","NM_0011451","c.1095G>A","p.T365T"
"PRMT3","NM_0011451","c.1132C>G","p.L378V"
"PRMT3","NM_0011451","c.1337G>A","p.S446N"
"PRMT3","NM_0011451","c.1343A>G","p.K448R"
"PRMT3","NM_0011451","c.1387A>C","p.T463P"
"PRMT3","NM_0011451","c.1398T>C","p.Y466Y"
"PRMT3","NM_0011451","c.189A>G","p.L63L"
"PRMT3","NM_0011451","c.254C>T","p.S85L"
"PRMT3","NM_0011451","c.263A>G","p.N88S"
"PRMT3","NM_0011451","c.307A>G","p.M103V"
"PRMT3","NM_0011451","c.337G>A","p.A113T"
"PRMT3","NM_0011451","c.366A>G","p.Q122Q"
"PRMT3","NM_0011451","c.376C>T","p.Q126X"
"PRMT3","NM_0011451","c.377A>T","p.Q126L"
"PRMT3","NM_0011451","c.443C>T","p.A148V"
"PRMT3","NM_0011451","c.46A>G","p.K16E"
"PRMT3","NM_0011451","c.474T>C","p.Y158Y"
"PRMT3","NM_0011451","c.486C>T","p.Y162Y"
"PRMT3","NM_0011451","c.574T>C","p.F192L"
"PRMT3","NM_0011451","c.625A>C","p.M209L"
"PRMT3","NM_0011451","c.703A>T","p.I235L"
"PRMT3","NM_0011451","c.773T>C","p.V258A"
"PRMT3","NM_0011451","c.1050G>A","p.T350T"
"PRMT3","NM_0011451","c.1087C>G","p.L363V"
"PRMT3","NM_0011451","c.1292G>A","p.S431N"
"PRMT3","NM_0011451","c.1298A>G","p.K433R"
"PRMT3","NM_0011451","c.1342A>C","p.T448P"
"PRMT3","NM_0011451","c.1353T>C","p.Y451Y"
"PRMT3","NM_0011451","c.144A>G","p.L48L"
"PRMT3","NM_0011451","c.209C>T","p.S70L"
"PRMT3","NM_0011451","c.218A>G","p.N73S"
"PRMT3","NM_0011451","c.262A>G","p.M88V"
"PRMT3","NM_0011451","c.292G>A","p.A98T"
"PRMT3","NM_0011451","c.321A>G","p.Q107Q"
"PRMT3","NM_0011451","c.331C>T","p.Q111X"
"PRMT3","NM_0011451","c.332A>T","p.Q111L"
"PRMT3","NM_0011451","c.398C>T","p.A133V"
"PRMT3","NM_0011451","c.429T>C","p.Y143Y"
"PRMT3","NM_0011451","c.441C>T","p.Y147Y"
"PRMT3","NM_0011451","c.529T>C","p.F177L"
"PRMT3","NM_0011451","c.580A>C","p.M194L"
"PRMT3","NM_0011451","c.658A>T","p.I220L"
"PRMT3","NM_0011451","c.728T>C","p.V243A"
"PRMT3","NM_0011451","c.966T>C","p.I322I"
"PRMT3","NM_0011451","c.995C>T","p.P332L"
"PRMT3","NM_0011451","c.996G>A","p.P332P"
"PRMT3","NM_005788","c.1197T>C","p.I399I"
"PRMT3","NM_005788","c.1226C>T","p.P409L"
"PRMT3","NM_005788","c.1227G>A","p.P409P"
"PRMT3","NM_005788","c.1281G>A","p.T427T"
"PRMT3","NM_005788","c.1318C>G","p.L440V"
"PRMT3","NM_005788","c.135G>A","p.K45K"
"PRMT3","NM_005788","c.1523G>A","p.S508N"
"PRMT3","NM_005788","c.1529A>G","p.K510R"
"PRMT3","NM_005788","c.1573A>C","p.T525P"
"PRMT3","NM_005788","c.1584T>C","p.Y528Y"
"PRMT3","NM_005788","c.182A>G","p.E61G"
"PRMT3","NM_005788","c.375A>G","p.L125L"
"PRMT3","NM_005788","c.440C>T","p.S147L"
"PRMT3","NM_005788","c.449A>G","p.N150S"
"PRMT3","NM_005788","c.493A>G","p.M165V"
"PRMT3","NM_005788","c.523G>A","p.A175T"
"PRMT3","NM_005788","c.552A>G","p.Q184Q"
"PRMT3","NM_005788","c.562C>T","p.Q188X"
"PRMT3","NM_005788","c.563A>T","p.Q188L"
"PRMT3","NM_005788","c.629C>T","p.A210V"
"PRMT3","NM_005788","c.660T>C","p.Y220Y"
"PRMT3","NM_005788","c.672C>T","p.Y224Y"
"PRMT3","NM_005788","c.760T>C","p.F254L"
"PRMT3","NM_005788","c.811A>C","p.M271L"
"PRMT3","NM_005788","c.889A>T","p.I297L"
"PRMT3","NM_005788","c.959T>C","p.V320A"
"PRMT5","NM_0010396","c.138C>T","p.P46P"
"PRMT5","NM_0010396","c.190C>T","p.L64L"
"PRMT5","NM_0010396","c.324C>T","p.P108P"
"PRMT5","NM_0010396","c.357A>G","p.R119R"
"PRMT5","NM_0010396","c.378C>T","p.H126H"
"PRMT5","NM_0010396","c.486C>T","p.Y162Y"
"PRMT5","NM_0010396","c.693G>A","p.K231K"
"PRMT5","NM_0010396","c.699C>T","p.H233H"
"PRMT5","NM_0010396","c.813C>T","p.S271S"
"PRMT5","NM_0012829","c.138C>T","p.P46P"
"PRMT5","NM_0012829","c.192C>T","p.P64P"
"PRMT5","NM_0012829","c.225A>G","p.R75R"
"PRMT5","NM_0012829","c.246C>T","p.H82H"
"PRMT5","NM_0012829","c.354C>T","p.Y118Y"
"PRMT5","NM_0012829","c.561G>A","p.K187K"
"PRMT5","NM_0012829","c.567C>T","p.H189H"
"PRMT5","NM_0012829","c.681C>T","p.S227S"
"PRMT5","NM_0012829","c.111C>T","p.H37H"
"PRMT5","NM_0012829","c.219C>T","p.Y73Y"
"PRMT5","NM_0012829","c.426G>A","p.K142K"
"PRMT5","NM_0012829","c.432C>T","p.H144H"
"PRMT5","NM_0012829","c.546C>T","p.S182S"
"PRMT5","NM_0012829","c.57C>T","p.P19P"
"PRMT5","NM_0012829","c.90A>G","p.R30R"
"PRMT5","NM_0012829","c.189C>T","p.P63P"
"PRMT5","NM_0012829","c.23G>A","p.G8D"
"PRMT5","NM_0012829","c.243C>T","p.P81P"
"PRMT5","NM_0012829","c.276A>G","p.R92R"
"PRMT5","NM_0012829","c.297C>T","p.H99H"
"PRMT5","NM_0012829","c.405C>T","p.Y135Y"
"PRMT5","NM_0012829","c.612G>A","p.K204K"
"PRMT5","NM_0012829","c.618C>T","p.H206H"
"PRMT5","NM_0012829","c.732C>T","p.S244S"
"PRMT5","NM_0012829","c.138C>T","p.P46P"
"PRMT5","NM_0012829","c.190C>T","p.L64L"
"PRMT5","NM_0012829","c.351C>T","p.S117S"
"PRMT5","NM_006109","c.189C>T","p.P63P"
"PRMT5","NM_006109","c.23G>A","p.G8D"
"PRMT5","NM_006109","c.241C>T","p.L81L"
"PRMT5","NM_006109","c.375C>T","p.P125P"
"PRMT5","NM_006109","c.408A>G","p.R136R"
"PRMT5","NM_006109","c.429C>T","p.H143H"
"PRMT5","NM_006109","c.537C>T","p.Y179Y"
"PRMT5","NM_006109","c.744G>A","p.K248K"
"PRMT5","NM_006109","c.750C>T","p.H250H"
"PRMT5","NM_006109","c.864C>T","p.S288S"
"PRMT6","NM_018137","c.581C>T","p.A194V"
"PRMT6","NM_018137","c.621C>T","p.F207F"
"PRMT6","NM_018137","c.726C>T","p.S242S"
"PRMT6","NM_018137","c.942G>A","p.P314P"
"PRMT8","NM_0012565","c.1020G>A","p.R340R"
"PRMT8","NM_0012565","c.1023G>A","p.R341R"
"PRMT8","NM_0012565","c.1083C>T","p.L361L"
"PRMT8","NM_0012565","c.207C>T","p.D69D"
"PRMT8","NM_0012565","c.231C>T","p.H77H"
"PRMT8","NM_0012565","c.297C>T","p.H99H"
"PRMT8","NM_0012565","c.489G>A","p.V163V"
"PRMT8","NM_0012565","c.525C>T","p.S175S"
"PRMT8","NM_0012565","c.570G>A","p.T190T"
"PRMT8","NM_0012565","c.575T>C","p.I192T"
"PRMT8","NM_0012565","c.57C>T","p.S19S"
"PRMT8","NM_0012565","c.71C>A","p.P24H"
"PRMT8","NM_0012565","c.75C>G","p.P25P"
"PRMT8","NM_0012565","c.831A>G","p.E277E"
"PRMT8","NM_0012565","c.84C>T","p.V28V"
"PRMT8","NM_0012565","c.8C>G","p.S3C"
"PRMT8","NM_019854","c.102C>G","p.P34P"
"PRMT8","NM_019854","c.1047G>A","p.R349R"
"PRMT8","NM_019854","c.1050G>A","p.R350R"
"PRMT8","NM_019854","c.1110C>T","p.L370L"
"PRMT8","NM_019854","c.111C>T","p.V37V"
"PRMT8","NM_019854","c.234C>T","p.D78D"
"PRMT8","NM_019854","c.258C>T","p.H86H"
"PRMT8","NM_019854","c.324C>T","p.H108H"
"PRMT8","NM_019854","c.516G>A","p.V172V"
"PRMT8","NM_019854","c.552C>T","p.S184S"
"PRMT8","NM_019854","c.597G>A","p.T199T"
"PRMT8","NM_019854","c.602T>C","p.I201T"
"PRMT8","NM_019854","c.63C>T","p.A21A"
"PRMT8","NM_019854","c.84C>T","p.S28S"
"PRMT8","NM_019854","c.858A>G","p.E286E"
"PRMT8","NM_019854","c.98C>A","p.P33H"
"PRMT9","NM_138364","c.1013C>T","p.P338L"
"PRMT9","NM_138364","c.1139A>G","p.N380S"
"PRMT9","NM_138364","c.114C>T","p.V38V"
"PRMT9","NM_138364","c.1162G>A","p.A388T"
"PRMT9","NM_138364","c.1163C>G","p.A388G"
"PRMT9","NM_138364","c.1195G>A","p.V399I"
"PRMT9","NM_138364","c.1343A>G","p.K448R"
"PRMT9","NM_138364","c.1389C>T","p.Y463Y"
"PRMT9","NM_138364","c.1447A>G","p.S483G"
"PRMT9","NM_138364","c.1615A>G","p.M539V"
"PRMT9","NM_138364","c.1631T>C","p.V544A"
"PRMT9","NM_138364","c.1661A>G","p.Y554C"
"PRMT9","NM_138364","c.1675A>G","p.T559A"
"PRMT9","NM_138364","c.1749C>T","p.Y583Y"
"PRMT9","NM_138364","c.1790T>C","p.I597T"
"PRMT9","NM_138364","c.1998A>G","p.P666P"
"PRMT9","NM_138364","c.2022A>G","p.I674M"
"PRMT9","NM_138364","c.2042C>A","p.S681Y"
"PRMT9","NM_138364","c.211T>C","p.F71L"
"PRMT9","NM_138364","c.2149A>G","p.T717A"
"PRMT9","NM_138364","c.2223C>T","p.D741D"
"PRMT9","NM_138364","c.2231C>T","p.S744L"
"PRMT9","NM_138364","c.2240G>A","p.C747Y"
"PRMT9","NM_138364","c.2329G>A","p.V777I"
"PRMT9","NM_138364","c.2373T>C","p.H791H"
"PRMT9","NM_138364","c.2491A>G","p.S831G"
"PRMT9","NM_138364","c.2525C>T","p.T842I"
"PRMT9","NM_138364","c.261T>C","p.L87L"
"PRMT9","NM_138364","c.288G>A","p.L96L"
"PRMT9","NM_138364","c.297T>C","p.D99D"
"PRMT9","NM_138364","c.331C>G","p.L111V"
"PRMT9","NM_138364","c.40G>T","p.G14C"
"PRMT9","NM_138364","c.414G>A","p.K138K"
"PRMT9","NM_138364","c.46G>C","p.A16P"
"PRMT9","NM_138364","c.676G>A","p.E226K"
"PRMT9","NM_138364","c.702G>A","p.T234T"
"PRMT9","NM_138364","c.712G>A","p.D238N"
"PRMT9","NM_138364","c.718G>C","p.E240Q"
"PRMT9","NM_138364","c.83C>G","p.S28C"
"PRMT9","NM_138364","c.857A>G","p.E286G"
"PRMT9","NM_138364","c.869G>A","p.C290Y"
"PRMT9","NM_138364","c.932C>T","p.A311V"
"PRMT9","NM_138364","c.981C>A","p.I327I"
"RBBP4","NM_0011352","c.1059A>G","p.Q353Q"
"RBBP4","NM_0011352","c.1092G>A","p.E364E"
"RBBP4","NM_0011352","c.255C>T","p.L85L"
"RBBP4","NM_0011352","c.412A>G","p.I138V"
"RBBP4","NM_0011352","c.450T>C","p.V150V"
"RBBP4","NM_0011352","c.641A>G","p.K214R"
"RBBP4","NM_0011352","c.792A>C","p.P264P"
"RBBP4","NM_0011352","c.849T>C","p.Y283Y"
"RBBP4","NM_0011352","c.852T>C","p.S284S"
"RBBP4","NM_0011352","c.153C>T","p.L51L"
"RBBP4","NM_0011352","c.310A>G","p.I104V"
"RBBP4","NM_0011352","c.348T>C","p.V116V"
"RBBP4","NM_0011352","c.539A>G","p.K180R"
"RBBP4","NM_0011352","c.690A>C","p.P230P"
"RBBP4","NM_0011352","c.747T>C","p.Y249Y"
"RBBP4","NM_0011352","c.750T>C","p.S250S"
"RBBP4","NM_0011352","c.957A>G","p.Q319Q"
"RBBP4","NM_0011352","c.990G>A","p.E330E"
"RBBP4","NM_005610","c.1062A>G","p.Q354Q"
"RBBP4","NM_005610","c.1095G>A","p.E365E"
"RBBP4","NM_005610","c.258C>T","p.L86L"
"RBBP4","NM_005610","c.415A>G","p.I139V"
"RBBP4","NM_005610","c.453T>C","p.V151V"
"RBBP4","NM_005610","c.644A>G","p.K215R"
"RBBP4","NM_005610","c.795A>C","p.P265P"
"RBBP4","NM_005610","c.852T>C","p.Y284Y"
"RBBP4","NM_005610","c.855T>C","p.S285S"
"RBBP7","NM_0011987","c.1002C>T","p.T334T"
"RBBP7","NM_0011987","c.1011G>A","p.A337A"
"RBBP7","NM_0011987","c.110G>A","p.R37H"
"RBBP7","NM_0011987","c.198C>A","p.I66I"
"RBBP7","NM_0011987","c.908A>C","p.N303T"
"RBBP7","NM_002893","c.66C>A","p.I22I"
"RBBP7","NM_002893","c.776A>C","p.N259T"
"RBBP7","NM_002893","c.870C>T","p.T290T"
"RBBP7","NM_002893","c.879G>A","p.A293A"
"RING1","NM_002931","c.1000G>A","p.G334R"
"RING1","NM_002931","c.1029C>T","p.D343D"
"RING1","NM_002931","c.1035T>A","p.P345P"
"RING1","NM_002931","c.1066G>A","p.V356I"
"RING1","NM_002931","c.265A>G","p.K89E"
"RING1","NM_002931","c.330C>T","p.I110I"
"RING1","NM_002931","c.915C>T","p.L305L"
"RING1","NM_002931","c.966C>T","p.G322G"
"RUVBL1","NM_003707","c.1020C>T","p.G340G"
"RUVBL1","NM_003707","c.1203C>G","p.T401T"
"RUVBL1","NM_003707","c.1206A>G","p.T402T"
"RUVBL1","NM_003707","c.1287T>C","p.H429H"
"RUVBL1","NM_003707","c.247A>G","p.I83V"
"RUVBL1","NM_003707","c.420G>T","p.P140P"
"RUVBL1","NM_003707","c.630C>T","p.A210A"
"RUVBL1","NM_003707","c.891T>C","p.G297G"
"RUVBL1","NM_003707","c.909G>A","p.E303E"
"RUVBL1","NM_003707","c.93G>A","p.L31L"
"SETD1A","NM_014712","c.1038G>A","p.S346S"
"SETD1A","NM_014712","c.1065G>C","p.S355S"
"SETD1A","NM_014712","c.1066T>A","p.S356T"
"SETD1A","NM_014712","c.1098C>T","p.Y366Y"
"SETD1A","NM_014712","c.1185C>G","p.A395A"
"SETD1A","NM_014712","c.1247A>T","p.E416V"
"SETD1A","NM_014712","c.1276C>T","p.R426W"
"SETD1A","NM_014712","c.138C>T","p.H46H"
"SETD1A","NM_014712","c.1418C>T","p.P473L"
"SETD1A","NM_014712","c.1440G>A","p.V480V"
"SETD1A","NM_014712","c.1564G>A","p.G522R"
"SETD1A","NM_014712","c.1602A>G","p.S534S"
"SETD1A","NM_014712","c.161A>G","p.Y54C"
"SETD1A","NM_014712","c.1631C>G","p.A544G"
"SETD1A","NM_014712","c.1743C>T","p.D581D"
"SETD1A","NM_014712","c.177C>T","p.D59D"
"SETD1A","NM_014712","c.1783C>G","p.P595A"
"SETD1A","NM_014712","c.1787C>T","p.P596L"
"SETD1A","NM_014712","c.1839T>G","p.P613P"
"SETD1A","NM_014712","c.1922C>T","p.P641L"
"SETD1A","NM_014712","c.20G>T","p.G7V"
"SETD1A","NM_014712","c.2137G>A","p.E713K"
"SETD1A","NM_014712","c.2263G>A","p.A755T"
"SETD1A","NM_014712","c.2309G>A","p.R770Q"
"SETD1A","NM_014712","c.2376C>T","p.G792G"
"SETD1A","NM_014712","c.2378G>A","p.R793H"
"SETD1A","NM_014712","c.2461G>A","p.G821R"
"SETD1A","NM_014712","c.2520G>A","p.A840A"
"SETD1A","NM_014712","c.2596T>C","p.W866R"
"SETD1A","NM_014712","c.2625C>A","p.I875I"
"SETD1A","NM_014712","c.2635G>A","p.A879T"
"SETD1A","NM_014712","c.2649G>A","p.G883G"
"SETD1A","NM_014712","c.2843G>A","p.R948Q"
"SETD1A","NM_014712","c.2889C>T","p.S963S"
"SETD1A","NM_014712","c.2922G>A","p.S974S"
"SETD1A","NM_014712","c.2943C>T","p.D981D"
"SETD1A","NM_014712","c.2968C>G","p.R990G"
"SETD1A","NM_014712","c.2999A>T","p.E1000V"
"SETD1A","NM_014712","c.3007G>A","p.V1003M"
"SETD1A","NM_014712","c.3038C>T","p.S1013L"
"SETD1A","NM_014712","c.3126A>C","p.S1042S"
"SETD1A","NM_014712","c.3150A>C","p.S1050S"
"SETD1A","NM_014712","c.3291G>A","p.P1097P"
"SETD1A","NM_014712","c.3338C>T","p.A1113V"
"SETD1A","NM_014712","c.3353C>G","p.P1118R"
"SETD1A","NM_014712","c.3407C>T","p.P1136L"
"SETD1A","NM_014712","c.3423G>A","p.P1141P"
"SETD1A","NM_014712","c.3440C>T","p.P1147L"
"SETD1A","NM_014712","c.3588C>T","p.S1196S"
"SETD1A","NM_014712","c.3602G>A","p.R1201Q"
"SETD1A","NM_014712","c.3791C>T","p.A1264V"
"SETD1A","NM_014712","c.3858C>T","p.A1286A"
"SETD1A","NM_014712","c.3953C>T","p.P1318L"
"SETD1A","NM_014712","c.39G>A","p.P13P"
"SETD1A","NM_014712","c.4214C>A","p.P1405H"
"SETD1A","NM_014712","c.4233G>A","p.P1411P"
"SETD1A","NM_014712","c.4428A>G","p.P1476P"
"SETD1A","NM_014712","c.4509C>T","p.S1503S"
"SETD1A","NM_014712","c.4536C>T","p.D1512D"
"SETD1A","NM_014712","c.4551G>A","p.S1517S"
"SETD1A","NM_014712","c.4650C>T","p.S1550S"
"SETD1A","NM_014712","c.5017C>T","p.P1673S"
"SETD1A","NM_014712","c.5037G>A","p.E1679E"
"SETD1A","NM_014712","c.621G>A","p.S207S"
"SETD1A","NM_014712","c.671C>A","p.T224K"
"SETD1A","NM_014712","c.699G>A","p.A233A"
"SETD1A","NM_014712","c.717C>T","p.N239N"
"SETD1A","NM_014712","c.718G>A","p.G240S"
"SETD1A","NM_014712","c.726C>T","p.P242P"
"SETD2","NM_014159","c.1205G>A","p.R402Q"
"SETD2","NM_014159","c.1412G>A","p.R471K"
"SETD2","NM_014159","c.148G>A","p.A50T"
"SETD2","NM_014159","c.1618C>T","p.R540X"
"SETD2","NM_014159","c.1775C>A","p.T592K"
"SETD2","NM_014159","c.1986A>G","p.Q662Q"
"SETD2","NM_014159","c.2123C>T","p.S708F"
"SETD2","NM_014159","c.2155A>G","p.N719D"
"SETD2","NM_014159","c.2250A>G","p.E750E"
"SETD2","NM_014159","c.2251C>A","p.P751T"
"SETD2","NM_014159","c.2283G>A","p.M761I"
"SETD2","NM_014159","c.2302G>C","p.V768L"
"SETD2","NM_014159","c.2412G>A","p.L804L"
"SETD2","NM_014159","c.2450T>C","p.M817T"
"SETD2","NM_014159","c.2455A>G","p.I819V"
"SETD2","NM_014159","c.2508T>G","p.C836W"
"SETD2","NM_014159","c.2534C>G","p.S845X"
"SETD2","NM_014159","c.2543C>T","p.A848V"
"SETD2","NM_014159","c.2704G>C","p.E902Q"
"SETD2","NM_014159","c.2723T>G","p.L908R"
"SETD2","NM_014159","c.2783C>G","p.T928R"
"SETD2","NM_014159","c.2904C>T","p.S968S"
"SETD2","NM_014159","c.2942T>C","p.L981S"
"SETD2","NM_014159","c.3005C>T","p.S1002F"
"SETD2","NM_014159","c.3026T>C","p.M1009T"
"SETD2","NM_014159","c.3054A>G","p.A1018A"
"SETD2","NM_014159","c.3114T>A","p.Y1038X"
"SETD2","NM_014159","c.3170A>C","p.D1057A"
"SETD2","NM_014159","c.3229A>G","p.T1077A"
"SETD2","NM_014159","c.3240G>A","p.M1080I"
"SETD2","NM_014159","c.3249A>C","p.T1083T"
"SETD2","NM_014159","c.3276A>G","p.Q1092Q"
"SETD2","NM_014159","c.335C>T","p.S112L"
"SETD2","NM_014159","c.3422C>T","p.P1141L"
"SETD2","NM_014159","c.3440A>G","p.Q1147R"
"SETD2","NM_014159","c.3465T>C","p.N1155N"
"SETD2","NM_014159","c.3567C>T","p.T1189T"
"SETD2","NM_014159","c.3640A>T","p.N1214Y"
"SETD2","NM_014159","c.3657G>C","p.Q1219H"
"SETD2","NM_014159","c.3668A>G","p.Q1223R"
"SETD2","NM_014159","c.3814C>T","p.Q1272X"
"SETD2","NM_014159","c.3955G>T","p.V1319L"
"SETD2","NM_014159","c.4011A>G","p.E1337E"
"SETD2","NM_014159","c.4059C>T","p.S1353S"
"SETD2","NM_014159","c.4212T>C","p.L1404L"
"SETD2","NM_014159","c.4320A>T","p.P1440P"
"SETD2","NM_014159","c.4540A>C","p.I1514L"
"SETD2","NM_014159","c.4872T>A","p.S1624S"
"SETD2","NM_014159","c.4929C>T","p.N1643N"
"SETD2","NM_014159","c.500C>T","p.P167L"
"SETD2","NM_014159","c.5202G>C","p.Q1734H"
"SETD2","NM_014159","c.5271C>T","p.L1757L"
"SETD2","NM_014159","c.557C>T","p.P186L"
"SETD2","NM_014159","c.558G>A","p.P186P"
"SETD2","NM_014159","c.5626C>T","p.L1876L"
"SETD2","NM_014159","c.5666T>C","p.M1889T"
"SETD2","NM_014159","c.5669A>G","p.D1890G"
"SETD2","NM_014159","c.5777A>G","p.Q1926R"
"SETD2","NM_014159","c.578C>T","p.P193L"
"SETD2","NM_014159","c.5812G>A","p.V1938I"
"SETD2","NM_014159","c.5819G>A","p.S1940N"
"SETD2","NM_014159","c.5851A>G","p.T1951A"
"SETD2","NM_014159","c.5885C>T","p.P1962L"
"SETD2","NM_014159","c.5942A>G","p.Q1981R"
"SETD2","NM_014159","c.6109A>G","p.T2037A"
"SETD2","NM_014159","c.6173A>G","p.N2058S"
"SETD2","NM_014159","c.6265G>A","p.E2089K"
"SETD2","NM_014159","c.6578G>A","p.S2193N"
"SETD2","NM_014159","c.664C>A","p.L222I"
"SETD2","NM_014159","c.6810T>C","p.Y2270Y"
"SETD2","NM_014159","c.6915C>T","p.V2305V"
"SETD2","NM_014159","c.7044A>C","p.P2348P"
"SETD2","NM_014159","c.7048G>A","p.A2350T"
"SETD2","NM_014159","c.7118A>G","p.N2373S"
"SETD2","NM_014159","c.7164C>T","p.T2388T"
"SETD2","NM_014159","c.7261A>G","p.T2421A"
"SETD2","NM_014159","c.7284T>C","p.D2428D"
"SETD2","NM_014159","c.799G>A","p.V267I"
"SETD4","NM_0010072","c.140A>G","p.D47G"
"SETD4","NM_0010072","c.155C>G","p.P52R"
"SETD4","NM_0010072","c.244C>T","p.L82L"
"SETD4","NM_0010072","c.252C>T","p.T84T"
"SETD4","NM_0010072","c.322C>T","p.L108L"
"SETD4","NM_0010072","c.41G>A","p.R14Q"
"SETD4","NM_0010072","c.432G>A","p.E144E"
"SETD4","NM_0010072","c.50G>C","p.C17S"
"SETD4","NM_0010072","c.51C>T","p.C17C"
"SETD4","NM_0010072","c.598G>T","p.A200S"
"SETD4","NM_0010072","c.609C>T","p.T203T"
"SETD4","NM_0010072","c.614A>G","p.N205S"
"SETD4","NM_0010072","c.625G>A","p.V209M"
"SETD4","NM_0010072","c.751A>G","p.T251A"
"SETD4","NM_0010072","c.763G>A","p.E255K"
"SETD4","NM_0010072","c.870T>C","p.H290H"
"SETD4","NM_0010072","c.877C>T","p.H293Y"
"SETD4","NM_0010072","c.923A>G","p.X308X"
"SETD4","NM_0010072","c.172C>T","p.L58L"
"SETD4","NM_0010072","c.180C>T","p.T60T"
"SETD4","NM_0010072","c.250C>T","p.L84L"
"SETD4","NM_0010072","c.360G>A","p.E120E"
"SETD4","NM_0010072","c.526G>T","p.A176S"
"SETD4","NM_0010072","c.537C>T","p.T179T"
"SETD4","NM_0010072","c.542A>G","p.N181S"
"SETD4","NM_0010072","c.553G>A","p.V185M"
"SETD4","NM_0010072","c.679A>G","p.T227A"
"SETD4","NM_0010072","c.68A>G","p.D23G"
"SETD4","NM_0010072","c.691G>A","p.E231K"
"SETD4","NM_0010072","c.798T>C","p.H266H"
"SETD4","NM_0010072","c.805C>T","p.H269Y"
"SETD4","NM_0010072","c.83C>G","p.P28R"
"SETD4","NM_0010072","c.851A>G","p.X284X"
"SETD4","NM_0012867","c.1087A>G","p.I363V"
"SETD4","NM_0012867","c.1095G>A","p.E365E"
"SETD4","NM_0012867","c.1140A>T","p.K380N"
"SETD4","NM_0012867","c.1175C>G","p.S392C"
"SETD4","NM_0012867","c.1215C>T","p.A405A"
"SETD4","NM_0012867","c.172C>T","p.L58L"
"SETD4","NM_0012867","c.180C>T","p.T60T"
"SETD4","NM_0012867","c.250C>T","p.L84L"
"SETD4","NM_0012867","c.360G>A","p.E120E"
"SETD4","NM_0012867","c.526G>T","p.A176S"
"SETD4","NM_0012867","c.537C>T","p.T179T"
"SETD4","NM_0012867","c.542A>G","p.N181S"
"SETD4","NM_0012867","c.553G>A","p.V185M"
"SETD4","NM_0012867","c.679A>G","p.T227A"
"SETD4","NM_0012867","c.68A>G","p.D23G"
"SETD4","NM_0012867","c.691G>A","p.E231K"
"SETD4","NM_0012867","c.798T>C","p.H266H"
"SETD4","NM_0012867","c.805C>T","p.H269Y"
"SETD4","NM_0012867","c.83C>G","p.P28R"
"SETD4","NM_0012867","c.870G>A","p.M290I"
"SETD4","NM_017438","c.1159A>G","p.I387V"
"SETD4","NM_017438","c.1167G>A","p.E389E"
"SETD4","NM_017438","c.1212A>T","p.K404N"
"SETD4","NM_017438","c.1247C>G","p.S416C"
"SETD4","NM_017438","c.1287C>T","p.A429A"
"SETD4","NM_017438","c.140A>G","p.D47G"
"SETD4","NM_017438","c.155C>G","p.P52R"
"SETD4","NM_017438","c.244C>T","p.L82L"
"SETD4","NM_017438","c.252C>T","p.T84T"
"SETD4","NM_017438","c.322C>T","p.L108L"
"SETD4","NM_017438","c.41G>A","p.R14Q"
"SETD4","NM_017438","c.432G>A","p.E144E"
"SETD4","NM_017438","c.50G>C","p.C17S"
"SETD4","NM_017438","c.51C>T","p.C17C"
"SETD4","NM_017438","c.598G>T","p.A200S"
"SETD4","NM_017438","c.609C>T","p.T203T"
"SETD4","NM_017438","c.614A>G","p.N205S"
"SETD4","NM_017438","c.625G>A","p.V209M"
"SETD4","NM_017438","c.751A>G","p.T251A"
"SETD4","NM_017438","c.763G>A","p.E255K"
"SETD4","NM_017438","c.870T>C","p.H290H"
"SETD4","NM_017438","c.877C>T","p.H293Y"
"SETD4","NM_017438","c.942G>A","p.M314I"
"SETD5","NM_0010805","c.1200G>A","p.V400V"
"SETD5","NM_0010805","c.1226G>A","p.R409Q"
"SETD5","NM_0010805","c.1286C>T","p.P429L"
"SETD5","NM_0010805","c.1445T>C","p.V482A"
"SETD5","NM_0010805","c.1515T>C","p.H505H"
"SETD5","NM_0010805","c.1728C>A","p.I576I"
"SETD5","NM_0010805","c.1910A>C","p.N637T"
"SETD5","NM_0010805","c.1912G>A","p.A638T"
"SETD5","NM_0010805","c.1979C>T","p.T660I"
"SETD5","NM_0010805","c.199C>T","p.L67L"
"SETD5","NM_0010805","c.2034C>G","p.D678E"
"SETD5","NM_0010805","c.2148G>A","p.E716E"
"SETD5","NM_0010805","c.2299C>T","p.R767C"
"SETD5","NM_0010805","c.230G>A","p.R77H"
"SETD5","NM_0010805","c.2428C>G","p.Q810E"
"SETD5","NM_0010805","c.2511C>A","p.R837R"
"SETD5","NM_0010805","c.2544T>G","p.L848L"
"SETD5","NM_0010805","c.2615G>A","p.G872D"
"SETD5","NM_0010805","c.2653T>C","p.Y885H"
"SETD5","NM_0010805","c.2852G>A","p.G951E"
"SETD5","NM_0010805","c.2924A>G","p.Q975R"
"SETD5","NM_0010805","c.2927C>G","p.A976G"
"SETD5","NM_0010805","c.3013C>T","p.L1005L"
"SETD5","NM_0010805","c.3116G>A","p.R1039H"
"SETD5","NM_0010805","c.314A>C","p.N105T"
"SETD5","NM_0010805","c.3324C>T","p.S1108S"
"SETD5","NM_0010805","c.3330T>C","p.T1110T"
"SETD5","NM_0010805","c.3338A>G","p.H1113R"
"SETD5","NM_0010805","c.3409A>G","p.M1137V"
"SETD5","NM_0010805","c.3426G>A","p.A1142A"
"SETD5","NM_0010805","c.3564C>T","p.S1188S"
"SETD5","NM_0010805","c.3833C>T","p.A1278V"
"SETD5","NM_0010805","c.3923C>T","p.T1308I"
"SETD5","NM_0010805","c.4054C>A","p.P1352T"
"SETD5","NM_0010805","c.4115C>T","p.T1372I"
"SETD5","NM_0010805","c.4131C>T","p.N1377N"
"SETD5","NM_0010805","c.4160G>A","p.R1387Q"
"SETD5","NM_0010805","c.4215A>G","p.V1405V"
"SETD5","NM_0010805","c.4256G>A","p.S1419N"
"SETD5","NM_0010805","c.609T>G","p.T203T"
"SETD5","NM_0010805","c.849G>A","p.R283R"
"SETD7","NM_030648","c.126C>A","p.H42Q"
"SETD7","NM_030648","c.138C>T","p.N46N"
"SETD7","NM_030648","c.255G>A","p.T85T"
"SETD7","NM_030648","c.276C>T","p.N92N"
"SETD7","NM_030648","c.291A>G","p.E97E"
"SETD7","NM_030648","c.438T>C","p.Y146Y"
"SETD7","NM_030648","c.459C>A","p.T153T"
"SETD7","NM_030648","c.460G>A","p.A154T"
"SETD7","NM_030648","c.543C>T","p.H181H"
"SETD7","NM_030648","c.640G>A","p.E214K"
"SETD7","NM_030648","c.66G>A","p.P22P"
"SETD7","NM_030648","c.819G>A","p.T273T"
"SETD9","NM_0011719","c.110A>G","p.Y37C"
"SETD9","NM_0011719","c.122A>T","p.E41V"
"SETD9","NM_0011719","c.183G>A","p.Q61Q"
"SETD9","NM_0011719","c.21G>T","p.R7R"
"SETD9","NM_0011719","c.226T>A","p.S76T"
"SETD9","NM_0011719","c.363T>C","p.G121G"
"SETD9","NM_0011719","c.390A>G","p.S130S"
"SETD9","NM_0011719","c.430T>G","p.L144V"
"SETD9","NM_0011719","c.491C>T","p.P164L"
"SETD9","NM_0011719","c.518C>T","p.P173L"
"SETD9","NM_0011719","c.605G>A","p.R202K"
"SETD9","NM_0011719","c.625A>G","p.K209E"
"SETD9","NM_0011719","c.810A>G","p.Q270Q"
"SETD9","NM_0011719","c.87C>T","p.S29S"
"SETD9","NM_0011719","c.90C>T","p.H30H"
"SETD9","NM_153706","c.110A>G","p.Y37C"
"SETD9","NM_153706","c.122A>T","p.E41V"
"SETD9","NM_153706","c.183G>A","p.Q61Q"
"SETD9","NM_153706","c.21G>T","p.R7R"
"SETD9","NM_153706","c.226T>A","p.S76T"
"SETD9","NM_153706","c.363T>C","p.G121G"
"SETD9","NM_153706","c.390A>G","p.S130S"
"SETD9","NM_153706","c.430T>G","p.L144V"
"SETD9","NM_153706","c.491C>T","p.P164L"
"SETD9","NM_153706","c.518C>T","p.P173L"
"SETD9","NM_153706","c.605G>A","p.R202K"
"SETD9","NM_153706","c.625A>G","p.K209E"
"SETD9","NM_153706","c.810A>G","p.Q270Q"
"SETD9","NM_153706","c.87C>T","p.S29S"
"SETD9","NM_153706","c.90C>T","p.H30H"
"SETDB1","NM_0011454","c.132C>T","p.I44I"
"SETDB1","NM_0011454","c.1333T>C","p.F445L"
"SETDB1","NM_0011454","c.1339C>T","p.P447S"
"SETDB1","NM_0011454","c.1407C>G","p.P469P"
"SETDB1","NM_0011454","c.1543G>A","p.V515I"
"SETDB1","NM_0011454","c.1586C>T","p.P529L"
"SETDB1","NM_0011454","c.1746T>C","p.C582C"
"SETDB1","NM_0011454","c.1747C>A","p.L583M"
"SETDB1","NM_0011454","c.2003G>A","p.R668Q"
"SETDB1","NM_0011454","c.2073A>G","p.L691L"
"SETDB1","NM_0011454","c.2133T>C","p.R711R"
"SETDB1","NM_0011454","c.2136C>T","p.I712I"
"SETDB1","NM_0011454","c.2226C>T","p.A742A"
"SETDB1","NM_0011454","c.231C>T","p.H77H"
"SETDB1","NM_0011454","c.2607A>C","p.G869G"
"SETDB1","NM_0011454","c.2832C>T","p.S944S"
"SETDB1","NM_0011454","c.2915C>T","p.S972F"
"SETDB1","NM_0011454","c.2930C>T","p.P977L"
"SETDB1","NM_0011454","c.3062C>T","p.A1021V"
"SETDB1","NM_0011454","c.3132C>T","p.D1044D"
"SETDB1","NM_0011454","c.3227C>T","p.P1076L"
"SETDB1","NM_0011454","c.3242G>T","p.S1081I"
"SETDB1","NM_0011454","c.3269C>T","p.A1090V"
"SETDB1","NM_0011454","c.3451A>G","p.M1151V"
"SETDB1","NM_0011454","c.3456T>C","p.T1152T"
"SETDB1","NM_0011454","c.3669C>T","p.N1223N"
"SETDB1","NM_0011454","c.3774G>T","p.G1258G"
"SETDB1","NM_0011454","c.3851T>C","p.I1284T"
"SETDB1","NM_0011454","c.65T>C","p.I22T"
"SETDB1","NM_0011454","c.707A>G","p.N236S"
"SETDB1","NM_0011454","c.723A>G","p.L241L"
"SETDB1","NM_0011454","c.909C>T","p.S303S"
"SETDB1","NM_0011454","c.923C>T","p.S308L"
"SETDB1","NM_0011454","c.924G>A","p.S308S"
"SETDB1","NM_0011454","c.949C>T","p.L317L"
"SETDB1","NM_0012434","c.1180G>T","p.G394W"
"SETDB1","NM_0012434","c.1187G>A","p.G396E"
"SETDB1","NM_0012434","c.1188A>G","p.G396G"
"SETDB1","NM_0012434","c.132C>T","p.I44I"
"SETDB1","NM_0012434","c.231C>T","p.H77H"
"SETDB1","NM_0012434","c.65T>C","p.I22T"
"SETDB1","NM_0012434","c.707A>G","p.N236S"
"SETDB1","NM_0012434","c.723A>G","p.L241L"
"SETDB1","NM_0012434","c.909C>T","p.S303S"
"SETDB1","NM_0012434","c.923C>T","p.S308L"
"SETDB1","NM_0012434","c.924G>A","p.S308S"
"SETDB1","NM_0012434","c.949C>T","p.L317L"
"SETDB1","NM_012432","c.132C>T","p.I44I"
"SETDB1","NM_012432","c.1333T>C","p.F445L"
"SETDB1","NM_012432","c.1339C>T","p.P447S"
"SETDB1","NM_012432","c.1407C>G","p.P469P"
"SETDB1","NM_012432","c.1543G>A","p.V515I"
"SETDB1","NM_012432","c.1586C>T","p.P529L"
"SETDB1","NM_012432","c.1746T>C","p.C582C"
"SETDB1","NM_012432","c.1747C>A","p.L583M"
"SETDB1","NM_012432","c.2003G>A","p.R668Q"
"SETDB1","NM_012432","c.2073A>G","p.L691L"
"SETDB1","NM_012432","c.2133T>C","p.R711R"
"SETDB1","NM_012432","c.2136C>T","p.I712I"
"SETDB1","NM_012432","c.2226C>T","p.A742A"
"SETDB1","NM_012432","c.231C>T","p.H77H"
"SETDB1","NM_012432","c.2607A>C","p.G869G"
"SETDB1","NM_012432","c.2832C>T","p.S944S"
"SETDB1","NM_012432","c.2915C>T","p.S972F"
"SETDB1","NM_012432","c.2930C>T","p.P977L"
"SETDB1","NM_012432","c.3062C>T","p.A1021V"
"SETDB1","NM_012432","c.3132C>T","p.D1044D"
"SETDB1","NM_012432","c.3227C>T","p.P1076L"
"SETDB1","NM_012432","c.3242G>T","p.S1081I"
"SETDB1","NM_012432","c.3269C>T","p.A1090V"
"SETDB1","NM_012432","c.3451A>G","p.M1151V"
"SETDB1","NM_012432","c.3456T>C","p.T1152T"
"SETDB1","NM_012432","c.3669C>T","p.N1223N"
"SETDB1","NM_012432","c.3771G>T","p.G1257G"
"SETDB1","NM_012432","c.3848T>C","p.I1283T"
"SETDB1","NM_012432","c.65T>C","p.I22T"
"SETDB1","NM_012432","c.707A>G","p.N236S"
"SETDB1","NM_012432","c.723A>G","p.L241L"
"SETDB1","NM_012432","c.909C>T","p.S303S"
"SETDB1","NM_012432","c.923C>T","p.S308L"
"SETDB1","NM_012432","c.924G>A","p.S308S"
"SETDB1","NM_012432","c.949C>T","p.L317L"
"SETDB2","NM_0011603","c.1187A>T","p.K396I"
"SETDB2","NM_0011603","c.1193A>C","p.Y398S"
"SETDB2","NM_0011603","c.1210G>A","p.G404R"
"SETDB2","NM_0011603","c.1286T>C","p.V429A"
"SETDB2","NM_0011603","c.1327G>A","p.A443T"
"SETDB2","NM_0011603","c.1381G>A","p.V461M"
"SETDB2","NM_0011603","c.1416A>G","p.Q472Q"
"SETDB2","NM_0011603","c.1541G>A","p.R514Q"
"SETDB2","NM_0011603","c.1640T>C","p.I547T"
"SETDB2","NM_0011603","c.165A>G","p.L55L"
"SETDB2","NM_0011603","c.1762C>T","p.R588X"
"SETDB2","NM_0011603","c.1959A>G","p.V653V"
"SETDB2","NM_0011603","c.2112A>C","p.K704N"
"SETDB2","NM_0011603","c.254C>T","p.A85V"
"SETDB2","NM_0011603","c.261C>T","p.P87P"
"SETDB2","NM_0011603","c.313G>A","p.E105K"
"SETDB2","NM_0011603","c.314A>G","p.E105G"
"SETDB2","NM_0011603","c.480C>T","p.H160H"
"SETDB2","NM_0011603","c.504A>G","p.T168T"
"SETDB2","NM_0011603","c.528C>T","p.H176H"
"SETDB2","NM_0011603","c.568G>A","p.V190M"
"SETDB2","NM_0011603","c.584G>A","p.R195H"
"SETDB2","NM_0011603","c.66C>T","p.D22D"
"SETDB2","NM_0011603","c.96G>A","p.L32L"
"SETDB2","NM_031915","c.1223A>T","p.K408I"
"SETDB2","NM_031915","c.1229A>C","p.Y410S"
"SETDB2","NM_031915","c.1246G>A","p.G416R"
"SETDB2","NM_031915","c.1322T>C","p.V441A"
"SETDB2","NM_031915","c.1363G>A","p.A455T"
"SETDB2","NM_031915","c.1417G>A","p.V473M"
"SETDB2","NM_031915","c.1452A>G","p.Q484Q"
"SETDB2","NM_031915","c.1577G>A","p.R526Q"
"SETDB2","NM_031915","c.165A>G","p.L55L"
"SETDB2","NM_031915","c.1676T>C","p.I559T"
"SETDB2","NM_031915","c.1798C>T","p.R600X"
"SETDB2","NM_031915","c.1995A>G","p.V665V"
"SETDB2","NM_031915","c.2148A>C","p.K716N"
"SETDB2","NM_031915","c.290C>T","p.A97V"
"SETDB2","NM_031915","c.297C>T","p.P99P"
"SETDB2","NM_031915","c.349G>A","p.E117K"
"SETDB2","NM_031915","c.350A>G","p.E117G"
"SETDB2","NM_031915","c.516C>T","p.H172H"
"SETDB2","NM_031915","c.540A>G","p.T180T"
"SETDB2","NM_031915","c.564C>T","p.H188H"
"SETDB2","NM_031915","c.604G>A","p.V202M"
"SETDB2","NM_031915","c.620G>A","p.R207H"
"SETDB2","NM_031915","c.66C>T","p.D22D"
"SETDB2","NM_031915","c.96G>A","p.L32L"
"SETMAR","NM_0012437","c.1027C>T","p.R343C"
"SETMAR","NM_0012437","c.1184C>T","p.T395I"
"SETMAR","NM_0012437","c.1298G>A","p.R433H"
"SETMAR","NM_0012437","c.130C>T","p.P44S"
"SETMAR","NM_0012437","c.132G>C","p.P44P"
"SETMAR","NM_0012437","c.1359G>A","p.P453P"
"SETMAR","NM_0012437","c.1362T>A","p.H454Q"
"SETMAR","NM_0012437","c.1464T>C","p.F488F"
"SETMAR","NM_0012437","c.1567G>A","p.A523T"
"SETMAR","NM_0012437","c.1616G>T","p.C539F"
"SETMAR","NM_0012437","c.208A>G","p.I70V"
"SETMAR","NM_0012437","c.24G>A","p.T8T"
"SETMAR","NM_0012437","c.272G>A","p.R91H"
"SETMAR","NM_0012437","c.314T>C","p.I105T"
"SETMAR","NM_0012437","c.377A>G","p.D126G"
"SETMAR","NM_0012437","c.424C>G","p.Q142E"
"SETMAR","NM_0012437","c.505G>A","p.V169I"
"SETMAR","NM_0012437","c.806G>A","p.R269Q"
"SETMAR","NM_0012437","c.810A>G","p.P270P"
"SETMAR","NM_0012437","c.846C>T","p.I282I"
"SETMAR","NM_0012437","c.918A>G","p.R306R"
"SETMAR","NM_0012763","c.1025G>T","p.S342I"
"SETMAR","NM_0012763","c.1049C>T","p.A350V"
"SETMAR","NM_0012763","c.1052C>T","p.P351L"
"SETMAR","NM_0012763","c.1058A>G","p.Y353C"
"SETMAR","NM_0012763","c.130C>T","p.P44S"
"SETMAR","NM_0012763","c.132G>C","p.P44P"
"SETMAR","NM_0012763","c.208A>G","p.I70V"
"SETMAR","NM_0012763","c.24G>A","p.T8T"
"SETMAR","NM_0012763","c.272G>A","p.R91H"
"SETMAR","NM_0012763","c.314T>C","p.I105T"
"SETMAR","NM_0012763","c.377A>G","p.D126G"
"SETMAR","NM_0012763","c.424C>G","p.Q142E"
"SETMAR","NM_0012763","c.528T>A","p.S176S"
"SETMAR","NM_0012763","c.580A>G","p.I194V"
"SETMAR","NM_0012763","c.713A>C","p.D238A"
"SETMAR","NM_0012763","c.718A>G","p.M240V"
"SETMAR","NM_0012763","c.755T>C","p.I252T"
"SETMAR","NM_0012763","c.776C>G","p.S259C"
"SETMAR","NM_0012763","c.777T>G","p.S259S"
"SETMAR","NM_0012763","c.831G>A","p.R277R"
"SETMAR","NM_0012763","c.840T>C","p.H280H"
"SETMAR","NM_0012763","c.858T>G","p.P286P"
"SETMAR","NM_0012763","c.922G>A","p.V308I"
"SETMAR","NM_006515","c.1223G>A","p.R408Q"
"SETMAR","NM_006515","c.1227A>G","p.P409P"
"SETMAR","NM_006515","c.1263C>T","p.I421I"
"SETMAR","NM_006515","c.130C>T","p.P44S"
"SETMAR","NM_006515","c.132G>C","p.P44P"
"SETMAR","NM_006515","c.1335A>G","p.R445R"
"SETMAR","NM_006515","c.1444C>T","p.R482C"
"SETMAR","NM_006515","c.1601C>T","p.T534I"
"SETMAR","NM_006515","c.1715G>A","p.R572H"
"SETMAR","NM_006515","c.1776G>A","p.P592P"
"SETMAR","NM_006515","c.1779T>A","p.H593Q"
"SETMAR","NM_006515","c.1881T>C","p.F627F"
"SETMAR","NM_006515","c.1984G>A","p.A662T"
"SETMAR","NM_006515","c.2033G>T","p.C678F"
"SETMAR","NM_006515","c.208A>G","p.I70V"
"SETMAR","NM_006515","c.24G>A","p.T8T"
"SETMAR","NM_006515","c.272G>A","p.R91H"
"SETMAR","NM_006515","c.314T>C","p.I105T"
"SETMAR","NM_006515","c.377A>G","p.D126G"
"SETMAR","NM_006515","c.424C>G","p.Q142E"
"SETMAR","NM_006515","c.528T>A","p.S176S"
"SETMAR","NM_006515","c.580A>G","p.I194V"
"SETMAR","NM_006515","c.713A>C","p.D238A"
"SETMAR","NM_006515","c.718A>G","p.M240V"
"SETMAR","NM_006515","c.755T>C","p.I252T"
"SETMAR","NM_006515","c.776C>G","p.S259C"
"SETMAR","NM_006515","c.777T>G","p.S259S"
"SETMAR","NM_006515","c.831G>A","p.R277R"
"SETMAR","NM_006515","c.840T>C","p.H280H"
"SETMAR","NM_006515","c.858T>G","p.P286P"
"SETMAR","NM_006515","c.922G>A","p.V308I"
"SIRT3","NM_0010175","c.194A>G","p.N65S"
"SIRT3","NM_0010175","c.195C>T","p.N65N"
"SIRT3","NM_0010175","c.196G>A","p.V66I"
"SIRT3","NM_0010175","c.255G>A","p.T85T"
"SIRT3","NM_0010175","c.359C>A","p.P120H"
"SIRT3","NM_0010175","c.402G>A","p.R134R"
"SIRT3","NM_0010175","c.417G>A","p.P139P"
"SIRT3","NM_0010175","c.420C>G","p.V140V"
"SIRT3","NM_0010175","c.426C>T","p.T142T"
"SIRT3","NM_0010175","c.427G>A","p.G143S"
"SIRT3","NM_0010175","c.51G>T","p.S17S"
"SIRT3","NM_0010175","c.585A>G","p.S195S"
"SIRT3","NM_0010175","c.610G>A","p.D204N"
"SIRT3","NM_0010175","c.673G>A","p.V225I"
"SIRT3","NM_0010175","c.678C>T","p.H226H"
"SIRT3","NM_0010175","c.679G>A","p.G227S"
"SIRT3","NM_0010175","c.681C>T","p.G227G"
"SIRT3","NM_0010175","c.703C>T","p.L235L"
"SIRT3","NM_0010175","c.711G>C","p.W237C"
"SIRT3","NM_0010175","c.737A>G","p.Q246R"
"SIRT3","NM_012239","c.1011A>G","p.S337S"
"SIRT3","NM_012239","c.1036G>A","p.D346N"
"SIRT3","NM_012239","c.1099G>A","p.V367I"
"SIRT3","NM_012239","c.1104C>T","p.H368H"
"SIRT3","NM_012239","c.1105G>A","p.G369S"
"SIRT3","NM_012239","c.1107C>T","p.G369G"
"SIRT3","NM_012239","c.1129C>T","p.L377L"
"SIRT3","NM_012239","c.1137G>C","p.W379C"
"SIRT3","NM_012239","c.1163A>G","p.Q388R"
"SIRT3","NM_012239","c.196C>G","p.P66A"
"SIRT3","NM_012239","c.235T>C","p.F79L"
"SIRT3","NM_012239","c.238C>T","p.R80W"
"SIRT3","NM_012239","c.23C>T","p.A8V"
"SIRT3","NM_012239","c.33C>T","p.A11A"
"SIRT3","NM_012239","c.399G>T","p.R133R"
"SIRT3","NM_012239","c.477G>T","p.S159S"
"SIRT3","NM_012239","c.620A>G","p.N207S"
"SIRT3","NM_012239","c.621C>T","p.N207N"
"SIRT3","NM_012239","c.622G>A","p.V208I"
"SIRT3","NM_012239","c.681G>A","p.T227T"
"SIRT3","NM_012239","c.785C>A","p.P262H"
"SIRT3","NM_012239","c.828G>A","p.R276R"
"SIRT3","NM_012239","c.843G>A","p.P281P"
"SIRT3","NM_012239","c.846C>G","p.V282V"
"SIRT3","NM_012239","c.852C>T","p.T284T"
"SIRT3","NM_012239","c.853G>A","p.G285S"
"SIRT5","NM_0011932","c.227A>G","p.Y76C"
"SIRT5","NM_0011932","c.28C>A","p.R10R"
"SIRT5","NM_0011932","c.294G>T","p.V98V"
"SIRT5","NM_0011932","c.314G>A","p.R105Q"
"SIRT5","NM_0011932","c.406G>A","p.V136M"
"SIRT5","NM_0011932","c.439C>T","p.R147C"
"SIRT5","NM_0011932","c.514G>A","p.V172M"
"SIRT5","NM_0011932","c.517G>A","p.A173T"
"SIRT5","NM_0011932","c.532A>C","p.S178R"
"SIRT5","NM_0011932","c.582C>T","p.C194C"
"SIRT5","NM_0011932","c.603C>T","p.H201H"
"SIRT5","NM_0011932","c.606C>T","p.V202V"
"SIRT5","NM_0011932","c.751G>A","p.V251M"
"SIRT5","NM_0011932","c.791C>T","p.T264M"
"SIRT5","NM_0011932","c.801C>A","p.F267L"
"SIRT5","NM_0011932","c.842A>G","p.E281G"
"SIRT5","NM_0011932","c.860A>G","p.E287G"
"SIRT5","NM_0012428","c.115C>T","p.R39C"
"SIRT5","NM_0012428","c.190G>A","p.V64M"
"SIRT5","NM_0012428","c.193G>A","p.A65T"
"SIRT5","NM_0012428","c.208A>C","p.S70R"
"SIRT5","NM_0012428","c.312C>T","p.C104C"
"SIRT5","NM_0012428","c.333C>T","p.H111H"
"SIRT5","NM_0012428","c.336C>T","p.V112V"
"SIRT5","NM_0012428","c.481G>A","p.V161M"
"SIRT5","NM_0012428","c.521C>T","p.T174M"
"SIRT5","NM_0012428","c.531C>A","p.F177L"
"SIRT5","NM_0012428","c.572A>G","p.E191G"
"SIRT5","NM_0012428","c.590A>G","p.E197G"
"SIRT5","NM_0012428","c.82G>A","p.V28M"
"SIRT5","NM_012241","c.227A>G","p.Y76C"
"SIRT5","NM_012241","c.28C>A","p.R10R"
"SIRT5","NM_012241","c.294G>T","p.V98V"
"SIRT5","NM_012241","c.314G>A","p.R105Q"
"SIRT5","NM_012241","c.406G>A","p.V136M"
"SIRT5","NM_012241","c.439C>T","p.R147C"
"SIRT5","NM_012241","c.514G>A","p.V172M"
"SIRT5","NM_012241","c.517G>A","p.A173T"
"SIRT5","NM_012241","c.532A>C","p.S178R"
"SIRT5","NM_012241","c.636C>T","p.C212C"
"SIRT5","NM_012241","c.657C>T","p.H219H"
"SIRT5","NM_012241","c.660C>T","p.V220V"
"SIRT5","NM_012241","c.805G>A","p.V269M"
"SIRT5","NM_012241","c.845C>T","p.T282M"
"SIRT5","NM_012241","c.855C>A","p.F285L"
"SIRT5","NM_012241","c.896A>G","p.E299G"
"SIRT5","NM_012241","c.914A>G","p.E305G"
"SIRT5","NM_031244","c.227A>G","p.Y76C"
"SIRT5","NM_031244","c.28C>A","p.R10R"
"SIRT5","NM_031244","c.294G>T","p.V98V"
"SIRT5","NM_031244","c.314G>A","p.R105Q"
"SIRT5","NM_031244","c.406G>A","p.V136M"
"SIRT5","NM_031244","c.439C>T","p.R147C"
"SIRT5","NM_031244","c.514G>A","p.V172M"
"SIRT5","NM_031244","c.517G>A","p.A173T"
"SIRT5","NM_031244","c.532A>C","p.S178R"
"SIRT5","NM_031244","c.636C>T","p.C212C"
"SIRT5","NM_031244","c.657C>T","p.H219H"
"SIRT5","NM_031244","c.660C>T","p.V220V"
"SIRT5","NM_031244","c.805G>A","p.V269M"
"SIRT5","NM_031244","c.845C>T","p.T282M"
"SIRT5","NM_031244","c.855C>A","p.F285L"
"SIRT5","NM_031244","c.860A>T","p.H287L"
"SIRT5","NM_031244","c.868T>C","p.S290P"
"SIRT6","NM_0011932","c.137G>A","p.S46N"
"SIRT6","NM_0011932","c.140T>C","p.V47A"
"SIRT6","NM_0011932","c.186C>T","p.P62P"
"SIRT6","NM_0011932","c.228A>G","p.R76R"
"SIRT6","NM_0011932","c.309C>T","p.R103R"
"SIRT6","NM_0011932","c.399C>T","p.H133H"
"SIRT6","NM_0011932","c.449G>A","p.R150Q"
"SIRT6","NM_0011932","c.537C>T","p.N179N"
"SIRT6","NM_0011932","c.586G>A","p.G196R"
"SIRT6","NM_0011932","c.710G>A","p.R237Q"
"SIRT6","NM_0011932","c.72C>T","p.F24F"
"SIRT6","NM_0011932","c.742G>A","p.A248T"
"SIRT6","NM_0011932","c.80C>T","p.P27L"
"SIRT6","NM_0011932","c.818A>G","p.K273R"
"SIRT6","NM_0011932","c.856G>T","p.A286S"
"SIRT6","NM_0011932","c.859G>A","p.G287S"
"SIRT6","NM_0011932","c.903C>T","p.P301P"
"SIRT6","NM_0011932","c.923G>A","p.R308Q"
"SIRT6","NM_0011932","c.943C>G","p.H315D"
"SIRT6","NM_0011932","c.975G>A","p.A325A"
"SIRT6","NM_016539","c.1004G>A","p.R335Q"
"SIRT6","NM_016539","c.1024C>G","p.H342D"
"SIRT6","NM_016539","c.1056G>A","p.A352A"
"SIRT6","NM_016539","c.137G>A","p.S46N"
"SIRT6","NM_016539","c.140T>C","p.V47A"
"SIRT6","NM_016539","c.186C>T","p.P62P"
"SIRT6","NM_016539","c.228A>G","p.R76R"
"SIRT6","NM_016539","c.309C>T","p.R103R"
"SIRT6","NM_016539","c.399C>T","p.H133H"
"SIRT6","NM_016539","c.449G>A","p.R150Q"
"SIRT6","NM_016539","c.618C>T","p.N206N"
"SIRT6","NM_016539","c.667G>A","p.G223R"
"SIRT6","NM_016539","c.72C>T","p.F24F"
"SIRT6","NM_016539","c.791G>A","p.R264Q"
"SIRT6","NM_016539","c.80C>T","p.P27L"
"SIRT6","NM_016539","c.823G>A","p.A275T"
"SIRT6","NM_016539","c.899A>G","p.K300R"
"SIRT6","NM_016539","c.937G>T","p.A313S"
"SIRT6","NM_016539","c.940G>A","p.G314S"
"SIRT6","NM_016539","c.984C>T","p.P328P"
"SMARCA4","NM_0011288","c.1083C>T","p.L361L"
"SMARCA4","NM_0011288","c.1114T>C","p.Y372H"
"SMARCA4","NM_0011288","c.1140C>T","p.H380H"
"SMARCA4","NM_0011288","c.1155T>G","p.L385L"
"SMARCA4","NM_0011288","c.1209G>A","p.E403E"
"SMARCA4","NM_0011288","c.1212C>G","p.L404L"
"SMARCA4","NM_0011288","c.1287G>A","p.A429A"
"SMARCA4","NM_0011288","c.1341G>A","p.L447L"
"SMARCA4","NM_0011288","c.1344C>T","p.R448R"
"SMARCA4","NM_0011288","c.1413G>A","p.K471K"
"SMARCA4","NM_0011288","c.1509A>G","p.A503A"
"SMARCA4","NM_0011288","c.1524T>C","p.H508H"
"SMARCA4","NM_0011288","c.1557C>T","p.N519N"
"SMARCA4","NM_0011288","c.1740A>G","p.K580K"
"SMARCA4","NM_0011288","c.1791T>G","p.P597P"
"SMARCA4","NM_0011288","c.1863C>T","p.H621H"
"SMARCA4","NM_0011288","c.1917G>A","p.L639L"
"SMARCA4","NM_0011288","c.1980T>C","p.S660S"
"SMARCA4","NM_0011288","c.2085C>T","p.S695S"
"SMARCA4","NM_0011288","c.2388C>T","p.L796L"
"SMARCA4","NM_0011288","c.2403C>T","p.R801R"
"SMARCA4","NM_0011288","c.258C>T","p.D86D"
"SMARCA4","NM_0011288","c.2730G>A","p.T910T"
"SMARCA4","NM_0011288","c.2739G>A","p.P913P"
"SMARCA4","NM_0011288","c.2757C>T","p.P919P"
"SMARCA4","NM_0011288","c.2817C>T","p.F939F"
"SMARCA4","NM_0011288","c.2850C>T","p.T950T"
"SMARCA4","NM_0011288","c.3045C>T","p.G1015G"
"SMARCA4","NM_0011288","c.3436G>T","p.G1146C"
"SMARCA4","NM_0011288","c.3501G>A","p.S1167S"
"SMARCA4","NM_0011288","c.3558G>A","p.A1186A"
"SMARCA4","NM_0011288","c.3619G>A","p.V1207I"
"SMARCA4","NM_0011288","c.3663G>A","p.K1221K"
"SMARCA4","NM_0011288","c.3738C>T","p.F1246F"
"SMARCA4","NM_0011288","c.3765G>A","p.E1255E"
"SMARCA4","NM_0011288","c.3903C>T","p.T1301T"
"SMARCA4","NM_0011288","c.3927C>T","p.H1309H"
"SMARCA4","NM_0011288","c.3975C>T","p.R1325R"
"SMARCA4","NM_0011288","c.4053C>T","p.D1351D"
"SMARCA4","NM_0011288","c.4105C>T","p.R1369C"
"SMARCA4","NM_0011288","c.4147C>T","p.L1383L"
"SMARCA4","NM_0011288","c.4179G>A","p.E1393E"
"SMARCA4","NM_0011288","c.4227A>G","p.S1409S"
"SMARCA4","NM_0011288","c.4272G>A","p.P1424P"
"SMARCA4","NM_0011288","c.4344C>T","p.A1448A"
"SMARCA4","NM_0011288","c.4389G>T","p.K1463N"
"SMARCA4","NM_0011288","c.441C>T","p.S147S"
"SMARCA4","NM_0011288","c.4494C>T","p.Y1498Y"
"SMARCA4","NM_0011288","c.4512C>T","p.P1504P"
"SMARCA4","NM_0011288","c.4515G>A","p.V1505V"
"SMARCA4","NM_0011288","c.4584C>T","p.D1528D"
"SMARCA4","NM_0011288","c.4682G>A","p.R1561Q"
"SMARCA4","NM_0011288","c.4695G>A","p.E1565E"
"SMARCA4","NM_0011288","c.4758C>T","p.S1586S"
"SMARCA4","NM_0011288","c.4813G>C","p.A1605P"
"SMARCA4","NM_0011288","c.4872G>A","p.P1624P"
"SMARCA4","NM_0011288","c.4887T>C","p.D1629D"
"SMARCA4","NM_0011288","c.719C>T","p.P240L"
"SMARCA4","NM_0011288","c.76G>A","p.A26T"
"SMARCA4","NM_0011288","c.915G>A","p.P305P"
"SMARCA4","NM_0011288","c.930C>A","p.R310R"
"SMARCA4","NM_0011288","c.1083C>T","p.L361L"
"SMARCA4","NM_0011288","c.1114T>C","p.Y372H"
"SMARCA4","NM_0011288","c.1140C>T","p.H380H"
"SMARCA4","NM_0011288","c.1155T>G","p.L385L"
"SMARCA4","NM_0011288","c.1209G>A","p.E403E"
"SMARCA4","NM_0011288","c.1212C>G","p.L404L"
"SMARCA4","NM_0011288","c.1287G>A","p.A429A"
"SMARCA4","NM_0011288","c.1341G>A","p.L447L"
"SMARCA4","NM_0011288","c.1344C>T","p.R448R"
"SMARCA4","NM_0011288","c.1413G>A","p.K471K"
"SMARCA4","NM_0011288","c.1509A>G","p.A503A"
"SMARCA4","NM_0011288","c.1524T>C","p.H508H"
"SMARCA4","NM_0011288","c.1557C>T","p.N519N"
"SMARCA4","NM_0011288","c.1740A>G","p.K580K"
"SMARCA4","NM_0011288","c.1791T>G","p.P597P"
"SMARCA4","NM_0011288","c.1863C>T","p.H621H"
"SMARCA4","NM_0011288","c.1917G>A","p.L639L"
"SMARCA4","NM_0011288","c.1980T>C","p.S660S"
"SMARCA4","NM_0011288","c.2085C>T","p.S695S"
"SMARCA4","NM_0011288","c.2388C>T","p.L796L"
"SMARCA4","NM_0011288","c.2403C>T","p.R801R"
"SMARCA4","NM_0011288","c.258C>T","p.D86D"
"SMARCA4","NM_0011288","c.2730G>A","p.T910T"
"SMARCA4","NM_0011288","c.2739G>A","p.P913P"
"SMARCA4","NM_0011288","c.2757C>T","p.P919P"
"SMARCA4","NM_0011288","c.2817C>T","p.F939F"
"SMARCA4","NM_0011288","c.2850C>T","p.T950T"
"SMARCA4","NM_0011288","c.3045C>T","p.G1015G"
"SMARCA4","NM_0011288","c.3436G>T","p.G1146C"
"SMARCA4","NM_0011288","c.3501G>A","p.S1167S"
"SMARCA4","NM_0011288","c.3558G>A","p.A1186A"
"SMARCA4","NM_0011288","c.3619G>A","p.V1207I"
"SMARCA4","NM_0011288","c.3663G>A","p.K1221K"
"SMARCA4","NM_0011288","c.3738C>T","p.F1246F"
"SMARCA4","NM_0011288","c.3765G>A","p.E1255E"
"SMARCA4","NM_0011288","c.3804C>T","p.T1268T"
"SMARCA4","NM_0011288","c.3828C>T","p.H1276H"
"SMARCA4","NM_0011288","c.3876C>T","p.R1292R"
"SMARCA4","NM_0011288","c.3954C>T","p.D1318D"
"SMARCA4","NM_0011288","c.4006C>T","p.R1336C"
"SMARCA4","NM_0011288","c.4048C>T","p.L1350L"
"SMARCA4","NM_0011288","c.4089G>A","p.E1363E"
"SMARCA4","NM_0011288","c.4137A>G","p.S1379S"
"SMARCA4","NM_0011288","c.4182G>A","p.P1394P"
"SMARCA4","NM_0011288","c.4254C>T","p.A1418A"
"SMARCA4","NM_0011288","c.4299G>T","p.K1433N"
"SMARCA4","NM_0011288","c.4404C>T","p.Y1468Y"
"SMARCA4","NM_0011288","c.441C>T","p.S147S"
"SMARCA4","NM_0011288","c.4422C>T","p.P1474P"
"SMARCA4","NM_0011288","c.4425G>A","p.V1475V"
"SMARCA4","NM_0011288","c.4494C>T","p.D1498D"
"SMARCA4","NM_0011288","c.4592G>A","p.R1531Q"
"SMARCA4","NM_0011288","c.4605G>A","p.E1535E"
"SMARCA4","NM_0011288","c.4668C>T","p.S1556S"
"SMARCA4","NM_0011288","c.4723G>C","p.A1575P"
"SMARCA4","NM_0011288","c.4782G>A","p.P1594P"
"SMARCA4","NM_0011288","c.4797T>C","p.D1599D"
"SMARCA4","NM_0011288","c.719C>T","p.P240L"
"SMARCA4","NM_0011288","c.76G>A","p.A26T"
"SMARCA4","NM_0011288","c.915G>A","p.P305P"
"SMARCA4","NM_0011288","c.930C>A","p.R310R"
"SMARCA4","NM_0011288","c.1083C>T","p.L361L"
"SMARCA4","NM_0011288","c.1114T>C","p.Y372H"
"SMARCA4","NM_0011288","c.1140C>T","p.H380H"
"SMARCA4","NM_0011288","c.1155T>G","p.L385L"
"SMARCA4","NM_0011288","c.1209G>A","p.E403E"
"SMARCA4","NM_0011288","c.1212C>G","p.L404L"
"SMARCA4","NM_0011288","c.1287G>A","p.A429A"
"SMARCA4","NM_0011288","c.1341G>A","p.L447L"
"SMARCA4","NM_0011288","c.1344C>T","p.R448R"
"SMARCA4","NM_0011288","c.1413G>A","p.K471K"
"SMARCA4","NM_0011288","c.1509A>G","p.A503A"
"SMARCA4","NM_0011288","c.1524T>C","p.H508H"
"SMARCA4","NM_0011288","c.1557C>T","p.N519N"
"SMARCA4","NM_0011288","c.1740A>G","p.K580K"
"SMARCA4","NM_0011288","c.1791T>G","p.P597P"
"SMARCA4","NM_0011288","c.1863C>T","p.H621H"
"SMARCA4","NM_0011288","c.1917G>A","p.L639L"
"SMARCA4","NM_0011288","c.1980T>C","p.S660S"
"SMARCA4","NM_0011288","c.2085C>T","p.S695S"
"SMARCA4","NM_0011288","c.2388C>T","p.L796L"
"SMARCA4","NM_0011288","c.2403C>T","p.R801R"
"SMARCA4","NM_0011288","c.258C>T","p.D86D"
"SMARCA4","NM_0011288","c.2730G>A","p.T910T"
"SMARCA4","NM_0011288","c.2739G>A","p.P913P"
"SMARCA4","NM_0011288","c.2757C>T","p.P919P"
"SMARCA4","NM_0011288","c.2817C>T","p.F939F"
"SMARCA4","NM_0011288","c.2850C>T","p.T950T"
"SMARCA4","NM_0011288","c.3045C>T","p.G1015G"
"SMARCA4","NM_0011288","c.3436G>T","p.G1146C"
"SMARCA4","NM_0011288","c.3501G>A","p.S1167S"
"SMARCA4","NM_0011288","c.3558G>A","p.A1186A"
"SMARCA4","NM_0011288","c.3619G>A","p.V1207I"
"SMARCA4","NM_0011288","c.3663G>A","p.K1221K"
"SMARCA4","NM_0011288","c.3738C>T","p.F1246F"
"SMARCA4","NM_0011288","c.3765G>A","p.E1255E"
"SMARCA4","NM_0011288","c.3804C>T","p.T1268T"
"SMARCA4","NM_0011288","c.3828C>T","p.H1276H"
"SMARCA4","NM_0011288","c.3876C>T","p.R1292R"
"SMARCA4","NM_0011288","c.3954C>T","p.D1318D"
"SMARCA4","NM_0011288","c.4006C>T","p.R1336C"
"SMARCA4","NM_0011288","c.4048C>T","p.L1350L"
"SMARCA4","NM_0011288","c.4089G>A","p.E1363E"
"SMARCA4","NM_0011288","c.4137A>G","p.S1379S"
"SMARCA4","NM_0011288","c.4182G>A","p.P1394P"
"SMARCA4","NM_0011288","c.4254C>T","p.A1418A"
"SMARCA4","NM_0011288","c.4299G>T","p.K1433N"
"SMARCA4","NM_0011288","c.4401C>T","p.Y1467Y"
"SMARCA4","NM_0011288","c.4419C>T","p.P1473P"
"SMARCA4","NM_0011288","c.441C>T","p.S147S"
"SMARCA4","NM_0011288","c.4422G>A","p.V1474V"
"SMARCA4","NM_0011288","c.4491C>T","p.D1497D"
"SMARCA4","NM_0011288","c.4589G>A","p.R1530Q"
"SMARCA4","NM_0011288","c.4602G>A","p.E1534E"
"SMARCA4","NM_0011288","c.4665C>T","p.S1555S"
"SMARCA4","NM_0011288","c.4720G>C","p.A1574P"
"SMARCA4","NM_0011288","c.4779G>A","p.P1593P"
"SMARCA4","NM_0011288","c.4794T>C","p.D1598D"
"SMARCA4","NM_0011288","c.719C>T","p.P240L"
"SMARCA4","NM_0011288","c.76G>A","p.A26T"
"SMARCA4","NM_0011288","c.915G>A","p.P305P"
"SMARCA4","NM_0011288","c.930C>A","p.R310R"
"SMARCA4","NM_0011288","c.1083C>T","p.L361L"
"SMARCA4","NM_0011288","c.1114T>C","p.Y372H"
"SMARCA4","NM_0011288","c.1140C>T","p.H380H"
"SMARCA4","NM_0011288","c.1155T>G","p.L385L"
"SMARCA4","NM_0011288","c.1209G>A","p.E403E"
"SMARCA4","NM_0011288","c.1212C>G","p.L404L"
"SMARCA4","NM_0011288","c.1287G>A","p.A429A"
"SMARCA4","NM_0011288","c.1341G>A","p.L447L"
"SMARCA4","NM_0011288","c.1344C>T","p.R448R"
"SMARCA4","NM_0011288","c.1413G>A","p.K471K"
"SMARCA4","NM_0011288","c.1509A>G","p.A503A"
"SMARCA4","NM_0011288","c.1524T>C","p.H508H"
"SMARCA4","NM_0011288","c.1557C>T","p.N519N"
"SMARCA4","NM_0011288","c.1740A>G","p.K580K"
"SMARCA4","NM_0011288","c.1791T>G","p.P597P"
"SMARCA4","NM_0011288","c.1863C>T","p.H621H"
"SMARCA4","NM_0011288","c.1917G>A","p.L639L"
"SMARCA4","NM_0011288","c.1980T>C","p.S660S"
"SMARCA4","NM_0011288","c.2085C>T","p.S695S"
"SMARCA4","NM_0011288","c.2388C>T","p.L796L"
"SMARCA4","NM_0011288","c.2403C>T","p.R801R"
"SMARCA4","NM_0011288","c.258C>T","p.D86D"
"SMARCA4","NM_0011288","c.2730G>A","p.T910T"
"SMARCA4","NM_0011288","c.2739G>A","p.P913P"
"SMARCA4","NM_0011288","c.2757C>T","p.P919P"
"SMARCA4","NM_0011288","c.2817C>T","p.F939F"
"SMARCA4","NM_0011288","c.2850C>T","p.T950T"
"SMARCA4","NM_0011288","c.3045C>T","p.G1015G"
"SMARCA4","NM_0011288","c.3436G>T","p.G1146C"
"SMARCA4","NM_0011288","c.3501G>A","p.S1167S"
"SMARCA4","NM_0011288","c.3558G>A","p.A1186A"
"SMARCA4","NM_0011288","c.3619G>A","p.V1207I"
"SMARCA4","NM_0011288","c.3663G>A","p.K1221K"
"SMARCA4","NM_0011288","c.3738C>T","p.F1246F"
"SMARCA4","NM_0011288","c.3765G>A","p.E1255E"
"SMARCA4","NM_0011288","c.3804C>T","p.T1268T"
"SMARCA4","NM_0011288","c.3828C>T","p.H1276H"
"SMARCA4","NM_0011288","c.3876C>T","p.R1292R"
"SMARCA4","NM_0011288","c.3954C>T","p.D1318D"
"SMARCA4","NM_0011288","c.4006C>T","p.R1336C"
"SMARCA4","NM_0011288","c.4048C>T","p.L1350L"
"SMARCA4","NM_0011288","c.4080G>A","p.E1360E"
"SMARCA4","NM_0011288","c.4128A>G","p.S1376S"
"SMARCA4","NM_0011288","c.4173G>A","p.P1391P"
"SMARCA4","NM_0011288","c.4245C>T","p.A1415A"
"SMARCA4","NM_0011288","c.4290G>T","p.K1430N"
"SMARCA4","NM_0011288","c.4395C>T","p.Y1465Y"
"SMARCA4","NM_0011288","c.4413C>T","p.P1471P"
"SMARCA4","NM_0011288","c.4416G>A","p.V1472V"
"SMARCA4","NM_0011288","c.441C>T","p.S147S"
"SMARCA4","NM_0011288","c.4485C>T","p.D1495D"
"SMARCA4","NM_0011288","c.4583G>A","p.R1528Q"
"SMARCA4","NM_0011288","c.4596G>A","p.E1532E"
"SMARCA4","NM_0011288","c.4659C>T","p.S1553S"
"SMARCA4","NM_0011288","c.4714G>C","p.A1572P"
"SMARCA4","NM_0011288","c.4773G>A","p.P1591P"
"SMARCA4","NM_0011288","c.4788T>C","p.D1596D"
"SMARCA4","NM_0011288","c.719C>T","p.P240L"
"SMARCA4","NM_0011288","c.76G>A","p.A26T"
"SMARCA4","NM_0011288","c.915G>A","p.P305P"
"SMARCA4","NM_0011288","c.930C>A","p.R310R"
"SMARCA4","NM_0011288","c.1083C>T","p.L361L"
"SMARCA4","NM_0011288","c.1114T>C","p.Y372H"
"SMARCA4","NM_0011288","c.1140C>T","p.H380H"
"SMARCA4","NM_0011288","c.1155T>G","p.L385L"
"SMARCA4","NM_0011288","c.1209G>A","p.E403E"
"SMARCA4","NM_0011288","c.1212C>G","p.L404L"
"SMARCA4","NM_0011288","c.1287G>A","p.A429A"
"SMARCA4","NM_0011288","c.1341G>A","p.L447L"
"SMARCA4","NM_0011288","c.1344C>T","p.R448R"
"SMARCA4","NM_0011288","c.1413G>A","p.K471K"
"SMARCA4","NM_0011288","c.1509A>G","p.A503A"
"SMARCA4","NM_0011288","c.1524T>C","p.H508H"
"SMARCA4","NM_0011288","c.1557C>T","p.N519N"
"SMARCA4","NM_0011288","c.1740A>G","p.K580K"
"SMARCA4","NM_0011288","c.1791T>G","p.P597P"
"SMARCA4","NM_0011288","c.1863C>T","p.H621H"
"SMARCA4","NM_0011288","c.1917G>A","p.L639L"
"SMARCA4","NM_0011288","c.1980T>C","p.S660S"
"SMARCA4","NM_0011288","c.2085C>T","p.S695S"
"SMARCA4","NM_0011288","c.2388C>T","p.L796L"
"SMARCA4","NM_0011288","c.2403C>T","p.R801R"
"SMARCA4","NM_0011288","c.258C>T","p.D86D"
"SMARCA4","NM_0011288","c.2730G>A","p.T910T"
"SMARCA4","NM_0011288","c.2739G>A","p.P913P"
"SMARCA4","NM_0011288","c.2757C>T","p.P919P"
"SMARCA4","NM_0011288","c.2817C>T","p.F939F"
"SMARCA4","NM_0011288","c.2850C>T","p.T950T"
"SMARCA4","NM_0011288","c.3045C>T","p.G1015G"
"SMARCA4","NM_0011288","c.3436G>T","p.G1146C"
"SMARCA4","NM_0011288","c.3501G>A","p.S1167S"
"SMARCA4","NM_0011288","c.3558G>A","p.A1186A"
"SMARCA4","NM_0011288","c.3619G>A","p.V1207I"
"SMARCA4","NM_0011288","c.3663G>A","p.K1221K"
"SMARCA4","NM_0011288","c.3738C>T","p.F1246F"
"SMARCA4","NM_0011288","c.3765G>A","p.E1255E"
"SMARCA4","NM_0011288","c.3804C>T","p.T1268T"
"SMARCA4","NM_0011288","c.3828C>T","p.H1276H"
"SMARCA4","NM_0011288","c.3876C>T","p.R1292R"
"SMARCA4","NM_0011288","c.3954C>T","p.D1318D"
"SMARCA4","NM_0011288","c.4006C>T","p.R1336C"
"SMARCA4","NM_0011288","c.4048C>T","p.L1350L"
"SMARCA4","NM_0011288","c.4080G>A","p.E1360E"
"SMARCA4","NM_0011288","c.4128A>G","p.S1376S"
"SMARCA4","NM_0011288","c.4173G>A","p.P1391P"
"SMARCA4","NM_0011288","c.4245C>T","p.A1415A"
"SMARCA4","NM_0011288","c.4290G>T","p.K1430N"
"SMARCA4","NM_0011288","c.4392C>T","p.Y1464Y"
"SMARCA4","NM_0011288","c.4410C>T","p.P1470P"
"SMARCA4","NM_0011288","c.4413G>A","p.V1471V"
"SMARCA4","NM_0011288","c.441C>T","p.S147S"
"SMARCA4","NM_0011288","c.4482C>T","p.D1494D"
"SMARCA4","NM_0011288","c.4580G>A","p.R1527Q"
"SMARCA4","NM_0011288","c.4593G>A","p.E1531E"
"SMARCA4","NM_0011288","c.4656C>T","p.S1552S"
"SMARCA4","NM_0011288","c.4711G>C","p.A1571P"
"SMARCA4","NM_0011288","c.4770G>A","p.P1590P"
"SMARCA4","NM_0011288","c.4785T>C","p.D1595D"
"SMARCA4","NM_0011288","c.719C>T","p.P240L"
"SMARCA4","NM_0011288","c.76G>A","p.A26T"
"SMARCA4","NM_0011288","c.915G>A","p.P305P"
"SMARCA4","NM_0011288","c.930C>A","p.R310R"
"SMARCA4","NM_0011288","c.1083C>T","p.L361L"
"SMARCA4","NM_0011288","c.1114T>C","p.Y372H"
"SMARCA4","NM_0011288","c.1140C>T","p.H380H"
"SMARCA4","NM_0011288","c.1155T>G","p.L385L"
"SMARCA4","NM_0011288","c.1209G>A","p.E403E"
"SMARCA4","NM_0011288","c.1212C>G","p.L404L"
"SMARCA4","NM_0011288","c.1287G>A","p.A429A"
"SMARCA4","NM_0011288","c.1341G>A","p.L447L"
"SMARCA4","NM_0011288","c.1344C>T","p.R448R"
"SMARCA4","NM_0011288","c.1413G>A","p.K471K"
"SMARCA4","NM_0011288","c.1509A>G","p.A503A"
"SMARCA4","NM_0011288","c.1524T>C","p.H508H"
"SMARCA4","NM_0011288","c.1557C>T","p.N519N"
"SMARCA4","NM_0011288","c.1740A>G","p.K580K"
"SMARCA4","NM_0011288","c.1791T>G","p.P597P"
"SMARCA4","NM_0011288","c.1863C>T","p.H621H"
"SMARCA4","NM_0011288","c.1917G>A","p.L639L"
"SMARCA4","NM_0011288","c.1980T>C","p.S660S"
"SMARCA4","NM_0011288","c.2085C>T","p.S695S"
"SMARCA4","NM_0011288","c.2388C>T","p.L796L"
"SMARCA4","NM_0011288","c.2403C>T","p.R801R"
"SMARCA4","NM_0011288","c.258C>T","p.D86D"
"SMARCA4","NM_0011288","c.2730G>A","p.T910T"
"SMARCA4","NM_0011288","c.2739G>A","p.P913P"
"SMARCA4","NM_0011288","c.2757C>T","p.P919P"
"SMARCA4","NM_0011288","c.2817C>T","p.F939F"
"SMARCA4","NM_0011288","c.2850C>T","p.T950T"
"SMARCA4","NM_0011288","c.3045C>T","p.G1015G"
"SMARCA4","NM_0011288","c.3436G>T","p.G1146C"
"SMARCA4","NM_0011288","c.3501G>A","p.S1167S"
"SMARCA4","NM_0011288","c.3558G>A","p.A1186A"
"SMARCA4","NM_0011288","c.3619G>A","p.V1207I"
"SMARCA4","NM_0011288","c.3663G>A","p.K1221K"
"SMARCA4","NM_0011288","c.3738C>T","p.F1246F"
"SMARCA4","NM_0011288","c.3765G>A","p.E1255E"
"SMARCA4","NM_0011288","c.3903C>T","p.T1301T"
"SMARCA4","NM_0011288","c.3927C>T","p.H1309H"
"SMARCA4","NM_0011288","c.3975C>T","p.R1325R"
"SMARCA4","NM_0011288","c.4053C>T","p.D1351D"
"SMARCA4","NM_0011288","c.4105C>T","p.R1369C"
"SMARCA4","NM_0011288","c.4147C>T","p.L1383L"
"SMARCA4","NM_0011288","c.4187A>T","p.D1396V"
"SMARCA4","NM_0011288","c.4259C>G","p.A1420G"
"SMARCA4","NM_0011288","c.4275G>A","p.E1425E"
"SMARCA4","NM_0011288","c.4323A>G","p.S1441S"
"SMARCA4","NM_0011288","c.4368G>A","p.P1456P"
"SMARCA4","NM_0011288","c.441C>T","p.S147S"
"SMARCA4","NM_0011288","c.4440C>T","p.A1480A"
"SMARCA4","NM_0011288","c.4485G>T","p.K1495N"
"SMARCA4","NM_0011288","c.4590C>T","p.Y1530Y"
"SMARCA4","NM_0011288","c.4608C>T","p.P1536P"
"SMARCA4","NM_0011288","c.4611G>A","p.V1537V"
"SMARCA4","NM_0011288","c.4680C>T","p.D1560D"
"SMARCA4","NM_0011288","c.4778G>A","p.R1593Q"
"SMARCA4","NM_0011288","c.4791G>A","p.E1597E"
"SMARCA4","NM_0011288","c.4854C>T","p.S1618S"
"SMARCA4","NM_0011288","c.4909G>C","p.A1637P"
"SMARCA4","NM_0011288","c.4968G>A","p.P1656P"
"SMARCA4","NM_0011288","c.4983T>C","p.D1661D"
"SMARCA4","NM_0011288","c.719C>T","p.P240L"
"SMARCA4","NM_0011288","c.76G>A","p.A26T"
"SMARCA4","NM_0011288","c.915G>A","p.P305P"
"SMARCA4","NM_0011288","c.930C>A","p.R310R"
"SMARCA4","NM_003072","c.1083C>T","p.L361L"
"SMARCA4","NM_003072","c.1114T>C","p.Y372H"
"SMARCA4","NM_003072","c.1140C>T","p.H380H"
"SMARCA4","NM_003072","c.1155T>G","p.L385L"
"SMARCA4","NM_003072","c.1209G>A","p.E403E"
"SMARCA4","NM_003072","c.1212C>G","p.L404L"
"SMARCA4","NM_003072","c.1287G>A","p.A429A"
"SMARCA4","NM_003072","c.1341G>A","p.L447L"
"SMARCA4","NM_003072","c.1344C>T","p.R448R"
"SMARCA4","NM_003072","c.1413G>A","p.K471K"
"SMARCA4","NM_003072","c.1509A>G","p.A503A"
"SMARCA4","NM_003072","c.1524T>C","p.H508H"
"SMARCA4","NM_003072","c.1557C>T","p.N519N"
"SMARCA4","NM_003072","c.1740A>G","p.K580K"
"SMARCA4","NM_003072","c.1791T>G","p.P597P"
"SMARCA4","NM_003072","c.1863C>T","p.H621H"
"SMARCA4","NM_003072","c.1917G>A","p.L639L"
"SMARCA4","NM_003072","c.1980T>C","p.S660S"
"SMARCA4","NM_003072","c.2085C>T","p.S695S"
"SMARCA4","NM_003072","c.2388C>T","p.L796L"
"SMARCA4","NM_003072","c.2403C>T","p.R801R"
"SMARCA4","NM_003072","c.258C>T","p.D86D"
"SMARCA4","NM_003072","c.2730G>A","p.T910T"
"SMARCA4","NM_003072","c.2739G>A","p.P913P"
"SMARCA4","NM_003072","c.2757C>T","p.P919P"
"SMARCA4","NM_003072","c.2817C>T","p.F939F"
"SMARCA4","NM_003072","c.2850C>T","p.T950T"
"SMARCA4","NM_003072","c.3045C>T","p.G1015G"
"SMARCA4","NM_003072","c.3436G>T","p.G1146C"
"SMARCA4","NM_003072","c.3501G>A","p.S1167S"
"SMARCA4","NM_003072","c.3558G>A","p.A1186A"
"SMARCA4","NM_003072","c.3619G>A","p.V1207I"
"SMARCA4","NM_003072","c.3663G>A","p.K1221K"
"SMARCA4","NM_003072","c.3738C>T","p.F1246F"
"SMARCA4","NM_003072","c.3765G>A","p.E1255E"
"SMARCA4","NM_003072","c.3903C>T","p.T1301T"
"SMARCA4","NM_003072","c.3927C>T","p.H1309H"
"SMARCA4","NM_003072","c.3975C>T","p.R1325R"
"SMARCA4","NM_003072","c.4053C>T","p.D1351D"
"SMARCA4","NM_003072","c.4105C>T","p.R1369C"
"SMARCA4","NM_003072","c.4147C>T","p.L1383L"
"SMARCA4","NM_003072","c.4179G>A","p.E1393E"
"SMARCA4","NM_003072","c.4227A>G","p.S1409S"
"SMARCA4","NM_003072","c.4272G>A","p.P1424P"
"SMARCA4","NM_003072","c.4344C>T","p.A1448A"
"SMARCA4","NM_003072","c.4389G>T","p.K1463N"
"SMARCA4","NM_003072","c.441C>T","p.S147S"
"SMARCA4","NM_003072","c.4494C>T","p.Y1498Y"
"SMARCA4","NM_003072","c.4512C>T","p.P1504P"
"SMARCA4","NM_003072","c.4515G>A","p.V1505V"
"SMARCA4","NM_003072","c.4584C>T","p.D1528D"
"SMARCA4","NM_003072","c.4682G>A","p.R1561Q"
"SMARCA4","NM_003072","c.4695G>A","p.E1565E"
"SMARCA4","NM_003072","c.4758C>T","p.S1586S"
"SMARCA4","NM_003072","c.4813G>C","p.A1605P"
"SMARCA4","NM_003072","c.4872G>A","p.P1624P"
"SMARCA4","NM_003072","c.4887T>C","p.D1629D"
"SMARCA4","NM_003072","c.719C>T","p.P240L"
"SMARCA4","NM_003072","c.76G>A","p.A26T"
"SMARCA4","NM_003072","c.915G>A","p.P305P"
"SMARCA4","NM_003072","c.930C>A","p.R310R"
"SMARCA5","NM_003601","c.1173C>T","p.F391F"
"SMARCA5","NM_003601","c.120C>T","p.V40V"
"SMARCA5","NM_003601","c.1239T>C","p.Y413Y"
"SMARCA5","NM_003601","c.1506A>G","p.V502V"
"SMARCA5","NM_003601","c.1651A>G","p.T551A"
"SMARCA5","NM_003601","c.1677G>A","p.T559T"
"SMARCA5","NM_003601","c.1706C>G","p.A569G"
"SMARCA5","NM_003601","c.1755A>G","p.V585V"
"SMARCA5","NM_003601","c.195G>A","p.A65A"
"SMARCA5","NM_003601","c.2055T>G","p.T685T"
"SMARCA5","NM_003601","c.235A>G","p.T79A"
"SMARCA5","NM_003601","c.2388T>C","p.I796I"
"SMARCA5","NM_003601","c.2424T>C","p.N808N"
"SMARCA5","NM_003601","c.243A>G","p.E81E"
"SMARCA5","NM_003601","c.2506A>G","p.K836E"
"SMARCA5","NM_003601","c.276C>T","p.F92F"
"SMARCA5","NM_003601","c.282T>C","p.Y94Y"
"SMARCA5","NM_003601","c.3000A>G","p.R1000R"
"SMARCA5","NM_003601","c.3117C>T","p.G1039G"
"SMARCA5","NM_003601","c.406C>T","p.L136L"
"SMARCA5","NM_003601","c.660G>A","p.G220G"
"SMARCA5","NM_003601","c.819C>T","p.D273D"
"SMARCA5","NM_003601","c.846A>G","p.V282V"
"SMARCC1","NM_003074","c.1001C>T","p.P334L"
"SMARCC1","NM_003074","c.1009A>G","p.T337A"
"SMARCC1","NM_003074","c.135C>T","p.S45S"
"SMARCC1","NM_003074","c.1464G>A","p.L488L"
"SMARCC1","NM_003074","c.1845A>G","p.K615K"
"SMARCC1","NM_003074","c.206C>T","p.A69V"
"SMARCC1","NM_003074","c.207G>A","p.A69A"
"SMARCC1","NM_003074","c.2218A>G","p.K740E"
"SMARCC1","NM_003074","c.2239G>A","p.A747T"
"SMARCC1","NM_003074","c.2259C>T","p.P753P"
"SMARCC1","NM_003074","c.2264A>G","p.Y755C"
"SMARCC1","NM_003074","c.2265C>T","p.Y755Y"
"SMARCC1","NM_003074","c.2349C>T","p.A783A"
"SMARCC1","NM_003074","c.2403G>A","p.T801T"
"SMARCC1","NM_003074","c.2434A>G","p.N812D"
"SMARCC1","NM_003074","c.2524A>G","p.T842A"
"SMARCC1","NM_003074","c.2557G>A","p.G853R"
"SMARCC1","NM_003074","c.2566A>G","p.K856E"
"SMARCC1","NM_003074","c.2631G>A","p.A877A"
"SMARCC1","NM_003074","c.294C>T","p.N98N"
"SMARCC1","NM_003074","c.3095G>A","p.R1032H"
"SMARCC1","NM_003074","c.3123C>T","p.I1041I"
"SMARCC1","NM_003074","c.3213C>A","p.N1071K"
"SMARCC1","NM_003074","c.3224C>A","p.P1075H"
"SMARCC1","NM_003074","c.3301G>A","p.A1101T"
"SMARCC1","NM_003074","c.348C>T","p.G116G"
"SMARCC1","NM_003074","c.375T>C","p.A125A"
"SMARCC1","NM_003074","c.488A>G","p.N163S"
"SMARCC1","NM_003074","c.507C>T","p.N169N"
"SMARCC1","NM_003074","c.541G>A","p.A181T"
"SMARCC1","NM_003074","c.602A>G","p.K201R"
"SMARCC1","NM_003074","c.615C>T","p.H205H"
"SMARCC1","NM_003074","c.642C>T","p.D214D"
"SMARCC1","NM_003074","c.849G>A","p.E283E"
"SMARCC1","NM_003074","c.945T>C","p.D315D"
"SMARCD3","NM_0010038","c.1038C>T","p.S346S"
"SMARCD3","NM_0010038","c.1083C>T","p.D361D"
"SMARCD3","NM_0010038","c.1422G>A","p.L474L"
"SMARCD3","NM_0010038","c.1430C>T","p.S477L"
"SMARCD3","NM_0010038","c.1440G>C","p.V480V"
"SMARCD3","NM_0010038","c.351C>T","p.P117P"
"SMARCD3","NM_0010038","c.479A>G","p.Y160C"
"SMARCD3","NM_0010038","c.630C>T","p.I210I"
"SMARCD3","NM_0010038","c.693G>A","p.T231T"
"SMARCD3","NM_0010038","c.828C>T","p.H276H"
"SMARCD3","NM_0010038","c.834G>C","p.Q278H"
"SMARCD3","NM_0010038","c.909A>G","p.E303E"
"SMARCD3","NM_0010038","c.1044C>T","p.D348D"
"SMARCD3","NM_0010038","c.1383G>A","p.L461L"
"SMARCD3","NM_0010038","c.1391C>T","p.S464L"
"SMARCD3","NM_0010038","c.1401G>C","p.V467V"
"SMARCD3","NM_0010038","c.16C>G","p.Q6E"
"SMARCD3","NM_0010038","c.22C>A","p.P8T"
"SMARCD3","NM_0010038","c.312C>T","p.P104P"
"SMARCD3","NM_0010038","c.440A>G","p.Y147C"
"SMARCD3","NM_0010038","c.591C>T","p.I197I"
"SMARCD3","NM_0010038","c.654G>A","p.T218T"
"SMARCD3","NM_0010038","c.789C>T","p.H263H"
"SMARCD3","NM_0010038","c.795G>C","p.Q265H"
"SMARCD3","NM_0010038","c.870A>G","p.E290E"
"SMARCD3","NM_0010038","c.999C>T","p.S333S"
"SMARCD3","NM_003078","c.1044C>T","p.D348D"
"SMARCD3","NM_003078","c.1383G>A","p.L461L"
"SMARCD3","NM_003078","c.1391C>T","p.S464L"
"SMARCD3","NM_003078","c.1401G>C","p.V467V"
"SMARCD3","NM_003078","c.16C>G","p.Q6E"
"SMARCD3","NM_003078","c.22C>A","p.P8T"
"SMARCD3","NM_003078","c.312C>T","p.P104P"
"SMARCD3","NM_003078","c.440A>G","p.Y147C"
"SMARCD3","NM_003078","c.591C>T","p.I197I"
"SMARCD3","NM_003078","c.654G>A","p.T218T"
"SMARCD3","NM_003078","c.789C>T","p.H263H"
"SMARCD3","NM_003078","c.795G>C","p.Q265H"
"SMARCD3","NM_003078","c.870A>G","p.E290E"
"SMARCD3","NM_003078","c.999C>T","p.S333S"
"SMYD1","NM_198274","c.1009G>A","p.E337K"
"SMYD1","NM_198274","c.109C>T","p.R37W"
"SMYD1","NM_198274","c.1113G>A","p.S371S"
"SMYD1","NM_198274","c.1215T>C","p.H405H"
"SMYD1","NM_198274","c.1281C>T","p.H427H"
"SMYD1","NM_198274","c.1321C>T","p.R441W"
"SMYD1","NM_198274","c.1386C>T","p.R462R"
"SMYD1","NM_198274","c.1426G>A","p.E476K"
"SMYD1","NM_198274","c.273G>A","p.S91S"
"SMYD1","NM_198274","c.299C>A","p.P100H"
"SMYD1","NM_198274","c.323C>T","p.A108V"
"SMYD1","NM_198274","c.326G>A","p.R109H"
"SMYD1","NM_198274","c.337C>A","p.R113R"
"SMYD1","NM_198274","c.338G>A","p.R113Q"
"SMYD1","NM_198274","c.436G>A","p.D146N"
"SMYD1","NM_198274","c.442C>A","p.R148R"
"SMYD1","NM_198274","c.451G>A","p.V151M"
"SMYD1","NM_198274","c.476C>G","p.P159R"
"SMYD1","NM_198274","c.491A>C","p.Q164P"
"SMYD1","NM_198274","c.541G>A","p.G181S"
"SMYD1","NM_198274","c.585A>C","p.V195V"
"SMYD1","NM_198274","c.705G>A","p.E235E"
"SMYD1","NM_198274","c.708C>G","p.L236L"
"SMYD1","NM_198274","c.710G>A","p.R237Q"
"SMYD1","NM_198274","c.757A>G","p.I253V"
"SMYD1","NM_198274","c.759T>C","p.I253I"
"SMYD1","NM_198274","c.770A>T","p.N257I"
"SMYD1","NM_198274","c.795G>A","p.Q265Q"
"SMYD1","NM_198274","c.798G>A","p.L266L"
"SMYD1","NM_198274","c.7A>G","p.I3V"
"SMYD1","NM_198274","c.897G>T","p.Q299H"
"SMYD1","NM_198274","c.912G>A","p.E304E"
"SMYD1","NM_198274","c.95T>C","p.I32T"
"SMYD1","NM_198274","c.963C>A","p.S321S"
"SMYD1","NM_198274","c.998G>A","p.R333Q"
"SMYD2","NM_020197","c.1077C>G","p.A359A"
"SMYD2","NM_020197","c.1150A>G","p.M384V"
"SMYD2","NM_020197","c.1180G>T","p.G394C"
"SMYD2","NM_020197","c.1290T>G","p.I430M"
"SMYD2","NM_020197","c.142C>T","p.R48W"
"SMYD2","NM_020197","c.293A>G","p.E98G"
"SMYD2","NM_020197","c.305C>T","p.P102L"
"SMYD2","NM_020197","c.494G>A","p.G165E"
"SMYD2","NM_020197","c.497T>G","p.F166C"
"SMYD2","NM_020197","c.696G>A","p.P232P"
"SMYD2","NM_020197","c.901G>A","p.V301I"
"SMYD2","NM_020197","c.940C>G","p.P314A"
"SMYD3","NM_0011677","c.1023C>T","p.L341L"
"SMYD3","NM_0011677","c.1024G>A","p.G342S"
"SMYD3","NM_0011677","c.1095C>G","p.S365R"
"SMYD3","NM_0011677","c.1127T>G","p.V376G"
"SMYD3","NM_0011677","c.1208C>T","p.T403I"
"SMYD3","NM_0011677","c.1263C>T","p.C421C"
"SMYD3","NM_0011677","c.1271A>G","p.N424S"
"SMYD3","NM_0011677","c.199G>A","p.V67I"
"SMYD3","NM_0011677","c.201C>T","p.V67V"
"SMYD3","NM_0011677","c.235G>A","p.A79T"
"SMYD3","NM_0011677","c.283C>T","p.P95S"
"SMYD3","NM_0011677","c.39G>C","p.K13N"
"SMYD3","NM_0011677","c.456A>G","p.Q152Q"
"SMYD3","NM_0011677","c.563C>T","p.A188V"
"SMYD3","NM_0011677","c.659A>G","p.H220R"
"SMYD3","NM_0011677","c.794G>A","p.R265H"
"SMYD3","NM_0011677","c.798C>T","p.C266C"
"SMYD3","NM_0011677","c.931G>A","p.A311T"
"SMYD3","NM_0011677","c.933A>G","p.A311A"
"SMYD3","NM_0011677","c.984G>T","p.L328L"
"SMYD3","NM_0011677","c.993C>T","p.L331L"
"SMYD3","NM_0011677","c.999C>T","p.C333C"
"SMYD3","NM_022743","c.1031C>T","p.T344I"
"SMYD3","NM_022743","c.106C>T","p.P36S"
"SMYD3","NM_022743","c.1086C>T","p.C362C"
"SMYD3","NM_022743","c.1094A>G","p.N365S"
"SMYD3","NM_022743","c.22G>A","p.V8I"
"SMYD3","NM_022743","c.24C>T","p.V8V"
"SMYD3","NM_022743","c.279A>G","p.Q93Q"
"SMYD3","NM_022743","c.386C>T","p.A129V"
"SMYD3","NM_022743","c.482A>G","p.H161R"
"SMYD3","NM_022743","c.58G>A","p.A20T"
"SMYD3","NM_022743","c.617G>A","p.R206H"
"SMYD3","NM_022743","c.621C>T","p.C207C"
"SMYD3","NM_022743","c.754G>A","p.A252T"
"SMYD3","NM_022743","c.756A>G","p.A252A"
"SMYD3","NM_022743","c.807G>T","p.L269L"
"SMYD3","NM_022743","c.816C>T","p.L272L"
"SMYD3","NM_022743","c.822C>T","p.C274C"
"SMYD3","NM_022743","c.846C>T","p.L282L"
"SMYD3","NM_022743","c.847G>A","p.G283S"
"SMYD3","NM_022743","c.918C>G","p.S306R"
"SMYD3","NM_022743","c.950T>G","p.V317G"
"SMYD4","NM_052928","c.1051G>A","p.A351T"
"SMYD4","NM_052928","c.1056G>C","p.L352L"
"SMYD4","NM_052928","c.1080T>G","p.F360L"
"SMYD4","NM_052928","c.1122T>G","p.I374M"
"SMYD4","NM_052928","c.1145C>G","p.P382R"
"SMYD4","NM_052928","c.1156A>G","p.N386D"
"SMYD4","NM_052928","c.1213G>A","p.V405I"
"SMYD4","NM_052928","c.1225A>T","p.I409F"
"SMYD4","NM_052928","c.1246G>C","p.G416R"
"SMYD4","NM_052928","c.1266T>C","p.Y422Y"
"SMYD4","NM_052928","c.1514C>T","p.A505V"
"SMYD4","NM_052928","c.1515G>A","p.A505A"
"SMYD4","NM_052928","c.1532A>G","p.H511R"
"SMYD4","NM_052928","c.1535C>T","p.T512I"
"SMYD4","NM_052928","c.1665C>T","p.A555A"
"SMYD4","NM_052928","c.1684C>T","p.R562W"
"SMYD4","NM_052928","c.1823G>T","p.R608M"
"SMYD4","NM_052928","c.1869C>T","p.C623C"
"SMYD4","NM_052928","c.1896G>C","p.V632V"
"SMYD4","NM_052928","c.1933G>A","p.V645I"
"SMYD4","NM_052928","c.2035C>T","p.R679W"
"SMYD4","NM_052928","c.205C>G","p.L69V"
"SMYD4","NM_052928","c.2121G>A","p.R707R"
"SMYD4","NM_052928","c.2180A>G","p.Y727C"
"SMYD4","NM_052928","c.21A>G","p.E7E"
"SMYD4","NM_052928","c.2259C>T","p.N753N"
"SMYD4","NM_052928","c.2316G>A","p.S772S"
"SMYD4","NM_052928","c.2352G>A","p.E784E"
"SMYD4","NM_052928","c.2383T>C","p.L795L"
"SMYD4","NM_052928","c.2390C>A","p.P797H"
"SMYD4","NM_052928","c.263C>T","p.A88V"
"SMYD4","NM_052928","c.285G>A","p.V95V"
"SMYD4","NM_052928","c.301A>G","p.N101D"
"SMYD4","NM_052928","c.384C>T","p.D128D"
"SMYD4","NM_052928","c.392G>T","p.R131I"
"SMYD4","NM_052928","c.510A>G","p.E170E"
"SMYD4","NM_052928","c.526A>G","p.T176A"
"SMYD4","NM_052928","c.599A>G","p.E200G"
"SMYD4","NM_052928","c.626C>A","p.P209Q"
"SMYD4","NM_052928","c.63G>A","p.T21T"
"SMYD4","NM_052928","c.68T>C","p.V23A"
"SMYD4","NM_052928","c.706G>A","p.G236S"
"SMYD4","NM_052928","c.852A>G","p.K284K"
"SMYD4","NM_052928","c.85A>G","p.T29A"
"SMYD4","NM_052928","c.884A>G","p.Y295C"
"SMYD5","NM_006062","c.1082G>A","p.R361H"
"SMYD5","NM_006062","c.132G>C","p.K44N"
"SMYD5","NM_006062","c.197G>A","p.R66H"
"SMYD5","NM_006062","c.33C>T","p.F11F"
"SMYD5","NM_006062","c.390A>G","p.Q130Q"
"SMYD5","NM_006062","c.460G>A","p.A154T"
"SMYD5","NM_006062","c.477C>T","p.H159H"
"SMYD5","NM_006062","c.540G>A","p.A180A"
"SMYD5","NM_006062","c.549G>A","p.K183K"
"SMYD5","NM_006062","c.585C>T","p.N195N"
"SMYD5","NM_006062","c.662G>A","p.R221Q"
"SMYD5","NM_006062","c.769G>A","p.G257R"
"SMYD5","NM_006062","c.832C>T","p.R278C"
"SMYD5","NM_006062","c.833G>A","p.R278H"
"SMYD5","NM_006062","c.896T>A","p.F299Y"
"SMYD5","NM_006062","c.948C>T","p.H316H"
"SUV39H1","NM_0012821","c.53G>A","p.G18D"
"SUV39H1","NM_0012821","c.60C>T","p.S20S"
"SUV39H1","NM_0012821","c.615C>T","p.C205C"
"SUV39H1","NM_0012821","c.795T>C","p.R265R"
"SUV39H1","NM_0012821","c.810C>T","p.R270R"
"SUV39H1","NM_003173","c.20G>A","p.G7D"
"SUV39H1","NM_003173","c.27C>T","p.S9S"
"SUV39H1","NM_003173","c.582C>T","p.C194C"
"SUV39H1","NM_003173","c.762T>C","p.R254R"
"SUV39H1","NM_003173","c.777C>T","p.R259R"
"TET2","NM_0011272","c.100C>T","p.L34F"
"TET2","NM_0011272","c.1064G>A","p.G355D"
"TET2","NM_0011272","c.1088C>T","p.P363L"
"TET2","NM_0011272","c.1105C>T","p.R369W"
"TET2","NM_0011272","c.1106G>A","p.R369Q"
"TET2","NM_0011272","c.1250A>T","p.Q417L"
"TET2","NM_0011272","c.1300C>T","p.H434Y"
"TET2","NM_0011272","c.1395A>G","p.P465P"
"TET2","NM_0011272","c.1664C>T","p.P555L"
"TET2","NM_0011272","c.1676A>G","p.Y559C"
"TET2","NM_0011272","c.1724C>T","p.A575V"
"TET2","NM_0011272","c.1772A>G","p.Q591R"
"TET2","NM_0011272","c.1884G>A","p.E628E"
"TET2","NM_0011272","c.1924C>T","p.Q642X"
"TET2","NM_0011272","c.2065T>G","p.S689A"
"TET2","NM_0011272","c.2299A>G","p.N767D"
"TET2","NM_0011272","c.2429A>G","p.Q810R"
"TET2","NM_0011272","c.2440C>T","p.R814C"
"TET2","NM_0011272","c.2526A>G","p.S842S"
"TET2","NM_0011272","c.2599T>C","p.Y867H"
"TET2","NM_0011272","c.2604T>G","p.F868L"
"TET2","NM_0011272","c.2641A>T","p.R881W"
"TET2","NM_0011272","c.2669C>T","p.S890L"
"TET2","NM_0011272","c.2732C>A","p.A911D"
"TET2","NM_0011272","c.2771A>G","p.H924R"
"TET2","NM_0011272","c.2784T>C","p.F928F"
"TET2","NM_0011272","c.3036A>G","p.P1012P"
"TET2","NM_0011272","c.3090G>A","p.Q1030Q"
"TET2","NM_0011272","c.3110C>T","p.A1037V"
"TET2","NM_0011272","c.3116C>T","p.S1039L"
"TET2","NM_0011272","c.3117G>A","p.S1039S"
"TET2","NM_0011272","c.3183A>G","p.P1061P"
"TET2","NM_0011272","c.3234C>T","p.T1078T"
"TET2","NM_0011272","c.3251A>C","p.Q1084P"
"TET2","NM_0011272","c.3278C>T","p.T1093I"
"TET2","NM_0011272","c.345C>A","p.D115E"
"TET2","NM_0011272","c.37A>C","p.R13R"
"TET2","NM_0011272","c.4140T>C","p.H1380H"
"TET2","NM_0011272","c.423C>T","p.V141V"
"TET2","NM_0011272","c.434G>A","p.S145N"
"TET2","NM_0011272","c.4783A>G","p.M1595V"
"TET2","NM_0011272","c.4887A>T","p.P1629P"
"TET2","NM_0011272","c.5103G>A","p.M1701I"
"TET2","NM_0011272","c.5152G>T","p.V1718L"
"TET2","NM_0011272","c.5162T>G","p.L1721W"
"TET2","NM_0011272","c.5167C>T","p.P1723S"
"TET2","NM_0011272","c.521C>A","p.P174H"
"TET2","NM_0011272","c.5284A>G","p.I1762V"
"TET2","NM_0011272","c.5300G>A","p.S1767N"
"TET2","NM_0011272","c.5310G>A","p.P1770P"
"TET2","NM_0011272","c.5333A>G","p.H1778R"
"TET2","NM_0011272","c.5449C>A","p.H1817N"
"TET2","NM_0011272","c.5487A>G","p.P1829P"
"TET2","NM_0011272","c.5650A>G","p.T1884A"
"TET2","NM_0011272","c.574T>C","p.Y192H"
"TET2","NM_0011272","c.5985A>G","p.T1995T"
"TET2","NM_0011272","c.652G>A","p.V218M"
"TET2","NM_0011272","c.695A>G","p.Q232R"
"TET2","NM_0011272","c.86C>G","p.P29R"
"TET2","NM_0011272","c.921A>G","p.L307L"
"TET2","NM_0011272","c.972A>G","p.Q324Q"
"TET2","NM_0011272","c.9G>A","p.Q3Q"
"TET2","NM_017628","c.100C>T","p.L34F"
"TET2","NM_017628","c.1064G>A","p.G355D"
"TET2","NM_017628","c.1088C>T","p.P363L"
"TET2","NM_017628","c.1105C>T","p.R369W"
"TET2","NM_017628","c.1106G>A","p.R369Q"
"TET2","NM_017628","c.1250A>T","p.Q417L"
"TET2","NM_017628","c.1300C>T","p.H434Y"
"TET2","NM_017628","c.1395A>G","p.P465P"
"TET2","NM_017628","c.1664C>T","p.P555L"
"TET2","NM_017628","c.1676A>G","p.Y559C"
"TET2","NM_017628","c.1724C>T","p.A575V"
"TET2","NM_017628","c.1772A>G","p.Q591R"
"TET2","NM_017628","c.1884G>A","p.E628E"
"TET2","NM_017628","c.1924C>T","p.Q642X"
"TET2","NM_017628","c.2065T>G","p.S689A"
"TET2","NM_017628","c.2299A>G","p.N767D"
"TET2","NM_017628","c.2429A>G","p.Q810R"
"TET2","NM_017628","c.2440C>T","p.R814C"
"TET2","NM_017628","c.2526A>G","p.S842S"
"TET2","NM_017628","c.2599T>C","p.Y867H"
"TET2","NM_017628","c.2604T>G","p.F868L"
"TET2","NM_017628","c.2641A>T","p.R881W"
"TET2","NM_017628","c.2669C>T","p.S890L"
"TET2","NM_017628","c.2732C>A","p.A911D"
"TET2","NM_017628","c.2771A>G","p.H924R"
"TET2","NM_017628","c.2784T>C","p.F928F"
"TET2","NM_017628","c.3036A>G","p.P1012P"
"TET2","NM_017628","c.3090G>A","p.Q1030Q"
"TET2","NM_017628","c.3110C>T","p.A1037V"
"TET2","NM_017628","c.3116C>T","p.S1039L"
"TET2","NM_017628","c.3117G>A","p.S1039S"
"TET2","NM_017628","c.3183A>G","p.P1061P"
"TET2","NM_017628","c.3234C>T","p.T1078T"
"TET2","NM_017628","c.3251A>C","p.Q1084P"
"TET2","NM_017628","c.3278C>T","p.T1093I"
"TET2","NM_017628","c.3416G>C","p.C1139S"
"TET2","NM_017628","c.3424T>A","p.C1142S"
"TET2","NM_017628","c.3427A>G","p.T1143A"
"TET2","NM_017628","c.3442G>A","p.V1148I"
"TET2","NM_017628","c.3446A>C","p.Y1149S"
"TET2","NM_017628","c.3451G>T","p.E1151X"
"TET2","NM_017628","c.345C>A","p.D115E"
"TET2","NM_017628","c.37A>C","p.R13R"
"TET2","NM_017628","c.423C>T","p.V141V"
"TET2","NM_017628","c.434G>A","p.S145N"
"TET2","NM_017628","c.521C>A","p.P174H"
"TET2","NM_017628","c.574T>C","p.Y192H"
"TET2","NM_017628","c.652G>A","p.V218M"
"TET2","NM_017628","c.695A>G","p.Q232R"
"TET2","NM_017628","c.86C>G","p.P29R"
"TET2","NM_017628","c.921A>G","p.L307L"
"TET2","NM_017628","c.972A>G","p.Q324Q"
"TET2","NM_017628","c.9G>A","p.Q3Q"
"UCHL5","NM_0011992","c.138A>G","p.L46L"
"UCHL5","NM_0011992","c.233T>A","p.F78Y"
"UCHL5","NM_0011992","c.441A>G","p.Q147Q"
"UCHL5","NM_0011992","c.505G>C","p.V169L"
"UCHL5","NM_0011992","c.728C>A","p.A243E"
"UCHL5","NM_0011992","c.738C>G","p.P246P"
"UCHL5","NM_0011992","c.739A>C","p.M247L"
"UCHL5","NM_0011992","c.961G>A","p.A321T"
"UCHL5","NM_0011992","c.138A>G","p.L46L"
"UCHL5","NM_0011992","c.233T>A","p.F78Y"
"UCHL5","NM_0011992","c.441A>G","p.Q147Q"
"UCHL5","NM_0011992","c.505G>C","p.V169L"
"UCHL5","NM_0011992","c.728C>A","p.A243E"
"UCHL5","NM_0011992","c.738C>G","p.P246P"
"UCHL5","NM_0011992","c.739A>C","p.M247L"
"UCHL5","NM_0011992","c.966A>G","p.T322T"
"UCHL5","NM_0011992","c.138A>G","p.L46L"
"UCHL5","NM_0011992","c.233T>A","p.F78Y"
"UCHL5","NM_0011992","c.441A>G","p.Q147Q"
"UCHL5","NM_0011992","c.505G>C","p.V169L"
"UCHL5","NM_0011992","c.728C>A","p.A243E"
"UCHL5","NM_0011992","c.738C>G","p.P246P"
"UCHL5","NM_0011992","c.739A>C","p.M247L"
"UCHL5","NM_015984","c.138A>G","p.L46L"
"UCHL5","NM_015984","c.233T>A","p.F78Y"
"UCHL5","NM_015984","c.441A>G","p.Q147Q"
"UCHL5","NM_015984","c.505G>C","p.V169L"
"UCHL5","NM_015984","c.728C>A","p.A243E"
"UCHL5","NM_015984","c.741C>G","p.P247P"
"UCHL5","NM_015984","c.742A>C","p.M248L"
"UCHL5","NM_015984","c.964G>A","p.A322T"
"WHSC1","NM_0010424","c.1041C>G","p.L347L"
"WHSC1","NM_0010424","c.1242T>C","p.S414S"
"WHSC1","NM_0010424","c.1248C>T","p.P416P"
"WHSC1","NM_0010424","c.1277C>T","p.T426M"
"WHSC1","NM_0010424","c.1330A>G","p.T444A"
"WHSC1","NM_0010424","c.1349G>A","p.R450Q"
"WHSC1","NM_0010424","c.1561G>C","p.V521L"
"WHSC1","NM_0010424","c.1582C>A","p.H528N"
"WHSC1","NM_0010424","c.1584C>A","p.H528Q"
"WHSC1","NM_0010424","c.1613A>T","p.D538V"
"WHSC1","NM_0010424","c.1733C>G","p.A578G"
"WHSC1","NM_0010424","c.1886C>T","p.S629L"
"WHSC1","NM_0010424","c.198C>T","p.N66N"
"WHSC1","NM_0010424","c.2155G>C","p.V719L"
"WHSC1","NM_0010424","c.216C>G","p.P72P"
"WHSC1","NM_0010424","c.228C>T","p.A76A"
"WHSC1","NM_0010424","c.2419G>A","p.A807T"
"WHSC1","NM_0010424","c.2463G>A","p.K821K"
"WHSC1","NM_0010424","c.2511C>T","p.C837C"
"WHSC1","NM_0010424","c.2632C>T","p.L878L"
"WHSC1","NM_0010424","c.2793G>A","p.T931T"
"WHSC1","NM_0010424","c.2813C>T","p.P938L"
"WHSC1","NM_0010424","c.2814G>A","p.P938P"
"WHSC1","NM_0010424","c.3144G>A","p.A1048A"
"WHSC1","NM_0010424","c.3147C>T","p.G1049G"
"WHSC1","NM_0010424","c.32C>G","p.S11C"
"WHSC1","NM_0010424","c.3312G>A","p.A1104A"
"WHSC1","NM_0010424","c.3375C>T","p.D1125D"
"WHSC1","NM_0010424","c.3474C>T","p.D1158D"
"WHSC1","NM_0010424","c.3495C>T","p.A1165A"
"WHSC1","NM_0010424","c.350T>C","p.I117T"
"WHSC1","NM_0010424","c.3519G>A","p.T1173T"
"WHSC1","NM_0010424","c.3582A>G","p.G1194G"
"WHSC1","NM_0010424","c.3720C>T","p.D1240D"
"WHSC1","NM_0010424","c.381A>G","p.K127K"
"WHSC1","NM_0010424","c.3888C>T","p.C1296C"
"WHSC1","NM_0010424","c.3900C>T","p.P1300P"
"WHSC1","NM_0010424","c.3931A>G","p.T1311A"
"WHSC1","NM_0010424","c.3992C>T","p.A1331V"
"WHSC1","NM_0010424","c.4023C>T","p.P1341P"
"WHSC1","NM_0010424","c.4025C>G","p.P1342R"
"WHSC1","NM_0010424","c.4063C>T","p.R1355W"
"WHSC1","NM_0010424","c.632G>A","p.G211E"
"WHSC1","NM_0010424","c.735C>G","p.L245L"
"WHSC1","NM_0010424","c.904C>T","p.P302S"
"WHSC1","NM_007331","c.1041C>G","p.L347L"
"WHSC1","NM_007331","c.1242T>C","p.S414S"
"WHSC1","NM_007331","c.1248C>T","p.P416P"
"WHSC1","NM_007331","c.1277C>T","p.T426M"
"WHSC1","NM_007331","c.1330A>G","p.T444A"
"WHSC1","NM_007331","c.1349G>A","p.R450Q"
"WHSC1","NM_007331","c.1561G>C","p.V521L"
"WHSC1","NM_007331","c.1582C>A","p.H528N"
"WHSC1","NM_007331","c.1584C>A","p.H528Q"
"WHSC1","NM_007331","c.1613A>T","p.D538V"
"WHSC1","NM_007331","c.1733C>G","p.A578G"
"WHSC1","NM_007331","c.198C>T","p.N66N"
"WHSC1","NM_007331","c.216C>G","p.P72P"
"WHSC1","NM_007331","c.228C>T","p.A76A"
"WHSC1","NM_007331","c.32C>G","p.S11C"
"WHSC1","NM_007331","c.350T>C","p.I117T"
"WHSC1","NM_007331","c.381A>G","p.K127K"
"WHSC1","NM_007331","c.632G>A","p.G211E"
"WHSC1","NM_007331","c.735C>G","p.L245L"
"WHSC1","NM_007331","c.904C>T","p.P302S"
"WHSC1","NM_133330","c.1041C>G","p.L347L"
"WHSC1","NM_133330","c.1242T>C","p.S414S"
"WHSC1","NM_133330","c.1248C>T","p.P416P"
"WHSC1","NM_133330","c.1277C>T","p.T426M"
"WHSC1","NM_133330","c.1330A>G","p.T444A"
"WHSC1","NM_133330","c.1349G>A","p.R450Q"
"WHSC1","NM_133330","c.1561G>C","p.V521L"
"WHSC1","NM_133330","c.1582C>A","p.H528N"
"WHSC1","NM_133330","c.1584C>A","p.H528Q"
"WHSC1","NM_133330","c.1613A>T","p.D538V"
"WHSC1","NM_133330","c.1733C>G","p.A578G"
"WHSC1","NM_133330","c.1886C>T","p.S629L"
"WHSC1","NM_133330","c.198C>T","p.N66N"
"WHSC1","NM_133330","c.2155G>C","p.V719L"
"WHSC1","NM_133330","c.216C>G","p.P72P"
"WHSC1","NM_133330","c.228C>T","p.A76A"
"WHSC1","NM_133330","c.2419G>A","p.A807T"
"WHSC1","NM_133330","c.2463G>A","p.K821K"
"WHSC1","NM_133330","c.2511C>T","p.C837C"
"WHSC1","NM_133330","c.2632C>T","p.L878L"
"WHSC1","NM_133330","c.2793G>A","p.T931T"
"WHSC1","NM_133330","c.2813C>T","p.P938L"
"WHSC1","NM_133330","c.2814G>A","p.P938P"
"WHSC1","NM_133330","c.3144G>A","p.A1048A"
"WHSC1","NM_133330","c.3147C>T","p.G1049G"
"WHSC1","NM_133330","c.32C>G","p.S11C"
"WHSC1","NM_133330","c.3312G>A","p.A1104A"
"WHSC1","NM_133330","c.3375C>T","p.D1125D"
"WHSC1","NM_133330","c.3474C>T","p.D1158D"
"WHSC1","NM_133330","c.3495C>T","p.A1165A"
"WHSC1","NM_133330","c.350T>C","p.I117T"
"WHSC1","NM_133330","c.3519G>A","p.T1173T"
"WHSC1","NM_133330","c.3582A>G","p.G1194G"
"WHSC1","NM_133330","c.3720C>T","p.D1240D"
"WHSC1","NM_133330","c.381A>G","p.K127K"
"WHSC1","NM_133330","c.3888C>T","p.C1296C"
"WHSC1","NM_133330","c.3900C>T","p.P1300P"
"WHSC1","NM_133330","c.3931A>G","p.T1311A"
"WHSC1","NM_133330","c.3992C>T","p.A1331V"
"WHSC1","NM_133330","c.4023C>T","p.P1341P"
"WHSC1","NM_133330","c.4025C>G","p.P1342R"
"WHSC1","NM_133330","c.4063C>T","p.R1355W"
"WHSC1","NM_133330","c.632G>A","p.G211E"
"WHSC1","NM_133330","c.735C>G","p.L245L"
"WHSC1","NM_133330","c.904C>T","p.P302S"
"WHSC1","NM_133331","c.1041C>G","p.L347L"
"WHSC1","NM_133331","c.1242T>C","p.S414S"
"WHSC1","NM_133331","c.1248C>T","p.P416P"
"WHSC1","NM_133331","c.1277C>T","p.T426M"
"WHSC1","NM_133331","c.1330A>G","p.T444A"
"WHSC1","NM_133331","c.1349G>A","p.R450Q"
"WHSC1","NM_133331","c.1561G>C","p.V521L"
"WHSC1","NM_133331","c.1582C>A","p.H528N"
"WHSC1","NM_133331","c.1584C>A","p.H528Q"
"WHSC1","NM_133331","c.1613A>T","p.D538V"
"WHSC1","NM_133331","c.1733C>G","p.A578G"
"WHSC1","NM_133331","c.1886C>T","p.S629L"
"WHSC1","NM_133331","c.198C>T","p.N66N"
"WHSC1","NM_133331","c.2155G>C","p.V719L"
"WHSC1","NM_133331","c.216C>G","p.P72P"
"WHSC1","NM_133331","c.228C>T","p.A76A"
"WHSC1","NM_133331","c.2419G>A","p.A807T"
"WHSC1","NM_133331","c.2463G>A","p.K821K"
"WHSC1","NM_133331","c.2511C>T","p.C837C"
"WHSC1","NM_133331","c.2632C>T","p.L878L"
"WHSC1","NM_133331","c.2793G>A","p.T931T"
"WHSC1","NM_133331","c.2813C>T","p.P938L"
"WHSC1","NM_133331","c.2814G>A","p.P938P"
"WHSC1","NM_133331","c.3144G>A","p.A1048A"
"WHSC1","NM_133331","c.3147C>T","p.G1049G"
"WHSC1","NM_133331","c.32C>G","p.S11C"
"WHSC1","NM_133331","c.3312G>A","p.A1104A"
"WHSC1","NM_133331","c.3375C>T","p.D1125D"
"WHSC1","NM_133331","c.3474C>T","p.D1158D"
"WHSC1","NM_133331","c.3495C>T","p.A1165A"
"WHSC1","NM_133331","c.350T>C","p.I117T"
"WHSC1","NM_133331","c.3519G>A","p.T1173T"
"WHSC1","NM_133331","c.3582A>G","p.G1194G"
"WHSC1","NM_133331","c.3720C>T","p.D1240D"
"WHSC1","NM_133331","c.381A>G","p.K127K"
"WHSC1","NM_133331","c.3888C>T","p.C1296C"
"WHSC1","NM_133331","c.3900C>T","p.P1300P"
"WHSC1","NM_133331","c.3931A>G","p.T1311A"
"WHSC1","NM_133331","c.3992C>T","p.A1331V"
"WHSC1","NM_133331","c.4023C>T","p.P1341P"
"WHSC1","NM_133331","c.4025C>G","p.P1342R"
"WHSC1","NM_133331","c.4063C>T","p.R1355W"
"WHSC1","NM_133331","c.632G>A","p.G211E"
"WHSC1","NM_133331","c.735C>G","p.L245L"
"WHSC1","NM_133331","c.904C>T","p.P302S"
"WHSC1","NM_133334","c.1041C>G","p.L347L"
"WHSC1","NM_133334","c.1242T>C","p.S414S"
"WHSC1","NM_133334","c.1248C>T","p.P416P"
"WHSC1","NM_133334","c.1277C>T","p.T426M"
"WHSC1","NM_133334","c.1330A>G","p.T444A"
"WHSC1","NM_133334","c.1349G>A","p.R450Q"
"WHSC1","NM_133334","c.1561G>C","p.V521L"
"WHSC1","NM_133334","c.1582C>A","p.H528N"
"WHSC1","NM_133334","c.1584C>A","p.H528Q"
"WHSC1","NM_133334","c.1613A>T","p.D538V"
"WHSC1","NM_133334","c.1733C>G","p.A578G"
"WHSC1","NM_133334","c.198C>T","p.N66N"
"WHSC1","NM_133334","c.216C>G","p.P72P"
"WHSC1","NM_133334","c.228C>T","p.A76A"
"WHSC1","NM_133334","c.32C>G","p.S11C"
"WHSC1","NM_133334","c.350T>C","p.I117T"
"WHSC1","NM_133334","c.381A>G","p.K127K"
"WHSC1","NM_133334","c.632G>A","p.G211E"
"WHSC1","NM_133334","c.735C>G","p.L245L"
"WHSC1","NM_133334","c.904C>T","p.P302S"
"WHSC1","NM_133335","c.1041C>G","p.L347L"
"WHSC1","NM_133335","c.1242T>C","p.S414S"
"WHSC1","NM_133335","c.1248C>T","p.P416P"
"WHSC1","NM_133335","c.1277C>T","p.T426M"
"WHSC1","NM_133335","c.1330A>G","p.T444A"
"WHSC1","NM_133335","c.1349G>A","p.R450Q"
"WHSC1","NM_133335","c.1561G>C","p.V521L"
"WHSC1","NM_133335","c.1582C>A","p.H528N"
"WHSC1","NM_133335","c.1584C>A","p.H528Q"
"WHSC1","NM_133335","c.1613A>T","p.D538V"
"WHSC1","NM_133335","c.1733C>G","p.A578G"
"WHSC1","NM_133335","c.1886C>T","p.S629L"
"WHSC1","NM_133335","c.198C>T","p.N66N"
"WHSC1","NM_133335","c.2155G>C","p.V719L"
"WHSC1","NM_133335","c.216C>G","p.P72P"
"WHSC1","NM_133335","c.228C>T","p.A76A"
"WHSC1","NM_133335","c.2419G>A","p.A807T"
"WHSC1","NM_133335","c.2463G>A","p.K821K"
"WHSC1","NM_133335","c.2511C>T","p.C837C"
"WHSC1","NM_133335","c.2632C>T","p.L878L"
"WHSC1","NM_133335","c.2793G>A","p.T931T"
"WHSC1","NM_133335","c.2813C>T","p.P938L"
"WHSC1","NM_133335","c.2814G>A","p.P938P"
"WHSC1","NM_133335","c.3144G>A","p.A1048A"
"WHSC1","NM_133335","c.3147C>T","p.G1049G"
"WHSC1","NM_133335","c.32C>G","p.S11C"
"WHSC1","NM_133335","c.3312G>A","p.A1104A"
"WHSC1","NM_133335","c.3375C>T","p.D1125D"
"WHSC1","NM_133335","c.3474C>T","p.D1158D"
"WHSC1","NM_133335","c.3495C>T","p.A1165A"
"WHSC1","NM_133335","c.350T>C","p.I117T"
"WHSC1","NM_133335","c.3519G>A","p.T1173T"
"WHSC1","NM_133335","c.3582A>G","p.G1194G"
"WHSC1","NM_133335","c.3720C>T","p.D1240D"
"WHSC1","NM_133335","c.381A>G","p.K127K"
"WHSC1","NM_133335","c.3888C>T","p.C1296C"
"WHSC1","NM_133335","c.3900C>T","p.P1300P"
"WHSC1","NM_133335","c.3931A>G","p.T1311A"
"WHSC1","NM_133335","c.3992C>T","p.A1331V"
"WHSC1","NM_133335","c.4023C>T","p.P1341P"
"WHSC1","NM_133335","c.4025C>G","p.P1342R"
"WHSC1","NM_133335","c.4063C>T","p.R1355W"
"WHSC1","NM_133335","c.632G>A","p.G211E"
"WHSC1","NM_133335","c.735C>G","p.L245L"
"WHSC1","NM_133335","c.904C>T","p.P302S"
"WHSC1L1","NM_017778","c.1081C>T","p.P361S"
"WHSC1L1","NM_017778","c.1148G>C","p.R383P"
"WHSC1L1","NM_017778","c.1160T>C","p.I387T"
"WHSC1L1","NM_017778","c.121G>A","p.A41T"
"WHSC1L1","NM_017778","c.1368A>T","p.T456T"
"WHSC1L1","NM_017778","c.1392G>A","p.P464P"
"WHSC1L1","NM_017778","c.1451C>T","p.T484M"
"WHSC1L1","NM_017778","c.1584A>T","p.G528G"
"WHSC1L1","NM_017778","c.1611C>G","p.V537V"
"WHSC1L1","NM_017778","c.1667C>T","p.T556M"
"WHSC1L1","NM_017778","c.1833A>C","p.T611T"
"WHSC1L1","NM_017778","c.229A>G","p.I77V"
"WHSC1L1","NM_017778","c.414G>A","p.S138S"
"WHSC1L1","NM_017778","c.557C>T","p.T186M"
"WHSC1L1","NM_017778","c.862G>A","p.V288I"
"WHSC1L1","NM_023034","c.1081C>T","p.P361S"
"WHSC1L1","NM_023034","c.1148G>C","p.R383P"
"WHSC1L1","NM_023034","c.1160T>C","p.I387T"
"WHSC1L1","NM_023034","c.121G>A","p.A41T"
"WHSC1L1","NM_023034","c.1368A>T","p.T456T"
"WHSC1L1","NM_023034","c.1392G>A","p.P464P"
"WHSC1L1","NM_023034","c.1451C>T","p.T484M"
"WHSC1L1","NM_023034","c.1584A>T","p.G528G"
"WHSC1L1","NM_023034","c.1611C>G","p.V537V"
"WHSC1L1","NM_023034","c.1667C>T","p.T556M"
"WHSC1L1","NM_023034","c.1833A>C","p.T611T"
"WHSC1L1","NM_023034","c.1917T>C","p.D639D"
"WHSC1L1","NM_023034","c.1923A>C","p.E641D"
"WHSC1L1","NM_023034","c.1983G>A","p.L661L"
"WHSC1L1","NM_023034","c.2072C>T","p.S691L"
"WHSC1L1","NM_023034","c.2261C>T","p.S754L"
"WHSC1L1","NM_023034","c.229A>G","p.I77V"
"WHSC1L1","NM_023034","c.2599G>A","p.V867I"
"WHSC1L1","NM_023034","c.2925A>G","p.P975P"
"WHSC1L1","NM_023034","c.2961C>T","p.N987N"
"WHSC1L1","NM_023034","c.3026A>G","p.Y1009C"
"WHSC1L1","NM_023034","c.3105G>A","p.K1035K"
"WHSC1L1","NM_023034","c.3112A>C","p.K1038Q"
"WHSC1L1","NM_023034","c.3144C>T","p.F1048F"
"WHSC1L1","NM_023034","c.3461G>A","p.R1154Q"
"WHSC1L1","NM_023034","c.3523G>A","p.V1175I"
"WHSC1L1","NM_023034","c.3569G>A","p.R1190Q"
"WHSC1L1","NM_023034","c.3636C>T","p.A1212A"
"WHSC1L1","NM_023034","c.3735A>G","p.L1245L"
"WHSC1L1","NM_023034","c.3834T>C","p.D1278D"
"WHSC1L1","NM_023034","c.4097A>G","p.Q1366R"
"WHSC1L1","NM_023034","c.414G>A","p.S138S"
"WHSC1L1","NM_023034","c.557C>T","p.T186M"
"WHSC1L1","NM_023034","c.862G>A","p.V288I"
