"cell","gene","garp_score","p_value"
"BT-20","ACTL6A","-0.4366642","0.147"
"BT-474","ACTL6A","-0.5531209","0.057"
"BT-549","ACTL6A","-0.7627341","0.044"
"CAL-51","ACTL6A","-0.3135105","0.077"
"CAMA-1","ACTL6A","-0.8165258","0.024"
"EFM-19","ACTL6A","-0.2646267","0.172"
"HCC1143","ACTL6A","-0.4465724","0.375"
"HCC1187","ACTL6A","-0.5101762","0.149"
"HCC1395","ACTL6A","-0.4604407","0.213"
"HCC1419","ACTL6A","-0.7863931","0.006"
"HCC1428","ACTL6A","-0.4145955","0.486"
"HCC1500","ACTL6A","-0.1477376","0.586"
"HCC1806","ACTL6A","-0.6028344","0.271"
"HCC1937","ACTL6A","-0.1027535","0.568"
"HCC1954","ACTL6A","-0.6266913","0.025"
"HCC38","ACTL6A","-0.1145943","0.791"
"Hs-578T","ACTL6A","-0.1071223","0.341"
"KPL-1","ACTL6A","-0.1814491","0.133"
"MCF7","ACTL6A","-0.119727","0.197"
"MDA-MB-157","ACTL6A","-0.3251951","0.154"
"MDA-MB-231","ACTL6A","-0.2712831","0.339"
"MDA-MB-361","ACTL6A","-0.376931","0.173"
"MDA-MB-436","ACTL6A","-0.4977783","0.146"
"MDA-MB-453","ACTL6A","-0.02428846","0.481"
"MDA-MB-468","ACTL6A","-0.2157491","0.236"
"SK-BR-3","ACTL6A","-0.3551227","0.398"
"SW527","ACTL6A","-0.2539759","0.151"
"T-47D","ACTL6A","-0.1798863","0.61"
"ZR-75-1","ACTL6A","-0.4870747","0.158"
"609050M","ACTL6A","-0.2209625","0.386"
"A2780","ACTL6A","-0.09922107","0.361"
"A2780_CIS","ACTL6A","-0.1738","0.271"
"MM_OVCAR432_Bast_1","ACTL6A","-0.5883527","0.511"
"OV-1946","ACTL6A","-0.6386895","0.258"
"OV-90","ACTL6A","-0.2450692","0.292"
"OVCA1369_TR","ACTL6A","-1.700088","0.246"
"OVCA433_Bast","ACTL6A","-0.5745445","0.544"
"OVCA5","ACTL6A","-0.1306229","0.613"
"OVCA8","ACTL6A","-0.8170444","0.004"
"OVCAR-3","ACTL6A","-0.5601504","0.379"
"SK-OV-3","ACTL6A","-0.004701363","0.857"
"TOV-1946","ACTL6A","-0.5937785","0.18"
"TOV-2223G","ACTL6A","-0.2257152","0.36"
"TOV-3133G","ACTL6A","-0.1625915","0.354"
"AsPC-1","ACTL6A","-0.2672241","0.158"
"BxPC-3","ACTL6A","-0.3924321","0.258"
"CFPAC-1","ACTL6A","-0.03983903","0.754"
"Capan-2","ACTL6A","-0.006664113","0.894"
"HPAC","ACTL6A","-0.1428641","0.197"
"HPAF-II","ACTL6A","-0.2473317","0.264"
"HPDE","ACTL6A","-2.418623","0.353"
"Hs-766T","ACTL6A","-0.894798","0.247"
"IMIM-PC-1","ACTL6A","-0.1077853","0.543"
"IMIM-PC-2","ACTL6A","-0.1013227","0.364"
"KP-3","ACTL6A","-0.1165438","0.664"
"KP-4","ACTL6A","-0.03263012","0.815"
"MIA-PaCa-2","ACTL6A","-0.07423124","0.516"
"PANC-1","ACTL6A","-0.08982862","0.632"
"PL45","ACTL6A","-0.269462","0.275"
"PaTu_8988S","ACTL6A","-0.09726212","0.397"
"PaTu_8988T","ACTL6A","-0.109409","0.438"
"Panc-02.03","ACTL6A","-0.2768729","0.382"
"Panc-03.27","ACTL6A","-0.1787801","0.243"
"Panc-04.03","ACTL6A","-0.2492198","0.287"
"Panc-05.04","ACTL6A","-0.2314834","0.655"
"Panc-08.13","ACTL6A","-0.2672579","0.105"
"Panc-10.05","ACTL6A","-0.3621434","0.073"
"RWP-1","ACTL6A","-0.1755582","0.375"
"SK-PC-1","ACTL6A","-0.2029632","0.283"
"SK-PC-3","ACTL6A","-0.5659278","0.226"
"SU.86.86","ACTL6A","-0.1595934","0.245"
"SW1990","ACTL6A","-0.0869092","0.824"
"BT-20","ACTL6B","-0.3931865","0.192"
"BT-474","ACTL6B","-0.29349","0.284"
"BT-549","ACTL6B","-0.597707","0.103"
"CAL-51","ACTL6B","-0.1330618","0.531"
"CAMA-1","ACTL6B","-0.2825269","0.497"
"EFM-19","ACTL6B","-0.3220417","0.1"
"HCC1143","ACTL6B","-0.4129988","0.417"
"HCC1187","ACTL6B","-0.3603786","0.321"
"HCC1395","ACTL6B","-0.4629511","0.212"
"HCC1419","ACTL6B","-0.1704654","0.499"
"HCC1428","ACTL6B","-1.064697","0.099"
"HCC1500","ACTL6B","-0.3077193","0.241"
"HCC1806","ACTL6B","-0.3611944","0.611"
"HCC1937","ACTL6B","-0.6303898","0.018"
"HCC1954","ACTL6B","-0.2852289","0.213"
"HCC38","ACTL6B","-0.2637058","0.451"
"Hs 578T","ACTL6B","-0.1247346","0.29"
"KPL-1","ACTL6B","-0.2822814","0.031"
"MCF7","ACTL6B","-0.2507949","0.041"
"MDA-MB-157","ACTL6B","-0.3280687","0.15"
"MDA-MB-231","ACTL6B","-0.4797413","0.103"
"MDA-MB-361","ACTL6B","-0.3703871","0.179"
"MDA-MB-436","ACTL6B","-0.3650422","0.299"
"MDA-MB-453","ACTL6B","-0.2482875","0.039"
"MDA-MB-468","ACTL6B","-0.3675051","0.085"
"SK-BR-3","ACTL6B","-0.5499888","0.166"
"SW527","ACTL6B","-0.1906188","0.311"
"T-47D","ACTL6B","-0.4013737","0.177"
"ZR-75-1","ACTL6B","-0.6571132","0.055"
"609050M","ACTL6B","-0.800975","0.01"
"A2780","ACTL6B","-0.0674777","0.469"
"A2780_CIS","ACTL6B","-0.3579091","0.054"
"MM_OVCAR432_Bast_1","ACTL6B","-1.075148","0.129"
"OV-1946","ACTL6B","-0.7166717","0.184"
"OV-90","ACTL6B","-0.410762","0.097"
"OVCA1369_TR","ACTL6B","-2.048259","0.165"
"OVCA433_Bast","ACTL6B","-1.414966","0.036"
"OVCA5","ACTL6B","-0.3901675","0.142"
"OVCA8","ACTL6B","-0.4155549","0.198"
"OVCAR-3","ACTL6B","-1.204393","0.058"
"SK-OV-3","ACTL6B","-0.05171853","0.611"
"TOV-1946","ACTL6B","-0.4002094","0.421"
"TOV-2223G","ACTL6B","-0.3670683","0.208"
"TOV-3133G","ACTL6B","-0.05288409","0.72"
"AsPC-1","ACTL6B","-0.3392604","0.071"
"BxPC-3","ACTL6B","-0.5457668","0.104"
"CFPAC-1","ACTL6B","-0.1945754","0.083"
"Capan-2","ACTL6B","-0.2970486","0.059"
"HPAC","ACTL6B","-0.1355906","0.217"
"HPAF-II","ACTL6B","-0.3700624","0.097"
"HPDE","ACTL6B","-3.483696","0.174"
"Hs 766T","ACTL6B","-1.226708","0.043"
"IMIM-PC-1","ACTL6B","-0.3892772","0.021"
"IMIM-PC-2","ACTL6B","-0.09142378","0.415"
"KP-3","ACTL6B","-0.3101344","0.169"
"KP-4","ACTL6B","-0.1999004","0.089"
"MIA PaCa-2","ACTL6B","-0.1456111","0.201"
"PANC-1","ACTL6B","-0.1976707","0.21"
"PL45","ACTL6B","-0.2856489","0.24"
"PaTu_8988S","ACTL6B","-0.1405036","0.236"
"PaTu_8988T","ACTL6B","-0.1941526","0.165"
"Panc 02.03","ACTL6B","-0.3541544","0.229"
"Panc 03.27","ACTL6B","-0.3081362","0.083"
"Panc 04.03","ACTL6B","-0.3864497","0.075"
"Panc 05.04","ACTL6B","-0.5427926","0.08"
"Panc 08.13","ACTL6B","-0.3359919","0.062"
"Panc 10.05","ACTL6B","-0.3563678","0.079"
"RWP-1","ACTL6B","-0.3323062","0.14"
"SK-PC-1","ACTL6B","-0.1991663","0.295"
"SK-PC-3","ACTL6B","-0.822746","0.042"
"SU.86.86","ACTL6B","-0.2916003","0.06"
"SW1990","ACTL6B","-0.2633067","0.214"
"BT-20","ACTR5","-0.2170918","0.483"
"BT-474","ACTR5","-0.6939942","0.015"
"BT-549","ACTR5","-0.2799814","0.484"
"CAL-51","ACTR5","-0.2578434","0.144"
"CAMA-1","ACTR5","-0.1015791","0.918"
"EFM-19","ACTR5","-0.0837335","0.667"
"HCC1143","ACTR5","-0.3990558","0.431"
"HCC1187","ACTR5","-0.7087407","0.041"
"HCC1395","ACTR5","-0.5939098","0.097"
"HCC1419","ACTR5","-0.6548918","0.02"
"HCC1428","ACTR5","-1.279252","0.037"
"HCC1500","ACTR5","-0.09682637","0.747"
"HCC1806","ACTR5","-0.3386136","0.633"
"HCC1937","ACTR5","-0.243385","0.272"
"HCC1954","ACTR5","-0.4513972","0.068"
"HCC38","ACTR5","-0.2720506","0.433"
"Hs 578T","ACTR5","-0.06391616","0.558"
"KPL-1","ACTR5","-0.1129989","0.36"
"MCF7","ACTR5","-0.001280914","0.886"
"MDA-MB-157","ACTR5","-0.1890112","0.409"
"MDA-MB-231","ACTR5","-0.1495042","0.573"
"MDA-MB-361","ACTR5","-0.1916499","0.516"
"MDA-MB-436","ACTR5","-0.5172898","0.137"
"MDA-MB-453","ACTR5","-0.05368235","0.318"
"MDA-MB-468","ACTR5","-0.2061268","0.244"
"SK-BR-3","ACTR5","-0.3437143","0.42"
"SW527","ACTR5","-0.09646586","0.597"
"T-47D","ACTR5","-0.4542655","0.133"
"ZR-75-1","ACTR5","-0.3255167","0.363"
"609050M","ACTR5","-0.297956","0.24"
"A2780","ACTR5","-0.1288133","0.273"
"A2780_CIS","ACTR5","-0.3075485","0.092"
"MM_OVCAR432_Bast_1","ACTR5","-1.13193","0.106"
"OV-1946","ACTR5","-0.5303221","0.378"
"OV-90","ACTR5","-0.2471407","0.288"
"OVCA1369_TR","ACTR5","-1.130592","0.436"
"OVCA433_Bast","ACTR5","-0.9235888","0.216"
"OVCA5","ACTR5","-0.1714593","0.473"
"OVCA8","ACTR5","-0.5108038","0.093"
"OVCAR-3","ACTR5","-1.616548","0.012"
"SK-OV-3","ACTR5","-0.2260418","0.11"
"TOV-1946","ACTR5","-0.6735694","0.102"
"TOV-2223G","ACTR5","-0.1894156","0.421"
"TOV-3133G","ACTR5","-0.5040642","0.057"
"AsPC-1","ACTR5","-0.05573684","0.815"
"BxPC-3","ACTR5","-0.4621689","0.171"
"CFPAC-1","ACTR5","-0.07964452","0.481"
"Capan-2","ACTR5","-0.1098971","0.343"
"HPAC","ACTR5","-0.1231817","0.259"
"HPAF-II","ACTR5","-0.1598653","0.499"
"HPDE","ACTR5","-3.544652","0.165"
"Hs 766T","ACTR5","-1.095249","0.094"
"IMIM-PC-1","ACTR5","-0.2009908","0.173"
"IMIM-PC-2","ACTR5","-0.07393701","0.508"
"KP-3","ACTR5","-0.08090719","0.794"
"KP-4","ACTR5","-0.1502217","0.196"
"MIA PaCa-2","ACTR5","-0.1199235","0.27"
"PANC-1","ACTR5","-0.155554","0.342"
"PL45","ACTR5","-0.2699776","0.274"
"PaTu_8988S","ACTR5","-0.04642781","0.664"
"PaTu_8988T","ACTR5","-0.1951506","0.162"
"Panc 02.03","ACTR5","-0.1666369","0.74"
"Panc 03.27","ACTR5","-0.4017449","0.043"
"Panc 04.03","ACTR5","-0.4135198","0.058"
"Panc 05.04","ACTR5","-0.3046583","0.457"
"Panc 08.13","ACTR5","-0.3855951","0.046"
"Panc 10.05","ACTR5","-0.2763732","0.159"
"RWP-1","ACTR5","-0.05958634","0.709"
"SK-PC-1","ACTR5","-0.3820938","0.035"
"SK-PC-3","ACTR5","-0.3471358","0.558"
"SU.86.86","ACTR5","-0.3172414","0.052"
"SW1990","ACTR5","-0.1987141","0.413"
"BT-20","ACTR8","-0.1734237","0.575"
"BT-474","ACTR8","-0.353323","0.206"
"BT-549","ACTR8","-0.1416136","0.789"
"CAL-51","ACTR8","-0.06180947","0.905"
"CAMA-1","ACTR8","-0.3127942","0.449"
"EFM-19","ACTR8","-0.1167462","0.557"
"HCC1143","ACTR8","-0.1255131","0.838"
"HCC1187","ACTR8","-0.03825197","0.979"
"HCC1395","ACTR8","-0.08499753","0.897"
"HCC1419","ACTR8","-0.1262511","0.648"
"HCC1428","ACTR8","-1.024619","0.11"
"HCC1500","ACTR8","-0.1138801","0.703"
"HCC1806","ACTR8","-0.0971946","0.921"
"HCC1937","ACTR8","-0.2165916","0.319"
"HCC1954","ACTR8","-0.2999836","0.192"
"HCC38","ACTR8","-0.1813043","0.642"
"Hs 578T","ACTR8","0.003497196","0.898"
"KPL-1","ACTR8","-0.06092997","0.752"
"MCF7","ACTR8","-0.02441191","0.717"
"MDA-MB-157","ACTR8","-0.04473469","0.877"
"MDA-MB-231","ACTR8","0.02960697","0.946"
"MDA-MB-361","ACTR8","-0.1137173","0.713"
"MDA-MB-436","ACTR8","-0.3009468","0.401"
"MDA-MB-453","ACTR8","0.02671243","0.931"
"MDA-MB-468","ACTR8","-0.005777437","0.933"
"SK-BR-3","ACTR8","-0.765482","0.043"
"SW527","ACTR8","-0.03196591","0.879"
"T-47D","ACTR8","-0.1046094","0.823"
"ZR-75-1","ACTR8","-0.3155333","0.382"
"609050M","ACTR8","-0.1653053","0.537"
"A2780","ACTR8","-0.03485417","0.607"
"A2780_CIS","ACTR8","-0.01242648","0.844"
"MM_OVCAR432_Bast_1","ACTR8","-0.3633953","0.744"
"OV-1946","ACTR8","-0.3061604","0.703"
"OV-90","ACTR8","-0.003678202","0.97"
"OVCA1369_TR","ACTR8","-1.584288","0.28"
"OVCA433_Bast","ACTR8","-0.2293608","0.901"
"OVCA5","ACTR8","-0.04548793","0.885"
"OVCA8","ACTR8","-0.1705929","0.618"
"OVCAR-3","ACTR8","-0.07347094","0.903"
"SK-OV-3","ACTR8","-0.001061565","0.878"
"TOV-1946","ACTR8","-0.3375401","0.522"
"TOV-2223G","ACTR8","-0.04898753","0.738"
"TOV-3133G","ACTR8","-0.03615742","0.801"
"AsPC-1","ACTR8","-0.0465385","0.846"
"BxPC-3","ACTR8","-0.09085149","0.864"
"CFPAC-1","ACTR8","-0.01090423","0.93"
"Capan-2","ACTR8","-0.03214429","0.745"
"HPAC","ACTR8","0.01578719","0.995"
"HPAF-II","ACTR8","-0.05646342","0.878"
"HPDE","ACTR8","-1.429112","0.625"
"Hs 766T","ACTR8","-0.6562082","0.542"
"IMIM-PC-1","ACTR8","-0.1032449","0.574"
"IMIM-PC-2","ACTR8","-0.003242015","0.95"
"KP-3","ACTR8","-0.1066861","0.705"
"KP-4","ACTR8","-0.07212353","0.551"
"MIA PaCa-2","ACTR8","-0.04376725","0.715"
"PANC-1","ACTR8","-0.04790729","0.863"
"PL45","ACTR8","-0.1523251","0.606"
"PaTu_8988S","ACTR8","-0.03624565","0.741"
"PaTu_8988T","ACTR8","-0.04295221","0.887"
"Panc 02.03","ACTR8","-0.1731835","0.716"
"Panc 03.27","ACTR8","-0.09584554","0.549"
"Panc 04.03","ACTR8","-0.1382286","0.636"
"Panc 05.04","ACTR8","-0.3279245","0.4"
"Panc 08.13","ACTR8","-0.3523583","0.053"
"Panc 10.05","ACTR8","-0.01848546","0.889"
"RWP-1","ACTR8","-0.03894156","0.773"
"SK-PC-1","ACTR8","-0.03655471","0.938"
"SK-PC-3","ACTR8","-0.2439106","0.783"
"SU.86.86","ACTR8","-0.1696374","0.222"
"SW1990","ACTR8","-0.131606","0.633"
"BT-20","ARID1A","-0.03320392","0.905"
"BT-474","ARID1A","-0.2475089","0.367"
"BT-549","ARID1A","-0.4250955","0.264"
"CAL-51","ARID1A","-0.04052943","0.963"
"CAMA-1","ARID1A","-0.255506","0.561"
"EFM-19","ARID1A","-0.0319219","0.848"
"HCC1143","ARID1A","-0.296058","0.571"
"HCC1187","ARID1A","-0.307987","0.409"
"HCC1395","ARID1A","-0.424395","0.251"
"HCC1419","ARID1A","-0.2117683","0.394"
"HCC1428","ARID1A","-0.2964344","0.637"
"HCC1500","ARID1A","-0.1607353","0.545"
"HCC1806","ARID1A","-0.4789795","0.428"
"HCC1937","ARID1A","-0.1933606","0.361"
"HCC1954","ARID1A","-0.06598019","0.802"
"HCC38","ARID1A","-0.1721472","0.66"
"Hs 578T","ARID1A","0.01149967","0.924"
"KPL-1","ARID1A","-0.03034467","0.933"
"MCF7","ARID1A","0.02898628","0.979"
"MDA-MB-157","ARID1A","-0.1069713","0.667"
"MDA-MB-231","ARID1A","-0.1603508","0.543"
"MDA-MB-361","ARID1A","0.05514594","0.999"
"MDA-MB-436","ARID1A","-0.2043348","0.637"
"MDA-MB-453","ARID1A","-0.02095991","0.509"
"MDA-MB-468","ARID1A","-0.026736","0.847"
"SK-BR-3","ARID1A","-0.175934","0.722"
"SW527","ARID1A","0.00185385","0.966"
"T-47D","ARID1A","-0.02863875","0.955"
"ZR-75-1","ARID1A","-0.2021585","0.619"
"609050M","ARID1A","-0.1060799","0.738"
"A2780","ARID1A","-0.03298189","0.617"
"A2780_CIS","ARID1A","-0.03246039","0.765"
"MM_OVCAR432_Bast_1","ARID1A","-0.3345644","0.774"
"OV-1946","ARID1A","-0.1373615","0.931"
"OV-90","ARID1A","-0.1029433","0.655"
"OVCA1369_TR","ARID1A","-0.5660719","0.691"
"OVCA433_Bast","ARID1A","-0.7243376","0.387"
"OVCA5","ARID1A","-0.1130272","0.672"
"OVCA8","ARID1A","-0.000731612","0.987"
"OVCAR-3","ARID1A","-0.3926142","0.533"
"SK-OV-3","ARID1A","-0.1163505","0.32"
"TOV-1946","ARID1A","-0.2669118","0.653"
"TOV-2223G","ARID1A","-0.03501886","0.774"
"TOV-3133G","ARID1A","-0.1190761","0.468"
"AsPC-1","ARID1A","-0.09729786","0.649"
"BxPC-3","ARID1A","-0.322599","0.368"
"CFPAC-1","ARID1A","-0.03773587","0.764"
"Capan-2","ARID1A","-0.04763942","0.666"
"HPAC","ARID1A","-0.0598044","0.586"
"HPAF-II","ARID1A","-0.09691877","0.733"
"HPDE","ARID1A","-0.6603594","0.835"
"Hs 766T","ARID1A","-0.6174532","0.585"
"IMIM-PC-1","ARID1A","-0.1173174","0.496"
"IMIM-PC-2","ARID1A","0.01623258","0.989"
"KP-3","ARID1A","-0.08369103","0.787"
"KP-4","ARID1A","-0.1356013","0.244"
"MIA PaCa-2","ARID1A","-0.01690602","0.901"
"PANC-1","ARID1A","-0.04842031","0.858"
"PL45","ARID1A","-0.005909098","0.991"
"PaTu_8988S","ARID1A","-0.06996217","0.519"
"PaTu_8988T","ARID1A","-0.05903713","0.755"
"Panc 02.03","ARID1A","-0.1902492","0.655"
"Panc 03.27","ARID1A","-0.04578114","0.78"
"Panc 04.03","ARID1A","-0.001814132","0.988"
"Panc 05.04","ARID1A","-0.1359388","0.86"
"Panc 08.13","ARID1A","-0.1662462","0.292"
"Panc 10.05","ARID1A","0.0339015","0.982"
"RWP-1","ARID1A","-0.000483683","0.901"
"SK-PC-1","ARID1A","-0.04837335","0.908"
"SK-PC-3","ARID1A","-0.234094","0.802"
"SU.86.86","ARID1A","-0.04652849","0.647"
"SW1990","ARID1A","-0.007406691","0.989"
"BT-20","ARID1B","-0.1576487","0.61"
"BT-474","ARID1B","-0.091172","0.768"
"BT-549","ARID1B","-0.1758666","0.714"
"CAL-51","ARID1B","-0.3143137","0.077"
"CAMA-1","ARID1B","-0.3386117","0.39"
"EFM-19","ARID1B","-0.1054108","0.588"
"HCC1143","ARID1B","-0.8300342","0.087"
"HCC1187","ARID1B","-0.3278338","0.369"
"HCC1395","ARID1B","-0.3347946","0.383"
"HCC1419","ARID1B","-0.2052921","0.405"
"HCC1428","ARID1B","-0.4593162","0.455"
"HCC1500","ARID1B","-0.42369","0.114"
"HCC1806","ARID1B","-0.3759626","0.583"
"HCC1937","ARID1B","-0.05300311","0.73"
"HCC1954","ARID1B","-0.1954274","0.374"
"HCC38","ARID1B","-0.3279324","0.328"
"Hs 578T","ARID1B","-0.07230061","0.505"
"KPL-1","ARID1B","-0.05789335","0.772"
"MCF7","ARID1B","-0.05157638","0.536"
"MDA-MB-157","ARID1B","-0.1043965","0.678"
"MDA-MB-231","ARID1B","-0.3352413","0.238"
"MDA-MB-361","ARID1B","-0.04894202","0.881"
"MDA-MB-436","ARID1B","-0.1780037","0.708"
"MDA-MB-453","ARID1B","0.02496549","0.92"
"MDA-MB-468","ARID1B","-0.2005959","0.251"
"SK-BR-3","ARID1B","-0.1192125","0.823"
"SW527","ARID1B","-0.1127225","0.539"
"T-47D","ARID1B","-0.5578763","0.054"
"ZR-75-1","ARID1B","-0.2508383","0.507"
"609050M","ARID1B","-0.2294249","0.371"
"A2780","ARID1B","-0.06290853","0.486"
"A2780_CIS","ARID1B","-0.1998134","0.209"
"MM_OVCAR432_Bast_1","ARID1B","-0.5466435","0.551"
"OV-1946","ARID1B","-0.2093881","0.853"
"OV-90","ARID1B","-0.2163354","0.337"
"OVCA1369_TR","ARID1B","-2.110955","0.153"
"OVCA433_Bast","ARID1B","-0.8535394","0.271"
"OVCA5","ARID1B","-0.2625653","0.288"
"OVCA8","ARID1B","-0.07164151","0.856"
"OVCAR-3","ARID1B","-0.7025588","0.29"
"SK-OV-3","ARID1B","-0.01260426","0.821"
"TOV-1946","ARID1B","-0.3255157","0.545"
"TOV-2223G","ARID1B","-0.006112826","0.843"
"TOV-3133G","ARID1B","0.01393508","0.967"
"AsPC-1","ARID1B","-0.2022937","0.297"
"BxPC-3","ARID1B","-0.268838","0.484"
"CFPAC-1","ARID1B","0.008597488","0.982"
"Capan-2","ARID1B","-0.02831833","0.763"
"HPAC","ARID1B","-0.1321934","0.23"
"HPAF-II","ARID1B","-0.0372249","0.932"
"HPDE","ARID1B","-2.754487","0.287"
"Hs 766T","ARID1B","-0.8158919","0.333"
"IMIM-PC-1","ARID1B","-0.1448493","0.335"
"IMIM-PC-2","ARID1B","-0.04348575","0.728"
"KP-3","ARID1B","-0.2783968","0.217"
"KP-4","ARID1B","-0.07462314","0.536"
"MIA PaCa-2","ARID1B","-0.05075381","0.668"
"PANC-1","ARID1B","-0.1241544","0.461"
"PL45","ARID1B","-0.1991445","0.456"
"PaTu_8988S","ARID1B","-0.07341868","0.504"
"PaTu_8988T","ARID1B","-0.08603217","0.578"
"Panc 02.03","ARID1B","-0.3431645","0.245"
"Panc 03.27","ARID1B","-0.1787116","0.243"
"Panc 04.03","ARID1B","-0.1609551","0.549"
"Panc 05.04","ARID1B","-0.3949113","0.261"
"Panc 08.13","ARID1B","-0.1483331","0.348"
"Panc 10.05","ARID1B","-0.1725651","0.38"
"RWP-1","ARID1B","-0.1997482","0.314"
"SK-PC-1","ARID1B","-0.09753575","0.67"
"SK-PC-3","ARID1B","-0.4263896","0.423"
"SU.86.86","ARID1B","-0.2002411","0.161"
"SW1990","ARID1B","-0.1093407","0.743"
"BT-20","ASH1L","-0.1232112","0.702"
"BT-474","ASH1L","-0.08330348","0.788"
"BT-549","ASH1L","-0.1331454","0.814"
"CAL-51","ASH1L","-0.1255096","0.566"
"CAMA-1","ASH1L","-0.3128144","0.449"
"EFM-19","ASH1L","-0.001196198","0.928"
"HCC1143","ASH1L","-0.006975869","0.965"
"HCC1187","ASH1L","-0.2520542","0.527"
"HCC1395","ASH1L","-0.2292468","0.581"
"HCC1419","ASH1L","-0.1062459","0.716"
"HCC1428","ASH1L","-0.1485637","0.828"
"HCC1500","ASH1L","-0.09021605","0.767"
"HCC1806","ASH1L","-0.1212426","0.899"
"HCC1937","ASH1L","0.01823051","0.935"
"HCC1954","ASH1L","-0.05727947","0.834"
"HCC38","ASH1L","-0.1205356","0.785"
"Hs 578T","ASH1L","0.006800978","0.914"
"KPL-1","ASH1L","-0.0786983","0.588"
"MCF7","ASH1L","-0.02367882","0.729"
"MDA-MB-157","ASH1L","-0.07085859","0.786"
"MDA-MB-231","ASH1L","-0.08076236","0.736"
"MDA-MB-361","ASH1L","-0.2133242","0.473"
"MDA-MB-436","ASH1L","-0.1230725","0.866"
"MDA-MB-453","ASH1L","-0.1110893","0.171"
"MDA-MB-468","ASH1L","-0.01857253","0.885"
"SK-BR-3","ASH1L","-0.2458338","0.579"
"SW527","ASH1L","0.01920632","0.987"
"T-47D","ASH1L","-0.09806465","0.845"
"ZR-75-1","ASH1L","-0.309716","0.395"
"609050M","ASH1L","-0.1329553","0.648"
"A2780","ASH1L","6.096606e-05","0.756"
"A2780_CIS","ASH1L","-0.1529268","0.316"
"MM_OVCAR432_Bast_1","ASH1L","-0.4478956","0.662"
"OV-1946","ASH1L","-0.4259758","0.515"
"OV-90","ASH1L","0.02118391","0.987"
"OVCA1369_TR","ASH1L","-0.50675","0.735"
"OVCA433_Bast","ASH1L","-0.2819695","0.856"
"OVCA5","ASH1L","-0.106306","0.696"
"OVCA8","ASH1L","-0.009283025","0.98"
"OVCAR-3","ASH1L","-0.4040717","0.519"
"SK-OV-3","ASH1L","-0.1144046","0.328"
"TOV-1946","ASH1L","-0.1288408","0.867"
"TOV-2223G","ASH1L","-0.1133039","0.589"
"TOV-3133G","ASH1L","-0.09471504","0.563"
"AsPC-1","ASH1L","-0.03703903","0.875"
"BxPC-3","ASH1L","-0.1648277","0.692"
"CFPAC-1","ASH1L","-0.06840611","0.551"
"Capan-2","ASH1L","0.0217742","0.974"
"HPAC","ASH1L","0.006055313","0.979"
"HPAF-II","ASH1L","-0.03863222","0.929"
"HPDE","ASH1L","0.3483881","0.991"
"Hs 766T","ASH1L","-0.4564669","0.789"
"IMIM-PC-1","ASH1L","-0.1525545","0.312"
"IMIM-PC-2","ASH1L","-0.04869712","0.693"
"KP-3","ASH1L","-0.075339","0.806"
"KP-4","ASH1L","-0.009208384","0.95"
"MIA PaCa-2","ASH1L","-0.01033045","0.937"
"PANC-1","ASH1L","-0.08659615","0.643"
"PL45","ASH1L","-0.06230242","0.897"
"PaTu_8988S","ASH1L","0.006828118","0.968"
"PaTu_8988T","ASH1L","-0.09444954","0.522"
"Panc 02.03","ASH1L","-0.181275","0.69"
"Panc 03.27","ASH1L","-0.07231268","0.656"
"Panc 04.03","ASH1L","-0.05453796","0.893"
"Panc 05.04","ASH1L","-0.1478645","0.829"
"Panc 08.13","ASH1L","0.01060357","0.988"
"Panc 10.05","ASH1L","-0.009359469","0.915"
"RWP-1","ASH1L","0.008997359","0.924"
"SK-PC-1","ASH1L","-0.05831801","0.87"
"SK-PC-3","ASH1L","-0.06612168","0.994"
"SU.86.86","ASH1L","0.04204442","0.981"
"SW1990","ASH1L","-0.08592315","0.827"
"BT-20","CARM1","-0.6255986","0.043"
"BT-474","CARM1","-0.1370773","0.63"
"BT-549","CARM1","-0.6010028","0.102"
"CAL-51","CARM1","-0.4782484","0.027"
"CAMA-1","CARM1","-0.2957683","0.475"
"EFM-19","CARM1","-0.2776619","0.15"
"HCC1143","CARM1","-0.6280345","0.189"
"HCC1187","CARM1","-0.7632522","0.029"
"HCC1395","CARM1","-0.6560455","0.062"
"HCC1419","CARM1","-0.3961106","0.111"
"HCC1428","CARM1","-0.1633549","0.811"
"HCC1500","CARM1","-0.2556777","0.325"
"HCC1806","CARM1","-0.7592548","0.152"
"HCC1937","CARM1","-0.136444","0.484"
"HCC1954","CARM1","-0.2228973","0.308"
"HCC38","CARM1","-0.5060422","0.133"
"Hs 578T","CARM1","-0.2399601","0.101"
"KPL-1","CARM1","-0.1210062","0.312"
"MCF7","CARM1","-0.0626426","0.456"
"MDA-MB-157","CARM1","-0.6798635","0.01"
"MDA-MB-231","CARM1","-0.4404773","0.12"
"MDA-MB-361","CARM1","-0.3932408","0.154"
"MDA-MB-436","CARM1","-0.4108353","0.23"
"MDA-MB-453","CARM1","-0.2259779","0.049"
"MDA-MB-468","CARM1","-0.2077411","0.244"
"SK-BR-3","CARM1","-0.5124018","0.21"
"SW527","CARM1","-0.4090606","0.038"
"T-47D","CARM1","-0.399638","0.181"
"ZR-75-1","CARM1","-0.3082275","0.399"
"609050M","CARM1","-0.2407923","0.344"
"A2780","CARM1","-0.3707089","0.035"
"A2780_CIS","CARM1","-0.3713863","0.044"
"MM_OVCAR432_Bast_1","CARM1","-0.40615","0.698"
"OV-1946","CARM1","-0.9257122","0.072"
"OV-90","CARM1","-0.4174793","0.091"
"OVCA1369_TR","CARM1","-2.439342","0.113"
"OVCA433_Bast","CARM1","-0.9021561","0.224"
"OVCA5","CARM1","-0.6778256","0.018"
"OVCA8","CARM1","-0.4217221","0.19"
"OVCAR-3","CARM1","-0.7248673","0.271"
"SK-OV-3","CARM1","-0.1136985","0.331"
"TOV-1946","CARM1","-0.5694763","0.206"
"TOV-2223G","CARM1","-0.9875748","0.014"
"TOV-3133G","CARM1","-0.2679696","0.165"
"AsPC-1","CARM1","-0.2189859","0.264"
"BxPC-3","CARM1","-0.473343","0.161"
"CFPAC-1","CARM1","-0.1889621","0.092"
"Capan-2","CARM1","-0.0668319","0.532"
"HPAC","CARM1","-0.1714164","0.134"
"HPAF-II","CARM1","-0.3074474","0.156"
"HPDE","CARM1","-3.87582","0.126"
"Hs 766T","CARM1","-1.171587","0.061"
"IMIM-PC-1","CARM1","-0.2465621","0.108"
"IMIM-PC-2","CARM1","-0.274978","0.037"
"KP-3","CARM1","-0.4093931","0.075"
"KP-4","CARM1","-0.2867765","0.023"
"MIA PaCa-2","CARM1","-0.3064056","0.018"
"PANC-1","CARM1","-0.2772507","0.064"
"PL45","CARM1","-0.3398623","0.132"
"PaTu_8988S","CARM1","-0.2195198","0.091"
"PaTu_8988T","CARM1","-0.395301","0.004"
"Panc 02.03","CARM1","-0.5561002","0.049"
"Panc 03.27","CARM1","-0.2410156","0.141"
"Panc 04.03","CARM1","-0.2698465","0.235"
"Panc 05.04","CARM1","-0.4344095","0.202"
"Panc 08.13","CARM1","-0.2176892","0.169"
"Panc 10.05","CARM1","-0.2280428","0.244"
"RWP-1","CARM1","-0.284843","0.192"
"SK-PC-1","CARM1","-0.533294","0"
"SK-PC-3","CARM1","-0.7015985","0.095"
"SU.86.86","CARM1","-0.2388491","0.106"
"SW1990","CARM1","-0.3603709","0.074"
"BT-20","CDY1","-0.04862395","0.879"
"BT-474","CDY1","-0.04939826","0.888"
"BT-549","CDY1","-0.09494221","0.893"
"CAL-51","CDY1","-0.06249328","0.901"
"CAMA-1","CDY1","-0.2024814","0.698"
"EFM-19","CDY1","-0.003415881","0.924"
"HCC1143","CDY1","-0.05551872","0.911"
"HCC1187","CDY1","-0.09211078","0.905"
"HCC1395","CDY1","-0.1237352","0.817"
"HCC1419","CDY1","-0.0763716","0.807"
"HCC1428","CDY1","-0.6448627","0.295"
"HCC1500","CDY1","-0.06006433","0.862"
"HCC1806","CDY1","-0.02262169","0.977"
"HCC1937","CDY1","-0.00897507","0.862"
"HCC1954","CDY1","-0.1216112","0.587"
"HCC38","CDY1","-0.179028","0.647"
"Hs 578T","CDY1","-0.1188036","0.306"
"KPL-1","CDY1","-0.07554553","0.619"
"MCF7","CDY1","-0.01670333","0.779"
"MDA-MB-157","CDY1","-0.02169735","0.935"
"MDA-MB-231","CDY1","-0.01133737","0.88"
"MDA-MB-361","CDY1","0.01485158","0.976"
"MDA-MB-436","CDY1","-0.1545124","0.777"
"MDA-MB-453","CDY1","0.01092425","0.808"
"MDA-MB-468","CDY1","-0.03788455","0.792"
"SK-BR-3","CDY1","-0.3095476","0.472"
"SW527","CDY1","-0.03317988","0.876"
"T-47D","CDY1","-0.1316662","0.763"
"ZR-75-1","CDY1","-0.2015058","0.623"
"609050M","CDY1","-0.08264755","0.829"
"A2780","CDY1","0.07987823","0.982"
"A2780_CIS","CDY1","-0.01017126","0.849"
"MM_OVCAR432_Bast_1","CDY1","-0.3288438","0.78"
"OV-1946","CDY1","-0.3506445","0.629"
"OV-90","CDY1","-0.01508249","0.941"
"OVCA1369_TR","CDY1","-0.2924004","0.881"
"OVCA433_Bast","CDY1","-0.2814714","0.856"
"OVCA5","CDY1","-0.03612934","0.916"
"OVCA8","CDY1","-0.01319085","0.975"
"OVCAR-3","CDY1","-0.1721406","0.798"
"SK-OV-3","CDY1","0.02724416","0.964"
"TOV-1946","CDY1","-0.08627693","0.919"
"TOV-2223G","CDY1","0.0725054","0.982"
"TOV-3133G","CDY1","-0.009413673","0.9"
"AsPC-1","CDY1","-0.05456825","0.819"
"BxPC-3","CDY1","-0.1172538","0.808"
"CFPAC-1","CDY1","0.011244","0.988"
"Capan-2","CDY1","0.0205386","0.97"
"HPAC","CDY1","-0.04051007","0.727"
"HPAF-II","CDY1","-0.07036009","0.828"
"HPDE","CDY1","-0.9463063","0.767"
"Hs 766T","CDY1","-0.3637266","0.89"
"IMIM-PC-1","CDY1","-0.07085266","0.802"
"IMIM-PC-2","CDY1","-0.07508288","0.501"
"KP-3","CDY1","-0.03826305","0.914"
"KP-4","CDY1","-0.007370239","0.959"
"MIA PaCa-2","CDY1","-0.03135549","0.823"
"PANC-1","CDY1","-0.1339715","0.424"
"PL45","CDY1","-0.1365489","0.663"
"PaTu_8988S","CDY1","0.02255656","0.998"
"PaTu_8988T","CDY1","-0.0758754","0.653"
"Panc 02.03","CDY1","-0.1144726","0.898"
"Panc 03.27","CDY1","-0.02487539","0.886"
"Panc 04.03","CDY1","-0.1480437","0.598"
"Panc 05.04","CDY1","-0.1120475","0.906"
"Panc 08.13","CDY1","-0.05171797","0.789"
"Panc 10.05","CDY1","0.001421225","0.932"
"RWP-1","CDY1","-0.006229025","0.879"
"SK-PC-1","CDY1","-0.09503431","0.681"
"SK-PC-3","CDY1","-0.2263997","0.811"
"SU.86.86","CDY1","0.01262953","0.906"
"SW1990","CDY1","-0.06926797","0.874"
"BT-20","CDYL","-0.2245347","0.471"
"BT-474","CDYL","-0.149781","0.591"
"BT-549","CDYL","-0.340686","0.383"
"CAL-51","CDYL","-0.09217657","0.763"
"CAMA-1","CDYL","-0.3243193","0.42"
"EFM-19","CDYL","-0.02070276","0.884"
"HCC1143","CDYL","-0.03317518","0.936"
"HCC1187","CDYL","-0.1532495","0.752"
"HCC1395","CDYL","-0.3134184","0.416"
"HCC1419","CDYL","-0.06852704","0.832"
"HCC1428","CDYL","-0.1475023","0.832"
"HCC1500","CDYL","-0.04624183","0.888"
"HCC1806","CDYL","-0.06589188","0.949"
"HCC1937","CDYL","-0.02887021","0.804"
"HCC1954","CDYL","-0.0882139","0.727"
"HCC38","CDYL","-0.2500674","0.476"
"Hs 578T","CDYL","-0.01517375","0.83"
"KPL-1","CDYL","-0.04162049","0.885"
"MCF7","CDYL","-0.005242359","0.856"
"MDA-MB-157","CDYL","-0.1299265","0.593"
"MDA-MB-231","CDYL","0.06240709","0.984"
"MDA-MB-361","CDYL","-0.1339739","0.655"
"MDA-MB-436","CDYL","-0.1839791","0.689"
"MDA-MB-453","CDYL","0.008769976","0.793"
"MDA-MB-468","CDYL","-0.0889141","0.568"
"SK-BR-3","CDYL","-0.2537684","0.567"
"SW527","CDYL","-0.1183221","0.511"
"T-47D","CDYL","-0.1029025","0.825"
"ZR-75-1","CDYL","-0.08114626","0.912"
"609050M","CDYL","-0.1679403","0.53"
"A2780","CDYL","-0.001092791","0.752"
"A2780_CIS","CDYL","-0.06084612","0.629"
"MM_OVCAR432_Bast_1","CDYL","-0.5669557","0.524"
"OV-1946","CDYL","-0.5659381","0.338"
"OV-90","CDYL","-0.1227105","0.583"
"OVCA1369_TR","CDYL","-0.2146997","0.926"
"OVCA433_Bast","CDYL","-0.1619637","0.948"
"OVCA5","CDYL","-0.2840118","0.262"
"OVCA8","CDYL","-0.1995894","0.558"
"OVCAR-3","CDYL","-0.1932053","0.763"
"SK-OV-3","CDYL","-0.03054907","0.733"
"TOV-1946","CDYL","-0.5089582","0.274"
"TOV-2223G","CDYL","0.0168827","0.899"
"TOV-3133G","CDYL","-9.891432e-05","0.937"
"AsPC-1","CDYL","-0.04882386","0.842"
"BxPC-3","CDYL","-0.6221182","0.061"
"CFPAC-1","CDYL","-0.01489084","0.91"
"Capan-2","CDYL","-0.007129953","0.89"
"HPAC","CDYL","-0.0484479","0.68"
"HPAF-II","CDYL","-0.1409236","0.567"
"HPDE","CDYL","-0.6751559","0.83"
"Hs 766T","CDYL","-0.5506265","0.683"
"IMIM-PC-1","CDYL","-0.06222504","0.849"
"IMIM-PC-2","CDYL","-0.03035993","0.809"
"KP-3","CDYL","-0.08012144","0.796"
"KP-4","CDYL","-0.1140526","0.341"
"MIA PaCa-2","CDYL","-0.06604593","0.575"
"PANC-1","CDYL","-0.06814864","0.762"
"PL45","CDYL","-0.1756865","0.533"
"PaTu_8988S","CDYL","-0.01783504","0.853"
"PaTu_8988T","CDYL","-0.08856657","0.559"
"Panc 02.03","CDYL","-0.1761412","0.707"
"Panc 03.27","CDYL","-0.1078686","0.5"
"Panc 04.03","CDYL","-0.09904099","0.771"
"Panc 05.04","CDYL","-0.1749437","0.766"
"Panc 08.13","CDYL","-0.02275065","0.905"
"Panc 10.05","CDYL","-0.07845951","0.692"
"RWP-1","CDYL","-0.02252259","0.826"
"SK-PC-1","CDYL","-0.2197459","0.249"
"SK-PC-3","CDYL","-0.3673998","0.519"
"SU.86.86","CDYL","-0.03375858","0.7"
"SW1990","CDYL","-0.1030468","0.762"
"BT-20","CHD3","-0.1678303","0.589"
"BT-474","CHD3","-0.1319872","0.646"
"BT-549","CHD3","-0.212075","0.63"
"CAL-51","CHD3","-0.1904059","0.282"
"CAMA-1","CHD3","-0.2937055","0.477"
"EFM-19","CHD3","-0.008910732","0.91"
"HCC1143","CHD3","-0.2426411","0.662"
"HCC1187","CHD3","-0.1940303","0.656"
"HCC1395","CHD3","-0.358521","0.347"
"HCC1419","CHD3","-0.02627274","0.965"
"HCC1428","CHD3","-0.1919574","0.774"
"HCC1500","CHD3","-0.1894868","0.473"
"HCC1806","CHD3","-0.3582978","0.613"
"HCC1937","CHD3","-0.02756975","0.805"
"HCC1954","CHD3","-0.1491265","0.5"
"HCC38","CHD3","-0.1874652","0.629"
"Hs 578T","CHD3","-0.04425176","0.679"
"KPL-1","CHD3","-0.0910637","0.484"
"MCF7","CHD3","-0.05563332","0.5"
"MDA-MB-157","CHD3","-0.1545605","0.515"
"MDA-MB-231","CHD3","-0.1872552","0.486"
"MDA-MB-361","CHD3","-0.1506958","0.61"
"MDA-MB-436","CHD3","-0.1036619","0.927"
"MDA-MB-453","CHD3","0.007954897","0.783"
"MDA-MB-468","CHD3","-0.02625971","0.849"
"SK-BR-3","CHD3","-0.2144325","0.639"
"SW527","CHD3","-0.08819557","0.634"
"T-47D","CHD3","-0.1492234","0.705"
"ZR-75-1","CHD3","-0.2450778","0.521"
"609050M","CHD3","-0.07871109","0.842"
"A2780","CHD3","-0.1935024","0.169"
"A2780_CIS","CHD3","-0.261665","0.128"
"MM_OVCAR432_Bast_1","CHD3","-0.4025875","0.702"
"OV-1946","CHD3","-0.4903488","0.44"
"OV-90","CHD3","-0.08191065","0.72"
"OVCA1369_TR","CHD3","-0.6820502","0.624"
"OVCA433_Bast","CHD3","-0.264198","0.871"
"OVCA5","CHD3","-0.05542965","0.861"
"OVCA8","CHD3","-0.2314683","0.497"
"OVCAR-3","CHD3","-0.323562","0.608"
"SK-OV-3","CHD3","-0.07941542","0.473"
"TOV-1946","CHD3","-0.3104739","0.569"
"TOV-2223G","CHD3","-0.03763622","0.769"
"TOV-3133G","CHD3","-0.0598234","0.69"
"AsPC-1","CHD3","-0.1434545","0.475"
"BxPC-3","CHD3","-0.3998507","0.249"
"CFPAC-1","CHD3","-0.0310171","0.801"
"Capan-2","CHD3","0.04498345","0.996"
"HPAC","CHD3","-0.02119943","0.858"
"HPAF-II","CHD3","-0.07555611","0.812"
"HPDE","CHD3","-1.487178","0.604"
"Hs 766T","CHD3","-0.6072724","0.599"
"IMIM-PC-1","CHD3","-0.08899649","0.665"
"IMIM-PC-2","CHD3","-0.0891809","0.426"
"KP-3","CHD3","-0.01082193","0.971"
"KP-4","CHD3","-0.08263731","0.498"
"MIA PaCa-2","CHD3","-0.08669667","0.45"
"PANC-1","CHD3","-0.03050869","0.941"
"PL45","CHD3","-0.2067316","0.428"
"PaTu_8988S","CHD3","-0.009475845","0.892"
"PaTu_8988T","CHD3","-0.09865126","0.504"
"Panc 02.03","CHD3","-0.2073102","0.588"
"Panc 03.27","CHD3","-0.08375079","0.594"
"Panc 04.03","CHD3","-0.3862143","0.075"
"Panc 05.04","CHD3","-0.2882679","0.501"
"Panc 08.13","CHD3","-0.1315713","0.42"
"Panc 10.05","CHD3","-0.07940545","0.691"
"RWP-1","CHD3","-0.2566222","0.229"
"SK-PC-1","CHD3","-0.1591783","0.433"
"SK-PC-3","CHD3","-0.3329551","0.592"
"SU.86.86","CHD3","-0.1196357","0.346"
"SW1990","CHD3","-0.1131726","0.727"
"BT-20","CHD4","-0.7741897","0.016"
"BT-474","CHD4","-0.7040594","0.015"
"BT-549","CHD4","-0.5467202","0.144"
"CAL-51","CHD4","-0.3676028","0.055"
"CAMA-1","CHD4","-0.9076992","0.014"
"EFM-19","CHD4","-0.6149261","0.002"
"HCC1143","CHD4","-1.182636","0.01"
"HCC1187","CHD4","-0.8053464","0.019"
"HCC1395","CHD4","-0.5414796","0.125"
"HCC1419","CHD4","-0.7840082","0.006"
"HCC1428","CHD4","-1.665939","0.008"
"HCC1500","CHD4","-0.6997573","0.015"
"HCC1806","CHD4","-0.5570703","0.324"
"HCC1937","CHD4","-0.6253458","0.018"
"HCC1954","CHD4","-0.6447549","0.024"
"HCC38","CHD4","-0.6889844","0.041"
"Hs 578T","CHD4","-0.5649033","0.004"
"KPL-1","CHD4","-0.4002714","0.011"
"MCF7","CHD4","-0.3841555","0.018"
"MDA-MB-157","CHD4","-0.5263186","0.041"
"MDA-MB-231","CHD4","-0.9164292","0.014"
"MDA-MB-361","CHD4","-0.5731877","0.057"
"MDA-MB-436","CHD4","-1.077097","0.006"
"MDA-MB-453","CHD4","-0.5079485","0.005"
"MDA-MB-468","CHD4","-0.4126862","0.063"
"SK-BR-3","CHD4","-0.824266","0.03"
"SW527","CHD4","-0.4034699","0.04"
"T-47D","CHD4","-0.8203299","0.001"
"ZR-75-1","CHD4","-0.6633496","0.051"
"609050M","CHD4","-0.6216341","0.026"
"A2780","CHD4","-0.3848785","0.029"
"A2780_CIS","CHD4","-0.3969916","0.038"
"MM_OVCAR432_Bast_1","CHD4","-1.115398","0.111"
"OV-1946","CHD4","-1.243243","0.011"
"OV-90","CHD4","-0.6820237","0.021"
"OVCA1369_TR","CHD4","-3.800252","0.022"
"OVCA433_Bast","CHD4","-1.420803","0.034"
"OVCA5","CHD4","-0.6798512","0.018"
"OVCA8","CHD4","-0.8070418","0.005"
"OVCAR-3","CHD4","-1.572343","0.016"
"SK-OV-3","CHD4","-0.5016173","0.004"
"TOV-1946","CHD4","-0.9827386","0.007"
"TOV-2223G","CHD4","-0.7354203","0.055"
"TOV-3133G","CHD4","-0.3350534","0.122"
"AsPC-1","CHD4","-0.3429335","0.069"
"BxPC-3","CHD4","-0.7553078","0.03"
"CFPAC-1","CHD4","-0.4387953","0.003"
"Capan-2","CHD4","-0.3257757","0.047"
"HPAC","CHD4","-0.2627036","0.027"
"HPAF-II","CHD4","-0.6095636","0.005"
"HPDE","CHD4","-5.485024","0.044"
"Hs 766T","CHD4","-1.209104","0.047"
"IMIM-PC-1","CHD4","-0.3277592","0.043"
"IMIM-PC-2","CHD4","-0.4225211","0.009"
"KP-3","CHD4","-0.8678561","0.001"
"KP-4","CHD4","-0.2004051","0.088"
"MIA PaCa-2","CHD4","-0.3579028","0.004"
"PANC-1","CHD4","-0.4697223","0.007"
"PL45","CHD4","-0.5477571","0.01"
"PaTu_8988S","CHD4","-0.5108898","0"
"PaTu_8988T","CHD4","-0.3116952","0.025"
"Panc 02.03","CHD4","-0.3067835","0.329"
"Panc 03.27","CHD4","-0.4381763","0.035"
"Panc 04.03","CHD4","-0.6800292","0.001"
"Panc 05.04","CHD4","-0.649021","0.027"
"Panc 08.13","CHD4","-0.3939778","0.042"
"Panc 10.05","CHD4","-0.539166","0.01"
"RWP-1","CHD4","-0.3704286","0.11"
"SK-PC-1","CHD4","-0.5077954","0.004"
"SK-PC-3","CHD4","-1.102233","0.002"
"SU.86.86","CHD4","-0.4722788","0.017"
"SW1990","CHD4","-0.5454841","0.007"
"BT-20","CHRAC1","-0.3146627","0.292"
"BT-474","CHRAC1","-0.2030884","0.457"
"BT-549","CHRAC1","-0.4086469","0.287"
"CAL-51","CHRAC1","-0.1292118","0.551"
"CAMA-1","CHRAC1","-0.341722","0.383"
"EFM-19","CHRAC1","-0.2798293","0.145"
"HCC1143","CHRAC1","-0.3157153","0.528"
"HCC1187","CHRAC1","-0.5442565","0.124"
"HCC1395","CHRAC1","-0.04990521","0.949"
"HCC1419","CHRAC1","-0.2655047","0.279"
"HCC1428","CHRAC1","-0.05026329","0.944"
"HCC1500","CHRAC1","-0.3141293","0.233"
"HCC1806","CHRAC1","-0.4066679","0.531"
"HCC1937","CHRAC1","-0.1641449","0.42"
"HCC1954","CHRAC1","-0.1084361","0.65"
"HCC38","CHRAC1","-0.1509519","0.704"
"Hs 578T","CHRAC1","-0.02904512","0.772"
"KPL-1","CHRAC1","-0.1235925","0.297"
"MCF7","CHRAC1","-0.07155361","0.399"
"MDA-MB-157","CHRAC1","-0.113937","0.644"
"MDA-MB-231","CHRAC1","-0.03913863","0.825"
"MDA-MB-361","CHRAC1","-0.2208314","0.454"
"MDA-MB-436","CHRAC1","-0.4716704","0.175"
"MDA-MB-453","CHRAC1","-0.04509714","0.352"
"MDA-MB-468","CHRAC1","-0.1375593","0.405"
"SK-BR-3","CHRAC1","-0.5866148","0.137"
"SW527","CHRAC1","-0.1669232","0.368"
"T-47D","CHRAC1","-0.2610681","0.428"
"ZR-75-1","CHRAC1","-0.2265036","0.56"
"609050M","CHRAC1","-0.216216","0.399"
"A2780","CHRAC1","-0.03286326","0.617"
"A2780_CIS","CHRAC1","-0.08694271","0.522"
"MM_OVCAR432_Bast_1","CHRAC1","-1.089305","0.123"
"OV-1946","CHRAC1","-0.05846713","0.993"
"OV-90","CHRAC1","-0.09136008","0.692"
"OVCA1369_TR","CHRAC1","-1.244054","0.391"
"OVCA433_Bast","CHRAC1","-1.118145","0.114"
"OVCA5","CHRAC1","-0.1137051","0.669"
"OVCA8","CHRAC1","-0.4271784","0.182"
"OVCAR-3","CHRAC1","-0.08624615","0.89"
"SK-OV-3","CHRAC1","-0.1024892","0.366"
"TOV-1946","CHRAC1","-0.1657454","0.825"
"TOV-2223G","CHRAC1","-0.4791738","0.128"
"TOV-3133G","CHRAC1","-0.3221863","0.133"
"AsPC-1","CHRAC1","-0.2768665","0.144"
"BxPC-3","CHRAC1","-0.2103432","0.579"
"CFPAC-1","CHRAC1","-0.1171542","0.277"
"Capan-2","CHRAC1","-0.05296843","0.621"
"HPAC","CHRAC1","-0.1222463","0.264"
"HPAF-II","CHRAC1","-0.2001904","0.383"
"HPDE","CHRAC1","-0.7926061","0.807"
"Hs 766T","CHRAC1","-0.7871983","0.373"
"IMIM-PC-1","CHRAC1","-0.07922591","0.741"
"IMIM-PC-2","CHRAC1","-0.04452083","0.722"
"KP-3","CHRAC1","-0.2083815","0.381"
"KP-4","CHRAC1","-0.09361239","0.441"
"MIA PaCa-2","CHRAC1","-0.05107828","0.668"
"PANC-1","CHRAC1","-0.09546836","0.601"
"PL45","CHRAC1","-0.1952225","0.466"
"PaTu_8988S","CHRAC1","-0.0448724","0.679"
"PaTu_8988T","CHRAC1","-0.05658588","0.784"
"Panc 02.03","CHRAC1","-0.07289833","0.971"
"Panc 03.27","CHRAC1","-0.135674","0.388"
"Panc 04.03","CHRAC1","-0.1806345","0.492"
"Panc 05.04","CHRAC1","-0.2061201","0.706"
"Panc 08.13","CHRAC1","-0.06915019","0.706"
"Panc 10.05","CHRAC1","-0.1962519","0.308"
"RWP-1","CHRAC1","-0.01595246","0.848"
"SK-PC-1","CHRAC1","-0.2052135","0.276"
"SK-PC-3","CHRAC1","-0.3335848","0.59"
"SU.86.86","CHRAC1","-0.09730038","0.424"
"SW1990","CHRAC1","-0.2186708","0.34"
"BT-20","CREBBP","-0.4331068","0.305"
"BT-474","CREBBP","-0.6021666","0.559"
"BT-549","CREBBP","-1.074368","0.218"
"CAL-51","CREBBP","-0.3767087","0.826"
"CAMA-1","CREBBP","-0.8302587","0.262"
"EFM-19","CREBBP","-0.3101123","0.554"
"HCC1143","CREBBP","-0.8901632","0.713"
"HCC1187","CREBBP","-0.6266261","0.515"
"HCC1395","CREBBP","-0.8759474","0.806"
"HCC1419","CREBBP","-0.6121082","0.272"
"HCC1428","CREBBP","-1.837026","0.157"
"HCC1500","CREBBP","-0.9598516","0.257"
"HCC1806","CREBBP","-1.142429","0.613"
"HCC1937","CREBBP","-0.6868376","0.32"
"HCC1954","CREBBP","-0.7281675","0.071"
"HCC38","CREBBP","-0.6104492","0.162"
"Hs 578T","CREBBP","-0.185653","0.112"
"KPL-1","CREBBP","-0.2164999","0.194"
"MCF7","CREBBP","-0.0774646","0.462"
"MDA-MB-157","CREBBP","-0.2925548","0.167"
"MDA-MB-231","CREBBP","-0.2469508","0.532"
"MDA-MB-361","CREBBP","-0.7998549","0.323"
"MDA-MB-436","CREBBP","-0.9495319","0.23"
"MDA-MB-453","CREBBP","-0.2714864","0.254"
"MDA-MB-468","CREBBP","-0.2400203","0.151"
"SK-BR-3","CREBBP","-0.574573","0.527"
"SW527","CREBBP","-0.3485669","0.242"
"T-47D","CREBBP","-0.479106","0.715"
"ZR-75-1","CREBBP","-0.5710854","0.134"
"609050M","CREBBP","-0.6554478","0.855"
"A2780","CREBBP","-0.4084304","0.282"
"A2780_CIS","CREBBP","-0.6657081","0.473"
"MM_OVCAR432_Bast_1","CREBBP","-1.097799","0.071"
"OV-1946","CREBBP","-0.7852859","0.476"
"OV-90","CREBBP","-0.5419254","0.029"
"OVCA1369_TR","CREBBP","-2.179194","0.141"
"OVCA433_Bast","CREBBP","-1.530638","0.634"
"OVCA5","CREBBP","-0.4480008","0.109"
"OVCA8","CREBBP","-0.5524861","0.457"
"OVCAR-3","CREBBP","-2.674838","0.047"
"SK-OV-3","CREBBP","-0.4688745","0.345"
"TOV-1946","CREBBP","-0.6707117","0.234"
"TOV-2223G","CREBBP","-1.189746","0.002"
"TOV-3133G","CREBBP","-0.03546084","0.009"
"AsPC-1","CREBBP","-0.2650466","0.966"
"BxPC-3","CREBBP","-0.7508395","0.493"
"CFPAC-1","CREBBP","-0.1847759","0.937"
"Capan-2","CREBBP","-0.02080128","0.166"
"HPAC","CREBBP","-0.08291108","0.88"
"HPAF-II","CREBBP","-0.2365809","0.216"
"HPDE","CREBBP","-4.646844","0.002"
"Hs 766T","CREBBP","-1.423753","0.83"
"IMIM-PC-1","CREBBP","-0.242309","0.556"
"IMIM-PC-2","CREBBP","-0.230185","0.304"
"KP-3","CREBBP","-0.2810881","0.252"
"KP-4","CREBBP","-0.1865511","0.591"
"MIA PaCa-2","CREBBP","-0.2896356","0.078"
"PANC-1","CREBBP","-0.3902334","0.312"
"PL45","CREBBP","-0.3730775","0.185"
"PaTu_8988S","CREBBP","-0.4106887","0.353"
"PaTu_8988T","CREBBP","-0.2690625","0.063"
"Panc 02.03","CREBBP","-0.424361","0.038"
"Panc 03.27","CREBBP","-0.3653775","0.436"
"Panc 04.03","CREBBP","-0.5648533","0.399"
"Panc 05.04","CREBBP","-0.4692021","0.044"
"Panc 08.13","CREBBP","-0.3706494","0.508"
"Panc 10.05","CREBBP","-0.3350864","0.145"
"RWP-1","CREBBP","-0.6773003","0.532"
"SK-PC-1","CREBBP","-0.174395","0.65"
"SK-PC-3","CREBBP","-0.7914137","0.396"
"SU.86.86","CREBBP","-0.308261","0.267"
"SW1990","CREBBP","-0.5201604","0.935"
"BT-20","DNMT1","-0.4391138","0.144"
"BT-474","DNMT1","-0.2271231","0.407"
"BT-549","DNMT1","-0.5913919","0.11"
"CAL-51","DNMT1","-0.1684265","0.361"
"CAMA-1","DNMT1","-0.62986","0.081"
"EFM-19","DNMT1","-0.356492","0.066"
"HCC1143","DNMT1","-0.7722347","0.109"
"HCC1187","DNMT1","-0.5376685","0.131"
"HCC1395","DNMT1","-0.2843258","0.478"
"HCC1419","DNMT1","-0.6505136","0.021"
"HCC1428","DNMT1","-0.8863979","0.161"
"HCC1500","DNMT1","-0.1965208","0.455"
"HCC1806","DNMT1","-0.5292878","0.356"
"HCC1937","DNMT1","-0.1857156","0.38"
"HCC1954","DNMT1","-0.4318534","0.072"
"HCC38","DNMT1","-0.4094483","0.213"
"Hs 578T","DNMT1","-0.117504","0.31"
"KPL-1","DNMT1","-0.199435","0.1"
"MCF7","DNMT1","-0.1100838","0.218"
"MDA-MB-157","DNMT1","-0.5289686","0.041"
"MDA-MB-231","DNMT1","-0.2299958","0.407"
"MDA-MB-361","DNMT1","-0.6458201","0.038"
"MDA-MB-436","DNMT1","-0.3090726","0.389"
"MDA-MB-453","DNMT1","-0.01619781","0.536"
"MDA-MB-468","DNMT1","-0.1729632","0.311"
"SK-BR-3","DNMT1","-0.6084337","0.123"
"SW527","DNMT1","-0.2533683","0.151"
"T-47D","DNMT1","-0.3659363","0.223"
"ZR-75-1","DNMT1","-0.6471506","0.057"
"609050M","DNMT1","-0.498287","0.06"
"A2780","DNMT1","-0.07808514","0.424"
"A2780_CIS","DNMT1","-0.1458215","0.331"
"MM_OVCAR432_Bast_1","DNMT1","-0.9973618","0.168"
"OV-1946","DNMT1","-0.9872885","0.048"
"OV-90","DNMT1","-0.4033835","0.107"
"OVCA1369_TR","DNMT1","-1.847272","0.221"
"OVCA433_Bast","DNMT1","-1.441565","0.031"
"OVCA5","DNMT1","-0.2298505","0.34"
"OVCA8","DNMT1","-0.3979295","0.22"
"OVCAR-3","DNMT1","-0.9858916","0.13"
"SK-OV-3","DNMT1","-0.3622111","0.018"
"TOV-1946","DNMT1","-0.5668667","0.207"
"TOV-2223G","DNMT1","-0.796441","0.047"
"TOV-3133G","DNMT1","-0.1099308","0.502"
"AsPC-1","DNMT1","-0.352778","0.062"
"BxPC-3","DNMT1","-0.3813917","0.268"
"CFPAC-1","DNMT1","-0.1441654","0.195"
"Capan-2","DNMT1","-0.1084052","0.35"
"HPAC","DNMT1","-0.2112219","0.061"
"HPAF-II","DNMT1","-0.3250296","0.139"
"HPDE","DNMT1","-3.588275","0.157"
"Hs 766T","DNMT1","-0.7656728","0.398"
"IMIM-PC-1","DNMT1","-0.2614871","0.095"
"IMIM-PC-2","DNMT1","-0.04721471","0.705"
"KP-3","DNMT1","-0.2092798","0.378"
"KP-4","DNMT1","-0.08502116","0.482"
"MIA PaCa-2","DNMT1","-0.1634768","0.161"
"PANC-1","DNMT1","-0.1883522","0.236"
"PL45","DNMT1","-0.397978","0.061"
"PaTu_8988S","DNMT1","-0.2186336","0.091"
"PaTu_8988T","DNMT1","-0.2126575","0.125"
"Panc 02.03","DNMT1","-0.4225563","0.142"
"Panc 03.27","DNMT1","-0.2228049","0.167"
"Panc 04.03","DNMT1","-0.3073615","0.16"
"Panc 05.04","DNMT1","-0.346395","0.351"
"Panc 08.13","DNMT1","-0.1895005","0.234"
"Panc 10.05","DNMT1","-0.1592944","0.421"
"RWP-1","DNMT1","-0.2260804","0.267"
"SK-PC-1","DNMT1","-0.2817228","0.124"
"SK-PC-3","DNMT1","-0.7235958","0.085"
"SU.86.86","DNMT1","-0.1433258","0.295"
"SW1990","DNMT1","-0.3467387","0.093"
"BT-20","DNMT3A","0.002284304","0.967"
"BT-474","DNMT3A","-0.05059485","0.887"
"BT-549","DNMT3A","-0.1205176","0.84"
"CAL-51","DNMT3A","-0.05008899","0.945"
"CAMA-1","DNMT3A","-0.1360527","0.842"
"EFM-19","DNMT3A","0.06855462","1"
"HCC1143","DNMT3A","-0.08165278","0.889"
"HCC1187","DNMT3A","-0.04100322","0.978"
"HCC1395","DNMT3A","-0.165438","0.727"
"HCC1419","DNMT3A","-0.1502112","0.571"
"HCC1428","DNMT3A","-0.184329","0.783"
"HCC1500","DNMT3A","-0.005682888","0.97"
"HCC1806","DNMT3A","-0.149626","0.87"
"HCC1937","DNMT3A","0.0003310448","0.885"
"HCC1954","DNMT3A","0.008400787","0.994"
"HCC38","DNMT3A","0.01728922","0.989"
"Hs 578T","DNMT3A","0.0179241","0.954"
"KPL-1","DNMT3A","-0.04030274","0.892"
"MCF7","DNMT3A","0.01866768","0.958"
"MDA-MB-157","DNMT3A","-0.05118858","0.856"
"MDA-MB-231","DNMT3A","0.009898886","0.92"
"MDA-MB-361","DNMT3A","-0.09737956","0.76"
"MDA-MB-436","DNMT3A","-0.2015628","0.646"
"MDA-MB-453","DNMT3A","0.04809625","0.993"
"MDA-MB-468","DNMT3A","-0.02085701","0.88"
"SK-BR-3","DNMT3A","-0.02478417","0.967"
"SW527","DNMT3A","0.04419106","0.996"
"T-47D","DNMT3A","-0.003927306","0.982"
"ZR-75-1","DNMT3A","-0.08173999","0.91"
"609050M","DNMT3A","-0.04484281","0.928"
"A2780","DNMT3A","0.07050386","0.978"
"A2780_CIS","DNMT3A","0.02174247","0.961"
"MM_OVCAR432_Bast_1","DNMT3A","-0.4399007","0.669"
"OV-1946","DNMT3A","-0.09280336","0.964"
"OV-90","DNMT3A","-0.01234109","0.947"
"OVCA1369_TR","DNMT3A","-0.1889817","0.939"
"OVCA433_Bast","DNMT3A","-0.3303494","0.811"
"OVCA5","DNMT3A","-0.06626415","0.832"
"OVCA8","DNMT3A","0.008987641","0.994"
"OVCAR-3","DNMT3A","-0.04976413","0.921"
"SK-OV-3","DNMT3A","-0.01106162","0.828"
"TOV-1946","DNMT3A","-0.1365847","0.858"
"TOV-2223G","DNMT3A","-0.04777071","0.74"
"TOV-3133G","DNMT3A","-0.08784534","0.588"
"AsPC-1","DNMT3A","0.00409641","0.984"
"BxPC-3","DNMT3A","-0.07860577","0.9"
"CFPAC-1","DNMT3A","-0.04956812","0.678"
"Capan-2","DNMT3A","0.04077268","0.995"
"HPAC","DNMT3A","-0.01658591","0.89"
"HPAF-II","DNMT3A","-0.02847473","0.949"
"HPDE","DNMT3A","-1.408932","0.629"
"Hs 766T","DNMT3A","-0.4376807","0.817"
"IMIM-PC-1","DNMT3A","-0.04986349","0.917"
"IMIM-PC-2","DNMT3A","-0.0311615","0.802"
"KP-3","DNMT3A","-0.05116785","0.878"
"KP-4","DNMT3A","-0.001951371","0.977"
"MIA PaCa-2","DNMT3A","0.008540904","0.993"
"PANC-1","DNMT3A","-0.05321586","0.829"
"PL45","DNMT3A","-0.07487383","0.866"
"PaTu_8988S","DNMT3A","-0.00595797","0.912"
"PaTu_8988T","DNMT3A","-0.03746168","0.914"
"Panc 02.03","DNMT3A","-0.1272139","0.869"
"Panc 03.27","DNMT3A","-0.01902241","0.914"
"Panc 04.03","DNMT3A","-0.04155876","0.931"
"Panc 05.04","DNMT3A","-0.1878588","0.74"
"Panc 08.13","DNMT3A","-0.0543615","0.772"
"Panc 10.05","DNMT3A","-0.01363008","0.902"
"RWP-1","DNMT3A","0.04522067","0.981"
"SK-PC-1","DNMT3A","-0.05525402","0.88"
"SK-PC-3","DNMT3A","-0.1949441","0.866"
"SU.86.86","DNMT3A","0.00486801","0.867"
"SW1990","DNMT3A","-0.009242588","0.988"
"BT-20","DNMT3B","-0.04605607","0.886"
"BT-474","DNMT3B","-0.06147367","0.856"
"BT-549","DNMT3B","-0.4057774","0.291"
"CAL-51","DNMT3B","-0.04639161","0.951"
"CAMA-1","DNMT3B","-0.110118","0.902"
"EFM-19","DNMT3B","-0.1024427","0.599"
"HCC1143","DNMT3B","-0.3202039","0.522"
"HCC1187","DNMT3B","-0.3805608","0.28"
"HCC1395","DNMT3B","-0.1615781","0.738"
"HCC1419","DNMT3B","-0.04696535","0.917"
"HCC1428","DNMT3B","-0.3672358","0.549"
"HCC1500","DNMT3B","-0.05311365","0.873"
"HCC1806","DNMT3B","-0.5178615","0.367"
"HCC1937","DNMT3B","-0.0111109","0.856"
"HCC1954","DNMT3B","-0.09613857","0.701"
"HCC38","DNMT3B","-0.09804641","0.828"
"Hs 578T","DNMT3B","-0.2379485","0.101"
"KPL-1","DNMT3B","-0.05265456","0.809"
"MCF7","DNMT3B","-0.03752343","0.626"
"MDA-MB-157","DNMT3B","-0.1085191","0.661"
"MDA-MB-231","DNMT3B","-0.2547403","0.36"
"MDA-MB-361","DNMT3B","-0.02387717","0.939"
"MDA-MB-436","DNMT3B","-0.254613","0.498"
"MDA-MB-453","DNMT3B","-0.09150664","0.208"
"MDA-MB-468","DNMT3B","-0.07289916","0.631"
"SK-BR-3","DNMT3B","-0.1979891","0.673"
"SW527","DNMT3B","-0.08356899","0.65"
"T-47D","DNMT3B","-0.101531","0.83"
"ZR-75-1","DNMT3B","-0.3845842","0.266"
"609050M","DNMT3B","-0.0897812","0.803"
"A2780","DNMT3B","-0.07671753","0.43"
"A2780_CIS","DNMT3B","0.03324803","0.977"
"MM_OVCAR432_Bast_1","DNMT3B","-0.3222978","0.783"
"OV-1946","DNMT3B","-0.1448663","0.93"
"OV-90","DNMT3B","-0.150112","0.501"
"OVCA1369_TR","DNMT3B","-1.087639","0.449"
"OVCA433_Bast","DNMT3B","-0.5149996","0.604"
"OVCA5","DNMT3B","-0.2775245","0.269"
"OVCA8","DNMT3B","-0.1206331","0.737"
"OVCAR-3","DNMT3B","-0.1993814","0.757"
"SK-OV-3","DNMT3B","-0.1414897","0.244"
"TOV-1946","DNMT3B","-0.1956327","0.776"
"TOV-2223G","DNMT3B","-0.09062284","0.642"
"TOV-3133G","DNMT3B","-0.1635785","0.349"
"AsPC-1","DNMT3B","-0.1312756","0.525"
"BxPC-3","DNMT3B","-0.188403","0.629"
"CFPAC-1","DNMT3B","-0.06096898","0.589"
"Capan-2","DNMT3B","-0.1728215","0.184"
"HPAC","DNMT3B","-0.1145062","0.299"
"HPAF-II","DNMT3B","-0.1362289","0.59"
"HPDE","DNMT3B","-1.930008","0.481"
"Hs 766T","DNMT3B","-0.4214031","0.83"
"IMIM-PC-1","DNMT3B","-0.2622183","0.095"
"IMIM-PC-2","DNMT3B","-0.0241456","0.836"
"KP-3","DNMT3B","-0.1916432","0.434"
"KP-4","DNMT3B","-0.06007308","0.645"
"MIA PaCa-2","DNMT3B","-0.1182609","0.282"
"PANC-1","DNMT3B","-0.04649494","0.874"
"PL45","DNMT3B","-0.1006661","0.788"
"PaTu_8988S","DNMT3B","-0.02212687","0.836"
"PaTu_8988T","DNMT3B","-0.08677004","0.569"
"Panc 02.03","DNMT3B","-0.1257976","0.87"
"Panc 03.27","DNMT3B","-0.1924419","0.227"
"Panc 04.03","DNMT3B","-0.04901861","0.909"
"Panc 05.04","DNMT3B","-0.2843212","0.512"
"Panc 08.13","DNMT3B","-0.2725934","0.103"
"Panc 10.05","DNMT3B","-0.1870218","0.343"
"RWP-1","DNMT3B","-0.1601241","0.412"
"SK-PC-1","DNMT3B","-0.09676956","0.674"
"SK-PC-3","DNMT3B","-0.2710719","0.711"
"SU.86.86","DNMT3B","-0.04079829","0.67"
"SW1990","DNMT3B","-0.1274407","0.647"
"BT-20","DOT1L","-0.08160389","0.808"
"BT-474","DOT1L","-0.06959561","0.829"
"BT-549","DOT1L","-0.08371985","0.905"
"CAL-51","DOT1L","-0.04465729","0.956"
"CAMA-1","DOT1L","-0.2231554","0.644"
"EFM-19","DOT1L","-0.0896851","0.642"
"HCC1143","DOT1L","-0.2091698","0.72"
"HCC1187","DOT1L","-0.2003055","0.645"
"HCC1395","DOT1L","0.00820219","0.988"
"HCC1419","DOT1L","-0.03899263","0.936"
"HCC1428","DOT1L","-0.1572601","0.817"
"HCC1500","DOT1L","0.01209942","0.986"
"HCC1806","DOT1L","-0.3001025","0.683"
"HCC1937","DOT1L","-0.1582389","0.431"
"HCC1954","DOT1L","-0.02526332","0.939"
"HCC38","DOT1L","-0.1084718","0.803"
"Hs 578T","DOT1L","0.01498701","0.94"
"KPL-1","DOT1L","-0.02405715","0.955"
"MCF7","DOT1L","0.01155012","0.941"
"MDA-MB-157","DOT1L","0.01237522","0.983"
"MDA-MB-231","DOT1L","-0.02308845","0.854"
"MDA-MB-361","DOT1L","-0.1512971","0.609"
"MDA-MB-436","DOT1L","-0.1339509","0.841"
"MDA-MB-453","DOT1L","-0.007092496","0.623"
"MDA-MB-468","DOT1L","-0.03744757","0.792"
"SK-BR-3","DOT1L","-0.1511578","0.761"
"SW527","DOT1L","-0.0497065","0.809"
"T-47D","DOT1L","-0.06237806","0.906"
"ZR-75-1","DOT1L","-0.1620699","0.731"
"609050M","DOT1L","-0.1490733","0.601"
"A2780","DOT1L","0.003774947","0.766"
"A2780_CIS","DOT1L","-0.02507843","0.796"
"MM_OVCAR432_Bast_1","DOT1L","-0.6680215","0.417"
"OV-1946","DOT1L","-0.617426","0.282"
"OV-90","DOT1L","-0.01448145","0.942"
"OVCA1369_TR","DOT1L","-1.123828","0.437"
"OVCA433_Bast","DOT1L","-0.1826971","0.929"
"OVCA5","DOT1L","-0.1545519","0.516"
"OVCA8","DOT1L","-0.1939098","0.565"
"OVCAR-3","DOT1L","-0.04367499","0.93"
"SK-OV-3","DOT1L","0.001651574","0.889"
"TOV-1946","DOT1L","-0.03876782","0.965"
"TOV-2223G","DOT1L","-0.005277571","0.843"
"TOV-3133G","DOT1L","-0.1034553","0.532"
"AsPC-1","DOT1L","-0.0001883338","0.971"
"BxPC-3","DOT1L","-0.0537114","0.945"
"CFPAC-1","DOT1L","-0.08718374","0.439"
"Capan-2","DOT1L","0.01062984","0.952"
"HPAC","DOT1L","0.0006481422","0.963"
"HPAF-II","DOT1L","-0.03181239","0.943"
"HPDE","DOT1L","-0.4268343","0.887"
"Hs 766T","DOT1L","-0.3756716","0.871"
"IMIM-PC-1","DOT1L","-0.03231088","0.98"
"IMIM-PC-2","DOT1L","-0.03813729","0.76"
"KP-3","DOT1L","-0.0004736133","0.981"
"KP-4","DOT1L","-0.03981451","0.78"
"MIA PaCa-2","DOT1L","-0.01364173","0.927"
"PANC-1","DOT1L","-0.02776331","0.948"
"PL45","DOT1L","-0.1557419","0.596"
"PaTu_8988S","DOT1L","-0.0337377","0.761"
"PaTu_8988T","DOT1L","-0.02486786","0.971"
"Panc 02.03","DOT1L","-0.05397515","0.994"
"Panc 03.27","DOT1L","-0.01972407","0.913"
"Panc 04.03","DOT1L","-0.1260949","0.682"
"Panc 05.04","DOT1L","-0.2052216","0.709"
"Panc 08.13","DOT1L","0.02441843","0.994"
"Panc 10.05","DOT1L","-0.1237217","0.525"
"RWP-1","DOT1L","-0.0309413","0.798"
"SK-PC-1","DOT1L","-0.01213423","0.988"
"SK-PC-3","DOT1L","-0.1386766","0.942"
"SU.86.86","DOT1L","0.0154225","0.92"
"SW1990","DOT1L","-0.2371548","0.28"
"BT-20","EHMT1","-0.1290958","0.683"
"BT-474","EHMT1","-0.3659255","0.19"
"BT-549","EHMT1","-0.1710185","0.725"
"CAL-51","EHMT1","-0.1795041","0.318"
"CAMA-1","EHMT1","-0.337401","0.391"
"EFM-19","EHMT1","-0.1391325","0.485"
"HCC1143","EHMT1","-0.4520584","0.372"
"HCC1187","EHMT1","-0.5020152","0.16"
"HCC1395","EHMT1","-0.3291363","0.393"
"HCC1419","EHMT1","-0.3137079","0.199"
"HCC1428","EHMT1","-0.5136461","0.409"
"HCC1500","EHMT1","-0.2330827","0.37"
"HCC1806","EHMT1","-0.4701278","0.445"
"HCC1937","EHMT1","-0.1300113","0.498"
"HCC1954","EHMT1","-0.1984881","0.368"
"HCC38","EHMT1","-0.1398876","0.733"
"Hs 578T","EHMT1","-0.1546729","0.218"
"KPL-1","EHMT1","-0.1500112","0.207"
"MCF7","EHMT1","-0.07317359","0.391"
"MDA-MB-157","EHMT1","-0.118907","0.63"
"MDA-MB-231","EHMT1","-0.1539151","0.557"
"MDA-MB-361","EHMT1","-0.2535971","0.397"
"MDA-MB-436","EHMT1","-0.3923239","0.257"
"MDA-MB-453","EHMT1","-0.1078565","0.178"
"MDA-MB-468","EHMT1","-0.2121654","0.239"
"SK-BR-3","EHMT1","-0.2699344","0.542"
"SW527","EHMT1","-0.1094253","0.554"
"T-47D","EHMT1","-0.349219","0.254"
"ZR-75-1","EHMT1","-0.3015281","0.407"
"609050M","EHMT1","-0.2233999","0.383"
"A2780","EHMT1","0.0256342","0.86"
"A2780_CIS","EHMT1","-0.01302473","0.84"
"MM_OVCAR432_Bast_1","EHMT1","-0.7752523","0.317"
"OV-1946","EHMT1","-0.5088494","0.415"
"OV-90","EHMT1","-0.140396","0.527"
"OVCA1369_TR","EHMT1","-2.544494","0.107"
"OVCA433_Bast","EHMT1","-0.5174236","0.602"
"OVCA5","EHMT1","-0.01522825","0.967"
"OVCA8","EHMT1","-0.0459017","0.924"
"OVCAR-3","EHMT1","-0.8374718","0.199"
"SK-OV-3","EHMT1","-0.5143731","0.004"
"TOV-1946","EHMT1","-0.1479517","0.845"
"TOV-2223G","EHMT1","-0.07532848","0.678"
"TOV-3133G","EHMT1","-0.1788693","0.309"
"AsPC-1","EHMT1","-0.04204994","0.859"
"BxPC-3","EHMT1","-0.1279434","0.782"
"CFPAC-1","EHMT1","-0.1509377","0.177"
"Capan-2","EHMT1","-0.1141042","0.329"
"HPAC","EHMT1","-0.04481738","0.709"
"HPAF-II","EHMT1","-0.149594","0.541"
"HPDE","EHMT1","-5.222054","0.05"
"Hs 766T","EHMT1","-0.2200375","0.979"
"IMIM-PC-1","EHMT1","-0.2390001","0.117"
"IMIM-PC-2","EHMT1","-0.04981035","0.683"
"KP-3","EHMT1","-0.2217023","0.353"
"KP-4","EHMT1","-0.03438245","0.803"
"MIA PaCa-2","EHMT1","-0.149257","0.189"
"PANC-1","EHMT1","-0.1017297","0.555"
"PL45","EHMT1","-0.1746447","0.537"
"PaTu_8988S","EHMT1","-0.07779401","0.482"
"PaTu_8988T","EHMT1","-0.06081961","0.742"
"Panc 02.03","EHMT1","-0.7342007","0.013"
"Panc 03.27","EHMT1","-0.1962955","0.221"
"Panc 04.03","EHMT1","-0.0926696","0.799"
"Panc 05.04","EHMT1","-0.3956432","0.259"
"Panc 08.13","EHMT1","-0.1346293","0.411"
"Panc 10.05","EHMT1","-0.2454101","0.203"
"RWP-1","EHMT1","-0.3246534","0.147"
"SK-PC-1","EHMT1","-0.1718649","0.381"
"SK-PC-3","EHMT1","-0.3721875","0.51"
"SU.86.86","EHMT1","-0.05467955","0.607"
"SW1990","EHMT1","-0.08405445","0.828"
"BT-20","EHMT2","-0.04208046","0.892"
"BT-474","EHMT2","-0.0467979","0.894"
"BT-549","EHMT2","-0.1894071","0.675"
"CAL-51","EHMT2","-0.1391549","0.502"
"CAMA-1","EHMT2","-0.2409294","0.599"
"EFM-19","EHMT2","-0.1084749","0.584"
"HCC1143","EHMT2","-0.2520283","0.652"
"HCC1187","EHMT2","-0.19084","0.663"
"HCC1395","EHMT2","-0.169569","0.72"
"HCC1419","EHMT2","-0.1209604","0.668"
"HCC1428","EHMT2","-0.07716099","0.918"
"HCC1500","EHMT2","-0.1946701","0.463"
"HCC1806","EHMT2","-0.5172888","0.368"
"HCC1937","EHMT2","-0.1481618","0.46"
"HCC1954","EHMT2","-0.1595934","0.471"
"HCC38","EHMT2","-0.2067218","0.575"
"Hs 578T","EHMT2","-0.06056706","0.573"
"KPL-1","EHMT2","-0.05726269","0.776"
"MCF7","EHMT2","-0.02106144","0.754"
"MDA-MB-157","EHMT2","-0.08572619","0.74"
"MDA-MB-231","EHMT2","-0.3478812","0.214"
"MDA-MB-361","EHMT2","0.01224396","0.974"
"MDA-MB-436","EHMT2","-0.1818222","0.694"
"MDA-MB-453","EHMT2","0.01866106","0.877"
"MDA-MB-468","EHMT2","-0.02298925","0.863"
"SK-BR-3","EHMT2","-0.03590953","0.954"
"SW527","EHMT2","-0.02583472","0.891"
"T-47D","EHMT2","-0.05430544","0.921"
"ZR-75-1","EHMT2","-0.2445274","0.521"
"609050M","EHMT2","-0.1902104","0.465"
"A2780","EHMT2","-0.04969038","0.541"
"A2780_CIS","EHMT2","-0.08387868","0.535"
"MM_OVCAR432_Bast_1","EHMT2","-0.3236636","0.783"
"OV-1946","EHMT2","-0.3585091","0.619"
"OV-90","EHMT2","-0.09524409","0.683"
"OVCA1369_TR","EHMT2","-0.8957481","0.517"
"OVCA433_Bast","EHMT2","-0.4639347","0.649"
"OVCA5","EHMT2","-0.07567587","0.8"
"OVCA8","EHMT2","-0.1313573","0.72"
"OVCAR-3","EHMT2","-0.2628675","0.673"
"SK-OV-3","EHMT2","0.03533764","0.975"
"TOV-1946","EHMT2","-0.2172243","0.745"
"TOV-2223G","EHMT2","-0.04564603","0.746"
"TOV-3133G","EHMT2","-0.166113","0.342"
"AsPC-1","EHMT2","-0.05062062","0.838"
"BxPC-3","EHMT2","-0.1911246","0.623"
"CFPAC-1","EHMT2","-0.06942972","0.541"
"Capan-2","EHMT2","-0.1127828","0.337"
"HPAC","EHMT2","-0.09118117","0.397"
"HPAF-II","EHMT2","-0.1172645","0.661"
"HPDE","EHMT2","-1.578406","0.581"
"Hs 766T","EHMT2","-0.2831906","0.957"
"IMIM-PC-1","EHMT2","-0.08772027","0.673"
"IMIM-PC-2","EHMT2","-0.1386795","0.209"
"KP-3","EHMT2","-0.08462384","0.783"
"KP-4","EHMT2","-0.04965568","0.718"
"MIA PaCa-2","EHMT2","-0.02152053","0.88"
"PANC-1","EHMT2","-0.04445491","0.882"
"PL45","EHMT2","-0.1896039","0.479"
"PaTu_8988S","EHMT2","-0.06825759","0.527"
"PaTu_8988T","EHMT2","-0.08942754","0.547"
"Panc 02.03","EHMT2","-0.2235561","0.523"
"Panc 03.27","EHMT2","-0.04192793","0.798"
"Panc 04.03","EHMT2","-0.1870888","0.471"
"Panc 05.04","EHMT2","-0.285143","0.507"
"Panc 08.13","EHMT2","-0.0947549","0.585"
"Panc 10.05","EHMT2","-0.05755252","0.761"
"RWP-1","EHMT2","-0.05358844","0.73"
"SK-PC-1","EHMT2","-0.1679661","0.398"
"SK-PC-3","EHMT2","-0.3656836","0.523"
"SU.86.86","EHMT2","-0.04228731","0.665"
"SW1990","EHMT2","-0.04600031","0.934"
"BT-20","ELP3","-0.4881524","0.103"
"BT-474","ELP3","-0.06673283","0.841"
"BT-549","ELP3","-0.5237004","0.163"
"CAL-51","ELP3","-0.3715506","0.055"
"CAMA-1","ELP3","-0.2007432","0.703"
"EFM-19","ELP3","-0.1883327","0.324"
"HCC1143","ELP3","-0.4397293","0.383"
"HCC1187","ELP3","-0.2254419","0.589"
"HCC1395","ELP3","-0.3741586","0.325"
"HCC1419","ELP3","-0.4512757","0.082"
"HCC1428","ELP3","-0.6238481","0.31"
"HCC1500","ELP3","-0.4958051","0.064"
"HCC1806","ELP3","-0.3826933","0.57"
"HCC1937","ELP3","-0.3035078","0.183"
"HCC1954","ELP3","-0.4353094","0.072"
"HCC38","ELP3","-0.5523918","0.095"
"Hs 578T","ELP3","-0.1872362","0.156"
"KPL-1","ELP3","-0.1897095","0.118"
"MCF7","ELP3","-0.1760082","0.109"
"MDA-MB-157","ELP3","-0.173173","0.452"
"MDA-MB-231","ELP3","-0.7599327","0.021"
"MDA-MB-361","ELP3","-0.02223207","0.941"
"MDA-MB-436","ELP3","-0.4680252","0.175"
"MDA-MB-453","ELP3","-0.1595661","0.091"
"MDA-MB-468","ELP3","-0.06457803","0.675"
"SK-BR-3","ELP3","-0.7521707","0.049"
"SW527","ELP3","-0.2494174","0.154"
"T-47D","ELP3","-0.2156032","0.537"
"ZR-75-1","ELP3","-0.4097714","0.231"
"609050M","ELP3","-0.2785739","0.28"
"A2780","ELP3","-0.3482879","0.041"
"A2780_CIS","ELP3","-0.3252304","0.082"
"MM_OVCAR432_Bast_1","ELP3","-0.5387346","0.56"
"OV-1946","ELP3","-0.8260384","0.12"
"OV-90","ELP3","-0.4518393","0.077"
"OVCA1369_TR","ELP3","-1.054485","0.461"
"OVCA433_Bast","ELP3","-0.8355714","0.287"
"OVCA5","ELP3","-0.3041127","0.23"
"OVCA8","ELP3","-0.4942314","0.11"
"OVCAR-3","ELP3","-0.4497446","0.48"
"SK-OV-3","ELP3","-0.1834325","0.163"
"TOV-1946","ELP3","-0.4699506","0.321"
"TOV-2223G","ELP3","-0.3188915","0.248"
"TOV-3133G","ELP3","-0.3422485","0.115"
"AsPC-1","ELP3","-0.1551128","0.453"
"BxPC-3","ELP3","-0.413965","0.233"
"CFPAC-1","ELP3","-0.2429415","0.048"
"Capan-2","ELP3","-0.1834227","0.174"
"HPAC","ELP3","-0.1423818","0.2"
"HPAF-II","ELP3","-0.25172","0.251"
"HPDE","ELP3","-3.299376","0.194"
"Hs 766T","ELP3","-1.378978","0.019"
"IMIM-PC-1","ELP3","-0.1996305","0.175"
"IMIM-PC-2","ELP3","-0.099747","0.373"
"KP-3","ELP3","-0.3817206","0.093"
"KP-4","ELP3","-0.1631604","0.161"
"MIA PaCa-2","ELP3","-0.1459614","0.199"
"PANC-1","ELP3","-0.2563665","0.088"
"PL45","ELP3","-0.3279713","0.159"
"PaTu_8988S","ELP3","-0.1011318","0.375"
"PaTu_8988T","ELP3","-0.115997","0.405"
"Panc 02.03","ELP3","-0.4620792","0.105"
"Panc 03.27","ELP3","-0.1569248","0.307"
"Panc 04.03","ELP3","-0.2766456","0.221"
"Panc 05.04","ELP3","-0.4364687","0.2"
"Panc 08.13","ELP3","-0.2897769","0.088"
"Panc 10.05","ELP3","-0.2602188","0.184"
"RWP-1","ELP3","-0.236477","0.259"
"SK-PC-1","ELP3","-0.1498629","0.468"
"SK-PC-3","ELP3","-0.6451405","0.138"
"SU.86.86","ELP3","-0.1845431","0.19"
"SW1990","ELP3","-0.3738296","0.065"
"BT-20","EP300","-0.1130851","0.86"
"BT-474","EP300","-0.03626772","0.459"
"BT-549","EP300","-0.3194484","0.222"
"CAL-51","EP300","-0.08578313","0.301"
"CAMA-1","EP300","-0.4120438","0.188"
"EFM-19","EP300","-0.02330474","0.428"
"HCC1143","EP300","-0.2237367","0.787"
"HCC1187","EP300","-0.2857391","0.242"
"HCC1395","EP300","-0.1219912","0.343"
"HCC1419","EP300","-0.02475083","0.154"
"HCC1428","EP300","-0.448276","0.407"
"HCC1500","EP300","-0.08087044","0.53"
"HCC1806","EP300","-0.4058711","0.886"
"HCC1937","EP300","-0.02066408","0.369"
"HCC1954","EP300","-0.1415084","0.5"
"HCC38","EP300","-0.04090257","0.494"
"Hs 578T","EP300","-0.0236325","0.168"
"KPL-1","EP300","-0.06601207","0.181"
"MCF7","EP300","-0.03597896","0.457"
"MDA-MB-157","EP300","-0.1962727","0.305"
"MDA-MB-231","EP300","-0.07386737","0.36"
"MDA-MB-361","EP300","-0.1635436","0.088"
"MDA-MB-436","EP300","-0.08278694","0.423"
"MDA-MB-453","EP300","-0.00894371","0.116"
"MDA-MB-468","EP300","-0.05896671","0.128"
"SK-BR-3","EP300","-0.1269264","0.066"
"SW527","EP300","-0.05258005","0.456"
"T-47D","EP300","-0.08472133","0.519"
"ZR-75-1","EP300","-0.04651493","0.057"
"609050M","EP300","-0.3027479","0.747"
"A2780","EP300","-0.02875345","0.626"
"A2780_CIS","EP300","-0.008696201","0.236"
"MM_OVCAR432_Bast_1","EP300","-0.2639795","0.136"
"OV-1946","EP300","-0.6361526","0.564"
"OV-90","EP300","-0.08847018","0.258"
"OVCA1369_TR","EP300","-0.2721142","0.463"
"OVCA433_Bast","EP300","-0.4027027","0.66"
"OVCA5","EP300","-0.1161725","0.396"
"OVCA8","EP300","-0.1905618","0.829"
"OVCAR-3","EP300","-0.3451096","0.088"
"SK-OV-3","EP300","-0.006435666","0.286"
"TOV-1946","EP300","-0.2687804","0.971"
"TOV-2223G","EP300","0.04451222","0.264"
"TOV-3133G","EP300","-0.07381175","0.225"
"AsPC-1","EP300","-0.009697807","0.216"
"BxPC-3","EP300","-0.08923179","0.219"
"CFPAC-1","EP300","-0.009905886","0.261"
"Capan-2","EP300","-0.003838103","0.772"
"HPAC","EP300","-0.02973923","0.654"
"HPAF-II","EP300","-0.02091068","0.838"
"HPDE","EP300","-0.5449227","0.073"
"Hs 766T","EP300","-0.3390006","0.449"
"IMIM-PC-1","EP300","-0.1166447","0.264"
"IMIM-PC-2","EP300","-0.04831254","0.15"
"KP-3","EP300","-0.07131255","0.487"
"KP-4","EP300","-0.02034403","0.714"
"MIA PaCa-2","EP300","-0.03648393","0.58"
"PANC-1","EP300","-0.07136873","0.714"
"PL45","EP300","-0.2053578","0.47"
"PaTu_8988S","EP300","-0.01774745","0.296"
"PaTu_8988T","EP300","-0.01997773","0.43"
"Panc 02.03","EP300","-0.1076585","0.184"
"Panc 03.27","EP300","-0.03604112","0.207"
"Panc 04.03","EP300","-0.08875783","0.402"
"Panc 05.04","EP300","-0.1332349","0.381"
"Panc 08.13","EP300","-0.07875154","0.395"
"Panc 10.05","EP300","-0.0149389","0.251"
"RWP-1","EP300","0.01353333","0.076"
"SK-PC-1","EP300","-0.1077521","0.394"
"SK-PC-3","EP300","-0.4281108","0.843"
"SU.86.86","EP300","-0.04199547","0.765"
"SW1990","EP300","-0.03354361","0.77"
"BT-20","EZH1","0.01701657","0.98"
"BT-474","EZH1","-0.1735166","0.52"
"BT-549","EZH1","-0.4250873","0.264"
"CAL-51","EZH1","-0.1017984","0.694"
"CAMA-1","EZH1","-0.114618","0.891"
"EFM-19","EZH1","-0.1185743","0.554"
"HCC1143","EZH1","-0.2820251","0.588"
"HCC1187","EZH1","-0.1294624","0.81"
"HCC1395","EZH1","-0.1937503","0.67"
"HCC1419","EZH1","-0.06597741","0.841"
"HCC1428","EZH1","-0.5512775","0.373"
"HCC1500","EZH1","-0.1643359","0.531"
"HCC1806","EZH1","-0.04010855","0.969"
"HCC1937","EZH1","0.003748165","0.897"
"HCC1954","EZH1","-0.1847526","0.4"
"HCC38","EZH1","-0.08436627","0.857"
"Hs 578T","EZH1","-0.08335726","0.456"
"KPL-1","EZH1","-0.06141128","0.748"
"MCF7","EZH1","-0.05575365","0.498"
"MDA-MB-157","EZH1","-0.2453537","0.283"
"MDA-MB-231","EZH1","-0.1272688","0.61"
"MDA-MB-361","EZH1","-0.1772814","0.544"
"MDA-MB-436","EZH1","-0.2449539","0.528"
"MDA-MB-453","EZH1","-0.02866203","0.444"
"MDA-MB-468","EZH1","-0.2537581","0.185"
"SK-BR-3","EZH1","-0.1998879","0.67"
"SW527","EZH1","-0.03284235","0.876"
"T-47D","EZH1","-0.1913367","0.592"
"ZR-75-1","EZH1","-0.189418","0.656"
"609050M","EZH1","-0.1061798","0.738"
"A2780","EZH1","-0.03696165","0.595"
"A2780_CIS","EZH1","-0.1921969","0.235"
"MM_OVCAR432_Bast_1","EZH1","-0.3434858","0.766"
"OV-1946","EZH1","-0.3528966","0.627"
"OV-90","EZH1","-0.03756306","0.867"
"OVCA1369_TR","EZH1","-0.1573811","0.953"
"OVCA433_Bast","EZH1","-0.3476","0.793"
"OVCA5","EZH1","-0.1102476","0.683"
"OVCA8","EZH1","-0.1491695","0.671"
"OVCAR-3","EZH1","-0.1452001","0.825"
"SK-OV-3","EZH1","0.004647367","0.902"
"TOV-1946","EZH1","-0.2945922","0.608"
"TOV-2223G","EZH1","-0.04502395","0.747"
"TOV-3133G","EZH1","-0.1024401","0.538"
"AsPC-1","EZH1","-0.1163132","0.574"
"BxPC-3","EZH1","-0.1749898","0.669"
"CFPAC-1","EZH1","-0.07351475","0.52"
"Capan-2","EZH1","-0.03504995","0.73"
"HPAC","EZH1","-0.08117606","0.46"
"HPAF-II","EZH1","-0.1058789","0.698"
"HPDE","EZH1","-0.534311","0.86"
"Hs 766T","EZH1","-0.7269826","0.445"
"IMIM-PC-1","EZH1","-0.08334386","0.702"
"IMIM-PC-2","EZH1","-0.03947764","0.751"
"KP-3","EZH1","-0.09312279","0.757"
"KP-4","EZH1","-0.05501041","0.684"
"MIA PaCa-2","EZH1","-0.04425539","0.712"
"PANC-1","EZH1","-0.04235842","0.892"
"PL45","EZH1","-0.1919886","0.475"
"PaTu_8988S","EZH1","-0.1463613","0.225"
"PaTu_8988T","EZH1","-0.09070473","0.537"
"Panc 02.03","EZH1","-0.2196157","0.537"
"Panc 03.27","EZH1","0.0002222331","0.974"
"Panc 04.03","EZH1","-0.157233","0.558"
"Panc 05.04","EZH1","-0.2799904","0.522"
"Panc 08.13","EZH1","-0.09128549","0.602"
"Panc 10.05","EZH1","-0.1054919","0.578"
"RWP-1","EZH1","-0.08388972","0.63"
"SK-PC-1","EZH1","-0.06257312","0.854"
"SK-PC-3","EZH1","-0.3645535","0.523"
"SU.86.86","EZH1","-0.01589312","0.782"
"SW1990","EZH1","-0.1412068","0.596"
"BT-20","EZH2","-0.07635557","0.82"
"BT-474","EZH2","-0.2406379","0.382"
"BT-549","EZH2","-0.1052589","0.873"
"CAL-51","EZH2","-0.09347289","0.752"
"CAMA-1","EZH2","-0.4745453","0.211"
"EFM-19","EZH2","-0.0707655","0.715"
"HCC1143","EZH2","-0.2801135","0.592"
"HCC1187","EZH2","-0.1917437","0.66"
"HCC1395","EZH2","-0.1826251","0.689"
"HCC1419","EZH2","-0.07477927","0.81"
"HCC1428","EZH2","-0.4237639","0.476"
"HCC1500","EZH2","-0.1294165","0.634"
"HCC1806","EZH2","-0.1688163","0.849"
"HCC1937","EZH2","-0.1844415","0.383"
"HCC1954","EZH2","-0.05063453","0.856"
"HCC38","EZH2","-0.07478178","0.879"
"Hs 578T","EZH2","-0.07072943","0.52"
"KPL-1","EZH2","-0.08592904","0.529"
"MCF7","EZH2","-0.03810458","0.624"
"MDA-MB-157","EZH2","-0.0545023","0.846"
"MDA-MB-231","EZH2","0.03965285","0.964"
"MDA-MB-361","EZH2","-0.3222153","0.244"
"MDA-MB-436","EZH2","-0.1791014","0.702"
"MDA-MB-453","EZH2","-0.04774955","0.34"
"MDA-MB-468","EZH2","-0.05493268","0.704"
"SK-BR-3","EZH2","-0.1480727","0.765"
"SW527","EZH2","-0.08331361","0.653"
"T-47D","EZH2","-0.1880276","0.599"
"ZR-75-1","EZH2","-0.1848182","0.662"
"609050M","EZH2","-0.09453294","0.784"
"A2780","EZH2","-0.05428989","0.526"
"A2780_CIS","EZH2","-0.06189846","0.624"
"MM_OVCAR432_Bast_1","EZH2","-0.5147448","0.586"
"OV-1946","EZH2","-0.222574","0.836"
"OV-90","EZH2","-0.1486496","0.505"
"OVCA1369_TR","EZH2","-0.3632117","0.827"
"OVCA433_Bast","EZH2","-0.3193909","0.817"
"OVCA5","EZH2","-0.09328295","0.736"
"OVCA8","EZH2","-0.03907938","0.94"
"OVCAR-3","EZH2","-0.167071","0.801"
"SK-OV-3","EZH2","-0.07121308","0.52"
"TOV-1946","EZH2","-0.1085125","0.894"
"TOV-2223G","EZH2","-0.2783771","0.293"
"TOV-3133G","EZH2","-0.04514242","0.76"
"AsPC-1","EZH2","-0.1213874","0.559"
"BxPC-3","EZH2","-0.2425854","0.522"
"CFPAC-1","EZH2","-0.04010687","0.752"
"Capan-2","EZH2","-0.02086723","0.804"
"HPAC","EZH2","-0.05606438","0.621"
"HPAF-II","EZH2","-0.1747651","0.457"
"HPDE","EZH2","-1.785113","0.521"
"Hs 766T","EZH2","-0.4407342","0.811"
"IMIM-PC-1","EZH2","-0.09274772","0.643"
"IMIM-PC-2","EZH2","-0.06150234","0.586"
"KP-3","EZH2","-0.1104567","0.691"
"KP-4","EZH2","-0.07771266","0.525"
"MIA PaCa-2","EZH2","-0.04055787","0.744"
"PANC-1","EZH2","-0.08772195","0.642"
"PL45","EZH2","-0.2038016","0.443"
"PaTu_8988S","EZH2","-0.0661575","0.542"
"PaTu_8988T","EZH2","-0.04471162","0.877"
"Panc 02.03","EZH2","-0.2180322","0.55"
"Panc 03.27","EZH2","-0.05696217","0.72"
"Panc 04.03","EZH2","-0.1484167","0.598"
"Panc 05.04","EZH2","-0.2510687","0.6"
"Panc 08.13","EZH2","-0.08087246","0.657"
"Panc 10.05","EZH2","-0.1788465","0.366"
"RWP-1","EZH2","-0.05783468","0.716"
"SK-PC-1","EZH2","-0.07943232","0.753"
"SK-PC-3","EZH2","-0.3318961","0.593"
"SU.86.86","EZH2","-0.006474096","0.829"
"SW1990","EZH2","-0.08263756","0.835"
"BT-20","GTF3C4","-0.4203513","0.163"
"BT-474","GTF3C4","-0.8794436","0.007"
"BT-549","GTF3C4","-0.8171262","0.034"
"CAL-51","GTF3C4","-0.4240052","0.036"
"CAMA-1","GTF3C4","-0.6862014","0.062"
"EFM-19","GTF3C4","-0.3638088","0.061"
"HCC1143","GTF3C4","-1.195938","0.01"
"HCC1187","GTF3C4","-0.4244036","0.22"
"HCC1395","GTF3C4","-0.8930579","0.007"
"HCC1419","GTF3C4","-0.7021944","0.013"
"HCC1428","GTF3C4","-1.16587","0.064"
"HCC1500","GTF3C4","-0.6762955","0.016"
"HCC1806","GTF3C4","-0.9147905","0.064"
"HCC1937","GTF3C4","-0.2829906","0.22"
"HCC1954","GTF3C4","-0.4187655","0.081"
"HCC38","GTF3C4","-0.8771866","0.005"
"Hs 578T","GTF3C4","-0.2243104","0.113"
"KPL-1","GTF3C4","-0.3656159","0.014"
"MCF7","GTF3C4","-0.2588018","0.041"
"MDA-MB-157","GTF3C4","-0.7422143","0.007"
"MDA-MB-231","GTF3C4","-0.5519542","0.068"
"MDA-MB-361","GTF3C4","-0.829744","0.016"
"MDA-MB-436","GTF3C4","-0.7254192","0.045"
"MDA-MB-453","GTF3C4","-0.32812","0.015"
"MDA-MB-468","GTF3C4","-0.268039","0.172"
"SK-BR-3","GTF3C4","-0.6577521","0.091"
"SW527","GTF3C4","-0.461256","0.024"
"T-47D","GTF3C4","-0.6013468","0.04"
"ZR-75-1","GTF3C4","-0.9214666","0.012"
"609050M","GTF3C4","-0.5380319","0.048"
"A2780","GTF3C4","-0.4536415","0.013"
"A2780_CIS","GTF3C4","-0.3929977","0.038"
"MM_OVCAR432_Bast_1","GTF3C4","-0.9902673","0.169"
"OV-1946","GTF3C4","-0.959392","0.057"
"OV-90","GTF3C4","-0.33532","0.158"
"OVCA1369_TR","GTF3C4","-3.614966","0.027"
"OVCA433_Bast","GTF3C4","-1.246508","0.064"
"OVCA5","GTF3C4","-0.6070994","0.032"
"OVCA8","GTF3C4","-0.4425095","0.168"
"OVCAR-3","GTF3C4","-1.183808","0.059"
"SK-OV-3","GTF3C4","-0.3916527","0.013"
"TOV-1946","GTF3C4","-0.76702","0.048"
"TOV-2223G","GTF3C4","-0.7369799","0.054"
"TOV-3133G","GTF3C4","-0.5701308","0.042"
"AsPC-1","GTF3C4","-0.4467048","0.017"
"BxPC-3","GTF3C4","-0.7013037","0.047"
"CFPAC-1","GTF3C4","-0.2759706","0.035"
"Capan-2","GTF3C4","-0.1743172","0.182"
"HPAC","GTF3C4","-0.1537351","0.167"
"HPAF-II","GTF3C4","-0.4325346","0.048"
"HPDE","GTF3C4","-4.759861","0.07"
"Hs 766T","GTF3C4","-0.951606","0.19"
"IMIM-PC-1","GTF3C4","-0.2748407","0.084"
"IMIM-PC-2","GTF3C4","-0.2049909","0.094"
"KP-3","GTF3C4","-0.5784395","0.016"
"KP-4","GTF3C4","-0.1618548","0.166"
"MIA PaCa-2","GTF3C4","-0.2894801","0.026"
"PANC-1","GTF3C4","-0.4670804","0.007"
"PL45","GTF3C4","-0.5103748","0.013"
"PaTu_8988S","GTF3C4","-0.2748117","0.043"
"PaTu_8988T","GTF3C4","-0.2582355","0.06"
"Panc 02.03","GTF3C4","-0.4489671","0.112"
"Panc 03.27","GTF3C4","-0.1524712","0.314"
"Panc 04.03","GTF3C4","-0.5142536","0.018"
"Panc 05.04","GTF3C4","-0.6454532","0.027"
"Panc 08.13","GTF3C4","-0.4861374","0.021"
"Panc 10.05","GTF3C4","-0.3903796","0.057"
"RWP-1","GTF3C4","-0.4737962","0.055"
"SK-PC-1","GTF3C4","-0.3045234","0.1"
"SK-PC-3","GTF3C4","-1.0718","0.003"
"SU.86.86","GTF3C4","-0.3148648","0.052"
"SW1990","GTF3C4","-0.4512672","0.024"
"BT-20","HAT1","-0.3274038","0.278"
"BT-474","HAT1","-0.290324","0.284"
"BT-549","HAT1","-0.4721585","0.213"
"CAL-51","HAT1","-0.1066636","0.671"
"CAMA-1","HAT1","-0.483814","0.193"
"EFM-19","HAT1","-0.1237762","0.54"
"HCC1143","HAT1","-0.72263","0.133"
"HCC1187","HAT1","-0.1192481","0.843"
"HCC1395","HAT1","-0.5222465","0.144"
"HCC1419","HAT1","-0.2623561","0.281"
"HCC1428","HAT1","-0.9796854","0.126"
"HCC1500","HAT1","-0.1769193","0.496"
"HCC1806","HAT1","-0.1979828","0.812"
"HCC1937","HAT1","-0.1308832","0.496"
"HCC1954","HAT1","-0.4789245","0.058"
"HCC38","HAT1","-0.2901906","0.396"
"Hs 578T","HAT1","-0.0294932","0.77"
"KPL-1","HAT1","-0.1098283","0.38"
"MCF7","HAT1","-0.08524587","0.328"
"MDA-MB-157","HAT1","-0.166667","0.467"
"MDA-MB-231","HAT1","-0.1699494","0.525"
"MDA-MB-361","HAT1","-0.2190496","0.456"
"MDA-MB-436","HAT1","-0.2135463","0.616"
"MDA-MB-453","HAT1","-0.02521809","0.473"
"MDA-MB-468","HAT1","-0.2187155","0.234"
"SK-BR-3","HAT1","-0.2218879","0.629"
"SW527","HAT1","-0.06922442","0.712"
"T-47D","HAT1","-0.4151925","0.164"
"ZR-75-1","HAT1","-0.1999131","0.626"
"609050M","HAT1","-0.1479971","0.602"
"A2780","HAT1","0.01452238","0.82"
"A2780_CIS","HAT1","-0.167025","0.282"
"MM_OVCAR432_Bast_1","HAT1","-0.5428946","0.552"
"OV-1946","HAT1","-0.4632066","0.47"
"OV-90","HAT1","-0.07438855","0.743"
"OVCA1369_TR","HAT1","-0.8215882","0.542"
"OVCA433_Bast","HAT1","-0.4580997","0.654"
"OVCA5","HAT1","-0.1555592","0.513"
"OVCA8","HAT1","-0.4015646","0.216"
"OVCAR-3","HAT1","-0.3850017","0.539"
"SK-OV-3","HAT1","-0.06064711","0.563"
"TOV-1946","HAT1","-0.4315175","0.38"
"TOV-2223G","HAT1","-0.02637934","0.803"
"TOV-3133G","HAT1","-0.1376212","0.416"
"AsPC-1","HAT1","-0.1371915","0.498"
"BxPC-3","HAT1","-0.4981665","0.137"
"CFPAC-1","HAT1","-0.03678368","0.766"
"Capan-2","HAT1","-0.04988819","0.644"
"HPAC","HAT1","-0.05101436","0.656"
"HPAF-II","HAT1","-0.1672483","0.481"
"HPDE","HAT1","-2.752017","0.288"
"Hs 766T","HAT1","-0.7181131","0.457"
"IMIM-PC-1","HAT1","-0.1555053","0.303"
"IMIM-PC-2","HAT1","-0.1114819","0.314"
"KP-3","HAT1","-0.2670409","0.241"
"KP-4","HAT1","-0.04598805","0.741"
"MIA PaCa-2","HAT1","-0.1379447","0.222"
"PANC-1","HAT1","-0.07067239","0.745"
"PL45","HAT1","-0.1804992","0.515"
"PaTu_8988S","HAT1","-0.03345003","0.761"
"PaTu_8988T","HAT1","-0.127893","0.352"
"Panc 02.03","HAT1","-0.2338748","0.497"
"Panc 03.27","HAT1","-0.07942251","0.615"
"Panc 04.03","HAT1","-0.1607763","0.55"
"Panc 05.04","HAT1","-0.2886731","0.499"
"Panc 08.13","HAT1","-0.07244278","0.692"
"Panc 10.05","HAT1","-0.1561838","0.43"
"RWP-1","HAT1","-0.1135372","0.536"
"SK-PC-1","HAT1","-0.09282061","0.693"
"SK-PC-3","HAT1","-0.6911077","0.107"
"SU.86.86","HAT1","-0.1018845","0.408"
"SW1990","HAT1","-0.2688918","0.194"
"BT-20","HDAC1","-0.1621079","0.602"
"BT-474","HDAC1","-0.08533823","0.778"
"BT-549","HDAC1","-0.04019528","0.969"
"CAL-51","HDAC1","-0.1367308","0.514"
"CAMA-1","HDAC1","-0.2324297","0.616"
"EFM-19","HDAC1","-0.08803907","0.65"
"HCC1143","HDAC1","-0.2726999","0.611"
"HCC1187","HDAC1","-0.08513388","0.917"
"HCC1395","HDAC1","-0.1704361","0.715"
"HCC1419","HDAC1","-0.06703192","0.837"
"HCC1428","HDAC1","-0.4191975","0.48"
"HCC1500","HDAC1","-0.09054741","0.766"
"HCC1806","HDAC1","-0.2039597","0.802"
"HCC1937","HDAC1","-0.121345","0.522"
"HCC1954","HDAC1","-0.09578872","0.703"
"HCC38","HDAC1","-0.1648058","0.672"
"Hs 578T","HDAC1","-0.1235821","0.295"
"KPL-1","HDAC1","-0.06439374","0.72"
"MCF7","HDAC1","-0.02685397","0.703"
"MDA-MB-157","HDAC1","-0.08063113","0.756"
"MDA-MB-231","HDAC1","-0.3170455","0.266"
"MDA-MB-361","HDAC1","-0.1244027","0.685"
"MDA-MB-436","HDAC1","-0.2008996","0.646"
"MDA-MB-453","HDAC1","-0.002863378","0.664"
"MDA-MB-468","HDAC1","-0.1321577","0.421"
"SK-BR-3","HDAC1","-0.2050894","0.66"
"SW527","HDAC1","-0.1034245","0.569"
"T-47D","HDAC1","-0.2607864","0.429"
"ZR-75-1","HDAC1","-0.1466674","0.771"
"609050M","HDAC1","-0.1266399","0.676"
"A2780","HDAC1","0.04040625","0.905"
"A2780_CIS","HDAC1","-0.04986317","0.674"
"MM_OVCAR432_Bast_1","HDAC1","-0.4016927","0.702"
"OV-1946","HDAC1","-0.3330143","0.659"
"OV-90","HDAC1","-0.04865641","0.832"
"OVCA1369_TR","HDAC1","-0.7516544","0.581"
"OVCA433_Bast","HDAC1","-0.6950181","0.41"
"OVCA5","HDAC1","-0.05320424","0.867"
"OVCA8","HDAC1","-0.1748764","0.603"
"OVCAR-3","HDAC1","-0.2206715","0.733"
"SK-OV-3","HDAC1","-0.03305846","0.719"
"TOV-1946","HDAC1","-0.2518493","0.682"
"TOV-2223G","HDAC1","-0.005711349","0.843"
"TOV-3133G","HDAC1","-0.05588451","0.708"
"AsPC-1","HDAC1","-0.09365413","0.669"
"BxPC-3","HDAC1","-0.2452801","0.517"
"CFPAC-1","HDAC1","-0.04137904","0.74"
"Capan-2","HDAC1","-0.02241614","0.797"
"HPAC","HDAC1","-0.1103449","0.319"
"HPAF-II","HDAC1","-0.05849044","0.868"
"HPDE","HDAC1","-0.878832","0.792"
"Hs 766T","HDAC1","-0.4877558","0.756"
"IMIM-PC-1","HDAC1","-0.06524687","0.834"
"IMIM-PC-2","HDAC1","-0.06929885","0.543"
"KP-3","HDAC1","-0.09803935","0.733"
"KP-4","HDAC1","-0.02112131","0.904"
"MIA PaCa-2","HDAC1","-0.02478917","0.857"
"PANC-1","HDAC1","-0.04673056","0.871"
"PL45","HDAC1","-0.1634989","0.573"
"PaTu_8988S","HDAC1","-0.09132241","0.42"
"PaTu_8988T","HDAC1","-0.04248966","0.891"
"Panc 02.03","HDAC1","-0.1326587","0.854"
"Panc 03.27","HDAC1","-0.1090195","0.493"
"Panc 04.03","HDAC1","-0.2231732","0.361"
"Panc 05.04","HDAC1","-0.2121076","0.694"
"Panc 08.13","HDAC1","-0.1409281","0.382"
"Panc 10.05","HDAC1","-0.1431628","0.466"
"RWP-1","HDAC1","-0.1363798","0.47"
"SK-PC-1","HDAC1","-0.1298131","0.556"
"SK-PC-3","HDAC1","-0.1373028","0.945"
"SU.86.86","HDAC1","-0.1338874","0.313"
"SW1990","HDAC1","-0.1438694","0.588"
"BT-20","HDAC10","-0.2498458","0.414"
"BT-474","HDAC10","-0.1027369","0.733"
"BT-549","HDAC10","-0.02892889","0.976"
"CAL-51","HDAC10","-0.05078672","0.941"
"CAMA-1","HDAC10","-0.08888379","0.947"
"EFM-19","HDAC10","-0.109591","0.581"
"HCC1143","HDAC10","-0.1128857","0.846"
"HCC1187","HDAC10","-0.3090114","0.408"
"HCC1395","HDAC10","-0.02714031","0.969"
"HCC1419","HDAC10","-0.07050796","0.823"
"HCC1428","HDAC10","-0.4177544","0.482"
"HCC1500","HDAC10","-0.2735177","0.291"
"HCC1806","HDAC10","-0.2785481","0.712"
"HCC1937","HDAC10","-0.2116002","0.326"
"HCC1954","HDAC10","0.02284905","1"
"HCC38","HDAC10","-0.1280125","0.768"
"Hs 578T","HDAC10","0.01257722","0.929"
"KPL-1","HDAC10","-0.04887573","0.835"
"MCF7","HDAC10","-0.02918665","0.687"
"MDA-MB-157","HDAC10","0.01768021","0.987"
"MDA-MB-231","HDAC10","-0.08301809","0.728"
"MDA-MB-361","HDAC10","-0.04149784","0.9"
"MDA-MB-436","HDAC10","-0.3783105","0.276"
"MDA-MB-453","HDAC10","-0.0175359","0.53"
"MDA-MB-468","HDAC10","-0.04591325","0.755"
"SK-BR-3","HDAC10","-0.09279059","0.876"
"SW527","HDAC10","-0.05677108","0.773"
"T-47D","HDAC10","-0.1814465","0.608"
"ZR-75-1","HDAC10","-0.0672511","0.936"
"609050M","HDAC10","-0.06011753","0.895"
"A2780","HDAC10","0.05680669","0.949"
"A2780_CIS","HDAC10","-0.006636463","0.862"
"MM_OVCAR432_Bast_1","HDAC10","-0.6980835","0.386"
"OV-1946","HDAC10","-0.1285958","0.937"
"OV-90","HDAC10","-0.0296497","0.899"
"OVCA1369_TR","HDAC10","-1.054361","0.461"
"OVCA433_Bast","HDAC10","-0.7994344","0.321"
"OVCA5","HDAC10","-0.06687143","0.829"
"OVCA8","HDAC10","-0.1771102","0.6"
"OVCAR-3","HDAC10","0.04733496","0.987"
"SK-OV-3","HDAC10","-0.1037041","0.364"
"TOV-1946","HDAC10","-0.001945439","0.991"
"TOV-2223G","HDAC10","-0.08502478","0.655"
"TOV-3133G","HDAC10","-0.05226831","0.725"
"AsPC-1","HDAC10","0.00155556","0.979"
"BxPC-3","HDAC10","-0.1185115","0.807"
"CFPAC-1","HDAC10","-0.07137862","0.531"
"Capan-2","HDAC10","-0.06367218","0.551"
"HPAC","HDAC10","-0.04297448","0.718"
"HPAF-II","HDAC10","-0.03449886","0.936"
"HPDE","HDAC10","-0.05574315","0.955"
"Hs 766T","HDAC10","-0.5537655","0.675"
"IMIM-PC-1","HDAC10","-0.1767069","0.225"
"IMIM-PC-2","HDAC10","0.002915696","0.97"
"KP-3","HDAC10","-0.1230273","0.642"
"KP-4","HDAC10","-0.01432726","0.929"
"MIA PaCa-2","HDAC10","0.003242223","0.978"
"PANC-1","HDAC10","-0.02562034","0.957"
"PL45","HDAC10","-0.122391","0.708"
"PaTu_8988S","HDAC10","-0.08049185","0.471"
"PaTu_8988T","HDAC10","-0.04437406","0.878"
"Panc 02.03","HDAC10","-0.1192065","0.884"
"Panc 03.27","HDAC10","-0.05605998","0.724"
"Panc 04.03","HDAC10","-0.1600141","0.552"
"Panc 05.04","HDAC10","-0.09652792","0.935"
"Panc 08.13","HDAC10","-0.1194047","0.467"
"Panc 10.05","HDAC10","-0.08622012","0.665"
"RWP-1","HDAC10","-0.00601711","0.879"
"SK-PC-1","HDAC10","-0.102762","0.648"
"SK-PC-3","HDAC10","-0.0928875","0.977"
"SU.86.86","HDAC10","-0.0224735","0.757"
"SW1990","HDAC10","-0.1641015","0.525"
"BT-20","HDAC11","-0.01548244","0.938"
"BT-474","HDAC11","0.006856393","0.989"
"BT-549","HDAC11","-0.02367336","0.981"
"CAL-51","HDAC11","-0.1655418","0.378"
"CAMA-1","HDAC11","-0.2812509","0.499"
"EFM-19","HDAC11","-0.02720465","0.869"
"HCC1143","HDAC11","-0.1244465","0.839"
"HCC1187","HDAC11","-0.1090463","0.862"
"HCC1395","HDAC11","-0.04131065","0.954"
"HCC1419","HDAC11","-0.06490264","0.844"
"HCC1428","HDAC11","-0.6258909","0.31"
"HCC1500","HDAC11","-0.05355288","0.871"
"HCC1806","HDAC11","0.03039748","0.997"
"HCC1937","HDAC11","0.01357719","0.92"
"HCC1954","HDAC11","-0.09531565","0.704"
"HCC38","HDAC11","-0.1065968","0.807"
"Hs 578T","HDAC11","-0.05661203","0.598"
"KPL-1","HDAC11","-0.02734193","0.947"
"MCF7","HDAC11","-0.002387192","0.876"
"MDA-MB-157","HDAC11","-0.1106142","0.654"
"MDA-MB-231","HDAC11","0.03710749","0.96"
"MDA-MB-361","HDAC11","0.0307555","0.988"
"MDA-MB-436","HDAC11","-0.09407941","0.946"
"MDA-MB-453","HDAC11","-0.03584558","0.398"
"MDA-MB-468","HDAC11","-0.07312462","0.629"
"SK-BR-3","HDAC11","-0.03775202","0.952"
"SW527","HDAC11","-0.0288076","0.886"
"T-47D","HDAC11","-0.05647172","0.917"
"ZR-75-1","HDAC11","-0.3388798","0.337"
"609050M","HDAC11","-0.0423461","0.934"
"A2780","HDAC11","-0.01003589","0.713"
"A2780_CIS","HDAC11","-0.05964329","0.631"
"MM_OVCAR432_Bast_1","HDAC11","-0.1644963","0.917"
"OV-1946","HDAC11","-0.2281707","0.825"
"OV-90","HDAC11","-0.04151437","0.858"
"OVCA1369_TR","HDAC11","-0.5201077","0.723"
"OVCA433_Bast","HDAC11","-0.6999642","0.408"
"OVCA5","HDAC11","-0.03497644","0.917"
"OVCA8","HDAC11","0.02066281","0.997"
"OVCAR-3","HDAC11","-0.6195083","0.341"
"SK-OV-3","HDAC11","-0.01128864","0.828"
"TOV-1946","HDAC11","-0.3752507","0.462"
"TOV-2223G","HDAC11","-0.02644631","0.803"
"TOV-3133G","HDAC11","-0.1111055","0.499"
"AsPC-1","HDAC11","0.01473792","0.994"
"BxPC-3","HDAC11","-0.06177888","0.929"
"CFPAC-1","HDAC11","-0.05444279","0.63"
"Capan-2","HDAC11","-0.004089278","0.901"
"HPAC","HDAC11","-0.01377852","0.907"
"HPAF-II","HDAC11","-0.01124008","0.987"
"HPDE","HDAC11","-0.4258468","0.887"
"Hs 766T","HDAC11","-0.3376037","0.918"
"IMIM-PC-1","HDAC11","-0.2051411","0.169"
"IMIM-PC-2","HDAC11","-0.1059816","0.344"
"KP-3","HDAC11","-0.03322031","0.924"
"KP-4","HDAC11","-0.01595347","0.923"
"MIA PaCa-2","HDAC11","0.01303155","0.997"
"PANC-1","HDAC11","-0.01634385","0.975"
"PL45","HDAC11","-0.03558129","0.961"
"PaTu_8988S","HDAC11","0.01629434","0.987"
"PaTu_8988T","HDAC11","-0.0413902","0.894"
"Panc 02.03","HDAC11","-0.174098","0.713"
"Panc 03.27","HDAC11","-0.09958375","0.53"
"Panc 04.03","HDAC11","-0.02570368","0.957"
"Panc 05.04","HDAC11","-0.2356518","0.641"
"Panc 08.13","HDAC11","-0.08106163","0.656"
"Panc 10.05","HDAC11","0.03200723","0.979"
"RWP-1","HDAC11","0.00822016","0.924"
"SK-PC-1","HDAC11","-0.08521051","0.723"
"SK-PC-3","HDAC11","-0.3591282","0.532"
"SU.86.86","HDAC11","0.02217784","0.943"
"SW1990","HDAC11","-0.1206101","0.687"
"BT-20","HDAC2","-0.04242588","0.892"
"BT-474","HDAC2","-0.02691955","0.934"
"BT-549","HDAC2","-0.04217679","0.966"
"CAL-51","HDAC2","-0.03019087","0.993"
"CAMA-1","HDAC2","-0.2566523","0.559"
"EFM-19","HDAC2","-0.04163361","0.825"
"HCC1143","HDAC2","-0.03149028","0.941"
"HCC1187","HDAC2","-0.01807254","0.99"
"HCC1395","HDAC2","-0.04169937","0.954"
"HCC1419","HDAC2","-0.01252996","0.983"
"HCC1428","HDAC2","-0.003827843","0.969"
"HCC1500","HDAC2","-0.01039303","0.963"
"HCC1806","HDAC2","-0.07171095","0.941"
"HCC1937","HDAC2","0.04001142","0.97"
"HCC1954","HDAC2","0.01091965","0.995"
"HCC38","HDAC2","-0.1016042","0.822"
"Hs 578T","HDAC2","-0.001413042","0.882"
"KPL-1","HDAC2","-0.04364322","0.872"
"MCF7","HDAC2","0.01371719","0.945"
"MDA-MB-157","HDAC2","0.03280582","0.994"
"MDA-MB-231","HDAC2","0.009610869","0.92"
"MDA-MB-361","HDAC2","-0.05763039","0.854"
"MDA-MB-436","HDAC2","-0.1700609","0.74"
"MDA-MB-453","HDAC2","0.02904414","0.941"
"MDA-MB-468","HDAC2","-0.03740408","0.792"
"SK-BR-3","HDAC2","-0.08247437","0.893"
"SW527","HDAC2","-0.006094157","0.949"
"T-47D","HDAC2","-0.04089586","0.941"
"ZR-75-1","HDAC2","-0.09577723","0.891"
"609050M","HDAC2","-0.03265336","0.959"
"A2780","HDAC2","0.01360059","0.814"
"A2780_CIS","HDAC2","-0.004983684","0.865"
"MM_OVCAR432_Bast_1","HDAC2","-0.04532492","0.979"
"OV-1946","HDAC2","-0.2180322","0.845"
"OV-90","HDAC2","-0.02168761","0.922"
"OVCA1369_TR","HDAC2","-0.3878767","0.817"
"OVCA433_Bast","HDAC2","-0.0606827","0.989"
"OVCA5","HDAC2","-0.04144178","0.897"
"OVCA8","HDAC2","-0.1736214","0.609"
"OVCAR-3","HDAC2","-0.03639514","0.941"
"SK-OV-3","HDAC2","0.0009833423","0.887"
"TOV-1946","HDAC2","-0.09611274","0.911"
"TOV-2223G","HDAC2","-0.008755581","0.837"
"TOV-3133G","HDAC2","-0.04884806","0.738"
"AsPC-1","HDAC2","-0.02137818","0.922"
"BxPC-3","HDAC2","-0.05488535","0.943"
"CFPAC-1","HDAC2","-0.009343811","0.933"
"Capan-2","HDAC2","-0.02233658","0.797"
"HPAC","HDAC2","-0.01766113","0.885"
"HPAF-II","HDAC2","-0.02998683","0.946"
"HPDE","HDAC2","-0.4976057","0.868"
"Hs 766T","HDAC2","-0.3662801","0.889"
"IMIM-PC-1","HDAC2","-0.06379544","0.842"
"IMIM-PC-2","HDAC2","-0.02227716","0.848"
"KP-3","HDAC2","-0.06313107","0.852"
"KP-4","HDAC2","-0.03277082","0.814"
"MIA PaCa-2","HDAC2","-0.01093565","0.935"
"PANC-1","HDAC2","-0.03589228","0.918"
"PL45","HDAC2","-0.05190909","0.923"
"PaTu_8988S","HDAC2","0.01522791","0.985"
"PaTu_8988T","HDAC2","-0.0244837","0.973"
"Panc 02.03","HDAC2","-0.1078613","0.909"
"Panc 03.27","HDAC2","-0.0114035","0.944"
"Panc 04.03","HDAC2","-0.03227487","0.943"
"Panc 05.04","HDAC2","-0.07405195","0.963"
"Panc 08.13","HDAC2","-0.03114299","0.872"
"Panc 10.05","HDAC2","0.0009588243","0.931"
"RWP-1","HDAC2","0.01359722","0.929"
"SK-PC-1","HDAC2","-0.04273093","0.927"
"SK-PC-3","HDAC2","-0.1887826","0.875"
"SU.86.86","HDAC2","0.01923055","0.932"
"SW1990","HDAC2","-0.05777411","0.906"
"BT-20","HDAC3","-0.5668428","0.062"
"BT-474","HDAC3","-0.4386421","0.116"
"BT-549","HDAC3","-0.6079557","0.098"
"CAL-51","HDAC3","-0.3006447","0.091"
"CAMA-1","HDAC3","-0.4654825","0.22"
"EFM-19","HDAC3","-0.2731506","0.159"
"HCC1143","HDAC3","-1.032128","0.026"
"HCC1187","HDAC3","-0.3148395","0.394"
"HCC1395","HDAC3","-0.721711","0.042"
"HCC1419","HDAC3","-0.2584653","0.288"
"HCC1428","HDAC3","-0.4434034","0.467"
"HCC1500","HDAC3","-0.3152854","0.232"
"HCC1806","HDAC3","-1.05855","0.031"
"HCC1937","HDAC3","-0.2169162","0.318"
"HCC1954","HDAC3","-0.3446455","0.136"
"HCC38","HDAC3","-0.5768598","0.077"
"Hs 578T","HDAC3","-0.341191","0.037"
"KPL-1","HDAC3","-0.2251975","0.073"
"MCF7","HDAC3","-0.1473986","0.145"
"MDA-MB-157","HDAC3","-0.4863536","0.048"
"MDA-MB-231","HDAC3","-0.5288534","0.081"
"MDA-MB-361","HDAC3","-0.4570375","0.105"
"MDA-MB-436","HDAC3","-0.5606281","0.116"
"MDA-MB-453","HDAC3","-0.05340818","0.318"
"MDA-MB-468","HDAC3","-0.4061269","0.065"
"SK-BR-3","HDAC3","-0.5696172","0.15"
"SW527","HDAC3","-0.3763886","0.046"
"T-47D","HDAC3","-0.3291245","0.287"
"ZR-75-1","HDAC3","-0.4269575","0.215"
"609050M","HDAC3","-0.4380033","0.091"
"A2780","HDAC3","-0.289119","0.071"
"A2780_CIS","HDAC3","-0.4526359","0.027"
"MM_OVCAR432_Bast_1","HDAC3","-1.430942","0.023"
"OV-1946","HDAC3","-0.8668298","0.102"
"OV-90","HDAC3","-0.4561654","0.077"
"OVCA1369_TR","HDAC3","-1.041988","0.467"
"OVCA433_Bast","HDAC3","-0.5305027","0.594"
"OVCA5","HDAC3","-0.5710557","0.046"
"OVCA8","HDAC3","-0.4442067","0.166"
"OVCAR-3","HDAC3","-1.426925","0.024"
"SK-OV-3","HDAC3","-0.09712952","0.396"
"TOV-1946","HDAC3","-0.6241067","0.145"
"TOV-2223G","HDAC3","-0.1188781","0.578"
"TOV-3133G","HDAC3","-0.07820084","0.617"
"AsPC-1","HDAC3","-0.5096124","0.009"
"BxPC-3","HDAC3","-0.6627994","0.051"
"CFPAC-1","HDAC3","-0.08196791","0.469"
"Capan-2","HDAC3","-0.2402389","0.097"
"HPAC","HDAC3","-0.2321326","0.046"
"HPAF-II","HDAC3","-0.2586168","0.228"
"HPDE","HDAC3","-4.292363","0.1"
"Hs 766T","HDAC3","-0.8070804","0.345"
"IMIM-PC-1","HDAC3","-0.1039469","0.567"
"IMIM-PC-2","HDAC3","-0.3178998","0.02"
"KP-3","HDAC3","-0.542504","0.021"
"KP-4","HDAC3","-0.2430326","0.038"
"MIA PaCa-2","HDAC3","-0.250956","0.04"
"PANC-1","HDAC3","-0.2928564","0.048"
"PL45","HDAC3","-0.4517167","0.024"
"PaTu_8988S","HDAC3","-0.2019131","0.108"
"PaTu_8988T","HDAC3","-0.2138402","0.123"
"Panc 02.03","HDAC3","-0.4850471","0.089"
"Panc 03.27","HDAC3","-0.1141784","0.467"
"Panc 04.03","HDAC3","-0.427589","0.052"
"Panc 05.04","HDAC3","-0.3078563","0.453"
"Panc 08.13","HDAC3","-0.3013758","0.081"
"Panc 10.05","HDAC3","-0.608403","0.003"
"RWP-1","HDAC3","-0.4489686","0.067"
"SK-PC-1","HDAC3","-0.2528944","0.179"
"SK-PC-3","HDAC3","-0.7434789","0.078"
"SU.86.86","HDAC3","-0.3190385","0.051"
"SW1990","HDAC3","-0.3479542","0.089"
"BT-20","HDAC4","-0.2520503","0.408"
"BT-474","HDAC4","-0.110818","0.704"
"BT-549","HDAC4","-0.2688156","0.51"
"CAL-51","HDAC4","-0.1249575","0.566"
"CAMA-1","HDAC4","-0.1256955","0.87"
"EFM-19","HDAC4","-0.09050764","0.64"
"HCC1143","HDAC4","-0.2224376","0.695"
"HCC1187","HDAC4","-0.1882203","0.666"
"HCC1395","HDAC4","-0.2387892","0.568"
"HCC1419","HDAC4","-0.05185963","0.9"
"HCC1428","HDAC4","-0.1373517","0.848"
"HCC1500","HDAC4","-0.02345383","0.936"
"HCC1806","HDAC4","-0.3090418","0.671"
"HCC1937","HDAC4","-0.1447726","0.466"
"HCC1954","HDAC4","-0.04695909","0.87"
"HCC38","HDAC4","-0.3194562","0.343"
"Hs 578T","HDAC4","-0.04626198","0.666"
"KPL-1","HDAC4","-0.05678999","0.778"
"MCF7","HDAC4","-0.04322809","0.594"
"MDA-MB-157","HDAC4","-0.1989114","0.385"
"MDA-MB-231","HDAC4","-0.1490144","0.575"
"MDA-MB-361","HDAC4","-0.01202827","0.955"
"MDA-MB-436","HDAC4","-0.1437496","0.811"
"MDA-MB-453","HDAC4","-0.03179949","0.423"
"MDA-MB-468","HDAC4","-0.04517268","0.757"
"SK-BR-3","HDAC4","-0.1310681","0.799"
"SW527","HDAC4","-0.103936","0.567"
"T-47D","HDAC4","-0.2169549","0.534"
"ZR-75-1","HDAC4","-0.09826614","0.884"
"609050M","HDAC4","-0.1483383","0.602"
"A2780","HDAC4","-0.07707535","0.43"
"A2780_CIS","HDAC4","-0.1955445","0.223"
"MM_OVCAR432_Bast_1","HDAC4","-0.3567584","0.752"
"OV-1946","HDAC4","-0.2141343","0.846"
"OV-90","HDAC4","-0.09260623","0.688"
"OVCA1369_TR","HDAC4","-0.517531","0.725"
"OVCA433_Bast","HDAC4","-0.6668614","0.435"
"OVCA5","HDAC4","-0.1668931","0.482"
"OVCA8","HDAC4","-0.07406141","0.851"
"OVCAR-3","HDAC4","-0.2122577","0.738"
"SK-OV-3","HDAC4","-0.07515277","0.497"
"TOV-1946","HDAC4","-0.1852936","0.793"
"TOV-2223G","HDAC4","-0.00855168","0.837"
"TOV-3133G","HDAC4","-0.0436104","0.765"
"AsPC-1","HDAC4","-0.1622171","0.437"
"BxPC-3","HDAC4","-0.07105515","0.915"
"CFPAC-1","HDAC4","-0.06791904","0.555"
"Capan-2","HDAC4","-0.08541974","0.439"
"HPAC","HDAC4","-0.05332086","0.636"
"HPAF-II","HDAC4","-0.1639198","0.486"
"HPDE","HDAC4","-0.7114576","0.824"
"Hs 766T","HDAC4","-0.5547535","0.674"
"IMIM-PC-1","HDAC4","-0.0928285","0.642"
"IMIM-PC-2","HDAC4","-0.0672534","0.556"
"KP-3","HDAC4","-0.3135948","0.163"
"KP-4","HDAC4","-0.06895775","0.573"
"MIA PaCa-2","HDAC4","-0.06492235","0.582"
"PANC-1","HDAC4","-0.03511981","0.923"
"PL45","HDAC4","-0.124568","0.703"
"PaTu_8988S","HDAC4","-0.04949476","0.642"
"PaTu_8988T","HDAC4","-0.0562735","0.786"
"Panc 02.03","HDAC4","-0.2237957","0.521"
"Panc 03.27","HDAC4","-0.01108639","0.944"
"Panc 04.03","HDAC4","-0.1273809","0.679"
"Panc 05.04","HDAC4","-0.2966528","0.475"
"Panc 08.13","HDAC4","-0.0473979","0.807"
"Panc 10.05","HDAC4","-0.1329214","0.496"
"RWP-1","HDAC4","-0.07067244","0.661"
"SK-PC-1","HDAC4","-0.1497777","0.468"
"SK-PC-3","HDAC4","-0.3262006","0.603"
"SU.86.86","HDAC4","-0.100404","0.413"
"SW1990","HDAC4","-0.1500659","0.572"
"BT-20","HDAC5","-0.2707514","0.365"
"BT-474","HDAC5","-0.1656847","0.544"
"BT-549","HDAC5","-0.2495234","0.55"
"CAL-51","HDAC5","-0.1329191","0.532"
"CAMA-1","HDAC5","-0.1971786","0.708"
"EFM-19","HDAC5","-0.3263696","0.093"
"HCC1143","HDAC5","-0.4027208","0.429"
"HCC1187","HDAC5","-0.4085252","0.237"
"HCC1395","HDAC5","-0.07151875","0.917"
"HCC1419","HDAC5","-0.03904831","0.936"
"HCC1428","HDAC5","-0.129262","0.862"
"HCC1500","HDAC5","-0.5786","0.036"
"HCC1806","HDAC5","-0.3136632","0.667"
"HCC1937","HDAC5","-0.1422954","0.472"
"HCC1954","HDAC5","-0.1184939","0.598"
"HCC38","HDAC5","-0.05719543","0.914"
"Hs 578T","HDAC5","-0.08374111","0.453"
"KPL-1","HDAC5","-0.1557499","0.189"
"MCF7","HDAC5","-0.0416132","0.606"
"MDA-MB-157","HDAC5","-0.2793086","0.222"
"MDA-MB-231","HDAC5","0.004722042","0.913"
"MDA-MB-361","HDAC5","-0.3186033","0.249"
"MDA-MB-436","HDAC5","-0.441357","0.2"
"MDA-MB-453","HDAC5","-0.2397805","0.042"
"MDA-MB-468","HDAC5","-0.2610345","0.176"
"SK-BR-3","HDAC5","-0.3381495","0.428"
"SW527","HDAC5","-0.2960195","0.097"
"T-47D","HDAC5","-0.4545439","0.133"
"ZR-75-1","HDAC5","-0.299659","0.41"
"609050M","HDAC5","-0.1734585","0.511"
"A2780","HDAC5","-0.05392668","0.529"
"A2780_CIS","HDAC5","-0.1644248","0.286"
"MM_OVCAR432_Bast_1","HDAC5","-0.8508037","0.252"
"OV-1946","HDAC5","-0.2437751","0.796"
"OV-90","HDAC5","-0.2764521","0.23"
"OVCA1369_TR","HDAC5","-2.581232","0.102"
"OVCA433_Bast","HDAC5","-0.6569563","0.452"
"OVCA5","HDAC5","-0.09261673","0.738"
"OVCA8","HDAC5","-0.2495227","0.459"
"OVCAR-3","HDAC5","-0.8673072","0.178"
"SK-OV-3","HDAC5","-0.08398946","0.455"
"TOV-1946","HDAC5","-0.2664624","0.654"
"TOV-2223G","HDAC5","-0.2300125","0.359"
"TOV-3133G","HDAC5","-0.1018537","0.538"
"AsPC-1","HDAC5","-0.07843428","0.728"
"BxPC-3","HDAC5","-0.2808168","0.463"
"CFPAC-1","HDAC5","-0.1391456","0.207"
"Capan-2","HDAC5","-0.09625946","0.401"
"HPAC","HDAC5","-0.08443876","0.436"
"HPAF-II","HDAC5","-0.06100367","0.861"
"HPDE","HDAC5","-2.863271","0.264"
"Hs 766T","HDAC5","-0.5106499","0.725"
"IMIM-PC-1","HDAC5","-0.3557826","0.03"
"IMIM-PC-2","HDAC5","-0.2435395","0.057"
"KP-3","HDAC5","-0.09769391","0.736"
"KP-4","HDAC5","-0.1019181","0.402"
"MIA PaCa-2","HDAC5","-0.07550985","0.511"
"PANC-1","HDAC5","-0.1093938","0.516"
"PL45","HDAC5","-0.1518099","0.609"
"PaTu_8988S","HDAC5","-0.01704057","0.855"
"PaTu_8988T","HDAC5","-0.2103998","0.127"
"Panc 02.03","HDAC5","-0.26644","0.407"
"Panc 03.27","HDAC5","-0.1153415","0.464"
"Panc 04.03","HDAC5","-0.1411453","0.627"
"Panc 05.04","HDAC5","-0.2994723","0.468"
"Panc 08.13","HDAC5","-0.05710357","0.755"
"Panc 10.05","HDAC5","-0.07772577","0.694"
"RWP-1","HDAC5","-0.05184115","0.737"
"SK-PC-1","HDAC5","-0.1678482","0.399"
"SK-PC-3","HDAC5","-0.269391","0.716"
"SU.86.86","HDAC5","-0.06832522","0.542"
"SW1990","HDAC5","-0.2816581","0.172"
"BT-20","HDAC6","-0.3985045","0.187"
"BT-474","HDAC6","-0.2757987","0.305"
"BT-549","HDAC6","-0.329675","0.399"
"CAL-51","HDAC6","-0.1614478","0.396"
"CAMA-1","HDAC6","-0.4948518","0.174"
"EFM-19","HDAC6","-0.1362465","0.496"
"HCC1143","HDAC6","-0.5985612","0.207"
"HCC1187","HDAC6","-0.3629083","0.318"
"HCC1395","HDAC6","-0.4775642","0.195"
"HCC1419","HDAC6","-0.06639326","0.84"
"HCC1428","HDAC6","-0.7744012","0.204"
"HCC1500","HDAC6","-0.09164186","0.764"
"HCC1806","HDAC6","-0.7853539","0.128"
"HCC1937","HDAC6","-0.480883","0.062"
"HCC1954","HDAC6","-0.1967474","0.372"
"HCC38","HDAC6","-0.6103912","0.07"
"Hs 578T","HDAC6","-0.1449786","0.237"
"KPL-1","HDAC6","-0.1223679","0.305"
"MCF7","HDAC6","-0.003167969","0.874"
"MDA-MB-157","HDAC6","-0.4987401","0.044"
"MDA-MB-231","HDAC6","-0.2084994","0.455"
"MDA-MB-361","HDAC6","-0.2837055","0.326"
"MDA-MB-436","HDAC6","-0.3449706","0.321"
"MDA-MB-453","HDAC6","-0.07332648","0.262"
"MDA-MB-468","HDAC6","-0.214088","0.237"
"SK-BR-3","HDAC6","-0.538227","0.178"
"SW527","HDAC6","-0.1729119","0.358"
"T-47D","HDAC6","-0.3037785","0.341"
"ZR-75-1","HDAC6","-0.2229047","0.569"
"609050M","HDAC6","-0.5487096","0.044"
"A2780","HDAC6","-0.1270703","0.277"
"A2780_CIS","HDAC6","-0.1737946","0.272"
"MM_OVCAR432_Bast_1","HDAC6","-0.5816461","0.517"
"OV-1946","HDAC6","-0.811761","0.124"
"OV-90","HDAC6","-0.3183075","0.172"
"OVCA1369_TR","HDAC6","-0.6407474","0.645"
"OVCA433_Bast","HDAC6","-0.5998679","0.523"
"OVCA5","HDAC6","-0.4319369","0.109"
"OVCA8","HDAC6","-0.3524994","0.269"
"OVCAR-3","HDAC6","-0.5113838","0.423"
"SK-OV-3","HDAC6","-0.2532295","0.084"
"TOV-1946","HDAC6","-0.612905","0.157"
"TOV-2223G","HDAC6","-0.33288","0.232"
"TOV-3133G","HDAC6","-0.05606546","0.704"
"AsPC-1","HDAC6","-0.2403702","0.205"
"BxPC-3","HDAC6","-0.3438937","0.332"
"CFPAC-1","HDAC6","-0.07479818","0.51"
"Capan-2","HDAC6","-0.1199602","0.308"
"HPAC","HDAC6","-0.1725445","0.132"
"HPAF-II","HDAC6","-0.2417475","0.277"
"HPDE","HDAC6","-0.9750438","0.757"
"Hs 766T","HDAC6","-0.6937323","0.488"
"IMIM-PC-1","HDAC6","-0.09116213","0.657"
"IMIM-PC-2","HDAC6","-0.03734216","0.763"
"KP-3","HDAC6","-0.4019842","0.079"
"KP-4","HDAC6","-0.1640043","0.159"
"MIA PaCa-2","HDAC6","-0.124495","0.256"
"PANC-1","HDAC6","-0.1486112","0.363"
"PL45","HDAC6","-0.3327441","0.147"
"PaTu_8988S","HDAC6","-0.193461","0.116"
"PaTu_8988T","HDAC6","-0.1323072","0.338"
"Panc 02.03","HDAC6","-0.3457076","0.242"
"Panc 03.27","HDAC6","-0.1142757","0.466"
"Panc 04.03","HDAC6","-0.276769","0.22"
"Panc 05.04","HDAC6","-0.2692832","0.554"
"Panc 08.13","HDAC6","-0.1584289","0.316"
"Panc 10.05","HDAC6","-0.3594018","0.076"
"RWP-1","HDAC6","-0.1432462","0.457"
"SK-PC-1","HDAC6","-0.2184384","0.251"
"SK-PC-3","HDAC6","-0.5102735","0.304"
"SU.86.86","HDAC6","-0.2197487","0.129"
"SW1990","HDAC6","-0.1805994","0.467"
"BT-20","HDAC7","-0.2205325","0.479"
"BT-474","HDAC7","-0.2224312","0.417"
"BT-549","HDAC7","-0.1206624","0.84"
"CAL-51","HDAC7","-0.1648047","0.382"
"CAMA-1","HDAC7","-0.3740211","0.331"
"EFM-19","HDAC7","0.02406665","0.973"
"HCC1143","HDAC7","-0.5512196","0.253"
"HCC1187","HDAC7","-0.1416754","0.782"
"HCC1395","HDAC7","-0.3383997","0.381"
"HCC1419","HDAC7","-0.1049744","0.723"
"HCC1428","HDAC7","-0.467822","0.45"
"HCC1500","HDAC7","-0.1494869","0.585"
"HCC1806","HDAC7","-0.3728757","0.59"
"HCC1937","HDAC7","-0.1422342","0.472"
"HCC1954","HDAC7","-0.0922314","0.711"
"HCC38","HDAC7","-0.4170564","0.203"
"Hs 578T","HDAC7","-0.1008479","0.368"
"KPL-1","HDAC7","-0.05108042","0.823"
"MCF7","HDAC7","-0.03225843","0.664"
"MDA-MB-157","HDAC7","-0.2051903","0.371"
"MDA-MB-231","HDAC7","-0.3295695","0.244"
"MDA-MB-361","HDAC7","-0.2535744","0.397"
"MDA-MB-436","HDAC7","-0.3724908","0.286"
"MDA-MB-453","HDAC7","-0.003202859","0.661"
"MDA-MB-468","HDAC7","-0.1150461","0.467"
"SK-BR-3","HDAC7","-0.03535672","0.955"
"SW527","HDAC7","-0.1445573","0.43"
"T-47D","HDAC7","-0.08334702","0.867"
"ZR-75-1","HDAC7","-0.1424752","0.784"
"609050M","HDAC7","-0.3537124","0.163"
"A2780","HDAC7","-0.09268986","0.376"
"A2780_CIS","HDAC7","-0.08420233","0.53"
"MM_OVCAR432_Bast_1","HDAC7","-0.7066644","0.377"
"OV-1946","HDAC7","-0.2784797","0.75"
"OV-90","HDAC7","-0.1346141","0.542"
"OVCA1369_TR","HDAC7","-0.7214276","0.6"
"OVCA433_Bast","HDAC7","-0.5615878","0.557"
"OVCA5","HDAC7","-0.2037978","0.396"
"OVCA8","HDAC7","-0.08242857","0.828"
"OVCAR-3","HDAC7","-0.3838488","0.541"
"SK-OV-3","HDAC7","-0.1637492","0.198"
"TOV-1946","HDAC7","-0.2553271","0.675"
"TOV-2223G","HDAC7","-0.1275236","0.561"
"TOV-3133G","HDAC7","-0.008105456","0.909"
"AsPC-1","HDAC7","-0.1184466","0.57"
"BxPC-3","HDAC7","-0.1787591","0.658"
"CFPAC-1","HDAC7","-0.06983861","0.537"
"Capan-2","HDAC7","-0.128666","0.279"
"HPAC","HDAC7","-0.1188275","0.278"
"HPAF-II","HDAC7","-0.06737714","0.84"
"HPDE","HDAC7","-1.3036","0.664"
"Hs 766T","HDAC7","-0.540107","0.696"
"IMIM-PC-1","HDAC7","-0.1168632","0.502"
"IMIM-PC-2","HDAC7","-0.02739479","0.82"
"KP-3","HDAC7","-0.3031619","0.181"
"KP-4","HDAC7","-0.1324814","0.253"
"MIA PaCa-2","HDAC7","-0.0886046","0.438"
"PANC-1","HDAC7","-0.1057104","0.534"
"PL45","HDAC7","-0.1598244","0.585"
"PaTu_8988S","HDAC7","-0.08320783","0.458"
"PaTu_8988T","HDAC7","-0.06741165","0.706"
"Panc 02.03","HDAC7","-0.1879052","0.665"
"Panc 03.27","HDAC7","-0.138691","0.367"
"Panc 04.03","HDAC7","-0.2447736","0.3"
"Panc 05.04","HDAC7","-0.2824368","0.517"
"Panc 08.13","HDAC7","-0.1314394","0.42"
"Panc 10.05","HDAC7","-0.1805889","0.356"
"RWP-1","HDAC7","-0.03226884","0.793"
"SK-PC-1","HDAC7","-0.1526771","0.456"
"SK-PC-3","HDAC7","-0.4330782","0.415"
"SU.86.86","HDAC7","-0.1857012","0.187"
"SW1990","HDAC7","-0.4883296","0.016"
"BT-20","HDAC8","0.01887645","0.982"
"BT-474","HDAC8","-0.009666272","0.973"
"BT-549","HDAC8","0.00107542","0.994"
"CAL-51","HDAC8","-0.02562376","0.994"
"CAMA-1","HDAC8","-0.08026522","0.96"
"EFM-19","HDAC8","0.00417504","0.942"
"HCC1143","HDAC8","0.04019411","0.989"
"HCC1187","HDAC8","-0.0402775","0.978"
"HCC1395","HDAC8","-0.008496325","0.981"
"HCC1419","HDAC8","-0.01607784","0.98"
"HCC1428","HDAC8","0.01888193","0.979"
"HCC1500","HDAC8","0.0126224","0.986"
"HCC1806","HDAC8","-0.0827741","0.933"
"HCC1937","HDAC8","-0.03407408","0.786"
"HCC1954","HDAC8","0.01489435","0.999"
"HCC38","HDAC8","0.006603205","0.984"
"Hs 578T","HDAC8","-0.02319572","0.796"
"KPL-1","HDAC8","-0.04095337","0.891"
"MCF7","HDAC8","0.01842885","0.957"
"MDA-MB-157","HDAC8","0.02583166","0.993"
"MDA-MB-231","HDAC8","0.0223201","0.936"
"MDA-MB-361","HDAC8","0.01140675","0.974"
"MDA-MB-436","HDAC8","-0.1061354","0.919"
"MDA-MB-453","HDAC8","0.01345135","0.827"
"MDA-MB-468","HDAC8","0.002300269","0.952"
"SK-BR-3","HDAC8","-0.01510762","0.98"
"SW527","HDAC8","0.02318717","0.99"
"T-47D","HDAC8","0.005700102","0.987"
"ZR-75-1","HDAC8","-0.04229922","0.964"
"609050M","HDAC8","0.01809639","0.998"
"A2780","HDAC8","0.04945197","0.934"
"A2780_CIS","HDAC8","0.01898739","0.955"
"MM_OVCAR432_Bast_1","HDAC8","-0.02571894","0.985"
"OV-1946","HDAC8","-0.08857629","0.966"
"OV-90","HDAC8","-0.01195503","0.95"
"OVCA1369_TR","HDAC8","-0.06380667","0.979"
"OVCA433_Bast","HDAC8","-0.02237418","0.993"
"OVCA5","HDAC8","-0.007799574","0.977"
"OVCA8","HDAC8","-0.004555341","0.985"
"OVCAR-3","HDAC8","0.03582692","0.984"
"SK-OV-3","HDAC8","-0.01669318","0.804"
"TOV-1946","HDAC8","0.03530031","1"
"TOV-2223G","HDAC8","0.051422","0.958"
"TOV-3133G","HDAC8","0.007389363","0.952"
"AsPC-1","HDAC8","0.001808265","0.98"
"BxPC-3","HDAC8","-0.04053616","0.96"
"CFPAC-1","HDAC8","0.0003314042","0.968"
"Capan-2","HDAC8","0.005925186","0.93"
"HPAC","HDAC8","0.01840834","0.997"
"HPAF-II","HDAC8","-0.0216187","0.966"
"HPDE","HDAC8","-0.6244034","0.844"
"Hs 766T","HDAC8","-0.1366249","0.998"
"IMIM-PC-1","HDAC8","-0.03847688","0.964"
"IMIM-PC-2","HDAC8","-0.03066774","0.806"
"KP-3","HDAC8","0.01783844","0.996"
"KP-4","HDAC8","-0.007935314","0.955"
"MIA PaCa-2","HDAC8","-0.001095158","0.97"
"PANC-1","HDAC8","-0.01889208","0.97"
"PL45","HDAC8","-0.004752973","0.993"
"PaTu_8988S","HDAC8","0.009556194","0.975"
"PaTu_8988T","HDAC8","-0.02362381","0.975"
"Panc 02.03","HDAC8","-0.06397086","0.983"
"Panc 03.27","HDAC8","-0.006893415","0.955"
"Panc 04.03","HDAC8","-0.02909213","0.949"
"Panc 05.04","HDAC8","-0.05585639","0.979"
"Panc 08.13","HDAC8","-0.04324886","0.825"
"Panc 10.05","HDAC8","0.006278909","0.944"
"RWP-1","HDAC8","-0.02234846","0.826"
"SK-PC-1","HDAC8","-0.02446318","0.965"
"SK-PC-3","HDAC8","-0.03303155","1"
"SU.86.86","HDAC8","0.02776604","0.953"
"SW1990","HDAC8","-0.03257665","0.962"
"BT-20","HDAC9","-0.06342484","0.856"
"BT-474","HDAC9","-0.06462319","0.849"
"BT-549","HDAC9","-0.09180879","0.897"
"CAL-51","HDAC9","-0.07254826","0.858"
"CAMA-1","HDAC9","-0.09960156","0.923"
"EFM-19","HDAC9","0.07404958","1"
"HCC1143","HDAC9","-0.0033077","0.966"
"HCC1187","HDAC9","-0.06063852","0.956"
"HCC1395","HDAC9","-0.1084031","0.851"
"HCC1419","HDAC9","-0.06893443","0.831"
"HCC1428","HDAC9","-0.558873","0.367"
"HCC1500","HDAC9","-0.1448509","0.593"
"HCC1806","HDAC9","-0.02856908","0.971"
"HCC1937","HDAC9","0.04635493","0.977"
"HCC1954","HDAC9","-0.09659702","0.7"
"HCC38","HDAC9","-0.05179033","0.928"
"Hs 578T","HDAC9","-0.05490514","0.607"
"KPL-1","HDAC9","-0.03119406","0.928"
"MCF7","HDAC9","-0.007455918","0.842"
"MDA-MB-157","HDAC9","-0.04184892","0.887"
"MDA-MB-231","HDAC9","-0.02961085","0.841"
"MDA-MB-361","HDAC9","0.0006952478","0.966"
"MDA-MB-436","HDAC9","-0.1231617","0.866"
"MDA-MB-453","HDAC9","0.001740979","0.71"
"MDA-MB-468","HDAC9","-0.008554937","0.926"
"SK-BR-3","HDAC9","-0.1119446","0.837"
"SW527","HDAC9","-0.004257587","0.955"
"T-47D","HDAC9","-0.02979496","0.955"
"ZR-75-1","HDAC9","-0.0840691","0.908"
"609050M","HDAC9","-0.03934601","0.943"
"A2780","HDAC9","0.0317625","0.88"
"A2780_CIS","HDAC9","-0.03937196","0.725"
"MM_OVCAR432_Bast_1","HDAC9","-0.01242696","0.988"
"OV-1946","HDAC9","-0.3902737","0.564"
"OV-90","HDAC9","0.01279118","0.986"
"OVCA1369_TR","HDAC9","-1.349737","0.34"
"OVCA433_Bast","HDAC9","-0.1650898","0.947"
"OVCA5","HDAC9","-0.03977738","0.904"
"OVCA8","HDAC9","-0.02737102","0.954"
"OVCAR-3","HDAC9","-0.1456118","0.824"
"SK-OV-3","HDAC9","-0.002125341","0.874"
"TOV-1946","HDAC9","-0.09407319","0.911"
"TOV-2223G","HDAC9","-0.2891029","0.285"
"TOV-3133G","HDAC9","0.03381228","0.991"
"AsPC-1","HDAC9","-0.008265248","0.959"
"BxPC-3","HDAC9","-0.07108985","0.915"
"CFPAC-1","HDAC9","-0.02914611","0.82"
"Capan-2","HDAC9","-0.00168316","0.91"
"HPAC","HDAC9","-0.009468307","0.929"
"HPAF-II","HDAC9","-0.01267714","0.984"
"HPDE","HDAC9","-0.3809495","0.894"
"Hs 766T","HDAC9","-0.5928177","0.616"
"IMIM-PC-1","HDAC9","-0.09455869","0.63"
"IMIM-PC-2","HDAC9","-0.04283371","0.733"
"KP-3","HDAC9","-0.01183633","0.969"
"KP-4","HDAC9","-0.01766014","0.913"
"MIA PaCa-2","HDAC9","-0.0501957","0.674"
"PANC-1","HDAC9","-0.05386833","0.827"
"PL45","HDAC9","-0.09698354","0.801"
"PaTu_8988S","HDAC9","0.001536839","0.946"
"PaTu_8988T","HDAC9","-0.05380078","0.808"
"Panc 02.03","HDAC9","-0.1074039","0.911"
"Panc 03.27","HDAC9","-0.01982057","0.912"
"Panc 04.03","HDAC9","-0.03399522","0.941"
"Panc 05.04","HDAC9","-0.3325185","0.388"
"Panc 08.13","HDAC9","-0.04692318","0.807"
"Panc 10.05","HDAC9","-0.05419032","0.768"
"RWP-1","HDAC9","-0.1526332","0.423"
"SK-PC-1","HDAC9","-0.04516139","0.915"
"SK-PC-3","HDAC9","-0.1969419","0.864"
"SU.86.86","HDAC9","-0.013428","0.799"
"SW1990","HDAC9","-0.09114161","0.803"
"BT-20","HIF1AN","-0.2171986","0.483"
"BT-474","HIF1AN","-0.2208389","0.42"
"BT-549","HIF1AN","-0.2000699","0.653"
"CAL-51","HIF1AN","-0.2047149","0.246"
"CAMA-1","HIF1AN","-0.2446553","0.593"
"EFM-19","HIF1AN","-0.1282884","0.529"
"HCC1143","HIF1AN","-0.6007732","0.205"
"HCC1187","HIF1AN","-0.3208401","0.381"
"HCC1395","HIF1AN","-0.06516071","0.927"
"HCC1419","HIF1AN","-0.4622062","0.071"
"HCC1428","HIF1AN","-0.3700615","0.546"
"HCC1500","HIF1AN","-0.190239","0.471"
"HCC1806","HIF1AN","-0.7356295","0.164"
"HCC1937","HIF1AN","-0.3067352","0.178"
"HCC1954","HIF1AN","-0.2468386","0.283"
"HCC38","HIF1AN","-0.2020203","0.585"
"Hs 578T","HIF1AN","-0.2266209","0.113"
"KPL-1","HIF1AN","-0.08730477","0.515"
"MCF7","HIF1AN","-0.09309117","0.289"
"MDA-MB-157","HIF1AN","-0.6279397","0.016"
"MDA-MB-231","HIF1AN","-0.2150495","0.442"
"MDA-MB-361","HIF1AN","-0.1597702","0.588"
"MDA-MB-436","HIF1AN","-0.413536","0.228"
"MDA-MB-453","HIF1AN","-0.1791186","0.078"
"MDA-MB-468","HIF1AN","-0.003260631","0.937"
"SK-BR-3","HIF1AN","-0.5583486","0.158"
"SW527","HIF1AN","-0.1958921","0.296"
"T-47D","HIF1AN","-0.257428","0.437"
"ZR-75-1","HIF1AN","-0.393957","0.249"
"609050M","HIF1AN","-0.3113305","0.214"
"A2780","HIF1AN","-0.08524419","0.403"
"A2780_CIS","HIF1AN","-0.3355417","0.076"
"MM_OVCAR432_Bast_1","HIF1AN","-1.132214","0.106"
"OV-1946","HIF1AN","-0.3661799","0.606"
"OV-90","HIF1AN","-0.2567255","0.266"
"OVCA1369_TR","HIF1AN","-0.8443174","0.534"
"OVCA433_Bast","HIF1AN","-0.99309","0.174"
"OVCA5","HIF1AN","-0.252768","0.298"
"OVCA8","HIF1AN","-0.334338","0.297"
"OVCAR-3","HIF1AN","-0.4849953","0.449"
"SK-OV-3","HIF1AN","-0.237416","0.098"
"TOV-1946","HIF1AN","-0.3732287","0.464"
"TOV-2223G","HIF1AN","-0.7001234","0.062"
"TOV-3133G","HIF1AN","-0.2678466","0.165"
"AsPC-1","HIF1AN","-0.05147054","0.833"
"BxPC-3","HIF1AN","-0.3438803","0.332"
"CFPAC-1","HIF1AN","-0.08237614","0.467"
"Capan-2","HIF1AN","-0.13991","0.247"
"HPAC","HIF1AN","-0.05954312","0.587"
"HPAF-II","HIF1AN","-0.1441196","0.557"
"HPDE","HIF1AN","-3.409791","0.181"
"Hs 766T","HIF1AN","-0.6548671","0.545"
"IMIM-PC-1","HIF1AN","-0.4475259","0.013"
"IMIM-PC-2","HIF1AN","-0.2324623","0.067"
"KP-3","HIF1AN","-0.1047307","0.711"
"KP-4","HIF1AN","-0.07222336","0.55"
"MIA PaCa-2","HIF1AN","-0.1689305","0.152"
"PANC-1","HIF1AN","-0.1633402","0.322"
"PL45","HIF1AN","-0.1060565","0.773"
"PaTu_8988S","HIF1AN","-0.1617536","0.188"
"PaTu_8988T","HIF1AN","-0.143847","0.287"
"Panc 02.03","HIF1AN","-0.4464456","0.115"
"Panc 03.27","HIF1AN","-0.1201122","0.455"
"Panc 04.03","HIF1AN","-0.1514084","0.585"
"Panc 05.04","HIF1AN","-0.3756613","0.297"
"Panc 08.13","HIF1AN","-0.1207599","0.462"
"Panc 10.05","HIF1AN","-0.03534946","0.833"
"RWP-1","HIF1AN","-0.3347827","0.137"
"SK-PC-1","HIF1AN","-0.1668512","0.405"
"SK-PC-3","HIF1AN","-0.3876354","0.49"
"SU.86.86","HIF1AN","-0.2150515","0.133"
"SW1990","HIF1AN","-0.07716383","0.85"
"BT-20","HINFP","-0.1038772","0.76"
"BT-474","HINFP","-0.2071534","0.452"
"BT-549","HINFP","-0.2351132","0.582"
"CAL-51","HINFP","-0.127957","0.553"
"CAMA-1","HINFP","-0.1685794","0.772"
"EFM-19","HINFP","-0.098192","0.611"
"HCC1143","HINFP","-0.3457684","0.493"
"HCC1187","HINFP","-0.471433","0.184"
"HCC1395","HINFP","-0.2806604","0.487"
"HCC1419","HINFP","-0.1514912","0.561"
"HCC1428","HINFP","-0.4573682","0.457"
"HCC1500","HINFP","-0.2898045","0.266"
"HCC1806","HINFP","-0.2963807","0.686"
"HCC1937","HINFP","-0.1976955","0.346"
"HCC1954","HINFP","-0.2214867","0.311"
"HCC38","HINFP","-0.3926143","0.231"
"Hs 578T","HINFP","-0.149405","0.224"
"KPL-1","HINFP","-0.1685221","0.157"
"MCF7","HINFP","-0.1498501","0.139"
"MDA-MB-157","HINFP","-0.2120958","0.353"
"MDA-MB-231","HINFP","-0.3899377","0.168"
"MDA-MB-361","HINFP","-0.08925401","0.781"
"MDA-MB-436","HINFP","-0.4293492","0.216"
"MDA-MB-453","HINFP","-0.1396751","0.121"
"MDA-MB-468","HINFP","-0.1382605","0.401"
"SK-BR-3","HINFP","-0.3629768","0.381"
"SW527","HINFP","-0.1739182","0.353"
"T-47D","HINFP","-0.1559717","0.68"
"ZR-75-1","HINFP","-0.2777668","0.45"
"609050M","HINFP","-0.1819297","0.481"
"A2780","HINFP","-0.0823921","0.408"
"A2780_CIS","HINFP","-0.1108955","0.432"
"MM_OVCAR432_Bast_1","HINFP","-0.8337433","0.267"
"OV-1946","HINFP","-0.2250482","0.833"
"OV-90","HINFP","-0.1832079","0.413"
"OVCA1369_TR","HINFP","-0.4470773","0.781"
"OVCA433_Bast","HINFP","-0.2521048","0.881"
"OVCA5","HINFP","-0.3273723","0.201"
"OVCA8","HINFP","-0.1735378","0.609"
"OVCAR-3","HINFP","-0.4393767","0.492"
"SK-OV-3","HINFP","-0.07255141","0.511"
"TOV-1946","HINFP","-0.2351887","0.706"
"TOV-2223G","HINFP","0.1322137","0.998"
"TOV-3133G","HINFP","-0.4700047","0.064"
"AsPC-1","HINFP","-0.2905704","0.121"
"BxPC-3","HINFP","-0.1429168","0.743"
"CFPAC-1","HINFP","-0.1072287","0.325"
"Capan-2","HINFP","-0.227318","0.112"
"HPAC","HINFP","-0.1261048","0.249"
"HPAF-II","HINFP","-0.105617","0.7"
"HPDE","HINFP","-0.6685717","0.832"
"Hs 766T","HINFP","-0.3593774","0.893"
"IMIM-PC-1","HINFP","-0.04213655","0.949"
"IMIM-PC-2","HINFP","-0.1240609","0.264"
"KP-3","HINFP","-0.3020445","0.181"
"KP-4","HINFP","-0.1037106","0.387"
"MIA PaCa-2","HINFP","-0.127092","0.251"
"PANC-1","HINFP","-0.213458","0.166"
"PL45","HINFP","-0.1093168","0.761"
"PaTu_8988S","HINFP","-0.1955529","0.11"
"PaTu_8988T","HINFP","-0.1433567","0.288"
"Panc 02.03","HINFP","-0.4428332","0.117"
"Panc 03.27","HINFP","-0.1649076","0.283"
"Panc 04.03","HINFP","-0.1525224","0.578"
"Panc 05.04","HINFP","-0.2058272","0.707"
"Panc 08.13","HINFP","-0.2384702","0.129"
"Panc 10.05","HINFP","-0.3248253","0.106"
"RWP-1","HINFP","-0.04509985","0.763"
"SK-PC-1","HINFP","-0.1449099","0.499"
"SK-PC-3","HINFP","-0.3134766","0.632"
"SU.86.86","HINFP","-0.120358","0.345"
"SW1990","HINFP","-0.1044027","0.76"
"BT-20","HR","-0.1338377","0.662"
"BT-474","HR","-0.09122803","0.768"
"BT-549","HR","-0.07559235","0.923"
"CAL-51","HR","-0.03998569","0.963"
"CAMA-1","HR","-0.1442124","0.825"
"EFM-19","HR","0.004630427","0.942"
"HCC1143","HR","0.05299536","0.989"
"HCC1187","HR","-0.112905","0.856"
"HCC1395","HR","-0.1711694","0.713"
"HCC1419","HR","-0.04490781","0.924"
"HCC1428","HR","-0.1094514","0.889"
"HCC1500","HR","-0.05978047","0.862"
"HCC1806","HR","-0.007270482","0.987"
"HCC1937","HR","-0.1337133","0.493"
"HCC1954","HR","-0.0305472","0.925"
"HCC38","HR","-0.05646983","0.919"
"Hs 578T","HR","-0.01243701","0.84"
"KPL-1","HR","-0.04738222","0.845"
"MCF7","HR","-0.01484547","0.792"
"MDA-MB-157","HR","0.06035704","1"
"MDA-MB-231","HR","-0.02341201","0.854"
"MDA-MB-361","HR","-0.1521266","0.607"
"MDA-MB-436","HR","-0.1311082","0.849"
"MDA-MB-453","HR","-0.004285194","0.648"
"MDA-MB-468","HR","-0.02313211","0.863"
"SK-BR-3","HR","-0.07823408","0.899"
"SW527","HR","-0.01029521","0.935"
"T-47D","HR","-0.1691963","0.637"
"ZR-75-1","HR","-0.08656929","0.905"
"609050M","HR","-0.03416056","0.956"
"A2780","HR","0.02408119","0.854"
"A2780_CIS","HR","-0.0217813","0.811"
"MM_OVCAR432_Bast_1","HR","-0.1958227","0.894"
"OV-1946","HR","-0.07692941","0.974"
"OV-90","HR","-0.06256907","0.78"
"OVCA1369_TR","HR","-0.5456668","0.708"
"OVCA433_Bast","HR","-0.1967308","0.922"
"OVCA5","HR","-0.1031952","0.704"
"OVCA8","HR","-0.09190972","0.801"
"OVCAR-3","HR","-0.1317152","0.837"
"SK-OV-3","HR","-0.1031559","0.365"
"TOV-1946","HR","-0.04990989","0.958"
"TOV-2223G","HR","-0.02589491","0.803"
"TOV-3133G","HR","-0.008680697","0.904"
"AsPC-1","HR","-0.2093552","0.281"
"BxPC-3","HR","-0.04105192","0.96"
"CFPAC-1","HR","-0.02052808","0.879"
"Capan-2","HR","-0.01143284","0.864"
"HPAC","HR","-0.007237109","0.941"
"HPAF-II","HR","-0.07111653","0.827"
"HPDE","HR","0.1753169","0.982"
"Hs 766T","HR","-0.4204643","0.83"
"IMIM-PC-1","HR","-0.03184784","0.981"
"IMIM-PC-2","HR","0.01329145","0.985"
"KP-3","HR","-0.05534149","0.869"
"KP-4","HR","-0.03461903","0.802"
"MIA PaCa-2","HR","-0.03103088","0.825"
"PANC-1","HR","-0.06700097","0.769"
"PL45","HR","-0.08488546","0.837"
"PaTu_8988S","HR","0.003999784","0.959"
"PaTu_8988T","HR","-0.02957133","0.955"
"Panc 02.03","HR","-0.06241856","0.984"
"Panc 03.27","HR","-0.00555528","0.956"
"Panc 04.03","HR","-0.04510297","0.918"
"Panc 05.04","HR","-0.06154479","0.978"
"Panc 08.13","HR","-0.04517588","0.816"
"Panc 10.05","HR","-0.06274575","0.749"
"RWP-1","HR","0.0330301","0.965"
"SK-PC-1","HR","-0.03479949","0.941"
"SK-PC-3","HR","-0.137987","0.944"
"SU.86.86","HR","-0.009883921","0.818"
"SW1990","HR","-0.2063999","0.383"
"BT-20","ING1","-0.2105947","0.498"
"BT-474","ING1","-0.2127076","0.441"
"BT-549","ING1","-0.4191764","0.273"
"CAL-51","ING1","-0.08472624","0.801"
"CAMA-1","ING1","-0.09369159","0.94"
"EFM-19","ING1","-0.003768765","0.924"
"HCC1143","ING1","-0.4739248","0.355"
"HCC1187","ING1","-0.190762","0.663"
"HCC1395","ING1","-0.1779553","0.699"
"HCC1419","ING1","-0.1786528","0.473"
"HCC1428","ING1","-0.3975857","0.51"
"HCC1500","ING1","-0.2716823","0.292"
"HCC1806","ING1","-0.3048832","0.676"
"HCC1937","ING1","-0.04905248","0.744"
"HCC1954","ING1","-0.08043522","0.759"
"HCC38","ING1","-0.2062654","0.576"
"Hs 578T","ING1","-0.1023508","0.359"
"KPL-1","ING1","-0.03909122","0.894"
"MCF7","ING1","-0.02028061","0.764"
"MDA-MB-157","ING1","-0.2392224","0.297"
"MDA-MB-231","ING1","-0.4288887","0.124"
"MDA-MB-361","ING1","-0.1458944","0.624"
"MDA-MB-436","ING1","-0.2638247","0.476"
"MDA-MB-453","ING1","-0.0314795","0.425"
"MDA-MB-468","ING1","-0.1109033","0.481"
"SK-BR-3","ING1","-0.4042785","0.325"
"SW527","ING1","-0.02730849","0.887"
"T-47D","ING1","-0.2853873","0.375"
"ZR-75-1","ING1","-0.1668114","0.714"
"609050M","ING1","-0.306314","0.226"
"A2780","ING1","0.04652891","0.926"
"A2780_CIS","ING1","-0.03267609","0.765"
"MM_OVCAR432_Bast_1","ING1","-0.2710873","0.843"
"OV-1946","ING1","-0.6965089","0.2"
"OV-90","ING1","-0.05813725","0.799"
"OVCA1369_TR","ING1","-0.3798716","0.824"
"OVCA433_Bast","ING1","-0.5666724","0.552"
"OVCA5","ING1","-0.1234439","0.636"
"OVCA8","ING1","-0.1134826","0.759"
"OVCAR-3","ING1","-0.7136646","0.278"
"SK-OV-3","ING1","-0.140594","0.246"
"TOV-1946","ING1","-0.4180411","0.395"
"TOV-2223G","ING1","-0.05546465","0.723"
"TOV-3133G","ING1","-0.2202783","0.228"
"AsPC-1","ING1","-0.188331","0.349"
"BxPC-3","ING1","-0.320923","0.374"
"CFPAC-1","ING1","-0.1499586","0.178"
"Capan-2","ING1","-0.0229295","0.795"
"HPAC","ING1","-0.1393787","0.212"
"HPAF-II","ING1","-0.3085577","0.156"
"HPDE","ING1","-1.721625","0.537"
"Hs 766T","ING1","-1.202139","0.049"
"IMIM-PC-1","ING1","-0.2583573","0.097"
"IMIM-PC-2","ING1","-0.07463763","0.505"
"KP-3","ING1","-0.07152842","0.82"
"KP-4","ING1","-0.04991537","0.718"
"MIA PaCa-2","ING1","-0.04828971","0.683"
"PANC-1","ING1","-0.1523154","0.351"
"PL45","ING1","-0.1652735","0.563"
"PaTu_8988S","ING1","-0.0241395","0.824"
"PaTu_8988T","ING1","-0.05435424","0.803"
"Panc 02.03","ING1","-0.2124145","0.573"
"Panc 03.27","ING1","-0.1210956","0.448"
"Panc 04.03","ING1","-0.3035394","0.164"
"Panc 05.04","ING1","-0.1443481","0.84"
"Panc 08.13","ING1","-0.04101819","0.832"
"Panc 10.05","ING1","-0.07695772","0.7"
"RWP-1","ING1","-0.2188793","0.282"
"SK-PC-1","ING1","-0.08933665","0.706"
"SK-PC-3","ING1","-0.5678421","0.223"
"SU.86.86","ING1","-0.06535597","0.555"
"SW1990","ING1","-0.1453078","0.586"
"BT-20","ING2","-0.04652031","0.886"
"BT-474","ING2","-0.01409752","0.966"
"BT-549","ING2","-0.4512706","0.236"
"CAL-51","ING2","-0.05682134","0.92"
"CAMA-1","ING2","-0.1877152","0.727"
"EFM-19","ING2","-0.1016314","0.601"
"HCC1143","ING2","0.03653551","0.989"
"HCC1187","ING2","-0.05437348","0.962"
"HCC1395","ING2","-0.6246603","0.086"
"HCC1419","ING2","-0.03652073","0.944"
"HCC1428","ING2","-0.7191316","0.248"
"HCC1500","ING2","-0.1242936","0.663"
"HCC1806","ING2","-0.01516196","0.981"
"HCC1937","ING2","-0.04828557","0.747"
"HCC1954","ING2","-0.01794517","0.96"
"HCC38","ING2","-0.0277522","0.952"
"Hs 578T","ING2","-0.08312922","0.458"
"KPL-1","ING2","-0.06502277","0.714"
"MCF7","ING2","0.03094918","0.982"
"MDA-MB-157","ING2","-0.1510802","0.525"
"MDA-MB-231","ING2","0.02555639","0.943"
"MDA-MB-361","ING2","-0.1279878","0.67"
"MDA-MB-436","ING2","-0.1582648","0.768"
"MDA-MB-453","ING2","0.03382313","0.965"
"MDA-MB-468","ING2","-0.01432087","0.907"
"SK-BR-3","ING2","-0.07222139","0.91"
"SW527","ING2","-0.01095994","0.934"
"T-47D","ING2","-0.139761","0.741"
"ZR-75-1","ING2","-0.1930559","0.646"
"609050M","ING2","-0.1337258","0.646"
"A2780","ING2","0.03085525","0.876"
"A2780_CIS","ING2","-0.09365571","0.497"
"MM_OVCAR432_Bast_1","ING2","0.1110832","1"
"OV-1946","ING2","-0.317969","0.686"
"OV-90","ING2","-0.04625551","0.84"
"OVCA1369_TR","ING2","-0.3153743","0.864"
"OVCA433_Bast","ING2","-0.550576","0.567"
"OVCA5","ING2","-0.1168502","0.66"
"OVCA8","ING2","0.005625785","0.992"
"OVCAR-3","ING2","-0.1564859","0.813"
"SK-OV-3","ING2","-0.05714922","0.581"
"TOV-1946","ING2","-0.1589756","0.831"
"TOV-2223G","ING2","0.01663366","0.899"
"TOV-3133G","ING2","-0.1430096","0.398"
"AsPC-1","ING2","-0.05643699","0.812"
"BxPC-3","ING2","-0.01009532","0.993"
"CFPAC-1","ING2","-0.01126744","0.927"
"Capan-2","ING2","0.02322203","0.978"
"HPAC","ING2","0.006510622","0.979"
"HPAF-II","ING2","-0.02553952","0.955"
"HPDE","ING2","-1.828814","0.511"
"Hs 766T","ING2","-0.5446014","0.691"
"IMIM-PC-1","ING2","-0.05952356","0.865"
"IMIM-PC-2","ING2","-0.07585683","0.496"
"KP-3","ING2","0.01698883","0.995"
"KP-4","ING2","-0.03199571","0.819"
"MIA PaCa-2","ING2","-0.03792405","0.763"
"PANC-1","ING2","-0.1092162","0.516"
"PL45","ING2","-0.1595525","0.585"
"PaTu_8988S","ING2","-0.03605805","0.742"
"PaTu_8988T","ING2","-0.09733742","0.508"
"Panc 02.03","ING2","-0.1155525","0.896"
"Panc 03.27","ING2","-0.09697319","0.545"
"Panc 04.03","ING2","-0.05518602","0.891"
"Panc 05.04","ING2","-0.3318495","0.389"
"Panc 08.13","ING2","-0.01018476","0.95"
"Panc 10.05","ING2","0.01869728","0.96"
"RWP-1","ING2","-0.1099003","0.552"
"SK-PC-1","ING2","-0.009292416","0.99"
"SK-PC-3","ING2","-0.467132","0.372"
"SU.86.86","ING2","0.02693761","0.95"
"SW1990","ING2","-0.08527442","0.827"
"BT-20","ING3","-0.1852354","0.547"
"BT-474","ING3","-0.2623374","0.335"
"BT-549","ING3","-0.1943812","0.667"
"CAL-51","ING3","-0.08922166","0.771"
"CAMA-1","ING3","-0.2479177","0.587"
"EFM-19","ING3","-0.09126194","0.635"
"HCC1143","ING3","-0.4234968","0.405"
"HCC1187","ING3","-0.07564341","0.932"
"HCC1395","ING3","-0.1426989","0.773"
"HCC1419","ING3","-0.2265823","0.358"
"HCC1428","ING3","-0.09751201","0.901"
"HCC1500","ING3","-0.1356555","0.621"
"HCC1806","ING3","-0.1844046","0.829"
"HCC1937","ING3","-0.03966882","0.768"
"HCC1954","ING3","-0.197324","0.37"
"HCC38","ING3","-0.3120255","0.359"
"Hs 578T","ING3","-0.1089664","0.333"
"KPL-1","ING3","-0.1067876","0.387"
"MCF7","ING3","-0.04003869","0.615"
"MDA-MB-157","ING3","-0.04260185","0.885"
"MDA-MB-231","ING3","-0.1799048","0.506"
"MDA-MB-361","ING3","-0.2972108","0.29"
"MDA-MB-436","ING3","-0.231479","0.556"
"MDA-MB-453","ING3","-0.02088916","0.509"
"MDA-MB-468","ING3","-0.1016354","0.522"
"SK-BR-3","ING3","-0.1618226","0.744"
"SW527","ING3","-0.02413756","0.901"
"T-47D","ING3","-0.1862098","0.602"
"ZR-75-1","ING3","-0.3576931","0.31"
"609050M","ING3","-0.2541304","0.32"
"A2780","ING3","-0.03753887","0.595"
"A2780_CIS","ING3","-0.08685943","0.522"
"MM_OVCAR432_Bast_1","ING3","-0.3776194","0.728"
"OV-1946","ING3","-0.261259","0.773"
"OV-90","ING3","-0.3305953","0.16"
"OVCA1369_TR","ING3","-0.9813395","0.49"
"OVCA433_Bast","ING3","-1.434769","0.032"
"OVCA5","ING3","-0.166678","0.482"
"OVCA8","ING3","-0.1146857","0.756"
"OVCAR-3","ING3","-0.3174939","0.613"
"SK-OV-3","ING3","-0.01878984","0.789"
"TOV-1946","ING3","-0.0867438","0.919"
"TOV-2223G","ING3","-0.039579","0.762"
"TOV-3133G","ING3","-0.1085507","0.507"
"AsPC-1","ING3","-0.1591012","0.444"
"BxPC-3","ING3","-0.3267933","0.364"
"CFPAC-1","ING3","-0.1165356","0.279"
"Capan-2","ING3","0.01272181","0.961"
"HPAC","ING3","-0.07144856","0.514"
"HPAF-II","ING3","-0.183967","0.429"
"HPDE","ING3","-2.216964","0.398"
"Hs 766T","ING3","-0.9124079","0.235"
"IMIM-PC-1","ING3","-0.08457829","0.693"
"IMIM-PC-2","ING3","-0.07921912","0.48"
"KP-3","ING3","-0.07044722","0.825"
"KP-4","ING3","-0.04872349","0.724"
"MIA PaCa-2","ING3","-0.02325792","0.869"
"PANC-1","ING3","-0.07033486","0.746"
"PL45","ING3","-0.2683856","0.276"
"PaTu_8988S","ING3","-0.06709617","0.537"
"PaTu_8988T","ING3","-0.06591733","0.716"
"Panc 02.03","ING3","-0.1594427","0.761"
"Panc 03.27","ING3","-0.06449451","0.694"
"Panc 04.03","ING3","-0.2851775","0.201"
"Panc 05.04","ING3","-0.4571418","0.167"
"Panc 08.13","ING3","-0.1224114","0.458"
"Panc 10.05","ING3","-0.08205874","0.681"
"RWP-1","ING3","-0.2282683","0.265"
"SK-PC-1","ING3","-0.1233537","0.571"
"SK-PC-3","ING3","-0.2925183","0.671"
"SU.86.86","ING3","-0.02703942","0.729"
"SW1990","ING3","-0.2566461","0.23"
"BT-20","ING4","-0.05984908","0.86"
"BT-474","ING4","-0.06621626","0.842"
"BT-549","ING4","-0.1397181","0.797"
"CAL-51","ING4","-0.08631068","0.787"
"CAMA-1","ING4","-0.1794935","0.753"
"EFM-19","ING4","0.05366193","0.995"
"HCC1143","ING4","-0.1433758","0.809"
"HCC1187","ING4","-0.3028287","0.421"
"HCC1395","ING4","-0.1166069","0.828"
"HCC1419","ING4","-0.09027732","0.77"
"HCC1428","ING4","-0.1160389","0.88"
"HCC1500","ING4","-0.1828133","0.485"
"HCC1806","ING4","-0.2740521","0.715"
"HCC1937","ING4","-0.03186521","0.795"
"HCC1954","ING4","-0.2607836","0.257"
"HCC38","ING4","-0.226736","0.537"
"Hs 578T","ING4","-0.09554513","0.395"
"KPL-1","ING4","-0.1225378","0.305"
"MCF7","ING4","-0.04403966","0.585"
"MDA-MB-157","ING4","-0.08275861","0.748"
"MDA-MB-231","ING4","-0.1885664","0.484"
"MDA-MB-361","ING4","-0.1412766","0.639"
"MDA-MB-436","ING4","-0.1626279","0.754"
"MDA-MB-453","ING4","-0.05942852","0.302"
"MDA-MB-468","ING4","-0.046376","0.754"
"SK-BR-3","ING4","-0.1774765","0.715"
"SW527","ING4","-0.07365696","0.691"
"T-47D","ING4","-0.1161219","0.799"
"ZR-75-1","ING4","-0.1753102","0.687"
"609050M","ING4","-0.185073","0.474"
"A2780","ING4","-0.007857383","0.719"
"A2780_CIS","ING4","-0.05862103","0.637"
"MM_OVCAR432_Bast_1","ING4","-0.4046006","0.699"
"OV-1946","ING4","-0.4277186","0.514"
"OV-90","ING4","-0.1960613","0.377"
"OVCA1369_TR","ING4","-0.3989846","0.803"
"OVCA433_Bast","ING4","-0.611903","0.513"
"OVCA5","ING4","-0.03917679","0.908"
"OVCA8","ING4","-0.1237193","0.733"
"OVCAR-3","ING4","-0.3048782","0.628"
"SK-OV-3","ING4","-0.08231241","0.46"
"TOV-1946","ING4","-0.128962","0.867"
"TOV-2223G","ING4","-0.1838327","0.433"
"TOV-3133G","ING4","-0.0559852","0.705"
"AsPC-1","ING4","-0.198388","0.312"
"BxPC-3","ING4","-0.2403122","0.523"
"CFPAC-1","ING4","-0.0533258","0.64"
"Capan-2","ING4","-0.02132933","0.802"
"HPAC","ING4","-0.1131802","0.306"
"HPAF-II","ING4","-0.1416722","0.563"
"HPDE","ING4","-3.076979","0.224"
"Hs 766T","ING4","-0.6321463","0.575"
"IMIM-PC-1","ING4","-0.09702414","0.615"
"IMIM-PC-2","ING4","-0.09048471","0.42"
"KP-3","ING4","-0.07584026","0.805"
"KP-4","ING4","-0.009166716","0.95"
"MIA PaCa-2","ING4","-0.01182733","0.931"
"PANC-1","ING4","-0.03246759","0.935"
"PL45","ING4","-0.2135489","0.411"
"PaTu_8988S","ING4","-0.02127914","0.836"
"PaTu_8988T","ING4","-0.08372486","0.595"
"Panc 02.03","ING4","-0.1251972","0.871"
"Panc 03.27","ING4","-0.01762683","0.917"
"Panc 04.03","ING4","-0.1648921","0.537"
"Panc 05.04","ING4","-0.2251467","0.67"
"Panc 08.13","ING4","-0.3445331","0.056"
"Panc 10.05","ING4","-0.08982275","0.657"
"RWP-1","ING4","-0.08157842","0.638"
"SK-PC-1","ING4","-0.115301","0.599"
"SK-PC-3","ING4","-0.3678824","0.518"
"SU.86.86","ING4","-0.02140279","0.759"
"SW1990","ING4","-0.1244613","0.664"
"BT-20","ING5","-0.08347906","0.803"
"BT-474","ING5","-0.08623534","0.776"
"BT-549","ING5","-0.2098311","0.635"
"CAL-51","ING5","-0.1631249","0.386"
"CAMA-1","ING5","-0.3898281","0.312"
"EFM-19","ING5","-0.2176018","0.262"
"HCC1143","ING5","-0.4109252","0.418"
"HCC1187","ING5","-0.3570511","0.324"
"HCC1395","ING5","-0.03773967","0.956"
"HCC1419","ING5","-0.2223161","0.37"
"HCC1428","ING5","-0.01977007","0.962"
"HCC1500","ING5","-0.2295088","0.377"
"HCC1806","ING5","-0.5836298","0.298"
"HCC1937","ING5","-0.1721571","0.402"
"HCC1954","ING5","-0.1359974","0.537"
"HCC38","ING5","-0.2469239","0.484"
"Hs 578T","ING5","-0.008476811","0.858"
"KPL-1","ING5","-0.02618859","0.953"
"MCF7","ING5","0.01021598","0.938"
"MDA-MB-157","ING5","0.001248623","0.971"
"MDA-MB-231","ING5","-0.08145595","0.734"
"MDA-MB-361","ING5","-0.5446474","0.068"
"MDA-MB-436","ING5","-0.3032889","0.4"
"MDA-MB-453","ING5","-0.04619591","0.347"
"MDA-MB-468","ING5","-0.1813339","0.296"
"SK-BR-3","ING5","-0.1156338","0.833"
"SW527","ING5","-0.06869995","0.714"
"T-47D","ING5","-0.2764544","0.395"
"ZR-75-1","ING5","-0.04695756","0.96"
"609050M","ING5","-0.1762311","0.5"
"A2780","ING5","0.008829458","0.786"
"A2780_CIS","ING5","-0.1206876","0.399"
"MM_OVCAR432_Bast_1","ING5","-0.8453225","0.257"
"OV-1946","ING5","-0.3144743","0.693"
"OV-90","ING5","-0.1555802","0.489"
"OVCA1369_TR","ING5","-1.548575","0.286"
"OVCA433_Bast","ING5","-0.5115865","0.607"
"OVCA5","ING5","-0.2294589","0.34"
"OVCA8","ING5","-0.2984639","0.361"
"OVCAR-3","ING5","-0.1803429","0.787"
"SK-OV-3","ING5","-0.09150412","0.417"
"TOV-1946","ING5","-0.318007","0.554"
"TOV-2223G","ING5","0.03973167","0.942"
"TOV-3133G","ING5","-0.3034986","0.145"
"AsPC-1","ING5","-0.1624421","0.436"
"BxPC-3","ING5","-0.1039099","0.84"
"CFPAC-1","ING5","-0.08271924","0.465"
"Capan-2","ING5","-0.06257417","0.561"
"HPAC","ING5","-0.0704141","0.519"
"HPAF-II","ING5","-0.0842628","0.77"
"HPDE","ING5","-1.045955","0.733"
"Hs 766T","ING5","-0.3555582","0.894"
"IMIM-PC-1","ING5","-0.1812203","0.216"
"IMIM-PC-2","ING5","-0.05415093","0.648"
"KP-3","ING5","-0.1018345","0.72"
"KP-4","ING5","-0.05037633","0.714"
"MIA PaCa-2","ING5","-0.02927291","0.832"
"PANC-1","ING5","-0.1034659","0.55"
"PL45","ING5","-0.08500078","0.836"
"PaTu_8988S","ING5","-0.06476087","0.549"
"PaTu_8988T","ING5","-0.06020849","0.747"
"Panc 02.03","ING5","-0.07797001","0.966"
"Panc 03.27","ING5","-0.1222091","0.443"
"Panc 04.03","ING5","-0.1100423","0.74"
"Panc 05.04","ING5","-0.2720739","0.54"
"Panc 08.13","ING5","-0.2093494","0.185"
"Panc 10.05","ING5","-0.2203427","0.254"
"RWP-1","ING5","0.01634965","0.934"
"SK-PC-1","ING5","-0.08048627","0.749"
"SK-PC-3","ING5","-0.2355881","0.796"
"SU.86.86","ING5","0.01030743","0.893"
"SW1990","ING5","-0.1479893","0.579"
"BT-20","INO80","-0.3384829","0.324"
"BT-474","INO80","-0.3850009","0.356"
"BT-549","INO80","-0.2729631","0.828"
"CAL-51","INO80","-0.1537886","0.699"
"CAMA-1","INO80","-0.659959","0.977"
"EFM-19","INO80","-0.05946449","0.806"
"HCC1143","INO80","-0.484416","0.996"
"HCC1187","INO80","-0.3354053","0.536"
"HCC1395","INO80","-0.2377985","0.76"
"HCC1419","INO80","-0.3220018","0.299"
"HCC1428","INO80","-0.5314425","0.13"
"HCC1500","INO80","-0.2925675","0.213"
"HCC1806","INO80","-0.6096417","0.411"
"HCC1937","INO80","-0.1561048","0.924"
"HCC1954","INO80","-0.3717338","0.911"
"HCC38","INO80","-0.4177365","0.235"
"Hs 578T","INO80","-0.05713097","0.973"
"KPL-1","INO80","-0.09996308","0.999"
"MCF7","INO80","-0.009247854","0.989"
"MDA-MB-157","INO80","-0.2081756","0.329"
"MDA-MB-231","INO80","-0.5243566","0.936"
"MDA-MB-361","INO80","-0.2017981","0.512"
"MDA-MB-436","INO80","-0.2889452","0.992"
"MDA-MB-453","INO80","-0.08263204","0.483"
"MDA-MB-468","INO80","-0.373423","0.179"
"SK-BR-3","INO80","-0.3600545","0.724"
"SW527","INO80","-0.1742352","0.989"
"T-47D","INO80","-0.3484471","0.354"
"ZR-75-1","INO80","-0.3357138","0.527"
"609050M","INO80","-0.2296656","0.308"
"A2780","INO80","-0.09479428","0.965"
"A2780_CIS","INO80","-0.06308595","0.417"
"MM_OVCAR432_Bast_1","INO80","-0.8047062","0.862"
"OV-1946","INO80","-0.3956867","0.816"
"OV-90","INO80","-0.1583759","0.549"
"OVCA1369_TR","INO80","-2.002388","0.086"
"OVCA433_Bast","INO80","-0.8671921","0.435"
"OVCA5","INO80","-0.2028253","0.251"
"OVCA8","INO80","-0.2441318","0.71"
"OVCAR-3","INO80","-0.8078878","0.432"
"SK-OV-3","INO80","-0.01621054","0.327"
"TOV-1946","INO80","-0.4486974","0.637"
"TOV-2223G","INO80","-0.1127174","0.702"
"TOV-3133G","INO80","-0.09782784","0.324"
"AsPC-1","INO80","-0.2123053","0.394"
"BxPC-3","INO80","-0.191517","0.965"
"CFPAC-1","INO80","-0.006843396","0.69"
"Capan-2","INO80","-0.1260421","0.664"
"HPAC","INO80","-0.1104652","0.867"
"HPAF-II","INO80","-0.1884295","0.425"
"HPDE","INO80","-2.270227","0.62"
"Hs 766T","INO80","-0.6647642","0.556"
"IMIM-PC-1","INO80","-0.1988561","0.096"
"IMIM-PC-2","INO80","-0.0286396","0.361"
"KP-3","INO80","-0.3609655","0.309"
"KP-4","INO80","-0.1264187","0.418"
"MIA PaCa-2","INO80","-0.01909239","0.995"
"PANC-1","INO80","-0.1079835","0.687"
"PL45","INO80","-0.1512715","0.997"
"PaTu_8988S","INO80","-0.1464259","0.109"
"PaTu_8988T","INO80","-0.144747","0.33"
"Panc 02.03","INO80","-0.4252831","0.768"
"Panc 03.27","INO80","-0.1947467","0.511"
"Panc 04.03","INO80","-0.1371131","1"
"Panc 05.04","INO80","-0.3034786","0.894"
"Panc 08.13","INO80","-0.2867619","0.128"
"Panc 10.05","INO80","-0.2750466","0.187"
"RWP-1","INO80","-0.09248418","0.979"
"SK-PC-1","INO80","-0.1264925","1"
"SK-PC-3","INO80","-0.4441215","0.778"
"SU.86.86","INO80","-0.177101","0.836"
"SW1990","INO80","-0.214711","0.626"
"BT-20","INO80B","-0.2595127","0.388"
"BT-474","INO80B","-0.6327472","0.027"
"BT-549","INO80B","-0.7224726","0.053"
"CAL-51","INO80B","-0.2282581","0.185"
"CAMA-1","INO80B","-0.6370717","0.08"
"EFM-19","INO80B","-0.1383305","0.489"
"HCC1143","INO80B","-0.7382509","0.128"
"HCC1187","INO80B","-0.3739393","0.296"
"HCC1395","INO80B","-0.4907019","0.18"
"HCC1419","INO80B","-0.4890296","0.059"
"HCC1428","INO80B","-0.2907988","0.642"
"HCC1500","INO80B","-0.188479","0.473"
"HCC1806","INO80B","-0.5578531","0.323"
"HCC1937","INO80B","-0.3609244","0.125"
"HCC1954","INO80B","-0.287511","0.209"
"HCC38","INO80B","-0.3823554","0.242"
"Hs 578T","INO80B","-0.2230278","0.115"
"KPL-1","INO80B","-0.1865193","0.127"
"MCF7","INO80B","-0.128029","0.178"
"MDA-MB-157","INO80B","-0.1911962","0.404"
"MDA-MB-231","INO80B","-0.6094458","0.049"
"MDA-MB-361","INO80B","-0.4945896","0.083"
"MDA-MB-436","INO80B","-0.3287362","0.353"
"MDA-MB-453","INO80B","-0.01642527","0.534"
"MDA-MB-468","INO80B","-0.1389122","0.398"
"SK-BR-3","INO80B","-0.5541269","0.16"
"SW527","INO80B","-0.1901509","0.311"
"T-47D","INO80B","-0.3694068","0.221"
"ZR-75-1","INO80B","-0.4521058","0.19"
"609050M","INO80B","-0.4009053","0.119"
"A2780","INO80B","-0.1043781","0.343"
"A2780_CIS","INO80B","-0.08252797","0.539"
"MM_OVCAR432_Bast_1","INO80B","-0.7954999","0.298"
"OV-1946","INO80B","-1.11017","0.021"
"OV-90","INO80B","-0.3564666","0.143"
"OVCA1369_TR","INO80B","-0.9224552","0.505"
"OVCA433_Bast","INO80B","-1.05864","0.142"
"OVCA5","INO80B","-0.3358324","0.191"
"OVCA8","INO80B","-0.6062424","0.041"
"OVCAR-3","INO80B","-1.228512","0.052"
"SK-OV-3","INO80B","-0.1342109","0.267"
"TOV-1946","INO80B","-0.4022065","0.413"
"TOV-2223G","INO80B","-0.1299718","0.557"
"TOV-3133G","INO80B","-0.05624222","0.704"
"AsPC-1","INO80B","-0.2192511","0.263"
"BxPC-3","INO80B","-0.4716494","0.163"
"CFPAC-1","INO80B","-0.06232115","0.583"
"Capan-2","INO80B","-0.1052799","0.367"
"HPAC","INO80B","-0.0729659","0.509"
"HPAF-II","INO80B","-0.2830729","0.187"
"HPDE","INO80B","-3.811732","0.134"
"Hs 766T","INO80B","-1.210361","0.046"
"IMIM-PC-1","INO80B","-0.1463792","0.331"
"IMIM-PC-2","INO80B","-0.1348013","0.227"
"KP-3","INO80B","-0.3262802","0.141"
"KP-4","INO80B","-0.1792396","0.128"
"MIA PaCa-2","INO80B","-0.2520314","0.04"
"PANC-1","INO80B","-0.2557234","0.089"
"PL45","INO80B","-0.2642628","0.289"
"PaTu_8988S","INO80B","-0.0930123","0.415"
"PaTu_8988T","INO80B","-0.1779689","0.201"
"Panc 02.03","INO80B","-0.2947069","0.351"
"Panc 03.27","INO80B","-0.2747685","0.106"
"Panc 04.03","INO80B","-0.3176649","0.146"
"Panc 05.04","INO80B","-0.4011512","0.247"
"Panc 08.13","INO80B","-0.3844118","0.046"
"Panc 10.05","INO80B","-0.1899697","0.333"
"RWP-1","INO80B","-0.2044345","0.302"
"SK-PC-1","INO80B","-0.319217","0.079"
"SK-PC-3","INO80B","-0.9290792","0.013"
"SU.86.86","INO80B","-0.1408113","0.3"
"SW1990","INO80B","-0.2602447","0.222"
"BT-20","INO80C","-0.4310622","0.151"
"BT-474","INO80C","-0.1769137","0.511"
"BT-549","INO80C","-0.3726124","0.331"
"CAL-51","INO80C","-0.1297479","0.55"
"CAMA-1","INO80C","-0.3987739","0.296"
"EFM-19","INO80C","-0.05893165","0.757"
"HCC1143","INO80C","-0.3177452","0.525"
"HCC1187","INO80C","-0.2841476","0.465"
"HCC1395","INO80C","-0.3298376","0.391"
"HCC1419","INO80C","-0.09369537","0.758"
"HCC1428","INO80C","-0.2206632","0.736"
"HCC1500","INO80C","-0.1651898","0.53"
"HCC1806","INO80C","-0.3135304","0.667"
"HCC1937","INO80C","-0.06112037","0.704"
"HCC1954","INO80C","-0.1895365","0.387"
"HCC38","INO80C","-0.3287212","0.325"
"Hs 578T","INO80C","-0.069888","0.529"
"KPL-1","INO80C","-0.1425533","0.224"
"MCF7","INO80C","-0.0790514","0.365"
"MDA-MB-157","INO80C","-0.1401698","0.558"
"MDA-MB-231","INO80C","-0.1866172","0.486"
"MDA-MB-361","INO80C","-0.2067533","0.487"
"MDA-MB-436","INO80C","-0.2715038","0.456"
"MDA-MB-453","INO80C","-0.007093305","0.622"
"MDA-MB-468","INO80C","-0.1058986","0.505"
"SK-BR-3","INO80C","-0.2276205","0.618"
"SW527","INO80C","-0.1428301","0.437"
"T-47D","INO80C","-0.2751213","0.397"
"ZR-75-1","INO80C","-0.4028578","0.237"
"609050M","INO80C","-0.2474186","0.331"
"A2780","INO80C","-0.03848132","0.586"
"A2780_CIS","INO80C","-0.06952647","0.595"
"MM_OVCAR432_Bast_1","INO80C","-0.4034023","0.701"
"OV-1946","INO80C","-0.3725615","0.594"
"OV-90","INO80C","-0.01802283","0.931"
"OVCA1369_TR","INO80C","-0.6436837","0.645"
"OVCA433_Bast","INO80C","-0.6290171","0.489"
"OVCA5","INO80C","-0.139335","0.578"
"OVCA8","INO80C","-0.2052857","0.545"
"OVCAR-3","INO80C","-0.113652","0.857"
"SK-OV-3","INO80C","-0.02357203","0.765"
"TOV-1946","INO80C","-0.266958","0.653"
"TOV-2223G","INO80C","-0.0226523","0.812"
"TOV-3133G","INO80C","-0.07301472","0.64"
"AsPC-1","INO80C","-0.1269891","0.539"
"BxPC-3","INO80C","-0.1601617","0.711"
"CFPAC-1","INO80C","-0.01392446","0.914"
"Capan-2","INO80C","-0.05574613","0.601"
"HPAC","INO80C","-0.1219348","0.264"
"HPAF-II","INO80C","-0.2209301","0.328"
"HPDE","INO80C","-2.016037","0.462"
"Hs 766T","INO80C","-0.6023837","0.606"
"IMIM-PC-1","INO80C","-0.09913502","0.605"
"IMIM-PC-2","INO80C","-0.0686608","0.548"
"KP-3","INO80C","-0.06692764","0.837"
"KP-4","INO80C","-0.06033815","0.644"
"MIA PaCa-2","INO80C","-0.1029347","0.365"
"PANC-1","INO80C","-0.1601905","0.331"
"PL45","INO80C","-0.3332874","0.145"
"PaTu_8988S","INO80C","-0.07810406","0.482"
"PaTu_8988T","INO80C","-0.07833656","0.64"
"Panc 02.03","INO80C","-0.1837264","0.681"
"Panc 03.27","INO80C","-0.05536784","0.733"
"Panc 04.03","INO80C","-0.1103618","0.739"
"Panc 05.04","INO80C","-0.353063","0.343"
"Panc 08.13","INO80C","-0.2311347","0.14"
"Panc 10.05","INO80C","-0.1194031","0.541"
"RWP-1","INO80C","-0.1467731","0.444"
"SK-PC-1","INO80C","-0.2293875","0.234"
"SK-PC-3","INO80C","-0.5600674","0.236"
"SU.86.86","INO80C","0.01859972","0.93"
"SW1990","INO80C","-0.1493496","0.575"
"BT-20","INO80D","-0.2966129","0.324"
"BT-474","INO80D","-0.2513447","0.356"
"BT-549","INO80D","-0.1251771","0.828"
"CAL-51","INO80D","-0.1010945","0.699"
"CAMA-1","INO80D","-0.06704211","0.977"
"EFM-19","INO80D","-0.04666603","0.806"
"HCC1143","INO80D","0.08730684","0.996"
"HCC1187","INO80D","-0.2495139","0.536"
"HCC1395","INO80D","-0.1503737","0.76"
"HCC1419","INO80D","-0.2506067","0.299"
"HCC1428","INO80D","-0.9629788","0.13"
"HCC1500","INO80D","-0.327988","0.213"
"HCC1806","INO80D","-0.4881367","0.411"
"HCC1937","INO80D","0.01524558","0.924"
"HCC1954","INO80D","-0.03589806","0.911"
"HCC38","INO80D","-0.389127","0.235"
"Hs 578T","INO80D","0.0300716","0.973"
"KPL-1","INO80D","0.01129047","0.999"
"MCF7","INO80D","0.03595743","0.989"
"MDA-MB-157","INO80D","-0.2243702","0.329"
"MDA-MB-231","INO80D","0.02239533","0.936"
"MDA-MB-361","INO80D","-0.1945966","0.512"
"MDA-MB-436","INO80D","-0.05864412","0.992"
"MDA-MB-453","INO80D","-0.02417599","0.483"
"MDA-MB-468","INO80D","-0.2570592","0.179"
"SK-BR-3","INO80D","-0.1732589","0.724"
"SW527","INO80D","0.01993098","0.989"
"T-47D","INO80D","-0.2933551","0.354"
"ZR-75-1","INO80D","-0.2407767","0.527"
"609050M","INO80D","-0.2630718","0.308"
"A2780","INO80D","0.06330746","0.965"
"A2780_CIS","INO80D","-0.1162241","0.417"
"MM_OVCAR432_Bast_1","INO80D","-0.2480446","0.862"
"OV-1946","INO80D","-0.2340906","0.816"
"OV-90","INO80D","-0.1330447","0.549"
"OVCA1369_TR","INO80D","-2.73014","0.086"
"OVCA433_Bast","INO80D","-0.6652808","0.435"
"OVCA5","INO80D","-0.2911993","0.251"
"OVCA8","INO80D","-0.1348644","0.71"
"OVCAR-3","INO80D","-0.4963544","0.432"
"SK-OV-3","INO80D","-0.1149959","0.327"
"TOV-1946","INO80D","-0.2753181","0.637"
"TOV-2223G","INO80D","-0.06570635","0.702"
"TOV-3133G","INO80D","-0.1720524","0.324"
"AsPC-1","INO80D","-0.1724797","0.394"
"BxPC-3","INO80D","-0.03749746","0.965"
"CFPAC-1","INO80D","-0.04810277","0.69"
"Capan-2","INO80D","-0.04862854","0.664"
"HPAC","INO80D","-0.01972846","0.867"
"HPAF-II","INO80D","-0.1855327","0.425"
"HPDE","INO80D","-1.440217","0.62"
"Hs 766T","INO80D","-0.6439566","0.556"
"IMIM-PC-1","INO80D","-0.2608113","0.096"
"IMIM-PC-2","INO80D","-0.1023125","0.361"
"KP-3","INO80D","-0.2386659","0.309"
"KP-4","INO80D","-0.09778179","0.418"
"MIA PaCa-2","INO80D","0.009642388","0.995"
"PANC-1","INO80D","-0.07929497","0.687"
"PL45","INO80D","0.00934426","0.997"
"PaTu_8988S","INO80D","-0.1980243","0.109"
"PaTu_8988T","INO80D","-0.1340909","0.33"
"Panc 02.03","INO80D","-0.1576856","0.768"
"Panc 03.27","INO80D","-0.1038064","0.511"
"Panc 04.03","INO80D","0.01567705","1"
"Panc 05.04","INO80D","-0.1179369","0.894"
"Panc 08.13","INO80D","-0.2418065","0.128"
"Panc 10.05","INO80D","-0.2589119","0.187"
"RWP-1","INO80D","0.04349753","0.979"
"SK-PC-1","INO80D","0.006330003","1"
"SK-PC-3","INO80D","-0.2457219","0.778"
"SU.86.86","INO80D","-0.004272898","0.836"
"SW1990","INO80D","-0.1330819","0.626"
"BT-20","JARID2","-0.1867664","0.543"
"BT-474","JARID2","-0.3559776","0.201"
"BT-549","JARID2","-0.4178013","0.273"
"CAL-51","JARID2","-0.1238645","0.57"
"CAMA-1","JARID2","-0.2027169","0.698"
"EFM-19","JARID2","-0.1864606","0.328"
"HCC1143","JARID2","-0.4067927","0.421"
"HCC1187","JARID2","-0.1325336","0.801"
"HCC1395","JARID2","-0.2795494","0.488"
"HCC1419","JARID2","-0.2705059","0.267"
"HCC1428","JARID2","-0.2705185","0.668"
"HCC1500","JARID2","-0.04032778","0.903"
"HCC1806","JARID2","-0.2143153","0.79"
"HCC1937","JARID2","-0.08847558","0.61"
"HCC1954","JARID2","-0.1022923","0.676"
"HCC38","JARID2","-0.2409957","0.503"
"Hs 578T","JARID2","-0.04715299","0.658"
"KPL-1","JARID2","-0.1108101","0.375"
"MCF7","JARID2","-0.041242","0.611"
"MDA-MB-157","JARID2","-0.1433408","0.548"
"MDA-MB-231","JARID2","-0.2019355","0.462"
"MDA-MB-361","JARID2","-0.2555269","0.388"
"MDA-MB-436","JARID2","-0.2889554","0.424"
"MDA-MB-453","JARID2","-0.00337036","0.658"
"MDA-MB-468","JARID2","-0.1587222","0.338"
"SK-BR-3","JARID2","-0.2801574","0.516"
"SW527","JARID2","-0.09605053","0.601"
"T-47D","JARID2","-0.1277144","0.774"
"ZR-75-1","JARID2","-0.2602451","0.485"
"609050M","JARID2","-0.1812064","0.485"
"A2780","JARID2","-0.1249396","0.282"
"A2780_CIS","JARID2","-0.1534999","0.312"
"MM_OVCAR432_Bast_1","JARID2","-0.3295666","0.777"
"OV-1946","JARID2","-0.7546721","0.159"
"OV-90","JARID2","-0.09559887","0.682"
"OVCA1369_TR","JARID2","-0.3150674","0.864"
"OVCA433_Bast","JARID2","-0.3617695","0.778"
"OVCA5","JARID2","-0.1986707","0.403"
"OVCA8","JARID2","-0.1806037","0.592"
"OVCAR-3","JARID2","-0.1487482","0.824"
"SK-OV-3","JARID2","-0.1007096","0.377"
"TOV-1946","JARID2","-0.5291729","0.244"
"TOV-2223G","JARID2","-0.1228295","0.57"
"TOV-3133G","JARID2","0.01018067","0.957"
"AsPC-1","JARID2","-0.1463715","0.468"
"BxPC-3","JARID2","-0.3345423","0.352"
"CFPAC-1","JARID2","-0.05195456","0.659"
"Capan-2","JARID2","-0.09720756","0.399"
"HPAC","JARID2","-0.08469845","0.435"
"HPAF-II","JARID2","-0.1339006","0.596"
"HPDE","JARID2","-1.860298","0.503"
"Hs 766T","JARID2","-0.5179698","0.716"
"IMIM-PC-1","JARID2","-0.06959504","0.813"
"IMIM-PC-2","JARID2","-0.08074196","0.472"
"KP-3","JARID2","-0.1611605","0.516"
"KP-4","JARID2","-0.1256621","0.284"
"MIA PaCa-2","JARID2","-0.06180854","0.606"
"PANC-1","JARID2","-0.1330133","0.425"
"PL45","JARID2","-0.2025748","0.448"
"PaTu_8988S","JARID2","-0.07459243","0.501"
"PaTu_8988T","JARID2","-0.09056093","0.539"
"Panc 02.03","JARID2","-0.253404","0.441"
"Panc 03.27","JARID2","-0.06750418","0.68"
"Panc 04.03","JARID2","-0.1971692","0.441"
"Panc 05.04","JARID2","-0.2840807","0.512"
"Panc 08.13","JARID2","-0.1115434","0.496"
"Panc 10.05","JARID2","-0.180211","0.358"
"RWP-1","JARID2","-0.1654688","0.397"
"SK-PC-1","JARID2","-0.1102041","0.614"
"SK-PC-3","JARID2","-0.4437027","0.398"
"SU.86.86","JARID2","-0.1232468","0.333"
"SW1990","JARID2","-0.1357056","0.615"
"BT-20","JMJD1C","-0.3601175","0.233"
"BT-474","JMJD1C","-0.3357935","0.225"
"BT-549","JMJD1C","-0.2660312","0.518"
"CAL-51","JMJD1C","-0.1409227","0.496"
"CAMA-1","JMJD1C","-0.3564036","0.363"
"EFM-19","JMJD1C","-0.1715416","0.37"
"HCC1143","JMJD1C","-0.8743043","0.064"
"HCC1187","JMJD1C","-0.1780297","0.693"
"HCC1395","JMJD1C","-0.275616","0.49"
"HCC1419","JMJD1C","-0.2676696","0.277"
"HCC1428","JMJD1C","-0.684889","0.27"
"HCC1500","JMJD1C","-0.3114318","0.237"
"HCC1806","JMJD1C","-0.4898252","0.41"
"HCC1937","JMJD1C","-0.08818825","0.612"
"HCC1954","JMJD1C","-0.2850391","0.213"
"HCC38","JMJD1C","-0.2721122","0.433"
"Hs 578T","JMJD1C","-0.1308672","0.272"
"KPL-1","JMJD1C","-0.1568111","0.185"
"MCF7","JMJD1C","-0.05322284","0.519"
"MDA-MB-157","JMJD1C","-0.04388556","0.88"
"MDA-MB-231","JMJD1C","-0.4176277","0.138"
"MDA-MB-361","JMJD1C","-0.3211301","0.244"
"MDA-MB-436","JMJD1C","-0.2855973","0.431"
"MDA-MB-453","JMJD1C","0.00935861","0.794"
"MDA-MB-468","JMJD1C","-0.07322516","0.629"
"SK-BR-3","JMJD1C","-0.2518001","0.569"
"SW527","JMJD1C","-0.2126832","0.243"
"T-47D","JMJD1C","-0.3393457","0.268"
"ZR-75-1","JMJD1C","-0.4026248","0.238"
"609050M","JMJD1C","-0.3291786","0.191"
"A2780","JMJD1C","-0.1670175","0.199"
"A2780_CIS","JMJD1C","-0.1540391","0.311"
"MM_OVCAR432_Bast_1","JMJD1C","-1.018509","0.155"
"OV-1946","JMJD1C","-0.5053458","0.418"
"OV-90","JMJD1C","-0.1718182","0.439"
"OVCA1369_TR","JMJD1C","-0.6069067","0.664"
"OVCA433_Bast","JMJD1C","-1.191106","0.081"
"OVCA5","JMJD1C","-0.3595685","0.172"
"OVCA8","JMJD1C","-0.2916734","0.375"
"OVCAR-3","JMJD1C","-0.7175547","0.276"
"SK-OV-3","JMJD1C","-0.1775838","0.17"
"TOV-1946","JMJD1C","-0.5899969","0.183"
"TOV-2223G","JMJD1C","-0.08412404","0.658"
"TOV-3133G","JMJD1C","-0.02974952","0.823"
"AsPC-1","JMJD1C","-0.298151","0.111"
"BxPC-3","JMJD1C","-0.3516299","0.32"
"CFPAC-1","JMJD1C","-0.09838356","0.373"
"Capan-2","JMJD1C","-0.1570316","0.21"
"HPAC","JMJD1C","-0.2242071","0.051"
"HPAF-II","JMJD1C","-0.1500958","0.54"
"HPDE","JMJD1C","-0.06281262","0.955"
"Hs 766T","JMJD1C","-0.9180442","0.232"
"IMIM-PC-1","JMJD1C","-0.1010826","0.59"
"IMIM-PC-2","JMJD1C","-0.09797483","0.382"
"KP-3","JMJD1C","-0.3283481","0.138"
"KP-4","JMJD1C","-0.1120293","0.35"
"MIA PaCa-2","JMJD1C","-0.07499944","0.513"
"PANC-1","JMJD1C","-0.1581671","0.338"
"PL45","JMJD1C","-0.2829308","0.241"
"PaTu_8988S","JMJD1C","-0.1649649","0.179"
"PaTu_8988T","JMJD1C","-0.1415491","0.297"
"Panc 02.03","JMJD1C","-0.2971625","0.348"
"Panc 03.27","JMJD1C","-0.1141936","0.466"
"Panc 04.03","JMJD1C","-0.2675348","0.239"
"Panc 05.04","JMJD1C","-0.3860973","0.282"
"Panc 08.13","JMJD1C","-0.1193547","0.467"
"Panc 10.05","JMJD1C","-0.213522","0.272"
"RWP-1","JMJD1C","-0.1440049","0.454"
"SK-PC-1","JMJD1C","-0.1612397","0.427"
"SK-PC-3","JMJD1C","-0.3747632","0.506"
"SU.86.86","JMJD1C","-0.123448","0.333"
"SW1990","JMJD1C","-0.3009373","0.148"
"BT-20","JMJD4","-0.4412697","0.142"
"BT-474","JMJD4","-0.2208822","0.42"
"BT-549","JMJD4","-0.4199572","0.272"
"CAL-51","JMJD4","-0.3586803","0.056"
"CAMA-1","JMJD4","-0.481878","0.198"
"EFM-19","JMJD4","-0.109507","0.581"
"HCC1143","JMJD4","-0.7983723","0.099"
"HCC1187","JMJD4","-0.440815","0.208"
"HCC1395","JMJD4","-0.6501632","0.064"
"HCC1419","JMJD4","-0.3248015","0.184"
"HCC1428","JMJD4","-0.9913805","0.124"
"HCC1500","JMJD4","-0.3691457","0.164"
"HCC1806","JMJD4","-0.7146217","0.178"
"HCC1937","JMJD4","-0.12113","0.524"
"HCC1954","JMJD4","-0.2632551","0.254"
"HCC38","JMJD4","-0.7234609","0.028"
"Hs 578T","JMJD4","-0.2240136","0.113"
"KPL-1","JMJD4","-0.1233916","0.3"
"MCF7","JMJD4","-0.04245561","0.599"
"MDA-MB-157","JMJD4","-0.4946516","0.045"
"MDA-MB-231","JMJD4","-0.464848","0.107"
"MDA-MB-361","JMJD4","-0.3985698","0.151"
"MDA-MB-436","JMJD4","-0.243378","0.529"
"MDA-MB-453","JMJD4","-0.07140965","0.271"
"MDA-MB-468","JMJD4","-0.1351763","0.414"
"SK-BR-3","JMJD4","-0.6278042","0.111"
"SW527","JMJD4","-0.1493602","0.424"
"T-47D","JMJD4","-0.5210074","0.07"
"ZR-75-1","JMJD4","-0.6825024","0.045"
"609050M","JMJD4","-0.2490673","0.328"
"A2780","JMJD4","0.02425373","0.855"
"A2780_CIS","JMJD4","-0.2272819","0.167"
"MM_OVCAR432_Bast_1","JMJD4","-1.005851","0.163"
"OV-1946","JMJD4","-0.9273503","0.072"
"OV-90","JMJD4","-0.1628056","0.466"
"OVCA1369_TR","JMJD4","-2.522954","0.108"
"OVCA433_Bast","JMJD4","-0.2595184","0.873"
"OVCA5","JMJD4","-0.2739472","0.271"
"OVCA8","JMJD4","-0.2914408","0.377"
"OVCAR-3","JMJD4","-0.3098741","0.62"
"SK-OV-3","JMJD4","-0.1248398","0.295"
"TOV-1946","JMJD4","-0.7108243","0.077"
"TOV-2223G","JMJD4","-0.4910333","0.125"
"TOV-3133G","JMJD4","-0.1559128","0.367"
"AsPC-1","JMJD4","-0.0924715","0.677"
"BxPC-3","JMJD4","-0.4703355","0.165"
"CFPAC-1","JMJD4","-0.1196816","0.266"
"Capan-2","JMJD4","-0.0563853","0.595"
"HPAC","JMJD4","-0.1723849","0.133"
"HPAF-II","JMJD4","-0.3042867","0.159"
"HPDE","JMJD4","-3.885333","0.126"
"Hs 766T","JMJD4","-0.9003975","0.243"
"IMIM-PC-1","JMJD4","-0.1797958","0.217"
"IMIM-PC-2","JMJD4","-0.05782546","0.618"
"KP-3","JMJD4","-0.1709486","0.485"
"KP-4","JMJD4","-0.03431657","0.804"
"MIA PaCa-2","JMJD4","-0.1078009","0.336"
"PANC-1","JMJD4","-0.1512909","0.354"
"PL45","JMJD4","-0.3311609","0.152"
"PaTu_8988S","JMJD4","-0.0799872","0.475"
"PaTu_8988T","JMJD4","-0.07461707","0.667"
"Panc 02.03","JMJD4","-0.2229763","0.524"
"Panc 03.27","JMJD4","-0.232927","0.151"
"Panc 04.03","JMJD4","-0.3107982","0.154"
"Panc 05.04","JMJD4","-0.4230507","0.217"
"Panc 08.13","JMJD4","-0.1755334","0.265"
"Panc 10.05","JMJD4","-0.281003","0.155"
"RWP-1","JMJD4","-0.2300477","0.264"
"SK-PC-1","JMJD4","-0.2770348","0.129"
"SK-PC-3","JMJD4","-0.487976","0.332"
"SU.86.86","JMJD4","-0.04685945","0.642"
"SW1990","JMJD4","-0.1489088","0.577"
"BT-20","JMJD6","-0.7890186","0.016"
"BT-474","JMJD6","-0.3081026","0.263"
"BT-549","JMJD6","-0.779116","0.041"
"CAL-51","JMJD6","-0.3420141","0.063"
"CAMA-1","JMJD6","-0.1975693","0.708"
"EFM-19","JMJD6","-0.1989624","0.299"
"HCC1143","JMJD6","-0.5607518","0.246"
"HCC1187","JMJD6","-0.4450517","0.205"
"HCC1395","JMJD6","-0.4873841","0.184"
"HCC1419","JMJD6","-0.5431134","0.034"
"HCC1428","JMJD6","-1.764741","0.003"
"HCC1500","JMJD6","-0.5126663","0.056"
"HCC1806","JMJD6","-0.2877868","0.7"
"HCC1937","JMJD6","-0.2745527","0.23"
"HCC1954","JMJD6","-0.1954562","0.374"
"HCC38","JMJD6","-0.2507284","0.475"
"Hs 578T","JMJD6","-0.1688645","0.19"
"KPL-1","JMJD6","-0.1343638","0.254"
"MCF7","JMJD6","-0.07660187","0.377"
"MDA-MB-157","JMJD6","-0.1519619","0.521"
"MDA-MB-231","JMJD6","-0.9228484","0.014"
"MDA-MB-361","JMJD6","-0.4720493","0.094"
"MDA-MB-436","JMJD6","-0.3993552","0.244"
"MDA-MB-453","JMJD6","-0.05543341","0.31"
"MDA-MB-468","JMJD6","-0.2916555","0.146"
"SK-BR-3","JMJD6","-0.8068776","0.036"
"SW527","JMJD6","-0.2566043","0.148"
"T-47D","JMJD6","-0.3207753","0.309"
"ZR-75-1","JMJD6","-0.684226","0.045"
"609050M","JMJD6","-0.4464441","0.085"
"A2780","JMJD6","-0.1489554","0.226"
"A2780_CIS","JMJD6","-0.1731905","0.275"
"MM_OVCAR432_Bast_1","JMJD6","-0.8202851","0.277"
"OV-1946","JMJD6","-1.563105","0.001"
"OV-90","JMJD6","-0.1762981","0.422"
"OVCA1369_TR","JMJD6","-4.504081","0.012"
"OVCA433_Bast","JMJD6","-0.4663906","0.645"
"OVCA5","JMJD6","-0.264662","0.283"
"OVCA8","JMJD6","-0.5319691","0.08"
"OVCAR-3","JMJD6","-0.551914","0.388"
"SK-OV-3","JMJD6","-0.1846076","0.159"
"TOV-1946","JMJD6","-0.5941232","0.178"
"TOV-2223G","JMJD6","-0.9456434","0.015"
"TOV-3133G","JMJD6","-0.3783963","0.09"
"AsPC-1","JMJD6","-0.4538399","0.016"
"BxPC-3","JMJD6","-0.270344","0.48"
"CFPAC-1","JMJD6","-0.0706352","0.533"
"Capan-2","JMJD6","-0.2935722","0.061"
"HPAC","JMJD6","-0.0853674","0.432"
"HPAF-II","JMJD6","-0.4924258","0.025"
"HPDE","JMJD6","-3.798986","0.134"
"Hs 766T","JMJD6","-1.186987","0.054"
"IMIM-PC-1","JMJD6","-0.3860524","0.023"
"IMIM-PC-2","JMJD6","-0.2652406","0.039"
"KP-3","JMJD6","-0.3200358","0.147"
"KP-4","JMJD6","-0.1655003","0.159"
"MIA PaCa-2","JMJD6","-0.1083734","0.333"
"PANC-1","JMJD6","-0.2287172","0.129"
"PL45","JMJD6","-0.4775386","0.017"
"PaTu_8988S","JMJD6","-0.1076785","0.353"
"PaTu_8988T","JMJD6","-0.218747","0.115"
"Panc 02.03","JMJD6","-0.4153955","0.152"
"Panc 03.27","JMJD6","-0.2515491","0.13"
"Panc 04.03","JMJD6","-0.543811","0.01"
"Panc 05.04","JMJD6","-0.4816992","0.14"
"Panc 08.13","JMJD6","-0.2044694","0.196"
"Panc 10.05","JMJD6","-0.2333259","0.235"
"RWP-1","JMJD6","-0.6633809","0.013"
"SK-PC-1","JMJD6","-0.1799809","0.36"
"SK-PC-3","JMJD6","-0.5010808","0.311"
"SU.86.86","JMJD6","-0.2993494","0.055"
"SW1990","JMJD6","-0.2910381","0.161"
"BT-20","JMJD7","-0.2839021","0.345"
"BT-474","JMJD7","-0.1699517","0.532"
"BT-549","JMJD7","-0.2942621","0.46"
"CAL-51","JMJD7","-0.1309039","0.542"
"CAMA-1","JMJD7","-0.2936686","0.477"
"EFM-19","JMJD7","-0.1249667","0.537"
"HCC1143","JMJD7","-0.3264382","0.516"
"HCC1187","JMJD7","-0.2714483","0.49"
"HCC1395","JMJD7","-0.4143154","0.26"
"HCC1419","JMJD7","-0.2562003","0.293"
"HCC1428","JMJD7","-0.102819","0.895"
"HCC1500","JMJD7","-0.2643976","0.304"
"HCC1806","JMJD7","-0.656007","0.221"
"HCC1937","JMJD7","-0.3459868","0.139"
"HCC1954","JMJD7","-0.3367819","0.143"
"HCC38","JMJD7","-0.2198931","0.542"
"Hs 578T","JMJD7","0.00516127","0.907"
"KPL-1","JMJD7","-0.16925","0.155"
"MCF7","JMJD7","-0.09898372","0.261"
"MDA-MB-157","JMJD7","-0.165115","0.474"
"MDA-MB-231","JMJD7","0.002472482","0.907"
"MDA-MB-361","JMJD7","-0.01840621","0.944"
"MDA-MB-436","JMJD7","-0.277005","0.442"
"MDA-MB-453","JMJD7","-0.08454363","0.226"
"MDA-MB-468","JMJD7","-0.3318533","0.107"
"SK-BR-3","JMJD7","-0.2565957","0.562"
"SW527","JMJD7","-0.1282286","0.484"
"T-47D","JMJD7","-0.2997886","0.343"
"ZR-75-1","JMJD7","-0.1665633","0.715"
"609050M","JMJD7","-0.1984199","0.442"
"A2780","JMJD7","-0.04345004","0.567"
"A2780_CIS","JMJD7","-0.05484539","0.66"
"MM_OVCAR432_Bast_1","JMJD7","-0.2689607","0.844"
"OV-1946","JMJD7","-0.278534","0.75"
"OV-90","JMJD7","-0.1448562","0.515"
"OVCA1369_TR","JMJD7","-1.022393","0.472"
"OVCA433_Bast","JMJD7","-0.7351033","0.38"
"OVCA5","JMJD7","-0.06010779","0.848"
"OVCA8","JMJD7","-0.3697114","0.247"
"OVCAR-3","JMJD7","-0.566443","0.376"
"SK-OV-3","JMJD7","-0.2168886","0.118"
"TOV-1946","JMJD7","-0.2811724","0.625"
"TOV-2223G","JMJD7","-0.1041339","0.605"
"TOV-3133G","JMJD7","-0.2088658","0.253"
"AsPC-1","JMJD7","-0.2011031","0.302"
"BxPC-3","JMJD7","-0.2189733","0.559"
"CFPAC-1","JMJD7","-0.1069748","0.327"
"Capan-2","JMJD7","-0.07519841","0.49"
"HPAC","JMJD7","-0.1187702","0.278"
"HPAF-II","JMJD7","-0.08532015","0.767"
"HPDE","JMJD7","-6.742818","0.013"
"Hs 766T","JMJD7","-0.5463013","0.689"
"IMIM-PC-1","JMJD7","-0.08814771","0.67"
"IMIM-PC-2","JMJD7","-0.0486655","0.693"
"KP-3","JMJD7","-0.2419837","0.296"
"KP-4","JMJD7","-0.08941294","0.457"
"MIA PaCa-2","JMJD7","-0.1068369","0.344"
"PANC-1","JMJD7","-0.04785854","0.863"
"PL45","JMJD7","-0.108102","0.764"
"PaTu_8988S","JMJD7","-0.09177902","0.419"
"PaTu_8988T","JMJD7","-0.1141879","0.414"
"Panc 02.03","JMJD7","-0.382131","0.185"
"Panc 03.27","JMJD7","-0.1260478","0.435"
"Panc 04.03","JMJD7","-0.1363954","0.643"
"Panc 05.04","JMJD7","-0.1284833","0.878"
"Panc 08.13","JMJD7","-0.4706412","0.026"
"Panc 10.05","JMJD7","-0.1510794","0.442"
"RWP-1","JMJD7","-0.08917784","0.61"
"SK-PC-1","JMJD7","-0.1024252","0.65"
"SK-PC-3","JMJD7","-0.2408361","0.786"
"SU.86.86","JMJD7","-0.1685009","0.225"
"SW1990","JMJD7","-0.1217036","0.68"
"BT-20","KAT2A","-0.150893","0.627"
"BT-474","KAT2A","-0.2003654","0.459"
"BT-549","KAT2A","-0.2795931","0.484"
"CAL-51","KAT2A","-0.07189482","0.861"
"CAMA-1","KAT2A","-0.2425465","0.596"
"EFM-19","KAT2A","-0.2434765","0.198"
"HCC1143","KAT2A","-0.5710595","0.237"
"HCC1187","KAT2A","-0.4658499","0.188"
"HCC1395","KAT2A","-0.3134883","0.416"
"HCC1419","KAT2A","-0.3819718","0.126"
"HCC1428","KAT2A","-0.5135315","0.409"
"HCC1500","KAT2A","-0.242221","0.35"
"HCC1806","KAT2A","-0.2382727","0.762"
"HCC1937","KAT2A","-0.01866324","0.838"
"HCC1954","KAT2A","-0.318931","0.167"
"HCC38","KAT2A","-0.2253953","0.539"
"Hs 578T","KAT2A","-0.03706715","0.721"
"KPL-1","KAT2A","-0.1668546","0.159"
"MCF7","KAT2A","-0.1728475","0.111"
"MDA-MB-157","KAT2A","-0.1515526","0.523"
"MDA-MB-231","KAT2A","-0.5770099","0.061"
"MDA-MB-361","KAT2A","-0.2723237","0.345"
"MDA-MB-436","KAT2A","-0.4308981","0.214"
"MDA-MB-453","KAT2A","-0.01586568","0.541"
"MDA-MB-468","KAT2A","-0.2148235","0.236"
"SK-BR-3","KAT2A","-0.3161444","0.463"
"SW527","KAT2A","-0.120106","0.505"
"T-47D","KAT2A","-0.1623098","0.66"
"ZR-75-1","KAT2A","-0.3848419","0.266"
"609050M","KAT2A","-0.2972725","0.24"
"A2780","KAT2A","0.01611964","0.827"
"A2780_CIS","KAT2A","-0.1831236","0.246"
"MM_OVCAR432_Bast_1","KAT2A","-0.1739726","0.911"
"OV-1946","KAT2A","-0.3668439","0.605"
"OV-90","KAT2A","-0.2463014","0.289"
"OVCA1369_TR","KAT2A","-0.4218237","0.794"
"OVCA433_Bast","KAT2A","-0.5264605","0.599"
"OVCA5","KAT2A","-0.3052091","0.227"
"OVCA8","KAT2A","-0.08732937","0.814"
"OVCAR-3","KAT2A","-0.1817156","0.783"
"SK-OV-3","KAT2A","-0.4637812","0.007"
"TOV-1946","KAT2A","-0.1360772","0.859"
"TOV-2223G","KAT2A","-0.07350357","0.683"
"TOV-3133G","KAT2A","-0.04856273","0.739"
"AsPC-1","KAT2A","-0.2092166","0.281"
"BxPC-3","KAT2A","-0.287418","0.447"
"CFPAC-1","KAT2A","-0.07074169","0.533"
"Capan-2","KAT2A","-0.1687463","0.188"
"HPAC","KAT2A","-0.07820485","0.482"
"HPAF-II","KAT2A","-0.2692937","0.209"
"HPDE","KAT2A","-6.448557","0.02"
"Hs 766T","KAT2A","-0.2196098","0.979"
"IMIM-PC-1","KAT2A","-0.2063066","0.168"
"IMIM-PC-2","KAT2A","-0.1546469","0.172"
"KP-3","KAT2A","-0.3287776","0.138"
"KP-4","KAT2A","-0.09557776","0.429"
"MIA PaCa-2","KAT2A","-0.140587","0.214"
"PANC-1","KAT2A","-0.1706251","0.3"
"PL45","KAT2A","-0.1262882","0.696"
"PaTu_8988S","KAT2A","-0.121022","0.3"
"PaTu_8988T","KAT2A","-0.0619304","0.738"
"Panc 02.03","KAT2A","-0.2113216","0.576"
"Panc 03.27","KAT2A","-0.2255688","0.162"
"Panc 04.03","KAT2A","-0.3614221","0.09"
"Panc 05.04","KAT2A","-0.2578132","0.585"
"Panc 08.13","KAT2A","-0.2362684","0.131"
"Panc 10.05","KAT2A","-0.08810958","0.661"
"RWP-1","KAT2A","-0.00490706","0.887"
"SK-PC-1","KAT2A","-0.08187067","0.741"
"SK-PC-3","KAT2A","-0.4870289","0.332"
"SU.86.86","KAT2A","-0.2824247","0.063"
"SW1990","KAT2A","-0.33114","0.105"
"BT-20","KAT2B","-0.6597728","0.035"
"BT-474","KAT2B","-0.6451409","0.025"
"BT-549","KAT2B","-0.5527014","0.131"
"CAL-51","KAT2B","-0.2144306","0.212"
"CAMA-1","KAT2B","-0.6659304","0.068"
"EFM-19","KAT2B","-0.07756478","0.69"
"HCC1143","KAT2B","-0.8204177","0.09"
"HCC1187","KAT2B","-0.4605427","0.195"
"HCC1395","KAT2B","-0.5066092","0.165"
"HCC1419","KAT2B","-0.09201963","0.763"
"HCC1428","KAT2B","-1.299619","0.031"
"HCC1500","KAT2B","-0.5108129","0.058"
"HCC1806","KAT2B","-0.6084508","0.264"
"HCC1937","KAT2B","-0.1373452","0.483"
"HCC1954","KAT2B","-0.3007305","0.19"
"HCC38","KAT2B","-0.4490116","0.174"
"Hs 578T","KAT2B","-0.1911067","0.149"
"KPL-1","KAT2B","-0.1320993","0.267"
"MCF7","KAT2B","-0.1515273","0.136"
"MDA-MB-157","KAT2B","-0.405896","0.084"
"MDA-MB-231","KAT2B","-0.5463322","0.071"
"MDA-MB-361","KAT2B","-0.370529","0.179"
"MDA-MB-436","KAT2B","-0.1971605","0.652"
"MDA-MB-453","KAT2B","-0.2778378","0.031"
"MDA-MB-468","KAT2B","-0.2023123","0.25"
"SK-BR-3","KAT2B","-0.3453013","0.417"
"SW527","KAT2B","-0.09500998","0.604"
"T-47D","KAT2B","-0.4544785","0.133"
"ZR-75-1","KAT2B","-0.4023038","0.239"
"609050M","KAT2B","-0.219798","0.392"
"A2780","KAT2B","-0.3460699","0.042"
"A2780_CIS","KAT2B","-0.4826999","0.024"
"MM_OVCAR432_Bast_1","KAT2B","-0.5775729","0.517"
"OV-1946","KAT2B","-0.560607","0.342"
"OV-90","KAT2B","-0.1944396","0.386"
"OVCA1369_TR","KAT2B","-0.3659956","0.827"
"OVCA433_Bast","KAT2B","-0.7018675","0.406"
"OVCA5","KAT2B","-0.5799769","0.043"
"OVCA8","KAT2B","-0.4945261","0.11"
"OVCAR-3","KAT2B","-0.4958345","0.433"
"SK-OV-3","KAT2B","-0.121989","0.3"
"TOV-1946","KAT2B","-0.5245287","0.251"
"TOV-2223G","KAT2B","-0.1620371","0.481"
"TOV-3133G","KAT2B","-0.05549096","0.708"
"AsPC-1","KAT2B","-0.2470649","0.192"
"BxPC-3","KAT2B","-0.6472155","0.053"
"CFPAC-1","KAT2B","-0.1671444","0.135"
"Capan-2","KAT2B","-0.148677","0.228"
"HPAC","KAT2B","-0.05496933","0.627"
"HPAF-II","KAT2B","-0.3982882","0.072"
"HPDE","KAT2B","-2.351979","0.364"
"Hs 766T","KAT2B","-0.9637195","0.177"
"IMIM-PC-1","KAT2B","-0.1438713","0.34"
"IMIM-PC-2","KAT2B","-0.1323644","0.232"
"KP-3","KAT2B","-0.3236779","0.141"
"KP-4","KAT2B","-0.259025","0.034"
"MIA PaCa-2","KAT2B","-0.2352393","0.052"
"PANC-1","KAT2B","-0.2229346","0.144"
"PL45","KAT2B","-0.07761933","0.86"
"PaTu_8988S","KAT2B","-0.1023083","0.371"
"PaTu_8988T","KAT2B","-0.1097178","0.437"
"Panc 02.03","KAT2B","-0.5175958","0.064"
"Panc 03.27","KAT2B","-0.05023149","0.755"
"Panc 04.03","KAT2B","-0.3312089","0.128"
"Panc 05.04","KAT2B","-0.4516773","0.177"
"Panc 08.13","KAT2B","-0.03906112","0.837"
"Panc 10.05","KAT2B","-0.3159547","0.119"
"RWP-1","KAT2B","-0.5287284","0.034"
"SK-PC-1","KAT2B","-0.07926457","0.754"
"SK-PC-3","KAT2B","-0.7772531","0.06"
"SU.86.86","KAT2B","-0.02900055","0.724"
"SW1990","KAT2B","-0.373517","0.065"
"BT-20","KAT5","-0.280759","0.347"
"BT-474","KAT5","-0.266773","0.325"
"BT-549","KAT5","-0.4093943","0.287"
"CAL-51","KAT5","-0.3513334","0.058"
"CAMA-1","KAT5","-0.1446492","0.824"
"EFM-19","KAT5","-0.008070455","0.912"
"HCC1143","KAT5","-0.2120744","0.713"
"HCC1187","KAT5","-0.117772","0.846"
"HCC1395","KAT5","-0.1992757","0.651"
"HCC1419","KAT5","-0.2319233","0.349"
"HCC1428","KAT5","-0.3389293","0.58"
"HCC1500","KAT5","-0.4081762","0.129"
"HCC1806","KAT5","-0.2508195","0.746"
"HCC1937","KAT5","-0.2677923","0.236"
"HCC1954","KAT5","-0.2364199","0.293"
"HCC38","KAT5","-0.1676416","0.67"
"Hs 578T","KAT5","-0.06981413","0.529"
"KPL-1","KAT5","-0.09139826","0.482"
"MCF7","KAT5","-0.03335576","0.657"
"MDA-MB-157","KAT5","-0.03851884","0.893"
"MDA-MB-231","KAT5","-0.3704564","0.195"
"MDA-MB-361","KAT5","-0.195692","0.511"
"MDA-MB-436","KAT5","-0.085402","0.961"
"MDA-MB-453","KAT5","0.005983317","0.748"
"MDA-MB-468","KAT5","-0.05523472","0.699"
"SK-BR-3","KAT5","-0.2328144","0.604"
"SW527","KAT5","-0.1345206","0.465"
"T-47D","KAT5","-0.4863809","0.095"
"ZR-75-1","KAT5","-0.190183","0.654"
"609050M","KAT5","-0.241904","0.339"
"A2780","KAT5","-0.06319538","0.484"
"A2780_CIS","KAT5","-0.03833301","0.73"
"MM_OVCAR432_Bast_1","KAT5","-0.6415595","0.448"
"OV-1946","KAT5","-0.4740328","0.46"
"OV-90","KAT5","-0.2394531","0.3"
"OVCA1369_TR","KAT5","-1.072283","0.457"
"OVCA433_Bast","KAT5","-0.9836861","0.18"
"OVCA5","KAT5","-0.2835574","0.263"
"OVCA8","KAT5","-0.2050401","0.546"
"OVCAR-3","KAT5","-0.6005895","0.354"
"SK-OV-3","KAT5","-0.0368443","0.701"
"TOV-1946","KAT5","-0.4614514","0.336"
"TOV-2223G","KAT5","-0.001506538","0.853"
"TOV-3133G","KAT5","0.004957084","0.946"
"AsPC-1","KAT5","-0.146359","0.468"
"BxPC-3","KAT5","-0.2352314","0.532"
"CFPAC-1","KAT5","-0.03845986","0.758"
"Capan-2","KAT5","-0.06346288","0.552"
"HPAC","KAT5","-0.1544648","0.166"
"HPAF-II","KAT5","-0.3587722","0.106"
"HPDE","KAT5","-1.176777","0.699"
"Hs 766T","KAT5","-0.4649273","0.782"
"IMIM-PC-1","KAT5","-0.1157272","0.507"
"IMIM-PC-2","KAT5","-0.1164989","0.293"
"KP-3","KAT5","-0.2073039","0.384"
"KP-4","KAT5","-0.224226","0.06"
"MIA PaCa-2","KAT5","-0.2304161","0.055"
"PANC-1","KAT5","-0.16428","0.32"
"PL45","KAT5","-0.2030917","0.445"
"PaTu_8988S","KAT5","-0.2209212","0.089"
"PaTu_8988T","KAT5","-0.2080269","0.131"
"Panc 02.03","KAT5","-0.2518496","0.444"
"Panc 03.27","KAT5","-0.2223729","0.169"
"Panc 04.03","KAT5","-0.2454036","0.299"
"Panc 05.04","KAT5","-0.2883078","0.501"
"Panc 08.13","KAT5","-0.2481027","0.123"
"Panc 10.05","KAT5","-0.2168432","0.265"
"RWP-1","KAT5","-0.1957592","0.322"
"SK-PC-1","KAT5","-0.1430104","0.51"
"SK-PC-3","KAT5","-0.4983131","0.315"
"SU.86.86","KAT5","-0.1865041","0.183"
"SW1990","KAT5","-0.08310974","0.831"
"BT-20","KDM1A","-0.1879424","0.541"
"BT-474","KDM1A","-0.4991768","0.083"
"BT-549","KDM1A","-0.1353648","0.811"
"CAL-51","KDM1A","-0.1508409","0.45"
"CAMA-1","KDM1A","-0.553203","0.125"
"EFM-19","KDM1A","-0.3106103","0.106"
"HCC1143","KDM1A","-0.956596","0.034"
"HCC1187","KDM1A","-0.2373098","0.562"
"HCC1395","KDM1A","-0.2354594","0.574"
"HCC1419","KDM1A","-0.3590166","0.152"
"HCC1428","KDM1A","-0.2941922","0.638"
"HCC1500","KDM1A","-0.2367504","0.363"
"HCC1806","KDM1A","-0.06346103","0.95"
"HCC1937","KDM1A","-0.0424455","0.76"
"HCC1954","KDM1A","-0.3582943","0.129"
"HCC38","KDM1A","-0.04683845","0.934"
"Hs 578T","KDM1A","-0.07063906","0.523"
"KPL-1","KDM1A","-0.2023632","0.099"
"MCF7","KDM1A","-0.2540324","0.041"
"MDA-MB-157","KDM1A","-0.004101144","0.968"
"MDA-MB-231","KDM1A","-0.02950414","0.841"
"MDA-MB-361","KDM1A","-0.4696251","0.096"
"MDA-MB-436","KDM1A","-0.1029477","0.93"
"MDA-MB-453","KDM1A","-0.08941702","0.215"
"MDA-MB-468","KDM1A","-0.05332791","0.708"
"SK-BR-3","KDM1A","-0.358786","0.392"
"SW527","KDM1A","-0.1165293","0.519"
"T-47D","KDM1A","-0.2078483","0.55"
"ZR-75-1","KDM1A","-0.3847383","0.266"
"609050M","KDM1A","-0.06758422","0.875"
"A2780","KDM1A","-0.008856108","0.716"
"A2780_CIS","KDM1A","-0.1120272","0.429"
"MM_OVCAR432_Bast_1","KDM1A","-0.4716863","0.63"
"OV-1946","KDM1A","-0.2572775","0.777"
"OV-90","KDM1A","-0.04003936","0.859"
"OVCA1369_TR","KDM1A","-0.475673","0.764"
"OVCA433_Bast","KDM1A","-0.1278278","0.963"
"OVCA5","KDM1A","-0.1692154","0.478"
"OVCA8","KDM1A","-0.2165242","0.524"
"OVCAR-3","KDM1A","-0.2930597","0.642"
"SK-OV-3","KDM1A","-0.00734999","0.848"
"TOV-1946","KDM1A","-0.3140364","0.562"
"TOV-2223G","KDM1A","0.0715717","0.98"
"TOV-3133G","KDM1A","-0.0666982","0.659"
"AsPC-1","KDM1A","-0.1892566","0.346"
"BxPC-3","KDM1A","-0.1148861","0.811"
"CFPAC-1","KDM1A","-0.04137854","0.74"
"Capan-2","KDM1A","0.0007570449","0.915"
"HPAC","KDM1A","-0.04293333","0.718"
"HPAF-II","KDM1A","-0.1428114","0.56"
"HPDE","KDM1A","-1.34121","0.646"
"Hs 766T","KDM1A","-0.4839611","0.76"
"IMIM-PC-1","KDM1A","-0.06578699","0.83"
"IMIM-PC-2","KDM1A","-0.1318182","0.235"
"KP-3","KDM1A","-0.03154102","0.926"
"KP-4","KDM1A","-0.04765675","0.735"
"MIA PaCa-2","KDM1A","-0.03662592","0.775"
"PANC-1","KDM1A","-0.0939924","0.609"
"PL45","KDM1A","-0.160305","0.582"
"PaTu_8988S","KDM1A","-0.06807428","0.529"
"PaTu_8988T","KDM1A","-0.09003118","0.544"
"Panc 02.03","KDM1A","-0.2082618","0.585"
"Panc 03.27","KDM1A","-0.02094937","0.909"
"Panc 04.03","KDM1A","-0.1948596","0.45"
"Panc 05.04","KDM1A","-0.04789152","0.981"
"Panc 08.13","KDM1A","-0.09686806","0.569"
"Panc 10.05","KDM1A","-0.01072744","0.911"
"RWP-1","KDM1A","-0.1712572","0.385"
"SK-PC-1","KDM1A","-0.1121995","0.608"
"SK-PC-3","KDM1A","-0.1679701","0.907"
"SU.86.86","KDM1A","-0.120738","0.34"
"SW1990","KDM1A","-0.04448674","0.936"
"BT-20","KDM1B","-0.150165","0.628"
"BT-474","KDM1B","-0.4531487","0.102"
"BT-549","KDM1B","-0.03155385","0.975"
"CAL-51","KDM1B","-0.07335214","0.857"
"CAMA-1","KDM1B","-0.3705683","0.336"
"EFM-19","KDM1B","-0.04677555","0.805"
"HCC1143","KDM1B","-0.07894224","0.891"
"HCC1187","KDM1B","-0.193774","0.657"
"HCC1395","KDM1B","-0.1915268","0.672"
"HCC1419","KDM1B","-0.3290704","0.178"
"HCC1428","KDM1B","-0.3008419","0.631"
"HCC1500","KDM1B","-0.2621532","0.312"
"HCC1806","KDM1B","-0.3570904","0.613"
"HCC1937","KDM1B","-0.01787827","0.84"
"HCC1954","KDM1B","-0.1424691","0.515"
"HCC38","KDM1B","-0.129689","0.765"
"Hs 578T","KDM1B","-0.1629237","0.199"
"KPL-1","KDM1B","-0.1227478","0.304"
"MCF7","KDM1B","-0.06763361","0.424"
"MDA-MB-157","KDM1B","-0.2308512","0.314"
"MDA-MB-231","KDM1B","-0.3755971","0.188"
"MDA-MB-361","KDM1B","-0.1005287","0.752"
"MDA-MB-436","KDM1B","-0.2333275","0.551"
"MDA-MB-453","KDM1B","-0.03182128","0.423"
"MDA-MB-468","KDM1B","-0.1639003","0.329"
"SK-BR-3","KDM1B","-0.6003827","0.127"
"SW527","KDM1B","-0.1686265","0.367"
"T-47D","KDM1B","-0.2870143","0.369"
"ZR-75-1","KDM1B","-0.1552306","0.747"
"609050M","KDM1B","-0.1968354","0.444"
"A2780","KDM1B","-0.0215663","0.669"
"A2780_CIS","KDM1B","0.01094374","0.932"
"MM_OVCAR432_Bast_1","KDM1B","-0.5939801","0.501"
"OV-1946","KDM1B","-0.1224471","0.943"
"OV-90","KDM1B","-0.06404428","0.777"
"OVCA1369_TR","KDM1B","-0.3634071","0.827"
"OVCA433_Bast","KDM1B","-0.3643081","0.776"
"OVCA5","KDM1B","-0.2219531","0.366"
"OVCA8","KDM1B","-0.1051265","0.775"
"OVCAR-3","KDM1B","-0.1918487","0.764"
"SK-OV-3","KDM1B","-0.07877971","0.475"
"TOV-1946","KDM1B","-0.07482655","0.929"
"TOV-2223G","KDM1B","-0.02878094","0.794"
"TOV-3133G","KDM1B","-0.001789922","0.93"
"AsPC-1","KDM1B","-0.1200486","0.564"
"BxPC-3","KDM1B","-0.354117","0.319"
"CFPAC-1","KDM1B","-0.0003599461","0.96"
"Capan-2","KDM1B","-0.002920006","0.906"
"HPAC","KDM1B","-0.1320151","0.23"
"HPAF-II","KDM1B","-0.1138555","0.668"
"HPDE","KDM1B","-1.544849","0.591"
"Hs 766T","KDM1B","-0.3368854","0.919"
"IMIM-PC-1","KDM1B","-0.1240579","0.46"
"IMIM-PC-2","KDM1B","-0.09051867","0.42"
"KP-3","KDM1B","-0.2295542","0.328"
"KP-4","KDM1B","-0.02202957","0.901"
"MIA PaCa-2","KDM1B","-0.009454536","0.938"
"PANC-1","KDM1B","-0.03111693","0.939"
"PL45","KDM1B","-0.1684415","0.556"
"PaTu_8988S","KDM1B","-0.08231609","0.462"
"PaTu_8988T","KDM1B","-0.06686767","0.712"
"Panc 02.03","KDM1B","-0.1613013","0.755"
"Panc 03.27","KDM1B","-0.06269988","0.702"
"Panc 04.03","KDM1B","-0.1967653","0.444"
"Panc 05.04","KDM1B","-0.3315647","0.39"
"Panc 08.13","KDM1B","-0.1744758","0.268"
"Panc 10.05","KDM1B","-0.2597186","0.185"
"RWP-1","KDM1B","-0.164647","0.399"
"SK-PC-1","KDM1B","-0.1448432","0.5"
"SK-PC-3","KDM1B","-0.469102","0.369"
"SU.86.86","KDM1B","-0.0475276","0.641"
"SW1990","KDM1B","-0.1058687","0.755"
"BT-20","KDM2A","-0.1491863","0.63"
"BT-474","KDM2A","-0.3285711","0.238"
"BT-549","KDM2A","-0.4666941","0.217"
"CAL-51","KDM2A","-0.1553023","0.426"
"CAMA-1","KDM2A","-0.3540709","0.365"
"EFM-19","KDM2A","-0.08996547","0.642"
"HCC1143","KDM2A","-0.5266843","0.282"
"HCC1187","KDM2A","-0.3366492","0.361"
"HCC1395","KDM2A","-0.4281943","0.249"
"HCC1419","KDM2A","-0.2707837","0.267"
"HCC1428","KDM2A","-0.6495625","0.289"
"HCC1500","KDM2A","-0.4017961","0.134"
"HCC1806","KDM2A","-0.1140352","0.91"
"HCC1937","KDM2A","-0.1285423","0.502"
"HCC1954","KDM2A","-0.2123855","0.334"
"HCC38","KDM2A","-0.1982031","0.601"
"Hs 578T","KDM2A","-0.08019448","0.471"
"KPL-1","KDM2A","-0.1142735","0.352"
"MCF7","KDM2A","-0.04720475","0.564"
"MDA-MB-157","KDM2A","-0.3791727","0.105"
"MDA-MB-231","KDM2A","-0.1497712","0.572"
"MDA-MB-361","KDM2A","-0.1645074","0.577"
"MDA-MB-436","KDM2A","-0.2736207","0.45"
"MDA-MB-453","KDM2A","-0.01360872","0.561"
"MDA-MB-468","KDM2A","-0.2426356","0.199"
"SK-BR-3","KDM2A","-0.6155213","0.119"
"SW527","KDM2A","-0.1322408","0.473"
"T-47D","KDM2A","-0.2525215","0.449"
"ZR-75-1","KDM2A","-0.3962875","0.246"
"609050M","KDM2A","-0.2235692","0.382"
"A2780","KDM2A","-0.0982216","0.362"
"A2780_CIS","KDM2A","-0.2080799","0.197"
"MM_OVCAR432_Bast_1","KDM2A","-0.3571393","0.752"
"OV-1946","KDM2A","-0.4614579","0.47"
"OV-90","KDM2A","-0.1419544","0.522"
"OVCA1369_TR","KDM2A","-1.468127","0.313"
"OVCA433_Bast","KDM2A","-0.8063763","0.312"
"OVCA5","KDM2A","-0.149104","0.537"
"OVCA8","KDM2A","-0.3467102","0.274"
"OVCAR-3","KDM2A","-1.097564","0.095"
"SK-OV-3","KDM2A","-0.1206528","0.303"
"TOV-1946","KDM2A","-0.5824004","0.188"
"TOV-2223G","KDM2A","-0.1421047","0.527"
"TOV-3133G","KDM2A","-0.3472244","0.113"
"AsPC-1","KDM2A","-0.1615884","0.439"
"BxPC-3","KDM2A","-0.1706726","0.683"
"CFPAC-1","KDM2A","-0.06555141","0.57"
"Capan-2","KDM2A","-0.1183627","0.313"
"HPAC","KDM2A","-0.09865692","0.364"
"HPAF-II","KDM2A","-0.2041645","0.377"
"HPDE","KDM2A","-2.79541","0.279"
"Hs 766T","KDM2A","-0.7649247","0.399"
"IMIM-PC-1","KDM2A","-0.1352569","0.392"
"IMIM-PC-2","KDM2A","-0.06970411","0.538"
"KP-3","KDM2A","-0.1068619","0.703"
"KP-4","KDM2A","-0.07192108","0.551"
"MIA PaCa-2","KDM2A","-0.06322647","0.596"
"PANC-1","KDM2A","-0.1574942","0.339"
"PL45","KDM2A","-0.3023816","0.203"
"PaTu_8988S","KDM2A","-0.1046345","0.364"
"PaTu_8988T","KDM2A","-0.1068614","0.452"
"Panc 02.03","KDM2A","-0.3336431","0.276"
"Panc 03.27","KDM2A","-0.2147275","0.178"
"Panc 04.03","KDM2A","-0.2046784","0.415"
"Panc 05.04","KDM2A","-0.3030773","0.459"
"Panc 08.13","KDM2A","-0.1577446","0.322"
"Panc 10.05","KDM2A","-0.2112396","0.275"
"RWP-1","KDM2A","-0.1284369","0.492"
"SK-PC-1","KDM2A","-0.1180185","0.588"
"SK-PC-3","KDM2A","-0.6874444","0.113"
"SU.86.86","KDM2A","-0.0996206","0.415"
"SW1990","KDM2A","-0.1841307","0.458"
"BT-20","KDM2B","-0.1439531","0.642"
"BT-474","KDM2B","-0.1388006","0.626"
"BT-549","KDM2B","-0.6989732","0.059"
"CAL-51","KDM2B","-0.1737979","0.339"
"CAMA-1","KDM2B","-0.7958917","0.026"
"EFM-19","KDM2B","-0.1836566","0.334"
"HCC1143","KDM2B","-0.7563523","0.116"
"HCC1187","KDM2B","-0.5757168","0.103"
"HCC1395","KDM2B","-0.3764596","0.322"
"HCC1419","KDM2B","-0.752466","0.007"
"HCC1428","KDM2B","-1.009642","0.116"
"HCC1500","KDM2B","-0.3900244","0.144"
"HCC1806","KDM2B","-0.807089","0.115"
"HCC1937","KDM2B","-0.3367982","0.146"
"HCC1954","KDM2B","-0.2229484","0.308"
"HCC38","KDM2B","-0.1347322","0.752"
"Hs 578T","KDM2B","-0.1849782","0.161"
"KPL-1","KDM2B","-0.1592617","0.179"
"MCF7","KDM2B","-0.09687922","0.274"
"MDA-MB-157","KDM2B","-0.2456131","0.283"
"MDA-MB-231","KDM2B","-0.1042043","0.673"
"MDA-MB-361","KDM2B","-0.3076119","0.27"
"MDA-MB-436","KDM2B","-0.3301087","0.349"
"MDA-MB-453","KDM2B","-0.1361961","0.125"
"MDA-MB-468","KDM2B","-0.2088866","0.244"
"SK-BR-3","KDM2B","-0.9517965","0.008"
"SW527","KDM2B","-0.1049457","0.566"
"T-47D","KDM2B","-0.3824353","0.206"
"ZR-75-1","KDM2B","-0.3509086","0.321"
"609050M","KDM2B","-0.3631765","0.158"
"A2780","KDM2B","-0.01047309","0.711"
"A2780_CIS","KDM2B","-0.2717713","0.12"
"MM_OVCAR432_Bast_1","KDM2B","-0.7557573","0.336"
"OV-1946","KDM2B","-0.2741738","0.754"
"OV-90","KDM2B","-0.4478702","0.078"
"OVCA1369_TR","KDM2B","-1.24048","0.394"
"OVCA433_Bast","KDM2B","-1.118869","0.113"
"OVCA5","KDM2B","-0.3333196","0.196"
"OVCA8","KDM2B","-0.691264","0.02"
"OVCAR-3","KDM2B","-0.6540403","0.326"
"SK-OV-3","KDM2B","-0.1914238","0.153"
"TOV-1946","KDM2B","-0.5839055","0.188"
"TOV-2223G","KDM2B","-0.07360277","0.683"
"TOV-3133G","KDM2B","-0.3544585","0.109"
"AsPC-1","KDM2B","-0.09363581","0.669"
"BxPC-3","KDM2B","-0.5652355","0.087"
"CFPAC-1","KDM2B","-0.270365","0.038"
"Capan-2","KDM2B","-0.03069602","0.755"
"HPAC","KDM2B","-0.1103636","0.319"
"HPAF-II","KDM2B","-0.4242441","0.053"
"HPDE","KDM2B","-2.558233","0.324"
"Hs 766T","KDM2B","-1.094946","0.094"
"IMIM-PC-1","KDM2B","-0.135255","0.392"
"IMIM-PC-2","KDM2B","-0.1377071","0.213"
"KP-3","KDM2B","-0.1353186","0.589"
"KP-4","KDM2B","-0.198737","0.092"
"MIA PaCa-2","KDM2B","-0.03451207","0.793"
"PANC-1","KDM2B","-0.3283697","0.028"
"PL45","KDM2B","-0.1687759","0.556"
"PaTu_8988S","KDM2B","-0.1097605","0.346"
"PaTu_8988T","KDM2B","-0.07504461","0.663"
"Panc 02.03","KDM2B","-0.4849412","0.089"
"Panc 03.27","KDM2B","-0.2210234","0.169"
"Panc 04.03","KDM2B","-0.2434864","0.302"
"Panc 05.04","KDM2B","-0.4000561","0.248"
"Panc 08.13","KDM2B","-0.2197274","0.164"
"Panc 10.05","KDM2B","-0.7296797","0.002"
"RWP-1","KDM2B","-0.3436413","0.132"
"SK-PC-1","KDM2B","-0.2431036","0.198"
"SK-PC-3","KDM2B","-0.4637347","0.377"
"SU.86.86","KDM2B","-0.1060432","0.399"
"SW1990","KDM2B","-0.3384918","0.101"
"BT-20","KDM3A","-0.2812119","0.346"
"BT-474","KDM3A","-0.2064269","0.453"
"BT-549","KDM3A","-0.3014975","0.444"
"CAL-51","KDM3A","-0.1139468","0.622"
"CAMA-1","KDM3A","-0.3220911","0.426"
"EFM-19","KDM3A","-0.03059236","0.853"
"HCC1143","KDM3A","-0.2616379","0.634"
"HCC1187","KDM3A","-0.1981582","0.651"
"HCC1395","KDM3A","-0.128326","0.807"
"HCC1419","KDM3A","-0.09933433","0.743"
"HCC1428","KDM3A","-0.3105619","0.621"
"HCC1500","KDM3A","-0.05692421","0.866"
"HCC1806","KDM3A","-0.187661","0.823"
"HCC1937","KDM3A","-0.0411973","0.762"
"HCC1954","KDM3A","-0.2067923","0.347"
"HCC38","KDM3A","-0.3366456","0.313"
"Hs 578T","KDM3A","-0.03297612","0.747"
"KPL-1","KDM3A","-0.1288131","0.278"
"MCF7","KDM3A","-0.05696142","0.494"
"MDA-MB-157","KDM3A","-0.1544674","0.515"
"MDA-MB-231","KDM3A","-0.2075778","0.455"
"MDA-MB-361","KDM3A","-0.0693166","0.828"
"MDA-MB-436","KDM3A","-0.2172175","0.6"
"MDA-MB-453","KDM3A","-0.09156814","0.207"
"MDA-MB-468","KDM3A","-0.06640384","0.667"
"SK-BR-3","KDM3A","-0.3710799","0.373"
"SW527","KDM3A","-0.1024062","0.574"
"T-47D","KDM3A","-0.1746774","0.623"
"ZR-75-1","KDM3A","-0.2152965","0.589"
"609050M","KDM3A","-0.1055781","0.741"
"A2780","KDM3A","-0.1262995","0.279"
"A2780_CIS","KDM3A","-0.05338799","0.667"
"MM_OVCAR432_Bast_1","KDM3A","-0.1282444","0.937"
"OV-1946","KDM3A","-0.7105256","0.189"
"OV-90","KDM3A","-0.0819649","0.72"
"OVCA1369_TR","KDM3A","-0.7335398","0.592"
"OVCA433_Bast","KDM3A","-0.3415881","0.8"
"OVCA5","KDM3A","-0.1699846","0.477"
"OVCA8","KDM3A","-0.144052","0.687"
"OVCAR-3","KDM3A","-0.07136415","0.905"
"SK-OV-3","KDM3A","-0.1004634","0.377"
"TOV-1946","KDM3A","-0.2973976","0.599"
"TOV-2223G","KDM3A","0.03503875","0.934"
"TOV-3133G","KDM3A","-0.1139683","0.487"
"AsPC-1","KDM3A","-0.07764447","0.733"
"BxPC-3","KDM3A","-0.3178515","0.386"
"CFPAC-1","KDM3A","-0.04844514","0.688"
"Capan-2","KDM3A","-0.002332965","0.91"
"HPAC","KDM3A","-0.04957819","0.67"
"HPAF-II","KDM3A","-0.1684502","0.476"
"HPDE","KDM3A","-1.392754","0.63"
"Hs 766T","KDM3A","-0.5743059","0.649"
"IMIM-PC-1","KDM3A","-0.07161118","0.795"
"IMIM-PC-2","KDM3A","-0.07928573","0.48"
"KP-3","KDM3A","-0.1099094","0.695"
"KP-4","KDM3A","-0.08868136","0.462"
"MIA PaCa-2","KDM3A","-0.06322771","0.596"
"PANC-1","KDM3A","-0.06769968","0.763"
"PL45","KDM3A","-0.1908124","0.478"
"PaTu_8988S","KDM3A","-0.02809515","0.792"
"PaTu_8988T","KDM3A","-0.04795678","0.859"
"Panc 02.03","KDM3A","-0.2779279","0.379"
"Panc 03.27","KDM3A","-0.0939739","0.556"
"Panc 04.03","KDM3A","-0.2418672","0.306"
"Panc 05.04","KDM3A","-0.209896","0.698"
"Panc 08.13","KDM3A","-0.1421019","0.377"
"Panc 10.05","KDM3A","-0.1149777","0.554"
"RWP-1","KDM3A","-0.4188815","0.079"
"SK-PC-1","KDM3A","-0.1782227","0.363"
"SK-PC-3","KDM3A","-0.4163376","0.44"
"SU.86.86","KDM3A","-0.04793274","0.638"
"SW1990","KDM3A","-0.198293","0.415"
"BT-20","KDM3B","-0.2217295","0.477"
"BT-474","KDM3B","-0.213357","0.44"
"BT-549","KDM3B","-0.1945056","0.667"
"CAL-51","KDM3B","-0.08955763","0.771"
"CAMA-1","KDM3B","-0.264019","0.54"
"EFM-19","KDM3B","-0.007367209","0.912"
"HCC1143","KDM3B","-0.2255882","0.691"
"HCC1187","KDM3B","-0.1893726","0.666"
"HCC1395","KDM3B","-0.2914443","0.455"
"HCC1419","KDM3B","-0.2130577","0.39"
"HCC1428","KDM3B","-0.5285329","0.397"
"HCC1500","KDM3B","-0.05477843","0.867"
"HCC1806","KDM3B","-0.09618744","0.924"
"HCC1937","KDM3B","0.005071436","0.901"
"HCC1954","KDM3B","-0.170118","0.44"
"HCC38","KDM3B","-0.2249376","0.539"
"Hs 578T","KDM3B","-0.1479909","0.228"
"KPL-1","KDM3B","-0.06650368","0.709"
"MCF7","KDM3B","-0.05772768","0.487"
"MDA-MB-157","KDM3B","-0.06946173","0.793"
"MDA-MB-231","KDM3B","0.02075236","0.934"
"MDA-MB-361","KDM3B","-0.2223606","0.447"
"MDA-MB-436","KDM3B","-0.1374458","0.832"
"MDA-MB-453","KDM3B","-0.1179652","0.153"
"MDA-MB-468","KDM3B","-0.08328728","0.585"
"SK-BR-3","KDM3B","-0.3916253","0.345"
"SW527","KDM3B","-0.01356988","0.927"
"T-47D","KDM3B","-0.3682424","0.222"
"ZR-75-1","KDM3B","-0.2675309","0.469"
"609050M","KDM3B","-0.1598801","0.557"
"A2780","KDM3B","-0.03001384","0.632"
"A2780_CIS","KDM3B","-0.009068245","0.854"
"MM_OVCAR432_Bast_1","KDM3B","-0.2424083","0.867"
"OV-1946","KDM3B","-0.2585065","0.777"
"OV-90","KDM3B","-0.006167513","0.961"
"OVCA1369_TR","KDM3B","-1.627314","0.264"
"OVCA433_Bast","KDM3B","-0.4518384","0.671"
"OVCA5","KDM3B","-0.2756737","0.27"
"OVCA8","KDM3B","-0.06487565","0.876"
"OVCAR-3","KDM3B","-0.1341001","0.834"
"SK-OV-3","KDM3B","-0.07951548","0.473"
"TOV-1946","KDM3B","-0.1805409","0.802"
"TOV-2223G","KDM3B","-0.1498735","0.514"
"TOV-3133G","KDM3B","-0.0296862","0.824"
"AsPC-1","KDM3B","-0.09851763","0.642"
"BxPC-3","KDM3B","-0.2758408","0.473"
"CFPAC-1","KDM3B","-0.006519651","0.944"
"Capan-2","KDM3B","-0.07290991","0.503"
"HPAC","KDM3B","-0.04281356","0.719"
"HPAF-II","KDM3B","-0.0234269","0.963"
"HPDE","KDM3B","-1.802859","0.519"
"Hs 766T","KDM3B","-0.2567522","0.967"
"IMIM-PC-1","KDM3B","-0.06500517","0.835"
"IMIM-PC-2","KDM3B","-0.03715061","0.764"
"KP-3","KDM3B","-0.1989119","0.418"
"KP-4","KDM3B","-0.1032209","0.392"
"MIA PaCa-2","KDM3B","-0.02831551","0.837"
"PANC-1","KDM3B","-0.07983114","0.683"
"PL45","KDM3B","-0.1582586","0.589"
"PaTu_8988S","KDM3B","-0.03319868","0.765"
"PaTu_8988T","KDM3B","-0.09496475","0.52"
"Panc 02.03","KDM3B","-0.3055255","0.329"
"Panc 03.27","KDM3B","-0.004890658","0.957"
"Panc 04.03","KDM3B","-0.1036861","0.754"
"Panc 05.04","KDM3B","-0.1566303","0.807"
"Panc 08.13","KDM3B","-0.01574299","0.93"
"Panc 10.05","KDM3B","-0.001951754","0.924"
"RWP-1","KDM3B","0.03860216","0.973"
"SK-PC-1","KDM3B","-0.05961904","0.864"
"SK-PC-3","KDM3B","-0.2247662","0.814"
"SU.86.86","KDM3B","-0.006487084","0.829"
"SW1990","KDM3B","-0.05120132","0.919"
"BT-20","KDM4A","-0.1817828","0.558"
"BT-474","KDM4A","-0.1148435","0.698"
"BT-549","KDM4A","-0.210618","0.634"
"CAL-51","KDM4A","-0.1947798","0.272"
"CAMA-1","KDM4A","-0.1604882","0.787"
"EFM-19","KDM4A","-0.07459255","0.701"
"HCC1143","KDM4A","-0.06533797","0.901"
"HCC1187","KDM4A","-0.07289258","0.936"
"HCC1395","KDM4A","-0.1046373","0.857"
"HCC1419","KDM4A","-0.1816866","0.464"
"HCC1428","KDM4A","-0.3825158","0.534"
"HCC1500","KDM4A","-0.1914183","0.469"
"HCC1806","KDM4A","-0.2629864","0.728"
"HCC1937","KDM4A","-0.01647942","0.845"
"HCC1954","KDM4A","-0.1576635","0.475"
"HCC38","KDM4A","-0.09719201","0.831"
"Hs 578T","KDM4A","-0.07821073","0.48"
"KPL-1","KDM4A","-0.03116089","0.928"
"MCF7","KDM4A","-0.0012608","0.886"
"MDA-MB-157","KDM4A","-0.1567084","0.504"
"MDA-MB-231","KDM4A","-0.1789623","0.512"
"MDA-MB-361","KDM4A","-0.08105744","0.798"
"MDA-MB-436","KDM4A","-0.2102439","0.627"
"MDA-MB-453","KDM4A","-0.1101016","0.173"
"MDA-MB-468","KDM4A","-0.2309839","0.219"
"SK-BR-3","KDM4A","-0.2400157","0.587"
"SW527","KDM4A","-0.1269374","0.487"
"T-47D","KDM4A","-0.1503702","0.7"
"ZR-75-1","KDM4A","-0.2247856","0.564"
"609050M","KDM4A","-0.2213028","0.385"
"A2780","KDM4A","-0.1834791","0.182"
"A2780_CIS","KDM4A","-0.0249247","0.797"
"MM_OVCAR432_Bast_1","KDM4A","-0.5284283","0.571"
"OV-1946","KDM4A","-0.4847766","0.445"
"OV-90","KDM4A","-0.1172943","0.605"
"OVCA1369_TR","KDM4A","-0.1224776","0.968"
"OVCA433_Bast","KDM4A","-0.2697689","0.865"
"OVCA5","KDM4A","-0.1190306","0.65"
"OVCA8","KDM4A","-0.1242394","0.732"
"OVCAR-3","KDM4A","-0.3449559","0.59"
"SK-OV-3","KDM4A","-0.3236999","0.031"
"TOV-1946","KDM4A","-0.2597219","0.668"
"TOV-2223G","KDM4A","-0.1208677","0.576"
"TOV-3133G","KDM4A","-0.4069548","0.079"
"AsPC-1","KDM4A","-0.1157345","0.574"
"BxPC-3","KDM4A","-0.2973604","0.428"
"CFPAC-1","KDM4A","-0.02592606","0.844"
"Capan-2","KDM4A","-0.1699872","0.187"
"HPAC","KDM4A","-0.06965365","0.522"
"HPAF-II","KDM4A","-0.2135324","0.351"
"HPDE","KDM4A","-0.5687383","0.855"
"Hs 766T","KDM4A","-0.5371187","0.701"
"IMIM-PC-1","KDM4A","-0.2125982","0.156"
"IMIM-PC-2","KDM4A","-0.129689","0.242"
"KP-3","KDM4A","-0.07983315","0.797"
"KP-4","KDM4A","-0.09749407","0.419"
"MIA PaCa-2","KDM4A","-0.03661445","0.775"
"PANC-1","KDM4A","-0.04656111","0.874"
"PL45","KDM4A","-0.08171339","0.845"
"PaTu_8988S","KDM4A","-0.02300027","0.83"
"PaTu_8988T","KDM4A","-0.1023853","0.482"
"Panc 02.03","KDM4A","-0.2166056","0.556"
"Panc 03.27","KDM4A","-0.187613","0.234"
"Panc 04.03","KDM4A","-0.08486446","0.821"
"Panc 05.04","KDM4A","-0.2020535","0.716"
"Panc 08.13","KDM4A","-0.120816","0.462"
"Panc 10.05","KDM4A","0.004761433","0.939"
"RWP-1","KDM4A","-0.09983383","0.581"
"SK-PC-1","KDM4A","-0.07348131","0.784"
"SK-PC-3","KDM4A","-0.3142627","0.629"
"SU.86.86","KDM4A","-0.05349831","0.609"
"SW1990","KDM4A","-0.1233295","0.671"
"BT-20","KDM4B","-0.3200347","0.288"
"BT-474","KDM4B","-0.05599795","0.869"
"BT-549","KDM4B","-0.1869371","0.682"
"CAL-51","KDM4B","-0.09392615","0.749"
"CAMA-1","KDM4B","-0.1277451","0.863"
"EFM-19","KDM4B","-0.1637329","0.397"
"HCC1143","KDM4B","-0.124865","0.838"
"HCC1187","KDM4B","-0.1622004","0.728"
"HCC1395","KDM4B","-0.07251552","0.917"
"HCC1419","KDM4B","-0.02345747","0.968"
"HCC1428","KDM4B","-0.1484795","0.829"
"HCC1500","KDM4B","-0.1072373","0.721"
"HCC1806","KDM4B","-0.002934114","0.988"
"HCC1937","KDM4B","-0.1574446","0.432"
"HCC1954","KDM4B","0.04765202","1"
"HCC38","KDM4B","-0.0689581","0.888"
"Hs 578T","KDM4B","0.01981639","0.957"
"KPL-1","KDM4B","-0.02604341","0.953"
"MCF7","KDM4B","0.0616898","1"
"MDA-MB-157","KDM4B","-0.03498184","0.904"
"MDA-MB-231","KDM4B","-0.05788524","0.788"
"MDA-MB-361","KDM4B","0.02496942","0.984"
"MDA-MB-436","KDM4B","-0.2506884","0.513"
"MDA-MB-453","KDM4B","0.06594194","1"
"MDA-MB-468","KDM4B","-0.01838257","0.886"
"SK-BR-3","KDM4B","-0.05565082","0.931"
"SW527","KDM4B","-0.02410973","0.901"
"T-47D","KDM4B","-0.1561679","0.68"
"ZR-75-1","KDM4B","0.07491063","0.999"
"609050M","KDM4B","-0.1860951","0.47"
"A2780","KDM4B","0.08899133","0.989"
"A2780_CIS","KDM4B","-0.08665217","0.522"
"MM_OVCAR432_Bast_1","KDM4B","-1.060566","0.133"
"OV-1946","KDM4B","-0.2861545","0.742"
"OV-90","KDM4B","-0.0665147","0.772"
"OVCA1369_TR","KDM4B","-1.341444","0.34"
"OVCA433_Bast","KDM4B","-0.8625519","0.259"
"OVCA5","KDM4B","-0.08105178","0.774"
"OVCA8","KDM4B","-0.2268239","0.504"
"OVCAR-3","KDM4B","-0.1223581","0.848"
"SK-OV-3","KDM4B","-0.06344157","0.548"
"TOV-1946","KDM4B","-0.198715","0.773"
"TOV-2223G","KDM4B","-0.3499883","0.221"
"TOV-3133G","KDM4B","-0.1510347","0.383"
"AsPC-1","KDM4B","-0.1168662","0.572"
"BxPC-3","KDM4B","-0.1136866","0.811"
"CFPAC-1","KDM4B","-0.07943359","0.482"
"Capan-2","KDM4B","-0.03104733","0.752"
"HPAC","KDM4B","-0.03567723","0.762"
"HPAF-II","KDM4B","-0.08522079","0.767"
"HPDE","KDM4B","1.620758","1"
"Hs 766T","KDM4B","-0.5410597","0.696"
"IMIM-PC-1","KDM4B","-0.09960552","0.601"
"IMIM-PC-2","KDM4B","-0.05667979","0.631"
"KP-3","KDM4B","-0.05213458","0.876"
"KP-4","KDM4B","-0.01074293","0.943"
"MIA PaCa-2","KDM4B","0.02668943","1"
"PANC-1","KDM4B","-0.005861145","0.985"
"PL45","KDM4B","-0.02472028","0.973"
"PaTu_8988S","KDM4B","-0.03244197","0.77"
"PaTu_8988T","KDM4B","-0.02750347","0.962"
"Panc 02.03","KDM4B","-0.1716851","0.722"
"Panc 03.27","KDM4B","-0.06595831","0.686"
"Panc 04.03","KDM4B","-0.06770569","0.862"
"Panc 05.04","KDM4B","-0.05019417","0.981"
"Panc 08.13","KDM4B","-0.03514384","0.851"
"Panc 10.05","KDM4B","-0.1191986","0.541"
"RWP-1","KDM4B","0.04679912","0.984"
"SK-PC-1","KDM4B","-0.04096544","0.933"
"SK-PC-3","KDM4B","-0.1489059","0.929"
"SU.86.86","KDM4B","-0.02237905","0.758"
"SW1990","KDM4B","-0.1300801","0.638"
"BT-20","KDM4C","-0.01159779","0.943"
"BT-474","KDM4C","-0.1179702","0.687"
"BT-549","KDM4C","-0.2290092","0.599"
"CAL-51","KDM4C","-0.05478416","0.922"
"CAMA-1","KDM4C","-0.1241527","0.875"
"EFM-19","KDM4C","-0.08098058","0.677"
"HCC1143","KDM4C","-0.2736388","0.611"
"HCC1187","KDM4C","-0.09839972","0.889"
"HCC1395","KDM4C","-0.1951991","0.663"
"HCC1419","KDM4C","-0.08796109","0.779"
"HCC1428","KDM4C","-0.1659285","0.806"
"HCC1500","KDM4C","-0.1562517","0.558"
"HCC1806","KDM4C","-0.1922846","0.818"
"HCC1937","KDM4C","-0.03481968","0.784"
"HCC1954","KDM4C","-0.01699987","0.96"
"HCC38","KDM4C","-0.1693307","0.669"
"Hs 578T","KDM4C","-0.0437789","0.681"
"KPL-1","KDM4C","-0.05762934","0.773"
"MCF7","KDM4C","-0.01013841","0.822"
"MDA-MB-157","KDM4C","-0.1143756","0.642"
"MDA-MB-231","KDM4C","0.01775143","0.929"
"MDA-MB-361","KDM4C","-0.1613692","0.584"
"MDA-MB-436","KDM4C","-0.1100839","0.908"
"MDA-MB-453","KDM4C","-0.04822637","0.339"
"MDA-MB-468","KDM4C","-0.04813691","0.738"
"SK-BR-3","KDM4C","-0.09201535","0.876"
"SW527","KDM4C","-0.03173925","0.879"
"T-47D","KDM4C","-0.08600035","0.863"
"ZR-75-1","KDM4C","-0.1072584","0.866"
"609050M","KDM4C","-0.0622876","0.891"
"A2780","KDM4C","0.04667626","0.927"
"A2780_CIS","KDM4C","0.01919852","0.955"
"MM_OVCAR432_Bast_1","KDM4C","-0.5989917","0.497"
"OV-1946","KDM4C","-0.1655677","0.912"
"OV-90","KDM4C","-0.02904488","0.899"
"OVCA1369_TR","KDM4C","-0.286813","0.885"
"OVCA433_Bast","KDM4C","-0.1030849","0.975"
"OVCA5","KDM4C","-0.07916766","0.781"
"OVCA8","KDM4C","-0.0687248","0.869"
"OVCAR-3","KDM4C","-0.2074169","0.743"
"SK-OV-3","KDM4C","0.008448569","0.916"
"TOV-1946","KDM4C","-0.1616691","0.828"
"TOV-2223G","KDM4C","0.03578302","0.935"
"TOV-3133G","KDM4C","-0.01013928","0.897"
"AsPC-1","KDM4C","-0.05191177","0.829"
"BxPC-3","KDM4C","-0.05928361","0.931"
"CFPAC-1","KDM4C","-0.04063251","0.746"
"Capan-2","KDM4C","-0.01929222","0.814"
"HPAC","KDM4C","-0.06216051","0.57"
"HPAF-II","KDM4C","-0.09987582","0.722"
"HPDE","KDM4C","-0.9518602","0.767"
"Hs 766T","KDM4C","-0.2644899","0.964"
"IMIM-PC-1","KDM4C","-0.0618427","0.852"
"IMIM-PC-2","KDM4C","-0.03166944","0.794"
"KP-3","KDM4C","-0.124948","0.634"
"KP-4","KDM4C","-0.02194696","0.901"
"MIA PaCa-2","KDM4C","-0.02713306","0.843"
"PANC-1","KDM4C","-0.01937778","0.969"
"PL45","KDM4C","-0.06728508","0.883"
"PaTu_8988S","KDM4C","-0.02380344","0.825"
"PaTu_8988T","KDM4C","-0.03721803","0.916"
"Panc 02.03","KDM4C","-0.1510358","0.793"
"Panc 03.27","KDM4C","-0.0254547","0.885"
"Panc 04.03","KDM4C","-0.08493875","0.82"
"Panc 05.04","KDM4C","-0.1318885","0.867"
"Panc 08.13","KDM4C","-0.04019308","0.834"
"Panc 10.05","KDM4C","-0.05848293","0.761"
"RWP-1","KDM4C","-0.004657142","0.888"
"SK-PC-1","KDM4C","-0.04793797","0.91"
"SK-PC-3","KDM4C","-0.2427053","0.784"
"SU.86.86","KDM4C","-0.0007696302","0.844"
"SW1990","KDM4C","-0.102903","0.762"
"BT-20","KDM4D","-0.3779869","0.213"
"BT-474","KDM4D","-0.3175286","0.249"
"BT-549","KDM4D","-0.2979222","0.455"
"CAL-51","KDM4D","-0.08736229","0.777"
"CAMA-1","KDM4D","-0.143106","0.825"
"EFM-19","KDM4D","0.002768428","0.941"
"HCC1143","KDM4D","0.03946839","0.989"
"HCC1187","KDM4D","-0.1183065","0.844"
"HCC1395","KDM4D","-0.7225577","0.042"
"HCC1419","KDM4D","-0.2099382","0.397"
"HCC1428","KDM4D","-0.3843547","0.532"
"HCC1500","KDM4D","-0.2835325","0.272"
"HCC1806","KDM4D","-0.6313953","0.244"
"HCC1937","KDM4D","0.04511934","0.975"
"HCC1954","KDM4D","-0.2121786","0.335"
"HCC38","KDM4D","-0.2103051","0.563"
"Hs 578T","KDM4D","-0.09200496","0.411"
"KPL-1","KDM4D","-0.1330862","0.26"
"MCF7","KDM4D","-0.08704656","0.326"
"MDA-MB-157","KDM4D","-0.09799293","0.706"
"MDA-MB-231","KDM4D","-0.2090599","0.453"
"MDA-MB-361","KDM4D","-0.2565414","0.387"
"MDA-MB-436","KDM4D","-0.1739319","0.723"
"MDA-MB-453","KDM4D","-0.006574995","0.63"
"MDA-MB-468","KDM4D","-0.2907265","0.147"
"SK-BR-3","KDM4D","-0.5947103","0.132"
"SW527","KDM4D","-0.09968275","0.585"
"T-47D","KDM4D","-0.08481245","0.864"
"ZR-75-1","KDM4D","-0.3695178","0.29"
"609050M","KDM4D","-0.1144212","0.712"
"A2780","KDM4D","-0.1323998","0.261"
"A2780_CIS","KDM4D","-0.07406979","0.577"
"MM_OVCAR432_Bast_1","KDM4D","0.01291096","0.995"
"OV-1946","KDM4D","-0.5380375","0.368"
"OV-90","KDM4D","-0.1492375","0.504"
"OVCA1369_TR","KDM4D","-0.4128253","0.798"
"OVCA433_Bast","KDM4D","-0.3969618","0.736"
"OVCA5","KDM4D","-0.09632196","0.727"
"OVCA8","KDM4D","-0.3439394","0.279"
"OVCAR-3","KDM4D","-0.223348","0.73"
"SK-OV-3","KDM4D","-0.05130087","0.612"
"TOV-1946","KDM4D","-0.4483587","0.361"
"TOV-2223G","KDM4D","-0.01133151","0.834"
"TOV-3133G","KDM4D","-0.04050815","0.783"
"AsPC-1","KDM4D","-0.169332","0.408"
"BxPC-3","KDM4D","-0.1847023","0.638"
"CFPAC-1","KDM4D","-0.09644412","0.392"
"Capan-2","KDM4D","-0.1221556","0.297"
"HPAC","KDM4D","-0.05144485","0.654"
"HPAF-II","KDM4D","-0.2382711","0.294"
"HPDE","KDM4D","-1.327313","0.651"
"Hs 766T","KDM4D","-0.8153983","0.333"
"IMIM-PC-1","KDM4D","-0.06599175","0.828"
"IMIM-PC-2","KDM4D","-0.06551556","0.566"
"KP-3","KDM4D","-0.1810025","0.459"
"KP-4","KDM4D","-0.07990685","0.511"
"MIA PaCa-2","KDM4D","-0.1259061","0.254"
"PANC-1","KDM4D","-0.09192017","0.618"
"PL45","KDM4D","-0.136617","0.663"
"PaTu_8988S","KDM4D","0.01879489","0.993"
"PaTu_8988T","KDM4D","-0.1379633","0.308"
"Panc 02.03","KDM4D","-0.3306786","0.283"
"Panc 03.27","KDM4D","-0.01066217","0.944"
"Panc 04.03","KDM4D","-0.1751844","0.509"
"Panc 05.04","KDM4D","-0.3418827","0.365"
"Panc 08.13","KDM4D","-0.0423011","0.828"
"Panc 10.05","KDM4D","-0.1780529","0.367"
"RWP-1","KDM4D","-0.06667106","0.675"
"SK-PC-1","KDM4D","-0.06312167","0.851"
"SK-PC-3","KDM4D","-0.2468191","0.776"
"SU.86.86","KDM4D","-0.04928087","0.631"
"SW1990","KDM4D","-0.1145458","0.721"
"BT-20","KDM5A","-0.09687353","0.776"
"BT-474","KDM5A","-0.1177856","0.687"
"BT-549","KDM5A","-0.1996901","0.654"
"CAL-51","KDM5A","-0.1948155","0.272"
"CAMA-1","KDM5A","-0.2386318","0.604"
"EFM-19","KDM5A","-0.04671237","0.806"
"HCC1143","KDM5A","-0.2532907","0.648"
"HCC1187","KDM5A","-0.3661359","0.313"
"HCC1395","KDM5A","-0.2283709","0.582"
"HCC1419","KDM5A","-0.1211012","0.667"
"HCC1428","KDM5A","-0.4268019","0.475"
"HCC1500","KDM5A","-0.2561719","0.325"
"HCC1806","KDM5A","-0.266835","0.725"
"HCC1937","KDM5A","0.01344059","0.92"
"HCC1954","KDM5A","-0.1049882","0.666"
"HCC38","KDM5A","-0.4108651","0.208"
"Hs 578T","KDM5A","-0.05374049","0.613"
"KPL-1","KDM5A","-0.1207786","0.313"
"MCF7","KDM5A","-0.04455627","0.578"
"MDA-MB-157","KDM5A","-0.1614614","0.486"
"MDA-MB-231","KDM5A","-0.2752992","0.331"
"MDA-MB-361","KDM5A","-0.3160157","0.256"
"MDA-MB-436","KDM5A","-0.2491162","0.52"
"MDA-MB-453","KDM5A","-0.002306503","0.668"
"MDA-MB-468","KDM5A","-0.07415136","0.628"
"SK-BR-3","KDM5A","-0.211473","0.644"
"SW527","KDM5A","-0.2229068","0.219"
"T-47D","KDM5A","-0.1393092","0.745"
"ZR-75-1","KDM5A","-0.246628","0.517"
"609050M","KDM5A","-0.1774008","0.498"
"A2780","KDM5A","-0.06864288","0.465"
"A2780_CIS","KDM5A","-0.06775071","0.603"
"MM_OVCAR432_Bast_1","KDM5A","-0.1419542","0.93"
"OV-1946","KDM5A","-0.2965465","0.72"
"OV-90","KDM5A","-0.1809355","0.419"
"OVCA1369_TR","KDM5A","-0.2824675","0.89"
"OVCA433_Bast","KDM5A","-0.8195846","0.299"
"OVCA5","KDM5A","-0.1177747","0.657"
"OVCA8","KDM5A","-0.2471442","0.463"
"OVCAR-3","KDM5A","-0.5131938","0.423"
"SK-OV-3","KDM5A","0.009160352","0.918"
"TOV-1946","KDM5A","-0.3778934","0.457"
"TOV-2223G","KDM5A","-0.1183995","0.579"
"TOV-3133G","KDM5A","-0.113372","0.489"
"AsPC-1","KDM5A","-0.1317023","0.522"
"BxPC-3","KDM5A","-0.3090412","0.409"
"CFPAC-1","KDM5A","-0.02714435","0.833"
"Capan-2","KDM5A","-0.06421758","0.549"
"HPAC","KDM5A","-0.06455566","0.557"
"HPAF-II","KDM5A","-0.1344261","0.594"
"HPDE","KDM5A","-2.590526","0.317"
"Hs 766T","KDM5A","-0.5827715","0.629"
"IMIM-PC-1","KDM5A","-0.1636541","0.268"
"IMIM-PC-2","KDM5A","-0.06516176","0.567"
"KP-3","KDM5A","-0.1934134","0.431"
"KP-4","KDM5A","-0.06675809","0.589"
"MIA PaCa-2","KDM5A","-0.0887254","0.438"
"PANC-1","KDM5A","-0.06955531","0.751"
"PL45","KDM5A","-0.212451","0.411"
"PaTu_8988S","KDM5A","-0.06346583","0.558"
"PaTu_8988T","KDM5A","-0.1175209","0.393"
"Panc 02.03","KDM5A","-0.347871","0.236"
"Panc 03.27","KDM5A","-0.06984399","0.671"
"Panc 04.03","KDM5A","-0.3029047","0.164"
"Panc 05.04","KDM5A","-0.3931198","0.267"
"Panc 08.13","KDM5A","-0.1041838","0.534"
"Panc 10.05","KDM5A","-0.1475059","0.452"
"RWP-1","KDM5A","-0.1695304","0.39"
"SK-PC-1","KDM5A","-0.1181991","0.588"
"SK-PC-3","KDM5A","-0.5342747","0.272"
"SU.86.86","KDM5A","-0.1724089","0.216"
"SW1990","KDM5A","-0.1224889","0.675"
"BT-20","KDM5B","-0.234166","0.45"
"BT-474","KDM5B","-0.1267519","0.662"
"BT-549","KDM5B","-0.655126","0.076"
"CAL-51","KDM5B","-0.169896","0.353"
"CAMA-1","KDM5B","-0.6600862","0.071"
"EFM-19","KDM5B","-0.008699972","0.91"
"HCC1143","KDM5B","-0.8640903","0.071"
"HCC1187","KDM5B","-0.3771474","0.285"
"HCC1395","KDM5B","-0.6119788","0.089"
"HCC1419","KDM5B","-0.4192665","0.093"
"HCC1428","KDM5B","-0.5313029","0.394"
"HCC1500","KDM5B","-0.6455824","0.02"
"HCC1806","KDM5B","-0.7538623","0.153"
"HCC1937","KDM5B","-0.3536946","0.132"
"HCC1954","KDM5B","-0.2274085","0.302"
"HCC38","KDM5B","-0.8386124","0.008"
"Hs 578T","KDM5B","-0.1131578","0.317"
"KPL-1","KDM5B","-0.3513449","0.018"
"MCF7","KDM5B","-0.1545585","0.131"
"MDA-MB-157","KDM5B","-0.3366571","0.143"
"MDA-MB-231","KDM5B","-0.3126656","0.274"
"MDA-MB-361","KDM5B","-0.628831","0.041"
"MDA-MB-436","KDM5B","-0.9420786","0.016"
"MDA-MB-453","KDM5B","-0.1497125","0.106"
"MDA-MB-468","KDM5B","-0.1168238","0.462"
"SK-BR-3","KDM5B","-0.9663642","0.007"
"SW527","KDM5B","-0.2118536","0.244"
"T-47D","KDM5B","-0.3489392","0.254"
"ZR-75-1","KDM5B","-0.7548652","0.029"
"609050M","KDM5B","-0.3950335","0.126"
"A2780","KDM5B","-0.3803038","0.029"
"A2780_CIS","KDM5B","-0.3244567","0.084"
"MM_OVCAR432_Bast_1","KDM5B","-0.5396307","0.559"
"OV-1946","KDM5B","-0.9060262","0.085"
"OV-90","KDM5B","-0.2698365","0.241"
"OVCA1369_TR","KDM5B","-2.027798","0.168"
"OVCA433_Bast","KDM5B","-0.7985964","0.322"
"OVCA5","KDM5B","-0.5885342","0.041"
"OVCA8","KDM5B","-0.5806354","0.055"
"OVCAR-3","KDM5B","-0.7582115","0.249"
"SK-OV-3","KDM5B","-0.06997928","0.527"
"TOV-1946","KDM5B","-0.3027573","0.588"
"TOV-2223G","KDM5B","-0.3005604","0.264"
"TOV-3133G","KDM5B","-0.4951631","0.06"
"AsPC-1","KDM5B","-0.3956912","0.035"
"BxPC-3","KDM5B","-0.5392697","0.106"
"CFPAC-1","KDM5B","-0.1802956","0.104"
"Capan-2","KDM5B","-0.1231595","0.293"
"HPAC","KDM5B","-0.212423","0.061"
"HPAF-II","KDM5B","-0.2989487","0.169"
"HPDE","KDM5B","-4.754601","0.07"
"Hs 766T","KDM5B","-1.46098","0.012"
"IMIM-PC-1","KDM5B","-0.2725466","0.087"
"IMIM-PC-2","KDM5B","-0.112642","0.311"
"KP-3","KDM5B","-0.3679188","0.096"
"KP-4","KDM5B","-0.3286851","0.008"
"MIA PaCa-2","KDM5B","-0.3507618","0.005"
"PANC-1","KDM5B","-0.3553311","0.018"
"PL45","KDM5B","-0.3470959","0.124"
"PaTu_8988S","KDM5B","-0.2695345","0.047"
"PaTu_8988T","KDM5B","-0.219715","0.113"
"Panc 02.03","KDM5B","-0.36105","0.218"
"Panc 03.27","KDM5B","-0.1117654","0.478"
"Panc 04.03","KDM5B","-0.3582677","0.091"
"Panc 05.04","KDM5B","-0.6927767","0.016"
"Panc 08.13","KDM5B","-0.1648115","0.302"
"Panc 10.05","KDM5B","-0.1132976","0.555"
"RWP-1","KDM5B","-0.1724925","0.384"
"SK-PC-1","KDM5B","-0.2801844","0.125"
"SK-PC-3","KDM5B","-0.9304132","0.013"
"SU.86.86","KDM5B","-0.3086883","0.053"
"SW1990","KDM5B","-0.5325203","0.009"
"BT-20","KDM5C","-0.06097151","0.857"
"BT-474","KDM5C","-0.05144234","0.883"
"BT-549","KDM5C","-0.1517912","0.767"
"CAL-51","KDM5C","-0.05824249","0.917"
"CAMA-1","KDM5C","-0.1664074","0.779"
"EFM-19","KDM5C","-0.01808296","0.892"
"HCC1143","KDM5C","-0.08730181","0.882"
"HCC1187","KDM5C","-0.2955176","0.438"
"HCC1395","KDM5C","0.01850338","0.989"
"HCC1419","KDM5C","-0.1240844","0.657"
"HCC1428","KDM5C","-0.1090978","0.889"
"HCC1500","KDM5C","-0.03502385","0.917"
"HCC1806","KDM5C","-0.07532207","0.939"
"HCC1937","KDM5C","-0.05329483","0.728"
"HCC1954","KDM5C","0.06339137","1"
"HCC38","KDM5C","-0.1258993","0.774"
"Hs 578T","KDM5C","-0.09609558","0.395"
"KPL-1","KDM5C","-0.08350494","0.545"
"MCF7","KDM5C","-0.0236491","0.729"
"MDA-MB-157","KDM5C","0.05926942","1"
"MDA-MB-231","KDM5C","0.1104324","0.997"
"MDA-MB-361","KDM5C","-0.6092736","0.046"
"MDA-MB-436","KDM5C","-0.2509697","0.51"
"MDA-MB-453","KDM5C","0.03045785","0.953"
"MDA-MB-468","KDM5C","-0.02090166","0.88"
"SK-BR-3","KDM5C","0.0370012","1"
"SW527","KDM5C","0.02280001","0.99"
"T-47D","KDM5C","-0.1471427","0.71"
"ZR-75-1","KDM5C","-0.06364111","0.941"
"609050M","KDM5C","-0.2578009","0.316"
"A2780","KDM5C","0.05271184","0.941"
"A2780_CIS","KDM5C","0.09001173","0.999"
"MM_OVCAR432_Bast_1","KDM5C","-0.7152873","0.37"
"OV-1946","KDM5C","-0.3308248","0.663"
"OV-90","KDM5C","-0.01627757","0.94"
"OVCA1369_TR","KDM5C","-1.276761","0.377"
"OVCA433_Bast","KDM5C","-0.3958655","0.737"
"OVCA5","KDM5C","-0.006883235","0.978"
"OVCA8","KDM5C","-0.1840553","0.584"
"OVCAR-3","KDM5C","-0.2170422","0.736"
"SK-OV-3","KDM5C","-0.08517525","0.445"
"TOV-1946","KDM5C","-0.04295954","0.961"
"TOV-2223G","KDM5C","-0.1366589","0.538"
"TOV-3133G","KDM5C","-0.1078975","0.508"
"AsPC-1","KDM5C","-0.02129166","0.923"
"BxPC-3","KDM5C","-0.136537","0.767"
"CFPAC-1","KDM5C","-0.06173918","0.584"
"Capan-2","KDM5C","-0.04861815","0.664"
"HPAC","KDM5C","-0.06564498","0.549"
"HPAF-II","KDM5C","-0.1437485","0.558"
"HPDE","KDM5C","0.4280693","0.991"
"Hs 766T","KDM5C","-0.3836579","0.864"
"IMIM-PC-1","KDM5C","-0.07335618","0.784"
"IMIM-PC-2","KDM5C","0.02361651","0.995"
"KP-3","KDM5C","-0.0836326","0.787"
"KP-4","KDM5C","0.04663671","1"
"MIA PaCa-2","KDM5C","0.06086715","1"
"PANC-1","KDM5C","-0.04840195","0.858"
"PL45","KDM5C","0.002888744","0.997"
"PaTu_8988S","KDM5C","-0.1100951","0.346"
"PaTu_8988T","KDM5C","0.03400123","1"
"Panc 02.03","KDM5C","-0.008736598","1"
"Panc 03.27","KDM5C","-0.02880811","0.875"
"Panc 04.03","KDM5C","-0.130287","0.67"
"Panc 05.04","KDM5C","0.01324601","1"
"Panc 08.13","KDM5C","0.01912805","0.991"
"Panc 10.05","KDM5C","0.01590011","0.958"
"RWP-1","KDM5C","0.1004652","1"
"SK-PC-1","KDM5C","-0.01025517","0.989"
"SK-PC-3","KDM5C","-0.2459702","0.778"
"SU.86.86","KDM5C","0.02531031","0.947"
"SW1990","KDM5C","-0.2083691","0.373"
"BT-20","KDM5D","-0.3559211","0.239"
"BT-474","KDM5D","-0.409233","0.149"
"BT-549","KDM5D","-0.316179","0.415"
"CAL-51","KDM5D","-0.1598877","0.405"
"CAMA-1","KDM5D","-0.5633638","0.12"
"EFM-19","KDM5D","-0.5317682","0.008"
"HCC1143","KDM5D","-0.8865309","0.061"
"HCC1187","KDM5D","-0.7723817","0.026"
"HCC1395","KDM5D","-0.5899362","0.1"
"HCC1419","KDM5D","-0.4322424","0.086"
"HCC1428","KDM5D","-0.5457279","0.377"
"HCC1500","KDM5D","-0.5365216","0.047"
"HCC1806","KDM5D","-0.9225136","0.062"
"HCC1937","KDM5D","-0.3594162","0.125"
"HCC1954","KDM5D","-0.478041","0.058"
"HCC38","KDM5D","-0.4450692","0.175"
"Hs 578T","KDM5D","-0.2097689","0.127"
"KPL-1","KDM5D","-0.2076285","0.091"
"MCF7","KDM5D","-0.3656147","0.022"
"MDA-MB-157","KDM5D","-0.5266889","0.041"
"MDA-MB-231","KDM5D","-0.401288","0.159"
"MDA-MB-361","KDM5D","-0.704466","0.031"
"MDA-MB-436","KDM5D","-0.3405969","0.327"
"MDA-MB-453","KDM5D","-0.4665629","0.005"
"MDA-MB-468","KDM5D","-0.5826648","0.026"
"SK-BR-3","KDM5D","-0.5402438","0.176"
"SW527","KDM5D","-0.2249839","0.215"
"T-47D","KDM5D","-0.6588708","0.015"
"ZR-75-1","KDM5D","-0.555406","0.107"
"609050M","KDM5D","-0.1645414","0.539"
"A2780","KDM5D","-0.1340988","0.253"
"A2780_CIS","KDM5D","-0.5904372","0.012"
"MM_OVCAR432_Bast_1","KDM5D","-0.7257463","0.361"
"OV-1946","KDM5D","-0.5874824","0.311"
"OV-90","KDM5D","-0.645115","0.025"
"OVCA1369_TR","KDM5D","-0.4530922","0.776"
"OVCA433_Bast","KDM5D","-1.077343","0.13"
"OVCA5","KDM5D","-0.1829431","0.444"
"OVCA8","KDM5D","-0.4048017","0.211"
"OVCAR-3","KDM5D","0.01052223","0.976"
"SK-OV-3","KDM5D","-0.2755098","0.058"
"TOV-1946","KDM5D","-0.6553172","0.117"
"TOV-2223G","KDM5D","-0.8739684","0.034"
"TOV-3133G","KDM5D","-0.177795","0.311"
"AsPC-1","KDM5D","-0.3023447","0.106"
"BxPC-3","KDM5D","-0.5390258","0.106"
"CFPAC-1","KDM5D","-0.296649","0.024"
"Capan-2","KDM5D","-0.01540691","0.838"
"HPAC","KDM5D","-0.2340885","0.044"
"HPAF-II","KDM5D","-0.4161532","0.058"
"HPDE","KDM5D","-7.342585","0.01"
"Hs 766T","KDM5D","-1.205973","0.048"
"IMIM-PC-1","KDM5D","-0.3023369","0.057"
"IMIM-PC-2","KDM5D","-0.1694413","0.14"
"KP-3","KDM5D","-0.4075945","0.075"
"KP-4","KDM5D","-0.01972215","0.911"
"MIA PaCa-2","KDM5D","-0.2563778","0.039"
"PANC-1","KDM5D","-0.3004787","0.044"
"PL45","KDM5D","-0.3158086","0.176"
"PaTu_8988S","KDM5D","-0.268326","0.049"
"PaTu_8988T","KDM5D","-0.1739925","0.21"
"Panc 02.03","KDM5D","-0.5395933","0.056"
"Panc 03.27","KDM5D","-0.1943958","0.223"
"Panc 04.03","KDM5D","-0.4956086","0.023"
"Panc 05.04","KDM5D","-0.468549","0.152"
"Panc 08.13","KDM5D","-0.3786281","0.047"
"Panc 10.05","KDM5D","-0.3291239","0.1"
"RWP-1","KDM5D","-0.3682283","0.111"
"SK-PC-1","KDM5D","-0.2581464","0.171"
"SK-PC-3","KDM5D","-0.7977982","0.05"
"SU.86.86","KDM5D","-0.1039208","0.404"
"SW1990","KDM5D","-0.5360293","0.009"
"BT-20","KDM6A","-0.1230082","0.702"
"BT-474","KDM6A","-0.3689803","0.189"
"BT-549","KDM6A","-0.1929827","0.671"
"CAL-51","KDM6A","-0.1895747","0.284"
"CAMA-1","KDM6A","-0.4176603","0.272"
"EFM-19","KDM6A","-0.008144628","0.912"
"HCC1143","KDM6A","-0.3796631","0.451"
"HCC1187","KDM6A","-0.1803323","0.686"
"HCC1395","KDM6A","-0.1873451","0.68"
"HCC1419","KDM6A","-0.4386403","0.085"
"HCC1428","KDM6A","-0.8411428","0.175"
"HCC1500","KDM6A","-0.2672294","0.3"
"HCC1806","KDM6A","-0.1035843","0.921"
"HCC1937","KDM6A","-0.04248298","0.759"
"HCC1954","KDM6A","-0.1821546","0.41"
"HCC38","KDM6A","-0.7340639","0.027"
"Hs 578T","KDM6A","-0.104252","0.352"
"KPL-1","KDM6A","-0.07385837","0.635"
"MCF7","KDM6A","-0.05175317","0.536"
"MDA-MB-157","KDM6A","-0.2603515","0.255"
"MDA-MB-231","KDM6A","-0.3064306","0.284"
"MDA-MB-361","KDM6A","-0.1074211","0.735"
"MDA-MB-436","KDM6A","-0.2163166","0.604"
"MDA-MB-453","KDM6A","-0.01129489","0.585"
"MDA-MB-468","KDM6A","-0.02150495","0.877"
"SK-BR-3","KDM6A","-0.2370698","0.595"
"SW527","KDM6A","-0.05588226","0.775"
"T-47D","KDM6A","-0.4457595","0.135"
"ZR-75-1","KDM6A","-0.336478","0.344"
"609050M","KDM6A","-0.09691019","0.772"
"A2780","KDM6A","0.02195176","0.844"
"A2780_CIS","KDM6A","-0.1141279","0.426"
"MM_OVCAR432_Bast_1","KDM6A","-0.7238748","0.362"
"OV-1946","KDM6A","-0.1589497","0.919"
"OV-90","KDM6A","-0.08883453","0.698"
"OVCA1369_TR","KDM6A","-1.602848","0.272"
"OVCA433_Bast","KDM6A","-0.9855407","0.177"
"OVCA5","KDM6A","-0.1986343","0.403"
"OVCA8","KDM6A","-0.1125165","0.759"
"OVCAR-3","KDM6A","-0.5427878","0.397"
"SK-OV-3","KDM6A","-0.05100215","0.612"
"TOV-1946","KDM6A","-0.288196","0.617"
"TOV-2223G","KDM6A","-0.2129008","0.383"
"TOV-3133G","KDM6A","-0.2328854","0.214"
"AsPC-1","KDM6A","0.01628793","0.994"
"BxPC-3","KDM6A","-0.2199247","0.558"
"CFPAC-1","KDM6A","0.01324218","0.99"
"Capan-2","KDM6A","-0.05520149","0.605"
"HPAC","KDM6A","-0.06689896","0.537"
"HPAF-II","KDM6A","-0.2984977","0.169"
"HPDE","KDM6A","-1.286335","0.667"
"Hs 766T","KDM6A","-0.565221","0.658"
"IMIM-PC-1","KDM6A","-0.0946376","0.63"
"IMIM-PC-2","KDM6A","-0.1844639","0.116"
"KP-3","KDM6A","-0.1821317","0.455"
"KP-4","KDM6A","-0.06681493","0.589"
"MIA PaCa-2","KDM6A","-0.06658859","0.571"
"PANC-1","KDM6A","-0.1000979","0.568"
"PL45","KDM6A","-0.1181056","0.728"
"PaTu_8988S","KDM6A","-0.02352691","0.826"
"PaTu_8988T","KDM6A","-0.1361134","0.316"
"Panc 02.03","KDM6A","-0.3393404","0.255"
"Panc 03.27","KDM6A","-0.1404125","0.361"
"Panc 04.03","KDM6A","-0.1731292","0.514"
"Panc 05.04","KDM6A","-0.2396888","0.628"
"Panc 08.13","KDM6A","-0.1452281","0.364"
"Panc 10.05","KDM6A","-0.155053","0.432"
"RWP-1","KDM6A","-0.127621","0.494"
"SK-PC-1","KDM6A","-0.2103866","0.264"
"SK-PC-3","KDM6A","-0.5184798","0.297"
"SU.86.86","KDM6A","-0.1357976","0.311"
"SW1990","KDM6A","-0.1970254","0.418"
"BT-20","MBD1","-0.04255239","0.892"
"BT-474","MBD1","-0.0572333","0.864"
"BT-549","MBD1","-0.1900225","0.675"
"CAL-51","MBD1","-0.1728545","0.342"
"CAMA-1","MBD1","-0.2477703","0.588"
"EFM-19","MBD1","-0.003484959","0.924"
"HCC1143","MBD1","-0.2340716","0.673"
"HCC1187","MBD1","-0.2183478","0.612"
"HCC1395","MBD1","-0.08444863","0.897"
"HCC1419","MBD1","-0.1091186","0.703"
"HCC1428","MBD1","-0.4149399","0.486"
"HCC1500","MBD1","-0.06303199","0.855"
"HCC1806","MBD1","-0.253291","0.741"
"HCC1937","MBD1","0.03226331","0.959"
"HCC1954","MBD1","-0.09353962","0.708"
"HCC38","MBD1","-0.2341959","0.522"
"Hs 578T","MBD1","-0.1184866","0.307"
"KPL-1","MBD1","-0.06949792","0.676"
"MCF7","MBD1","-0.0418639","0.604"
"MDA-MB-157","MBD1","-0.16663","0.467"
"MDA-MB-231","MBD1","-0.05626199","0.789"
"MDA-MB-361","MBD1","-0.1505838","0.611"
"MDA-MB-436","MBD1","-0.2320272","0.556"
"MDA-MB-453","MBD1","0.04182078","0.984"
"MDA-MB-468","MBD1","0.02198145","0.984"
"SK-BR-3","MBD1","-0.08878504","0.883"
"SW527","MBD1","-0.04701319","0.824"
"T-47D","MBD1","-0.2242659","0.519"
"ZR-75-1","MBD1","-0.08906113","0.9"
"609050M","MBD1","-0.116568","0.703"
"A2780","MBD1","0.02841563","0.87"
"A2780_CIS","MBD1","0.002419371","0.894"
"MM_OVCAR432_Bast_1","MBD1","-0.3022237","0.807"
"OV-1946","MBD1","-0.0001367876","1"
"OV-90","MBD1","-0.2204766","0.329"
"OVCA1369_TR","MBD1","-0.6897264","0.62"
"OVCA433_Bast","MBD1","-0.2602839","0.873"
"OVCA5","MBD1","-0.07065112","0.814"
"OVCA8","MBD1","-0.02665125","0.954"
"OVCAR-3","MBD1","-0.801685","0.223"
"SK-OV-3","MBD1","0.01028932","0.925"
"TOV-1946","MBD1","-0.08779445","0.917"
"TOV-2223G","MBD1","0.04708798","0.955"
"TOV-3133G","MBD1","-0.0382362","0.794"
"AsPC-1","MBD1","0.02334374","0.999"
"BxPC-3","MBD1","-0.2977249","0.427"
"CFPAC-1","MBD1","-0.02734896","0.832"
"Capan-2","MBD1","0.006939064","0.935"
"HPAC","MBD1","0.0114188","0.99"
"HPAF-II","MBD1","-0.1035532","0.708"
"HPDE","MBD1","-1.229067","0.686"
"Hs 766T","MBD1","-0.5092067","0.725"
"IMIM-PC-1","MBD1","-0.07753686","0.748"
"IMIM-PC-2","MBD1","-0.1218836","0.273"
"KP-3","MBD1","0.03386576","0.997"
"KP-4","MBD1","-0.0516939","0.704"
"MIA PaCa-2","MBD1","-0.06123858","0.608"
"PANC-1","MBD1","-0.07779769","0.698"
"PL45","MBD1","-0.09602544","0.805"
"PaTu_8988S","MBD1","-0.02723161","0.797"
"PaTu_8988T","MBD1","-0.05939661","0.755"
"Panc 02.03","MBD1","-0.2169817","0.554"
"Panc 03.27","MBD1","-0.04863814","0.764"
"Panc 04.03","MBD1","-0.1849062","0.475"
"Panc 05.04","MBD1","-0.1642983","0.792"
"Panc 08.13","MBD1","-0.05011174","0.793"
"Panc 10.05","MBD1","0.06021676","0.993"
"RWP-1","MBD1","0.03779493","0.972"
"SK-PC-1","MBD1","-0.05850411","0.87"
"SK-PC-3","MBD1","-0.3339663","0.59"
"SU.86.86","MBD1","0.03281958","0.963"
"SW1990","MBD1","-0.174713","0.485"
"BT-20","MBD2","-0.2668005","0.37"
"BT-474","MBD2","-0.1295642","0.653"
"BT-549","MBD2","-0.3098429","0.425"
"CAL-51","MBD2","-0.1995152","0.256"
"CAMA-1","MBD2","-0.2628981","0.544"
"EFM-19","MBD2","0.04051536","0.988"
"HCC1143","MBD2","-0.4311628","0.393"
"HCC1187","MBD2","-0.2141258","0.619"
"HCC1395","MBD2","-0.2627083","0.518"
"HCC1419","MBD2","-0.1345659","0.619"
"HCC1428","MBD2","-0.8907639","0.159"
"HCC1500","MBD2","-0.2725388","0.291"
"HCC1806","MBD2","-0.4782339","0.429"
"HCC1937","MBD2","-0.01604357","0.846"
"HCC1954","MBD2","-0.2437279","0.286"
"HCC38","MBD2","-0.196724","0.606"
"Hs 578T","MBD2","-0.1613224","0.206"
"KPL-1","MBD2","-0.09533688","0.445"
"MCF7","MBD2","-0.03502955","0.645"
"MDA-MB-157","MBD2","-0.1568644","0.502"
"MDA-MB-231","MBD2","-0.1415302","0.584"
"MDA-MB-361","MBD2","-0.1897094","0.519"
"MDA-MB-436","MBD2","-0.1750739","0.717"
"MDA-MB-453","MBD2","0.01051572","0.802"
"MDA-MB-468","MBD2","-0.07974833","0.603"
"SK-BR-3","MBD2","-0.1537439","0.758"
"SW527","MBD2","-0.04447938","0.831"
"T-47D","MBD2","-0.2112627","0.545"
"ZR-75-1","MBD2","-0.3119026","0.39"
"609050M","MBD2","-0.3056921","0.227"
"A2780","MBD2","0.04125442","0.91"
"A2780_CIS","MBD2","-0.08212744","0.541"
"MM_OVCAR432_Bast_1","MBD2","-0.5625283","0.53"
"OV-1946","MBD2","-0.4306013","0.508"
"OV-90","MBD2","-0.06979594","0.761"
"OVCA1369_TR","MBD2","-1.147919","0.426"
"OVCA433_Bast","MBD2","-0.6793038","0.423"
"OVCA5","MBD2","-0.1354286","0.595"
"OVCA8","MBD2","-0.07721663","0.841"
"OVCAR-3","MBD2","-0.2167791","0.736"
"SK-OV-3","MBD2","-0.03149591","0.728"
"TOV-1946","MBD2","-0.1274734","0.868"
"TOV-2223G","MBD2","-0.02097543","0.814"
"TOV-3133G","MBD2","-0.01259546","0.886"
"AsPC-1","MBD2","-0.06506803","0.78"
"BxPC-3","MBD2","-0.3079022","0.411"
"CFPAC-1","MBD2","-0.01543485","0.904"
"Capan-2","MBD2","0.0166436","0.967"
"HPAC","MBD2","-0.07404472","0.507"
"HPAF-II","MBD2","-0.1609315","0.496"
"HPDE","MBD2","-1.499907","0.604"
"Hs 766T","MBD2","-0.638316","0.564"
"IMIM-PC-1","MBD2","-0.1306341","0.415"
"IMIM-PC-2","MBD2","-0.1207005","0.277"
"KP-3","MBD2","-0.06757995","0.835"
"KP-4","MBD2","-0.01384701","0.932"
"MIA PaCa-2","MBD2","-0.04631663","0.695"
"PANC-1","MBD2","-0.1175334","0.487"
"PL45","MBD2","-0.1751285","0.537"
"PaTu_8988S","MBD2","-0.03275761","0.768"
"PaTu_8988T","MBD2","-0.08113489","0.62"
"Panc 02.03","MBD2","-0.115855","0.894"
"Panc 03.27","MBD2","-0.1289319","0.42"
"Panc 04.03","MBD2","-0.1485847","0.598"
"Panc 05.04","MBD2","-0.3906545","0.273"
"Panc 08.13","MBD2","-0.08133587","0.656"
"Panc 10.05","MBD2","-0.01909935","0.885"
"RWP-1","MBD2","-0.05944957","0.709"
"SK-PC-1","MBD2","-0.125309","0.566"
"SK-PC-3","MBD2","-0.3142739","0.629"
"SU.86.86","MBD2","-0.01774214","0.773"
"SW1990","MBD2","-0.1070665","0.749"
"BT-20","MBD3","-0.1723295","0.576"
"BT-474","MBD3","-0.1403996","0.624"
"BT-549","MBD3","-0.2313464","0.592"
"CAL-51","MBD3","-0.1857467","0.298"
"CAMA-1","MBD3","-0.3405561","0.386"
"EFM-19","MBD3","-0.4674845","0.013"
"HCC1143","MBD3","-0.4997293","0.324"
"HCC1187","MBD3","-0.6487417","0.06"
"HCC1395","MBD3","0.05100321","0.995"
"HCC1419","MBD3","-0.2795561","0.253"
"HCC1428","MBD3","-0.04768704","0.946"
"HCC1500","MBD3","-0.2394995","0.355"
"HCC1806","MBD3","-0.2894176","0.696"
"HCC1937","MBD3","-0.5405588","0.037"
"HCC1954","MBD3","-0.0188211","0.958"
"HCC38","MBD3","-0.4433335","0.176"
"Hs 578T","MBD3","0.06491782","0.994"
"KPL-1","MBD3","-0.01363389","0.98"
"MCF7","MBD3","-0.1143715","0.209"
"MDA-MB-157","MBD3","0.05432764","1"
"MDA-MB-231","MBD3","-0.08609311","0.718"
"MDA-MB-361","MBD3","-0.3706737","0.179"
"MDA-MB-436","MBD3","-0.6374416","0.077"
"MDA-MB-453","MBD3","0.01580496","0.843"
"MDA-MB-468","MBD3","-0.2115599","0.239"
"SK-BR-3","MBD3","-0.2841342","0.511"
"SW527","MBD3","-0.3010133","0.094"
"T-47D","MBD3","-0.3316883","0.283"
"ZR-75-1","MBD3","-0.2449962","0.521"
"609050M","MBD3","-0.3633501","0.158"
"A2780","MBD3","-0.03330244","0.615"
"A2780_CIS","MBD3","-0.2049304","0.202"
"MM_OVCAR432_Bast_1","MBD3","-1.339717","0.042"
"OV-1946","MBD3","-0.5233275","0.391"
"OV-90","MBD3","-0.4122548","0.095"
"OVCA1369_TR","MBD3","-2.969652","0.065"
"OVCA433_Bast","MBD3","-0.5999755","0.523"
"OVCA5","MBD3","-0.3616717","0.17"
"OVCA8","MBD3","-0.3163618","0.326"
"OVCAR-3","MBD3","0.1502608","1"
"SK-OV-3","MBD3","-0.2795453","0.058"
"TOV-1946","MBD3","-0.2842016","0.62"
"TOV-2223G","MBD3","-0.06255806","0.708"
"TOV-3133G","MBD3","-0.1360906","0.421"
"AsPC-1","MBD3","-0.2340294","0.226"
"BxPC-3","MBD3","-0.1912347","0.623"
"CFPAC-1","MBD3","-0.2662208","0.039"
"Capan-2","MBD3","-0.08671067","0.434"
"HPAC","MBD3","-0.1717023","0.133"
"HPAF-II","MBD3","-0.05550687","0.884"
"HPDE","MBD3","0.8260058","0.997"
"Hs 766T","MBD3","-0.6431928","0.557"
"IMIM-PC-1","MBD3","-0.01362262","0.998"
"IMIM-PC-2","MBD3","-0.1183512","0.286"
"KP-3","MBD3","-0.01146969","0.969"
"KP-4","MBD3","-0.1013583","0.405"
"MIA PaCa-2","MBD3","-0.0417238","0.726"
"PANC-1","MBD3","-0.1753841","0.281"
"PL45","MBD3","-0.1194287","0.723"
"PaTu_8988S","MBD3","-0.1140132","0.33"
"PaTu_8988T","MBD3","-0.05527541","0.794"
"Panc 02.03","MBD3","-0.0008643082","1"
"Panc 03.27","MBD3","-0.1121643","0.476"
"Panc 04.03","MBD3","-0.3633291","0.087"
"Panc 05.04","MBD3","-0.274604","0.531"
"Panc 08.13","MBD3","-0.08426104","0.634"
"Panc 10.05","MBD3","-0.1488765","0.45"
"RWP-1","MBD3","-0.08363216","0.63"
"SK-PC-1","MBD3","-0.3048825","0.1"
"SK-PC-3","MBD3","-0.1248132","0.956"
"SU.86.86","MBD3","-0.1175038","0.353"
"SW1990","MBD3","-0.4740741","0.016"
"BT-20","MBD4","-0.2449754","0.428"
"BT-474","MBD4","-0.2928225","0.284"
"BT-549","MBD4","-0.1921453","0.672"
"CAL-51","MBD4","-0.09409617","0.749"
"CAMA-1","MBD4","-0.3297086","0.41"
"EFM-19","MBD4","-0.01433352","0.896"
"HCC1143","MBD4","-0.1727102","0.774"
"HCC1187","MBD4","-0.3040674","0.419"
"HCC1395","MBD4","-0.2176361","0.609"
"HCC1419","MBD4","-0.1799353","0.47"
"HCC1428","MBD4","-0.3185596","0.611"
"HCC1500","MBD4","-0.1456868","0.593"
"HCC1806","MBD4","-0.339239","0.631"
"HCC1937","MBD4","-0.1921526","0.366"
"HCC1954","MBD4","-0.08522751","0.739"
"HCC38","MBD4","-0.2657935","0.447"
"Hs 578T","MBD4","-0.05920471","0.582"
"KPL-1","MBD4","-0.1321876","0.266"
"MCF7","MBD4","-0.04309345","0.594"
"MDA-MB-157","MBD4","-0.1534316","0.519"
"MDA-MB-231","MBD4","-0.06370516","0.777"
"MDA-MB-361","MBD4","-0.2073356","0.486"
"MDA-MB-436","MBD4","-0.1881727","0.674"
"MDA-MB-453","MBD4","-0.06566186","0.287"
"MDA-MB-468","MBD4","-0.06380519","0.677"
"SK-BR-3","MBD4","-0.1822776","0.705"
"SW527","MBD4","-0.02774588","0.887"
"T-47D","MBD4","-0.292924","0.354"
"ZR-75-1","MBD4","-0.1493989","0.767"
"609050M","MBD4","-0.1684964","0.527"
"A2780","MBD4","0.003558476","0.766"
"A2780_CIS","MBD4","-0.107128","0.444"
"MM_OVCAR432_Bast_1","MBD4","-0.4253097","0.68"
"OV-1946","MBD4","-0.5564509","0.348"
"OV-90","MBD4","-0.1368536","0.541"
"OVCA1369_TR","MBD4","-2.055198","0.164"
"OVCA433_Bast","MBD4","-0.3957143","0.738"
"OVCA5","MBD4","-0.1226081","0.641"
"OVCA8","MBD4","-0.2363215","0.488"
"OVCAR-3","MBD4","-0.3283167","0.604"
"SK-OV-3","MBD4","-0.1202447","0.303"
"TOV-1946","MBD4","-0.2631133","0.664"
"TOV-2223G","MBD4","-0.02646582","0.802"
"TOV-3133G","MBD4","-0.2360087","0.21"
"AsPC-1","MBD4","-0.1317374","0.522"
"BxPC-3","MBD4","-0.2430765","0.522"
"CFPAC-1","MBD4","-0.1037523","0.342"
"Capan-2","MBD4","-0.04392074","0.684"
"HPAC","MBD4","-0.03124448","0.792"
"HPAF-II","MBD4","-0.09267029","0.745"
"HPDE","MBD4","-1.217396","0.691"
"Hs 766T","MBD4","-0.6185906","0.584"
"IMIM-PC-1","MBD4","-0.06337125","0.845"
"IMIM-PC-2","MBD4","-0.008049645","0.927"
"KP-3","MBD4","-0.2301496","0.327"
"KP-4","MBD4","-0.02412909","0.89"
"MIA PaCa-2","MBD4","-0.00179949","0.966"
"PANC-1","MBD4","-0.05038852","0.848"
"PL45","MBD4","-0.1681435","0.557"
"PaTu_8988S","MBD4","-0.04114904","0.701"
"PaTu_8988T","MBD4","-0.05995761","0.748"
"Panc 02.03","MBD4","-0.125818","0.87"
"Panc 03.27","MBD4","-0.09588615","0.549"
"Panc 04.03","MBD4","-0.1844522","0.477"
"Panc 05.04","MBD4","-0.4247829","0.213"
"Panc 08.13","MBD4","-0.1902842","0.232"
"Panc 10.05","MBD4","-0.1827727","0.351"
"RWP-1","MBD4","-0.1561939","0.416"
"SK-PC-1","MBD4","-0.1445575","0.5"
"SK-PC-3","MBD4","-0.2691886","0.716"
"SU.86.86","MBD4","-0.07226299","0.53"
"SW1990","MBD4","-0.1223527","0.675"
"BT-20","MCRS1","-0.5745026","0.058"
"BT-474","MCRS1","-0.1896699","0.49"
"BT-549","MCRS1","-0.2012261","0.651"
"CAL-51","MCRS1","-0.2086833","0.23"
"CAMA-1","MCRS1","-0.3387811","0.39"
"EFM-19","MCRS1","-0.1842104","0.331"
"HCC1143","MCRS1","-0.6086246","0.203"
"HCC1187","MCRS1","-0.3607108","0.32"
"HCC1395","MCRS1","-0.285704","0.474"
"HCC1419","MCRS1","-0.1780726","0.474"
"HCC1428","MCRS1","-0.7364254","0.23"
"HCC1500","MCRS1","-0.2841111","0.272"
"HCC1806","MCRS1","-0.5613853","0.319"
"HCC1937","MCRS1","-0.4409359","0.075"
"HCC1954","MCRS1","-0.1918787","0.383"
"HCC38","MCRS1","-0.3079702","0.369"
"Hs 578T","MCRS1","-0.05453643","0.608"
"KPL-1","MCRS1","-0.07840372","0.591"
"MCF7","MCRS1","-0.0229202","0.734"
"MDA-MB-157","MCRS1","-0.1721465","0.453"
"MDA-MB-231","MCRS1","-0.1886861","0.484"
"MDA-MB-361","MCRS1","-0.3646322","0.185"
"MDA-MB-436","MCRS1","-0.5267989","0.133"
"MDA-MB-453","MCRS1","-0.0244066","0.48"
"MDA-MB-468","MCRS1","-0.1461392","0.371"
"SK-BR-3","MCRS1","-0.1748537","0.722"
"SW527","MCRS1","-0.3020622","0.094"
"T-47D","MCRS1","-0.08750764","0.861"
"ZR-75-1","MCRS1","-0.4991856","0.142"
"609050M","MCRS1","-0.2054618","0.422"
"A2780","MCRS1","-0.01681977","0.684"
"A2780_CIS","MCRS1","-0.2456407","0.15"
"MM_OVCAR432_Bast_1","MCRS1","-0.3305947","0.776"
"OV-1946","MCRS1","-0.3107432","0.698"
"OV-90","MCRS1","-0.2125037","0.346"
"OVCA1369_TR","MCRS1","-1.677126","0.252"
"OVCA433_Bast","MCRS1","-0.9492577","0.199"
"OVCA5","MCRS1","-0.1548347","0.515"
"OVCA8","MCRS1","-0.4142869","0.198"
"OVCAR-3","MCRS1","-1.351826","0.031"
"SK-OV-3","MCRS1","-0.05847196","0.572"
"TOV-1946","MCRS1","-0.4744678","0.317"
"TOV-2223G","MCRS1","-0.1314267","0.555"
"TOV-3133G","MCRS1","-0.1541042","0.373"
"AsPC-1","MCRS1","-0.1865189","0.354"
"BxPC-3","MCRS1","-0.2437643","0.519"
"CFPAC-1","MCRS1","-0.07748149","0.494"
"Capan-2","MCRS1","-0.06240145","0.561"
"HPAC","MCRS1","-0.08986083","0.408"
"HPAF-II","MCRS1","-0.04691456","0.914"
"HPDE","MCRS1","-0.3421102","0.9"
"Hs 766T","MCRS1","-0.9234958","0.223"
"IMIM-PC-1","MCRS1","-0.1046605","0.561"
"IMIM-PC-2","MCRS1","-0.0172836","0.885"
"KP-3","MCRS1","-0.1069955","0.703"
"KP-4","MCRS1","-0.05652507","0.673"
"MIA PaCa-2","MCRS1","-0.1559735","0.174"
"PANC-1","MCRS1","-0.0423112","0.892"
"PL45","MCRS1","-0.2138423","0.411"
"PaTu_8988S","MCRS1","-0.1644368","0.181"
"PaTu_8988T","MCRS1","-0.1798799","0.195"
"Panc 02.03","MCRS1","-0.2019524","0.606"
"Panc 03.27","MCRS1","-0.1841748","0.234"
"Panc 04.03","MCRS1","-0.08302277","0.824"
"Panc 05.04","MCRS1","-0.2347853","0.643"
"Panc 08.13","MCRS1","-0.4136193","0.036"
"Panc 10.05","MCRS1","-0.2611715","0.182"
"RWP-1","MCRS1","-0.3271008","0.144"
"SK-PC-1","MCRS1","-0.3352353","0.067"
"SK-PC-3","MCRS1","-0.3079219","0.643"
"SU.86.86","MCRS1","-0.3127548","0.052"
"SW1990","MCRS1","-0.1003473","0.77"
"BT-20","MECP2","-0.03107609","0.906"
"BT-474","MECP2","-0.2770372","0.304"
"BT-549","MECP2","-0.206392","0.643"
"CAL-51","MECP2","-0.1817164","0.306"
"CAMA-1","MECP2","-0.3964661","0.302"
"EFM-19","MECP2","-0.1080872","0.586"
"HCC1143","MECP2","-0.1513335","0.803"
"HCC1187","MECP2","-0.3666084","0.312"
"HCC1395","MECP2","-0.4381214","0.237"
"HCC1419","MECP2","-0.1736589","0.491"
"HCC1428","MECP2","-0.7102995","0.255"
"HCC1500","MECP2","-0.4109051","0.124"
"HCC1806","MECP2","-1.5278","0.001"
"HCC1937","MECP2","-0.08743599","0.618"
"HCC1954","MECP2","-0.1212174","0.59"
"HCC38","MECP2","-0.3770208","0.247"
"Hs 578T","MECP2","-0.04198017","0.691"
"KPL-1","MECP2","-0.09363791","0.46"
"MCF7","MECP2","-0.0711832","0.406"
"MDA-MB-157","MECP2","-0.2741975","0.229"
"MDA-MB-231","MECP2","-0.2103324","0.451"
"MDA-MB-361","MECP2","-0.3159357","0.256"
"MDA-MB-436","MECP2","-0.3039605","0.396"
"MDA-MB-453","MECP2","-0.01332295","0.565"
"MDA-MB-468","MECP2","-0.1140555","0.47"
"SK-BR-3","MECP2","-0.1730177","0.724"
"SW527","MECP2","-0.09846365","0.591"
"T-47D","MECP2","-0.3108899","0.323"
"ZR-75-1","MECP2","-0.4095665","0.232"
"609050M","MECP2","-0.1178202","0.699"
"A2780","MECP2","-0.09006732","0.388"
"A2780_CIS","MECP2","-0.07449188","0.577"
"MM_OVCAR432_Bast_1","MECP2","-0.3098858","0.797"
"OV-1946","MECP2","-0.1195023","0.946"
"OV-90","MECP2","-0.09644708","0.676"
"OVCA1369_TR","MECP2","-0.6225433","0.654"
"OVCA433_Bast","MECP2","-0.5435168","0.576"
"OVCA5","MECP2","-0.1578124","0.507"
"OVCA8","MECP2","-0.2123304","0.537"
"OVCAR-3","MECP2","-0.2396052","0.704"
"SK-OV-3","MECP2","0.009439007","0.921"
"TOV-1946","MECP2","-0.2820906","0.625"
"TOV-2223G","MECP2","-0.04561845","0.746"
"TOV-3133G","MECP2","-0.01946961","0.86"
"AsPC-1","MECP2","-0.1236885","0.549"
"BxPC-3","MECP2","-0.583364","0.077"
"CFPAC-1","MECP2","-0.01448436","0.912"
"Capan-2","MECP2","-0.01690073","0.83"
"HPAC","MECP2","-0.04881584","0.673"
"HPAF-II","MECP2","-0.02893297","0.949"
"HPDE","MECP2","-1.804688","0.518"
"Hs 766T","MECP2","-0.551904","0.679"
"IMIM-PC-1","MECP2","-0.1469506","0.329"
"IMIM-PC-2","MECP2","-0.02989935","0.811"
"KP-3","MECP2","-0.1171956","0.662"
"KP-4","MECP2","-0.04844992","0.726"
"MIA PaCa-2","MECP2","-0.09572744","0.41"
"PANC-1","MECP2","-0.2148355","0.162"
"PL45","MECP2","-0.1621995","0.577"
"PaTu_8988S","MECP2","-0.02972982","0.781"
"PaTu_8988T","MECP2","-0.09613807","0.513"
"Panc 02.03","MECP2","-0.1752535","0.71"
"Panc 03.27","MECP2","-0.09496906","0.553"
"Panc 04.03","MECP2","-0.1155639","0.722"
"Panc 05.04","MECP2","-0.3963226","0.257"
"Panc 08.13","MECP2","-0.1004039","0.554"
"Panc 10.05","MECP2","-0.2605804","0.182"
"RWP-1","MECP2","-0.121618","0.515"
"SK-PC-1","MECP2","-0.1736689","0.374"
"SK-PC-3","MECP2","-0.3363804","0.581"
"SU.86.86","MECP2","-0.0132549","0.8"
"SW1990","MECP2","-0.08349644","0.828"
"BT-20","MGEA5","-0.4591906","0.125"
"BT-474","MGEA5","-0.1723089","0.524"
"BT-549","MGEA5","-0.2152326","0.622"
"CAL-51","MGEA5","-0.2102646","0.225"
"CAMA-1","MGEA5","-0.4045733","0.287"
"EFM-19","MGEA5","-0.1054164","0.588"
"HCC1143","MGEA5","-0.740921","0.127"
"HCC1187","MGEA5","-0.1762727","0.695"
"HCC1395","MGEA5","-0.5303791","0.135"
"HCC1419","MGEA5","-0.07469894","0.81"
"HCC1428","MGEA5","-0.8248378","0.181"
"HCC1500","MGEA5","-0.5649727","0.04"
"HCC1806","MGEA5","-0.7954433","0.125"
"HCC1937","MGEA5","-0.0858522","0.624"
"HCC1954","MGEA5","-0.57771","0.034"
"HCC38","MGEA5","-0.434977","0.182"
"Hs 578T","MGEA5","-0.185475","0.159"
"KPL-1","MGEA5","-0.2434072","0.058"
"MCF7","MGEA5","-0.09740732","0.271"
"MDA-MB-157","MGEA5","-0.173881","0.451"
"MDA-MB-231","MGEA5","-0.5921481","0.054"
"MDA-MB-361","MGEA5","-0.3216264","0.244"
"MDA-MB-436","MGEA5","-0.4268324","0.217"
"MDA-MB-453","MGEA5","-0.03317674","0.414"
"MDA-MB-468","MGEA5","-0.459545","0.049"
"SK-BR-3","MGEA5","-0.613758","0.119"
"SW527","MGEA5","-0.1795736","0.34"
"T-47D","MGEA5","-0.3818769","0.207"
"ZR-75-1","MGEA5","-0.3967482","0.245"
"609050M","MGEA5","-0.5121906","0.056"
"A2780","MGEA5","-0.329231","0.049"
"A2780_CIS","MGEA5","-0.133702","0.361"
"MM_OVCAR432_Bast_1","MGEA5","-0.4172831","0.687"
"OV-1946","MGEA5","-0.9855468","0.049"
"OV-90","MGEA5","-0.296173","0.196"
"OVCA1369_TR","MGEA5","-0.9601843","0.497"
"OVCA433_Bast","MGEA5","-0.5267991","0.599"
"OVCA5","MGEA5","-0.4635773","0.095"
"OVCA8","MGEA5","-0.4719877","0.133"
"OVCAR-3","MGEA5","-1.139021","0.081"
"SK-OV-3","MGEA5","-0.06127575","0.559"
"TOV-1946","MGEA5","-0.7940054","0.037"
"TOV-2223G","MGEA5","-0.07374962","0.682"
"TOV-3133G","MGEA5","-0.07148053","0.644"
"AsPC-1","MGEA5","-0.1861573","0.356"
"BxPC-3","MGEA5","-0.4841147","0.15"
"CFPAC-1","MGEA5","-0.1053985","0.336"
"Capan-2","MGEA5","-0.1023477","0.379"
"HPAC","MGEA5","-0.2379851","0.038"
"HPAF-II","MGEA5","-0.3602304","0.105"
"HPDE","MGEA5","-3.440224","0.177"
"Hs 766T","MGEA5","-1.174939","0.059"
"IMIM-PC-1","MGEA5","-0.09783811","0.61"
"IMIM-PC-2","MGEA5","-0.1435396","0.199"
"KP-3","MGEA5","-0.4809544","0.043"
"KP-4","MGEA5","-0.1144674","0.339"
"MIA PaCa-2","MGEA5","-0.1692834","0.151"
"PANC-1","MGEA5","-0.1576733","0.339"
"PL45","MGEA5","-0.4059853","0.051"
"PaTu_8988S","MGEA5","-0.1633917","0.185"
"PaTu_8988T","MGEA5","-0.1339623","0.332"
"Panc 02.03","MGEA5","-0.08243793","0.961"
"Panc 03.27","MGEA5","-0.102913","0.514"
"Panc 04.03","MGEA5","-0.3807147","0.08"
"Panc 05.04","MGEA5","-0.1352758","0.861"
"Panc 08.13","MGEA5","-0.1847252","0.248"
"Panc 10.05","MGEA5","-0.5096086","0.015"
"RWP-1","MGEA5","-0.2999835","0.171"
"SK-PC-1","MGEA5","-0.1224679","0.574"
"SK-PC-3","MGEA5","-0.8698003","0.03"
"SU.86.86","MGEA5","-0.2649349","0.077"
"SW1990","MGEA5","-0.4815502","0.016"
"BT-20","MINA","-0.4316157","0.15"
"BT-474","MINA","-0.1288021","0.654"
"BT-549","MINA","-0.4465512","0.238"
"CAL-51","MINA","-0.2701699","0.121"
"CAMA-1","MINA","-0.3758162","0.327"
"EFM-19","MINA","-0.2194652","0.257"
"HCC1143","MINA","-0.1363123","0.816"
"HCC1187","MINA","-0.5410638","0.126"
"HCC1395","MINA","-0.5161827","0.148"
"HCC1419","MINA","-0.4103095","0.099"
"HCC1428","MINA","-0.9508989","0.132"
"HCC1500","MINA","-0.4620218","0.086"
"HCC1806","MINA","-0.3743376","0.586"
"HCC1937","MINA","-0.1947423","0.354"
"HCC1954","MINA","-0.06623712","0.801"
"HCC38","MINA","-0.1207418","0.785"
"Hs 578T","MINA","-0.137372","0.257"
"KPL-1","MINA","-0.1620394","0.17"
"MCF7","MINA","-0.05755258","0.487"
"MDA-MB-157","MINA","-0.4931247","0.046"
"MDA-MB-231","MINA","-0.193919","0.474"
"MDA-MB-361","MINA","-0.38006","0.165"
"MDA-MB-436","MINA","-0.4311348","0.214"
"MDA-MB-453","MINA","-0.09073804","0.212"
"MDA-MB-468","MINA","-0.2293032","0.219"
"SK-BR-3","MINA","-0.8033826","0.036"
"SW527","MINA","-0.2256556","0.214"
"T-47D","MINA","-0.5751217","0.047"
"ZR-75-1","MINA","-0.7185055","0.035"
"609050M","MINA","-0.1472802","0.603"
"A2780","MINA","-0.2426327","0.11"
"A2780_CIS","MINA","-0.1361222","0.356"
"MM_OVCAR432_Bast_1","MINA","-0.5283334","0.571"
"OV-1946","MINA","-0.6778224","0.214"
"OV-90","MINA","-0.182635","0.415"
"OVCA1369_TR","MINA","-1.102417","0.445"
"OVCA433_Bast","MINA","-0.5729689","0.544"
"OVCA5","MINA","-0.09896665","0.716"
"OVCA8","MINA","-0.1989338","0.558"
"OVCAR-3","MINA","-0.8382087","0.199"
"SK-OV-3","MINA","-0.04197788","0.667"
"TOV-1946","MINA","-0.1725616","0.816"
"TOV-2223G","MINA","-0.3051525","0.258"
"TOV-3133G","MINA","-0.4327868","0.071"
"AsPC-1","MINA","-0.1609288","0.441"
"BxPC-3","MINA","-0.4775761","0.156"
"CFPAC-1","MINA","-0.02102973","0.876"
"Capan-2","MINA","-0.09624717","0.401"
"HPAC","MINA","-0.08094139","0.462"
"HPAF-II","MINA","-0.2929213","0.175"
"HPDE","MINA","-2.245204","0.388"
"Hs 766T","MINA","-1.052038","0.118"
"IMIM-PC-1","MINA","-0.09065243","0.66"
"IMIM-PC-2","MINA","-0.06072408","0.592"
"KP-3","MINA","-0.1979654","0.423"
"KP-4","MINA","-0.1422506","0.218"
"MIA PaCa-2","MINA","-0.1233224","0.262"
"PANC-1","MINA","-0.247012","0.098"
"PL45","MINA","-0.2768189","0.255"
"PaTu_8988S","MINA","-0.1357602","0.252"
"PaTu_8988T","MINA","-0.2600206","0.058"
"Panc 02.03","MINA","-0.2190204","0.543"
"Panc 03.27","MINA","-0.07644957","0.629"
"Panc 04.03","MINA","-0.2194015","0.374"
"Panc 05.04","MINA","-0.4242007","0.213"
"Panc 08.13","MINA","-0.1723238","0.272"
"Panc 10.05","MINA","-0.06280324","0.748"
"RWP-1","MINA","-0.3208587","0.149"
"SK-PC-1","MINA","-0.0983798","0.668"
"SK-PC-3","MINA","-0.6079887","0.173"
"SU.86.86","MINA","-0.03876415","0.677"
"SW1990","MINA","-0.1601324","0.535"
"BT-20","MTA1","-0.1026411","0.763"
"BT-474","MTA1","-0.07791206","0.799"
"BT-549","MTA1","-0.01891804","0.983"
"CAL-51","MTA1","-0.03760498","0.97"
"CAMA-1","MTA1","-0.1816764","0.747"
"EFM-19","MTA1","-0.07295565","0.706"
"HCC1143","MTA1","-0.2214783","0.697"
"HCC1187","MTA1","-0.2044234","0.638"
"HCC1395","MTA1","-0.09587708","0.871"
"HCC1419","MTA1","-0.09637902","0.748"
"HCC1428","MTA1","-0.5292256","0.395"
"HCC1500","MTA1","-0.3141521","0.233"
"HCC1806","MTA1","-0.5485406","0.338"
"HCC1937","MTA1","-0.0681568","0.672"
"HCC1954","MTA1","-0.1198257","0.593"
"HCC38","MTA1","-0.3555515","0.275"
"Hs 578T","MTA1","-0.0608075","0.57"
"KPL-1","MTA1","-0.07452746","0.631"
"MCF7","MTA1","-0.05128399","0.539"
"MDA-MB-157","MTA1","-0.1049046","0.676"
"MDA-MB-231","MTA1","-0.2198893","0.433"
"MDA-MB-361","MTA1","-0.1655555","0.571"
"MDA-MB-436","MTA1","-0.1003297","0.932"
"MDA-MB-453","MTA1","-0.1206739","0.147"
"MDA-MB-468","MTA1","-0.05720281","0.692"
"SK-BR-3","MTA1","-0.2217799","0.629"
"SW527","MTA1","-0.0364363","0.863"
"T-47D","MTA1","-0.04433022","0.938"
"ZR-75-1","MTA1","-0.2641154","0.475"
"609050M","MTA1","-0.2094219","0.413"
"A2780","MTA1","-0.1333579","0.258"
"A2780_CIS","MTA1","-0.06103034","0.629"
"MM_OVCAR432_Bast_1","MTA1","-0.1398113","0.931"
"OV-1946","MTA1","-0.4679886","0.464"
"OV-90","MTA1","-0.1094558","0.637"
"OVCA1369_TR","MTA1","-0.778417","0.569"
"OVCA433_Bast","MTA1","-0.7894394","0.332"
"OVCA5","MTA1","-0.1698054","0.478"
"OVCA8","MTA1","-0.04754977","0.918"
"OVCAR-3","MTA1","-0.2380762","0.707"
"SK-OV-3","MTA1","-0.09948818","0.387"
"TOV-1946","MTA1","-0.3772743","0.457"
"TOV-2223G","MTA1","-0.05365255","0.729"
"TOV-3133G","MTA1","-0.4233259","0.073"
"AsPC-1","MTA1","-0.04299471","0.856"
"BxPC-3","MTA1","-0.1678709","0.686"
"CFPAC-1","MTA1","-0.06373538","0.579"
"Capan-2","MTA1","-0.07495258","0.49"
"HPAC","MTA1","-0.05003257","0.666"
"HPAF-II","MTA1","-0.0937444","0.742"
"HPDE","MTA1","-2.281425","0.38"
"Hs 766T","MTA1","-0.568991","0.655"
"IMIM-PC-1","MTA1","-0.07671823","0.756"
"IMIM-PC-2","MTA1","-0.06677177","0.558"
"KP-3","MTA1","-0.04333368","0.901"
"KP-4","MTA1","0.0006017055","0.982"
"MIA PaCa-2","MTA1","-0.06158324","0.607"
"PANC-1","MTA1","-0.07178938","0.736"
"PL45","MTA1","-0.2582495","0.296"
"PaTu_8988S","MTA1","-0.07168551","0.511"
"PaTu_8988T","MTA1","-0.07660414","0.65"
"Panc 02.03","MTA1","-0.3509589","0.232"
"Panc 03.27","MTA1","-0.1037748","0.511"
"Panc 04.03","MTA1","-0.2886385","0.193"
"Panc 05.04","MTA1","-0.1884471","0.74"
"Panc 08.13","MTA1","-0.1561691","0.325"
"Panc 10.05","MTA1","-0.119004","0.542"
"RWP-1","MTA1","-0.05511382","0.726"
"SK-PC-1","MTA1","-0.1976572","0.297"
"SK-PC-3","MTA1","-0.4636669","0.377"
"SU.86.86","MTA1","-0.01089491","0.813"
"SW1990","MTA1","-0.141259","0.596"
"BT-20","MTA2","-0.2850945","0.342"
"BT-474","MTA2","-0.4094723","0.148"
"BT-549","MTA2","-0.4385238","0.247"
"CAL-51","MTA2","-0.07129677","0.863"
"CAMA-1","MTA2","-0.1252899","0.871"
"EFM-19","MTA2","-0.1031854","0.596"
"HCC1143","MTA2","-0.5169914","0.301"
"HCC1187","MTA2","-0.3004971","0.427"
"HCC1395","MTA2","-0.7099293","0.045"
"HCC1419","MTA2","-0.3007056","0.222"
"HCC1428","MTA2","-0.6231607","0.312"
"HCC1500","MTA2","-0.1106042","0.714"
"HCC1806","MTA2","-0.2094954","0.798"
"HCC1937","MTA2","-0.2242749","0.303"
"HCC1954","MTA2","-0.1288443","0.559"
"HCC38","MTA2","-0.4581436","0.17"
"Hs 578T","MTA2","-0.137681","0.257"
"KPL-1","MTA2","-0.0700883","0.672"
"MCF7","MTA2","-0.0980628","0.265"
"MDA-MB-157","MTA2","-0.1845131","0.419"
"MDA-MB-231","MTA2","-0.1479787","0.578"
"MDA-MB-361","MTA2","-0.1729058","0.553"
"MDA-MB-436","MTA2","-0.3750031","0.28"
"MDA-MB-453","MTA2","-0.05378216","0.318"
"MDA-MB-468","MTA2","-0.06129793","0.68"
"SK-BR-3","MTA2","-0.4075624","0.319"
"SW527","MTA2","-0.08332035","0.653"
"T-47D","MTA2","-0.2184592","0.531"
"ZR-75-1","MTA2","-0.5182588","0.127"
"609050M","MTA2","-0.1808407","0.488"
"A2780","MTA2","-0.02836128","0.638"
"A2780_CIS","MTA2","-0.09800266","0.474"
"MM_OVCAR432_Bast_1","MTA2","-0.7367784","0.35"
"OV-1946","MTA2","-0.7911983","0.139"
"OV-90","MTA2","-0.2606959","0.262"
"OVCA1369_TR","MTA2","-2.009462","0.175"
"OVCA433_Bast","MTA2","-1.035546","0.151"
"OVCA5","MTA2","-0.2597609","0.29"
"OVCA8","MTA2","-0.4599015","0.149"
"OVCAR-3","MTA2","-0.7093664","0.28"
"SK-OV-3","MTA2","-0.1718943","0.185"
"TOV-1946","MTA2","-0.8122612","0.032"
"TOV-2223G","MTA2","-0.2910211","0.283"
"TOV-3133G","MTA2","-0.3190269","0.136"
"AsPC-1","MTA2","-0.1523398","0.457"
"BxPC-3","MTA2","-0.03135367","0.974"
"CFPAC-1","MTA2","-0.01005282","0.932"
"Capan-2","MTA2","-0.1054936","0.367"
"HPAC","MTA2","0.0004677711","0.963"
"HPAF-II","MTA2","-0.1213986","0.642"
"HPDE","MTA2","-2.284078","0.378"
"Hs 766T","MTA2","-0.8104823","0.343"
"IMIM-PC-1","MTA2","-0.2005944","0.173"
"IMIM-PC-2","MTA2","-0.1064109","0.339"
"KP-3","MTA2","-0.1271288","0.617"
"KP-4","MTA2","-0.154493","0.183"
"MIA PaCa-2","MTA2","-0.1094847","0.326"
"PANC-1","MTA2","-0.1810888","0.267"
"PL45","MTA2","-0.3325278","0.147"
"PaTu_8988S","MTA2","-0.1223879","0.296"
"PaTu_8988T","MTA2","-0.07450279","0.667"
"Panc 02.03","MTA2","-0.2383039","0.49"
"Panc 03.27","MTA2","-0.141591","0.358"
"Panc 04.03","MTA2","-0.2979724","0.173"
"Panc 05.04","MTA2","-0.3607439","0.321"
"Panc 08.13","MTA2","-0.2034875","0.198"
"Panc 10.05","MTA2","-0.1828119","0.351"
"RWP-1","MTA2","-0.215174","0.29"
"SK-PC-1","MTA2","-0.1952248","0.302"
"SK-PC-3","MTA2","-0.6102241","0.173"
"SU.86.86","MTA2","-0.08855186","0.465"
"SW1990","MTA2","-0.1159687","0.714"
"BT-20","MTA3","-0.1088455","0.744"
"BT-474","MTA3","-0.08894075","0.773"
"BT-549","MTA3","-0.2789856","0.485"
"CAL-51","MTA3","-0.1139299","0.622"
"CAMA-1","MTA3","-0.1219122","0.88"
"EFM-19","MTA3","-0.03461218","0.844"
"HCC1143","MTA3","-0.1530402","0.8"
"HCC1187","MTA3","-0.2184672","0.61"
"HCC1395","MTA3","-0.1044339","0.858"
"HCC1419","MTA3","-0.09786775","0.744"
"HCC1428","MTA3","-0.3235856","0.599"
"HCC1500","MTA3","-0.2216583","0.399"
"HCC1806","MTA3","-0.664045","0.217"
"HCC1937","MTA3","0.002144404","0.89"
"HCC1954","MTA3","-0.1005094","0.682"
"HCC38","MTA3","-0.1412152","0.728"
"Hs 578T","MTA3","-0.05464719","0.608"
"KPL-1","MTA3","-0.1195254","0.316"
"MCF7","MTA3","-0.03921354","0.62"
"MDA-MB-157","MTA3","-0.1849332","0.418"
"MDA-MB-231","MTA3","-0.09987338","0.682"
"MDA-MB-361","MTA3","-0.2523017","0.398"
"MDA-MB-436","MTA3","-0.1019478","0.931"
"MDA-MB-453","MTA3","-0.03161926","0.423"
"MDA-MB-468","MTA3","-0.06202601","0.68"
"SK-BR-3","MTA3","-0.143603","0.772"
"SW527","MTA3","-0.1121122","0.54"
"T-47D","MTA3","-0.1717612","0.631"
"ZR-75-1","MTA3","-0.1579377","0.741"
"609050M","MTA3","-0.2200288","0.392"
"A2780","MTA3","-0.004609412","0.736"
"A2780_CIS","MTA3","-0.07053737","0.593"
"MM_OVCAR432_Bast_1","MTA3","-0.3504145","0.76"
"OV-1946","MTA3","-0.5218753","0.393"
"OV-90","MTA3","-0.1220424","0.589"
"OVCA1369_TR","MTA3","0.08247694","1"
"OVCA433_Bast","MTA3","-1.628678","0.006"
"OVCA5","MTA3","-0.1596364","0.503"
"OVCA8","MTA3","-0.1647326","0.634"
"OVCAR-3","MTA3","-0.3116109","0.62"
"SK-OV-3","MTA3","-0.003915857","0.86"
"TOV-1946","MTA3","-0.1908885","0.783"
"TOV-2223G","MTA3","-0.01333963","0.826"
"TOV-3133G","MTA3","-0.02545117","0.849"
"AsPC-1","MTA3","-0.1660713","0.422"
"BxPC-3","MTA3","-0.1304135","0.777"
"CFPAC-1","MTA3","-0.07190993","0.529"
"Capan-2","MTA3","-0.007014181","0.893"
"HPAC","MTA3","-0.09773778","0.366"
"HPAF-II","MTA3","-0.197245","0.391"
"HPDE","MTA3","-1.644827","0.56"
"Hs 766T","MTA3","-0.8201719","0.328"
"IMIM-PC-1","MTA3","-0.07490216","0.768"
"IMIM-PC-2","MTA3","-0.1091899","0.326"
"KP-3","MTA3","-0.2148647","0.369"
"KP-4","MTA3","-0.06428821","0.612"
"MIA PaCa-2","MTA3","-0.07127513","0.532"
"PANC-1","MTA3","-0.09518681","0.603"
"PL45","MTA3","-0.2147023","0.41"
"PaTu_8988S","MTA3","-0.06076925","0.573"
"PaTu_8988T","MTA3","-0.09635055","0.512"
"Panc 02.03","MTA3","-0.1862384","0.671"
"Panc 03.27","MTA3","-0.1135384","0.47"
"Panc 04.03","MTA3","-0.1755518","0.509"
"Panc 05.04","MTA3","-0.4800518","0.142"
"Panc 08.13","MTA3","-0.09061907","0.609"
"Panc 10.05","MTA3","-0.05895161","0.759"
"RWP-1","MTA3","-0.08472591","0.628"
"SK-PC-1","MTA3","-0.2439228","0.197"
"SK-PC-3","MTA3","-0.3308646","0.595"
"SU.86.86","MTA3","-0.06887879","0.541"
"SW1990","MTA3","-0.1939678","0.428"
"BT-20","NAT10","-0.298601","0.319"
"BT-474","NAT10","-0.2364025","0.39"
"BT-549","NAT10","-0.473268","0.213"
"CAL-51","NAT10","-0.5738791","0.011"
"CAMA-1","NAT10","-0.9858629","0.009"
"EFM-19","NAT10","-0.05680146","0.767"
"HCC1143","NAT10","-0.7514809","0.119"
"HCC1187","NAT10","-0.4205692","0.224"
"HCC1395","NAT10","-0.3983463","0.294"
"HCC1419","NAT10","-0.230136","0.351"
"HCC1428","NAT10","-0.1340904","0.855"
"HCC1500","NAT10","-0.08507276","0.785"
"HCC1806","NAT10","-0.4693204","0.446"
"HCC1937","NAT10","-0.6403148","0.017"
"HCC1954","NAT10","-0.3771574","0.11"
"HCC38","NAT10","-0.009342685","0.975"
"Hs 578T","NAT10","-0.2025434","0.135"
"KPL-1","NAT10","-0.1476817","0.214"
"MCF7","NAT10","-0.07026017","0.41"
"MDA-MB-157","NAT10","-0.3751185","0.108"
"MDA-MB-231","NAT10","-0.722277","0.024"
"MDA-MB-361","NAT10","-0.185891","0.527"
"MDA-MB-436","NAT10","-0.5451162","0.12"
"MDA-MB-453","NAT10","-0.08228231","0.235"
"MDA-MB-468","NAT10","-0.02508433","0.857"
"SK-BR-3","NAT10","-0.4985684","0.223"
"SW527","NAT10","-0.4702491","0.021"
"T-47D","NAT10","-0.1868123","0.602"
"ZR-75-1","NAT10","-0.6011711","0.076"
"609050M","NAT10","-0.412449","0.11"
"A2780","NAT10","-0.4648585","0.013"
"A2780_CIS","NAT10","-0.4460192","0.027"
"MM_OVCAR432_Bast_1","NAT10","-0.2414006","0.869"
"OV-1946","NAT10","-0.3284919","0.664"
"OV-90","NAT10","-0.3076379","0.183"
"OVCA1369_TR","NAT10","-1.217781","0.403"
"OVCA433_Bast","NAT10","-1.695272","0.005"
"OVCA5","NAT10","-0.3378283","0.186"
"OVCA8","NAT10","-0.6200808","0.037"
"OVCAR-3","NAT10","-0.955875","0.141"
"SK-OV-3","NAT10","-0.02842345","0.739"
"TOV-1946","NAT10","-0.7033795","0.08"
"TOV-2223G","NAT10","-0.2704828","0.301"
"TOV-3133G","NAT10","-0.217745","0.233"
"AsPC-1","NAT10","-0.1570526","0.447"
"BxPC-3","NAT10","-0.3468446","0.328"
"CFPAC-1","NAT10","-0.06850487","0.547"
"Capan-2","NAT10","-0.05815669","0.587"
"HPAC","NAT10","-0.1440624","0.193"
"HPAF-II","NAT10","-0.2219412","0.322"
"HPDE","NAT10","-4.920974","0.065"
"Hs 766T","NAT10","-1.075173","0.108"
"IMIM-PC-1","NAT10","-0.2692709","0.088"
"IMIM-PC-2","NAT10","0.008883474","0.978"
"KP-3","NAT10","-0.2604741","0.252"
"KP-4","NAT10","-0.283755","0.023"
"MIA PaCa-2","NAT10","-0.3326891","0.009"
"PANC-1","NAT10","-0.2404354","0.112"
"PL45","NAT10","-0.1972311","0.462"
"PaTu_8988S","NAT10","-0.2013924","0.108"
"PaTu_8988T","NAT10","-0.1361497","0.316"
"Panc 02.03","NAT10","-0.3549584","0.229"
"Panc 03.27","NAT10","-0.354337","0.062"
"Panc 04.03","NAT10","-0.2795918","0.212"
"Panc 05.04","NAT10","-0.3654861","0.315"
"Panc 08.13","NAT10","-0.3451206","0.056"
"Panc 10.05","NAT10","-0.2226274","0.25"
"RWP-1","NAT10","-0.4394176","0.071"
"SK-PC-1","NAT10","-0.2228949","0.246"
"SK-PC-3","NAT10","-0.5409939","0.259"
"SU.86.86","NAT10","-0.2248774","0.117"
"SW1990","NAT10","-0.2504963","0.243"
"BT-20","NCOA1","-0.0413277","0.892"
"BT-474","NCOA1","-0.08888396","0.773"
"BT-549","NCOA1","-0.2555052","0.537"
"CAL-51","NCOA1","-0.06826606","0.879"
"CAMA-1","NCOA1","-0.2597404","0.553"
"EFM-19","NCOA1","-0.1068476","0.587"
"HCC1143","NCOA1","0.00854254","0.976"
"HCC1187","NCOA1","-0.2065051","0.63"
"HCC1395","NCOA1","-0.1664581","0.726"
"HCC1419","NCOA1","-0.1680083","0.513"
"HCC1428","NCOA1","0.02546418","0.98"
"HCC1500","NCOA1","-0.02079712","0.94"
"HCC1806","NCOA1","-0.02306187","0.977"
"HCC1937","NCOA1","-0.2235189","0.304"
"HCC1954","NCOA1","-0.08725923","0.734"
"HCC38","NCOA1","-0.1965537","0.606"
"Hs 578T","NCOA1","0.008007665","0.918"
"KPL-1","NCOA1","-0.03688055","0.903"
"MCF7","NCOA1","-0.01492657","0.792"
"MDA-MB-157","NCOA1","-0.03722509","0.896"
"MDA-MB-231","NCOA1","-0.06716543","0.768"
"MDA-MB-361","NCOA1","-0.0164346","0.945"
"MDA-MB-436","NCOA1","-0.153251","0.783"
"MDA-MB-453","NCOA1","0.01163254","0.813"
"MDA-MB-468","NCOA1","-0.03516846","0.806"
"SK-BR-3","NCOA1","-0.06262555","0.923"
"SW527","NCOA1","-0.06019584","0.75"
"T-47D","NCOA1","-0.02990474","0.955"
"ZR-75-1","NCOA1","-0.05042812","0.957"
"609050M","NCOA1","-0.00959429","0.989"
"A2780","NCOA1","0.0638924","0.967"
"A2780_CIS","NCOA1","-0.06042682","0.629"
"MM_OVCAR432_Bast_1","NCOA1","-1.065067","0.13"
"OV-1946","NCOA1","-0.1002709","0.958"
"OV-90","NCOA1","0.03590227","0.995"
"OVCA1369_TR","NCOA1","-1.599135","0.274"
"OVCA433_Bast","NCOA1","-0.466528","0.645"
"OVCA5","NCOA1","-0.08510248","0.76"
"OVCA8","NCOA1","-0.1370614","0.703"
"OVCAR-3","NCOA1","-0.7391106","0.262"
"SK-OV-3","NCOA1","-0.007324715","0.848"
"TOV-1946","NCOA1","-0.292559","0.609"
"TOV-2223G","NCOA1","-0.0442178","0.751"
"TOV-3133G","NCOA1","-0.1064825","0.516"
"AsPC-1","NCOA1","-0.1922188","0.339"
"BxPC-3","NCOA1","-0.1212842","0.797"
"CFPAC-1","NCOA1","-0.1330435","0.227"
"Capan-2","NCOA1","-0.01434508","0.842"
"HPAC","NCOA1","-0.08919369","0.41"
"HPAF-II","NCOA1","-0.09138044","0.747"
"HPDE","NCOA1","-1.781322","0.522"
"Hs 766T","NCOA1","-0.8737884","0.27"
"IMIM-PC-1","NCOA1","-0.09691601","0.616"
"IMIM-PC-2","NCOA1","-0.06490681","0.569"
"KP-3","NCOA1","-0.08344912","0.788"
"KP-4","NCOA1","-0.004561819","0.968"
"MIA PaCa-2","NCOA1","-0.03701294","0.77"
"PANC-1","NCOA1","-0.04905746","0.855"
"PL45","NCOA1","-0.08127787","0.848"
"PaTu_8988S","NCOA1","-0.03376217","0.761"
"PaTu_8988T","NCOA1","-0.1710373","0.212"
"Panc 02.03","NCOA1","-0.116601","0.89"
"Panc 03.27","NCOA1","-0.2078331","0.19"
"Panc 04.03","NCOA1","-0.10881","0.743"
"Panc 05.04","NCOA1","-0.3402134","0.373"
"Panc 08.13","NCOA1","-0.1112476","0.498"
"Panc 10.05","NCOA1","-0.04054654","0.818"
"RWP-1","NCOA1","-0.00664216","0.876"
"SK-PC-1","NCOA1","-0.07800321","0.762"
"SK-PC-3","NCOA1","-0.1856502","0.88"
"SU.86.86","NCOA1","-0.07252371","0.53"
"SW1990","NCOA1","-0.2258365","0.317"
"BT-20","NCOA3","-0.231588","0.458"
"BT-474","NCOA3","-0.03720631","0.911"
"BT-549","NCOA3","-0.08482784","0.904"
"CAL-51","NCOA3","-0.09396623","0.749"
"CAMA-1","NCOA3","-0.3357883","0.398"
"EFM-19","NCOA3","-0.06530599","0.736"
"HCC1143","NCOA3","-0.2916981","0.575"
"HCC1187","NCOA3","-0.1430672","0.778"
"HCC1395","NCOA3","-0.2669312","0.508"
"HCC1419","NCOA3","-0.1245719","0.655"
"HCC1428","NCOA3","-0.09140494","0.906"
"HCC1500","NCOA3","-0.1425107","0.598"
"HCC1806","NCOA3","-0.2379659","0.762"
"HCC1937","NCOA3","-0.03894313","0.773"
"HCC1954","NCOA3","-0.07913963","0.762"
"HCC38","NCOA3","-0.142559","0.727"
"Hs 578T","NCOA3","-0.007252781","0.861"
"KPL-1","NCOA3","-0.04271784","0.881"
"MCF7","NCOA3","-0.03093589","0.676"
"MDA-MB-157","NCOA3","-0.1358268","0.577"
"MDA-MB-231","NCOA3","-0.2742567","0.334"
"MDA-MB-361","NCOA3","-0.1609804","0.585"
"MDA-MB-436","NCOA3","-0.1827348","0.693"
"MDA-MB-453","NCOA3","0.03075462","0.955"
"MDA-MB-468","NCOA3","-0.006193339","0.932"
"SK-BR-3","NCOA3","-0.06851706","0.916"
"SW527","NCOA3","-0.06351962","0.735"
"T-47D","NCOA3","-0.1034625","0.825"
"ZR-75-1","NCOA3","-0.1846371","0.662"
"609050M","NCOA3","-0.09616284","0.777"
"A2780","NCOA3","0.02654529","0.862"
"A2780_CIS","NCOA3","-0.02565427","0.794"
"MM_OVCAR432_Bast_1","NCOA3","-0.3466783","0.761"
"OV-1946","NCOA3","-0.1956314","0.873"
"OV-90","NCOA3","-0.03057602","0.897"
"OVCA1369_TR","NCOA3","-0.09222603","0.976"
"OVCA433_Bast","NCOA3","-0.2430608","0.889"
"OVCA5","NCOA3","-0.09807994","0.718"
"OVCA8","NCOA3","-0.04164691","0.931"
"OVCAR-3","NCOA3","-0.1672308","0.801"
"SK-OV-3","NCOA3","-0.02954073","0.736"
"TOV-1946","NCOA3","-0.2287824","0.723"
"TOV-2223G","NCOA3","-0.1285041","0.56"
"TOV-3133G","NCOA3","-0.0116198","0.891"
"AsPC-1","NCOA3","-0.08499385","0.702"
"BxPC-3","NCOA3","-0.02570897","0.981"
"CFPAC-1","NCOA3","-0.03204478","0.793"
"Capan-2","NCOA3","-0.05508707","0.605"
"HPAC","NCOA3","-0.02678199","0.824"
"HPAF-II","NCOA3","-0.06150578","0.858"
"HPDE","NCOA3","-0.5378807","0.86"
"Hs 766T","NCOA3","-0.5528976","0.677"
"IMIM-PC-1","NCOA3","-0.08589459","0.688"
"IMIM-PC-2","NCOA3","-0.02020185","0.864"
"KP-3","NCOA3","-0.06319124","0.852"
"KP-4","NCOA3","-0.01634394","0.921"
"MIA PaCa-2","NCOA3","-0.01711425","0.901"
"PANC-1","NCOA3","-0.0524063","0.836"
"PL45","NCOA3","-0.1294359","0.685"
"PaTu_8988S","NCOA3","-0.04273142","0.691"
"PaTu_8988T","NCOA3","-0.06476477","0.721"
"Panc 02.03","NCOA3","-0.2412085","0.482"
"Panc 03.27","NCOA3","-0.03437675","0.845"
"Panc 04.03","NCOA3","-0.08435362","0.823"
"Panc 05.04","NCOA3","-0.1167291","0.896"
"Panc 08.13","NCOA3","-0.08724321","0.62"
"Panc 10.05","NCOA3","-0.02261612","0.878"
"RWP-1","NCOA3","-0.06063541","0.701"
"SK-PC-1","NCOA3","-0.1184704","0.588"
"SK-PC-3","NCOA3","-0.194499","0.868"
"SU.86.86","NCOA3","-0.07072381","0.533"
"SW1990","NCOA3","-0.1221629","0.677"
"BT-20","NFRKB","-0.3007906","0.317"
"BT-474","NFRKB","-0.5448022","0.062"
"BT-549","NFRKB","-0.1231549","0.832"
"CAL-51","NFRKB","-0.07973938","0.824"
"CAMA-1","NFRKB","-0.5815738","0.105"
"EFM-19","NFRKB","-0.1139948","0.562"
"HCC1143","NFRKB","-0.3800222","0.451"
"HCC1187","NFRKB","-0.09495687","0.902"
"HCC1395","NFRKB","-0.4068259","0.276"
"HCC1419","NFRKB","-0.243655","0.312"
"HCC1428","NFRKB","-0.3002043","0.633"
"HCC1500","NFRKB","-0.3734881","0.16"
"HCC1806","NFRKB","-0.4674369","0.448"
"HCC1937","NFRKB","-0.05714641","0.716"
"HCC1954","NFRKB","-0.2930995","0.205"
"HCC38","NFRKB","-0.5886019","0.076"
"Hs 578T","NFRKB","-0.07016351","0.528"
"KPL-1","NFRKB","-0.05113883","0.823"
"MCF7","NFRKB","-0.03766661","0.625"
"MDA-MB-157","NFRKB","-0.2087509","0.362"
"MDA-MB-231","NFRKB","-0.3426768","0.224"
"MDA-MB-361","NFRKB","-0.06825333","0.831"
"MDA-MB-436","NFRKB","-0.3203866","0.365"
"MDA-MB-453","NFRKB","0.03513335","0.968"
"MDA-MB-468","NFRKB","-0.1935895","0.273"
"SK-BR-3","NFRKB","-0.2308729","0.612"
"SW527","NFRKB","-0.07298341","0.694"
"T-47D","NFRKB","-0.240718","0.478"
"ZR-75-1","NFRKB","-0.3240436","0.364"
"609050M","NFRKB","-0.2550531","0.32"
"A2780","NFRKB","-0.1445901","0.232"
"A2780_CIS","NFRKB","-0.2033195","0.203"
"MM_OVCAR432_Bast_1","NFRKB","-0.583627","0.516"
"OV-1946","NFRKB","-0.8087954","0.125"
"OV-90","NFRKB","-0.0411649","0.858"
"OVCA1369_TR","NFRKB","-0.3098487","0.868"
"OVCA433_Bast","NFRKB","-0.5113809","0.607"
"OVCA5","NFRKB","-0.1784899","0.453"
"OVCA8","NFRKB","-0.3357975","0.294"
"OVCAR-3","NFRKB","-0.838313","0.199"
"SK-OV-3","NFRKB","-0.01178792","0.824"
"TOV-1946","NFRKB","-0.6505092","0.12"
"TOV-2223G","NFRKB","-0.2071965","0.389"
"TOV-3133G","NFRKB","-0.03957909","0.789"
"AsPC-1","NFRKB","-0.1613696","0.439"
"BxPC-3","NFRKB","-0.08373638","0.886"
"CFPAC-1","NFRKB","-0.07398842","0.514"
"Capan-2","NFRKB","-0.1239759","0.29"
"HPAC","NFRKB","-0.1088834","0.33"
"HPAF-II","NFRKB","-0.2199432","0.332"
"HPDE","NFRKB","-1.792704","0.519"
"Hs 766T","NFRKB","-1.018234","0.131"
"IMIM-PC-1","NFRKB","-0.07657606","0.756"
"IMIM-PC-2","NFRKB","-0.02312021","0.842"
"KP-3","NFRKB","-0.2483452","0.278"
"KP-4","NFRKB","-0.1274272","0.272"
"MIA PaCa-2","NFRKB","-0.145414","0.202"
"PANC-1","NFRKB","-0.1568491","0.34"
"PL45","NFRKB","-0.2744578","0.259"
"PaTu_8988S","NFRKB","-0.1009049","0.379"
"PaTu_8988T","NFRKB","-0.08814347","0.563"
"Panc 02.03","NFRKB","-0.1315458","0.856"
"Panc 03.27","NFRKB","-0.1426151","0.352"
"Panc 04.03","NFRKB","-0.1736629","0.513"
"Panc 05.04","NFRKB","-0.4222109","0.218"
"Panc 08.13","NFRKB","-0.212462","0.177"
"Panc 10.05","NFRKB","-0.2584343","0.187"
"RWP-1","NFRKB","-0.2763163","0.201"
"SK-PC-1","NFRKB","-0.09230784","0.694"
"SK-PC-3","NFRKB","-0.5308347","0.282"
"SU.86.86","NFRKB","-0.1017273","0.408"
"SW1990","NFRKB","-0.2713636","0.189"
"BT-20","NSD1","-0.4480412","0.132"
"BT-474","NSD1","-0.1969974","0.469"
"BT-549","NSD1","-0.4563361","0.228"
"CAL-51","NSD1","-0.1110902","0.64"
"CAMA-1","NSD1","-0.1606586","0.787"
"EFM-19","NSD1","-0.1519692","0.433"
"HCC1143","NSD1","-0.6590995","0.169"
"HCC1187","NSD1","-0.1380216","0.792"
"HCC1395","NSD1","-0.5064849","0.165"
"HCC1419","NSD1","-0.01974218","0.977"
"HCC1428","NSD1","-0.5202394","0.407"
"HCC1500","NSD1","-0.05574394","0.866"
"HCC1806","NSD1","-0.5436952","0.343"
"HCC1937","NSD1","-0.2055216","0.336"
"HCC1954","NSD1","-0.1836374","0.405"
"HCC38","NSD1","-0.6468152","0.056"
"Hs 578T","NSD1","0.01522937","0.941"
"KPL-1","NSD1","-0.04836932","0.84"
"MCF7","NSD1","-0.01607123","0.785"
"MDA-MB-157","NSD1","-0.4018553","0.088"
"MDA-MB-231","NSD1","-0.6184695","0.045"
"MDA-MB-361","NSD1","-0.1386377","0.645"
"MDA-MB-436","NSD1","-0.2834096","0.434"
"MDA-MB-453","NSD1","0.004501182","0.737"
"MDA-MB-468","NSD1","-0.05223437","0.718"
"SK-BR-3","NSD1","-0.2364362","0.596"
"SW527","NSD1","-0.06961594","0.709"
"T-47D","NSD1","-0.09815177","0.845"
"ZR-75-1","NSD1","-0.2275158","0.556"
"609050M","NSD1","-0.1935507","0.45"
"A2780","NSD1","0.03290416","0.881"
"A2780_CIS","NSD1","-0.03454742","0.756"
"MM_OVCAR432_Bast_1","NSD1","-0.6362574","0.454"
"OV-1946","NSD1","-0.6186632","0.279"
"OV-90","NSD1","-0.3265829","0.163"
"OVCA1369_TR","NSD1","-0.9433016","0.502"
"OVCA433_Bast","NSD1","-0.7632441","0.353"
"OVCA5","NSD1","-0.1538684","0.52"
"OVCA8","NSD1","-0.1381201","0.701"
"OVCAR-3","NSD1","-0.5007759","0.426"
"SK-OV-3","NSD1","-0.1381908","0.254"
"TOV-1946","NSD1","-0.4743401","0.318"
"TOV-2223G","NSD1","-0.3853351","0.195"
"TOV-3133G","NSD1","-0.1067037","0.514"
"AsPC-1","NSD1","-0.07961605","0.724"
"BxPC-3","NSD1","-0.1762488","0.668"
"CFPAC-1","NSD1","-0.1024951","0.349"
"Capan-2","NSD1","-0.1402459","0.247"
"HPAC","NSD1","-0.05213361","0.649"
"HPAF-II","NSD1","-0.08365753","0.773"
"HPDE","NSD1","-2.597405","0.317"
"Hs 766T","NSD1","-0.8177845","0.332"
"IMIM-PC-1","NSD1","-0.06163644","0.853"
"IMIM-PC-2","NSD1","-0.07037406","0.53"
"KP-3","NSD1","-0.1995459","0.417"
"KP-4","NSD1","-0.06707349","0.587"
"MIA PaCa-2","NSD1","-0.06402989","0.59"
"PANC-1","NSD1","-0.06443261","0.782"
"PL45","NSD1","-0.1128627","0.749"
"PaTu_8988S","NSD1","-0.08581226","0.444"
"PaTu_8988T","NSD1","-0.09480236","0.521"
"Panc 02.03","NSD1","-0.2753504","0.387"
"Panc 03.27","NSD1","-0.1547246","0.312"
"Panc 04.03","NSD1","-0.1098946","0.741"
"Panc 05.04","NSD1","-0.3414401","0.368"
"Panc 08.13","NSD1","-0.1082582","0.513"
"Panc 10.05","NSD1","-0.07396826","0.715"
"RWP-1","NSD1","-0.08043152","0.64"
"SK-PC-1","NSD1","-0.1328088","0.543"
"SK-PC-3","NSD1","-0.3737065","0.509"
"SU.86.86","NSD1","-0.08430103","0.477"
"SW1990","NSD1","-0.2687684","0.194"
"BT-20","PHF2","-0.318148","0.291"
"BT-474","PHF2","-0.05866507","0.861"
"BT-549","PHF2","-0.1475225","0.775"
"CAL-51","PHF2","-0.2120715","0.218"
"CAMA-1","PHF2","-0.1388362","0.83"
"EFM-19","PHF2","-0.116146","0.557"
"HCC1143","PHF2","-0.5187969","0.299"
"HCC1187","PHF2","-0.1822584","0.682"
"HCC1395","PHF2","-0.1640583","0.73"
"HCC1419","PHF2","-0.1017693","0.734"
"HCC1428","PHF2","-0.502673","0.417"
"HCC1500","PHF2","-0.4099155","0.127"
"HCC1806","PHF2","-0.8718367","0.09"
"HCC1937","PHF2","-0.05764657","0.714"
"HCC1954","PHF2","-0.1025378","0.672"
"HCC38","PHF2","-0.2779154","0.421"
"Hs 578T","PHF2","-0.03279403","0.748"
"KPL-1","PHF2","-0.1635418","0.166"
"MCF7","PHF2","-0.01055311","0.819"
"MDA-MB-157","PHF2","-0.2230003","0.33"
"MDA-MB-231","PHF2","-0.142767","0.583"
"MDA-MB-361","PHF2","-0.2226632","0.446"
"MDA-MB-436","PHF2","-0.4179293","0.222"
"MDA-MB-453","PHF2","-0.04410253","0.358"
"MDA-MB-468","PHF2","-0.1434315","0.382"
"SK-BR-3","PHF2","-0.4995099","0.221"
"SW527","PHF2","-0.1557146","0.412"
"T-47D","PHF2","-0.2188137","0.531"
"ZR-75-1","PHF2","-0.3128199","0.387"
"609050M","PHF2","-0.1024924","0.749"
"A2780","PHF2","-0.2153674","0.138"
"A2780_CIS","PHF2","-0.07017866","0.594"
"MM_OVCAR432_Bast_1","PHF2","-0.8807822","0.232"
"OV-1946","PHF2","-0.3515319","0.628"
"OV-90","PHF2","-0.2235509","0.326"
"OVCA1369_TR","PHF2","-0.9869778","0.488"
"OVCA433_Bast","PHF2","-1.26","0.062"
"OVCA5","PHF2","-0.2333145","0.336"
"OVCA8","PHF2","-0.1385475","0.698"
"OVCAR-3","PHF2","-0.399203","0.526"
"SK-OV-3","PHF2","-0.08970488","0.426"
"TOV-1946","PHF2","-0.4168164","0.396"
"TOV-2223G","PHF2","-0.04155863","0.758"
"TOV-3133G","PHF2","-0.06106545","0.68"
"AsPC-1","PHF2","-0.1179878","0.57"
"BxPC-3","PHF2","-0.1497369","0.726"
"CFPAC-1","PHF2","-0.03689064","0.765"
"Capan-2","PHF2","-0.03774504","0.707"
"HPAC","PHF2","-0.05274286","0.645"
"HPAF-II","PHF2","-0.1086716","0.688"
"HPDE","PHF2","-1.954889","0.475"
"Hs 766T","PHF2","-0.6383888","0.564"
"IMIM-PC-1","PHF2","-0.08503284","0.69"
"IMIM-PC-2","PHF2","0.005113674","0.975"
"KP-3","PHF2","-0.1834266","0.451"
"KP-4","PHF2","-0.09581352","0.429"
"MIA PaCa-2","PHF2","-0.05466602","0.641"
"PANC-1","PHF2","-0.1839684","0.253"
"PL45","PHF2","-0.1707137","0.552"
"PaTu_8988S","PHF2","-0.07409784","0.502"
"PaTu_8988T","PHF2","-0.1039588","0.471"
"Panc 02.03","PHF2","-0.2787966","0.377"
"Panc 03.27","PHF2","-0.06300049","0.701"
"Panc 04.03","PHF2","-0.09503237","0.79"
"Panc 05.04","PHF2","-0.3678938","0.308"
"Panc 08.13","PHF2","-0.1252929","0.442"
"Panc 10.05","PHF2","-0.1368623","0.488"
"RWP-1","PHF2","-0.07944573","0.643"
"SK-PC-1","PHF2","-0.07541864","0.772"
"SK-PC-3","PHF2","-0.1622489","0.913"
"SU.86.86","PHF2","-0.1112995","0.376"
"SW1990","PHF2","-0.1481952","0.579"
"BT-20","PHF8","-0.04471905","0.888"
"BT-474","PHF8","-0.09601065","0.753"
"BT-549","PHF8","-0.2151679","0.622"
"CAL-51","PHF8","-0.1215049","0.582"
"CAMA-1","PHF8","-0.3787357","0.322"
"EFM-19","PHF8","-0.2224698","0.252"
"HCC1143","PHF8","-0.3425374","0.496"
"HCC1187","PHF8","-0.1922575","0.66"
"HCC1395","PHF8","-0.288852","0.464"
"HCC1419","PHF8","-0.3585724","0.152"
"HCC1428","PHF8","-0.4877015","0.429"
"HCC1500","PHF8","-0.1696014","0.518"
"HCC1806","PHF8","-0.4841703","0.419"
"HCC1937","PHF8","-0.07677048","0.644"
"HCC1954","PHF8","-0.09888113","0.689"
"HCC38","PHF8","-0.1172757","0.788"
"Hs 578T","PHF8","-0.06924193","0.531"
"KPL-1","PHF8","-0.06335626","0.73"
"MCF7","PHF8","-0.06697393","0.427"
"MDA-MB-157","PHF8","-0.04980228","0.861"
"MDA-MB-231","PHF8","-0.08937943","0.71"
"MDA-MB-361","PHF8","-0.143437","0.63"
"MDA-MB-436","PHF8","-0.2113345","0.622"
"MDA-MB-453","PHF8","-0.02084627","0.509"
"MDA-MB-468","PHF8","-0.08549645","0.578"
"SK-BR-3","PHF8","-0.1595432","0.752"
"SW527","PHF8","-0.1442971","0.431"
"T-47D","PHF8","-0.1409805","0.733"
"ZR-75-1","PHF8","-0.3232764","0.364"
"609050M","PHF8","-0.2257616","0.377"
"A2780","PHF8","-0.09378677","0.375"
"A2780_CIS","PHF8","-0.04200394","0.714"
"MM_OVCAR432_Bast_1","PHF8","-0.1996489","0.89"
"OV-1946","PHF8","-0.4109508","0.537"
"OV-90","PHF8","-0.11232","0.624"
"OVCA1369_TR","PHF8","-0.3198649","0.858"
"OVCA433_Bast","PHF8","-0.3057513","0.839"
"OVCA5","PHF8","-0.1103295","0.683"
"OVCA8","PHF8","-0.2645916","0.426"
"OVCAR-3","PHF8","-0.3316528","0.601"
"SK-OV-3","PHF8","-0.07916862","0.473"
"TOV-1946","PHF8","-0.4032038","0.413"
"TOV-2223G","PHF8","-0.2175755","0.376"
"TOV-3133G","PHF8","-0.08434115","0.598"
"AsPC-1","PHF8","-0.1351107","0.503"
"BxPC-3","PHF8","-0.1447183","0.741"
"CFPAC-1","PHF8","-0.03825419","0.759"
"Capan-2","PHF8","-0.05674401","0.594"
"HPAC","PHF8","-0.04345002","0.714"
"HPAF-II","PHF8","-0.03913639","0.928"
"HPDE","PHF8","-0.5984874","0.847"
"Hs 766T","PHF8","-0.4934933","0.746"
"IMIM-PC-1","PHF8","-0.1407783","0.362"
"IMIM-PC-2","PHF8","-0.02561573","0.829"
"KP-3","PHF8","-0.1677218","0.498"
"KP-4","PHF8","-0.1507265","0.192"
"MIA PaCa-2","PHF8","-0.09712433","0.399"
"PANC-1","PHF8","-0.08011993","0.681"
"PL45","PHF8","-0.1119886","0.753"
"PaTu_8988S","PHF8","-0.08959284","0.428"
"PaTu_8988T","PHF8","-0.04231868","0.891"
"Panc 02.03","PHF8","-0.3217742","0.293"
"Panc 03.27","PHF8","-0.09623196","0.547"
"Panc 04.03","PHF8","-0.1746114","0.511"
"Panc 05.04","PHF8","-0.1350579","0.862"
"Panc 08.13","PHF8","-0.1203822","0.463"
"Panc 10.05","PHF8","-0.2671073","0.171"
"RWP-1","PHF8","-0.04150341","0.768"
"SK-PC-1","PHF8","-0.1007618","0.659"
"SK-PC-3","PHF8","-0.562957","0.233"
"SU.86.86","PHF8","-0.0887706","0.464"
"SW1990","PHF8","-0.1284956","0.643"
"BT-20","PRDM2","-0.362087","0.23"
"BT-474","PRDM2","-0.2877206","0.286"
"BT-549","PRDM2","-0.6045575","0.102"
"CAL-51","PRDM2","-0.3059141","0.084"
"CAMA-1","PRDM2","-0.4112379","0.281"
"EFM-19","PRDM2","-0.2542465","0.189"
"HCC1143","PRDM2","-0.606384","0.204"
"HCC1187","PRDM2","-0.3222114","0.378"
"HCC1395","PRDM2","-0.4252632","0.251"
"HCC1419","PRDM2","-0.5612368","0.032"
"HCC1428","PRDM2","-0.8492582","0.172"
"HCC1500","PRDM2","-0.3768756","0.157"
"HCC1806","PRDM2","-0.6226086","0.251"
"HCC1937","PRDM2","-0.3743209","0.115"
"HCC1954","PRDM2","-0.5099227","0.05"
"HCC38","PRDM2","-0.1435322","0.725"
"Hs 578T","PRDM2","-0.3063958","0.055"
"KPL-1","PRDM2","-0.08899152","0.508"
"MCF7","PRDM2","-0.0982883","0.265"
"MDA-MB-157","PRDM2","-0.2077313","0.366"
"MDA-MB-231","PRDM2","-0.9056149","0.014"
"MDA-MB-361","PRDM2","-0.5598317","0.062"
"MDA-MB-436","PRDM2","-0.3201274","0.366"
"MDA-MB-453","PRDM2","-0.1341932","0.125"
"MDA-MB-468","PRDM2","-0.5490262","0.031"
"SK-BR-3","PRDM2","-0.3288929","0.442"
"SW527","PRDM2","-0.1806696","0.338"
"T-47D","PRDM2","-0.3765231","0.214"
"ZR-75-1","PRDM2","-0.7911808","0.023"
"609050M","PRDM2","-0.2673236","0.304"
"A2780","PRDM2","-0.0409379","0.576"
"A2780_CIS","PRDM2","-0.2883748","0.105"
"MM_OVCAR432_Bast_1","PRDM2","-1.303897","0.051"
"OV-1946","PRDM2","-1.085529","0.025"
"OV-90","PRDM2","-0.2813701","0.223"
"OVCA1369_TR","PRDM2","-0.256031","0.901"
"OVCA433_Bast","PRDM2","-1.557981","0.013"
"OVCA5","PRDM2","-0.3617328","0.17"
"OVCA8","PRDM2","-0.460562","0.146"
"OVCAR-3","PRDM2","-0.9607075","0.139"
"SK-OV-3","PRDM2","-0.2861702","0.053"
"TOV-1946","PRDM2","-0.579864","0.192"
"TOV-2223G","PRDM2","-0.4450114","0.148"
"TOV-3133G","PRDM2","-0.1792727","0.308"
"AsPC-1","PRDM2","-0.1060842","0.609"
"BxPC-3","PRDM2","-0.4209061","0.223"
"CFPAC-1","PRDM2","-0.07042126","0.533"
"Capan-2","PRDM2","-0.1587687","0.208"
"HPAC","PRDM2","-0.06838172","0.53"
"HPAF-II","PRDM2","-0.2714559","0.202"
"HPDE","PRDM2","-3.013134","0.238"
"Hs 766T","PRDM2","-1.188044","0.054"
"IMIM-PC-1","PRDM2","-0.1110773","0.525"
"IMIM-PC-2","PRDM2","-0.1462976","0.194"
"KP-3","PRDM2","-0.2485929","0.276"
"KP-4","PRDM2","-0.1974385","0.093"
"MIA PaCa-2","PRDM2","-0.2042307","0.087"
"PANC-1","PRDM2","-0.2207021","0.15"
"PL45","PRDM2","-0.4429416","0.031"
"PaTu_8988S","PRDM2","-0.2138603","0.097"
"PaTu_8988T","PRDM2","-0.2527355","0.064"
"Panc 02.03","PRDM2","-0.4036805","0.165"
"Panc 03.27","PRDM2","-0.3492192","0.065"
"Panc 04.03","PRDM2","-0.2592193","0.258"
"Panc 05.04","PRDM2","-0.3632568","0.318"
"Panc 08.13","PRDM2","-0.2552676","0.118"
"Panc 10.05","PRDM2","-0.2109273","0.275"
"RWP-1","PRDM2","-0.6785771","0.013"
"SK-PC-1","PRDM2","-0.2536505","0.178"
"SK-PC-3","PRDM2","-0.6600385","0.125"
"SU.86.86","PRDM2","-0.2682487","0.073"
"SW1990","PRDM2","-0.3943333","0.051"
"BT-20","PRDM9","-0.3137866","0.294"
"BT-474","PRDM9","-0.1305377","0.652"
"BT-549","PRDM9","-0.261601","0.526"
"CAL-51","PRDM9","-0.07820668","0.83"
"CAMA-1","PRDM9","-0.2138207","0.662"
"EFM-19","PRDM9","-0.08166667","0.675"
"HCC1143","PRDM9","-0.1764575","0.77"
"HCC1187","PRDM9","-0.2298328","0.578"
"HCC1395","PRDM9","-0.01854926","0.977"
"HCC1419","PRDM9","-0.07991699","0.802"
"HCC1428","PRDM9","-0.5021116","0.417"
"HCC1500","PRDM9","-0.08105972","0.8"
"HCC1806","PRDM9","-0.3083833","0.671"
"HCC1937","PRDM9","-0.05952988","0.711"
"HCC1954","PRDM9","-0.02690117","0.934"
"HCC38","PRDM9","-0.09470573","0.837"
"Hs 578T","PRDM9","-0.100555","0.371"
"KPL-1","PRDM9","-0.05077824","0.827"
"MCF7","PRDM9","-0.04344054","0.591"
"MDA-MB-157","PRDM9","-0.1200492","0.627"
"MDA-MB-231","PRDM9","-0.02915525","0.841"
"MDA-MB-361","PRDM9","-0.1390093","0.643"
"MDA-MB-436","PRDM9","-0.1211377","0.876"
"MDA-MB-453","PRDM9","-0.0448858","0.353"
"MDA-MB-468","PRDM9","-0.1158195","0.466"
"SK-BR-3","PRDM9","-0.1423029","0.775"
"SW527","PRDM9","-0.05485885","0.783"
"T-47D","PRDM9","-0.232371","0.502"
"ZR-75-1","PRDM9","-0.07475107","0.921"
"609050M","PRDM9","-0.1718453","0.516"
"A2780","PRDM9","-0.002025976","0.747"
"A2780_CIS","PRDM9","-0.1079497","0.444"
"MM_OVCAR432_Bast_1","PRDM9","-0.3900976","0.717"
"OV-1946","PRDM9","-0.1839591","0.883"
"OV-90","PRDM9","-0.06957334","0.762"
"OVCA1369_TR","PRDM9","-0.4929767","0.748"
"OVCA433_Bast","PRDM9","-0.2598115","0.873"
"OVCA5","PRDM9","-0.1242209","0.633"
"OVCA8","PRDM9","-0.1891029","0.572"
"OVCAR-3","PRDM9","-0.3437867","0.591"
"SK-OV-3","PRDM9","-0.1677171","0.193"
"TOV-1946","PRDM9","-0.2082122","0.752"
"TOV-2223G","PRDM9","-0.2095448","0.387"
"TOV-3133G","PRDM9","-0.2180962","0.233"
"AsPC-1","PRDM9","-0.06923611","0.765"
"BxPC-3","PRDM9","-0.06465099","0.924"
"CFPAC-1","PRDM9","-0.05097337","0.665"
"Capan-2","PRDM9","-0.09548482","0.403"
"HPAC","PRDM9","-0.04759541","0.688"
"HPAF-II","PRDM9","-0.02038559","0.968"
"HPDE","PRDM9","-0.5691749","0.855"
"Hs 766T","PRDM9","-0.8069255","0.345"
"IMIM-PC-1","PRDM9","-0.110705","0.527"
"IMIM-PC-2","PRDM9","-0.04891489","0.691"
"KP-3","PRDM9","-0.08476146","0.782"
"KP-4","PRDM9","-0.06200386","0.625"
"MIA PaCa-2","PRDM9","-0.007536046","0.947"
"PANC-1","PRDM9","-0.05465168","0.825"
"PL45","PRDM9","-0.07847074","0.857"
"PaTu_8988S","PRDM9","-0.07941279","0.476"
"PaTu_8988T","PRDM9","-0.06409108","0.725"
"Panc 02.03","PRDM9","-0.1688861","0.734"
"Panc 03.27","PRDM9","-0.04197104","0.798"
"Panc 04.03","PRDM9","-0.1025136","0.76"
"Panc 05.04","PRDM9","-0.2499846","0.605"
"Panc 08.13","PRDM9","-0.02038269","0.913"
"Panc 10.05","PRDM9","-0.2113446","0.275"
"RWP-1","PRDM9","-0.009657416","0.868"
"SK-PC-1","PRDM9","-0.09715207","0.674"
"SK-PC-3","PRDM9","-0.274103","0.706"
"SU.86.86","PRDM9","-0.06136869","0.576"
"SW1990","PRDM9","-0.1140537","0.723"
"BT-20","PRMT1","-0.3221123","0.284"
"BT-474","PRMT1","-0.1134401","0.698"
"BT-549","PRMT1","-0.3173534","0.414"
"CAL-51","PRMT1","-0.2013836","0.255"
"CAMA-1","PRMT1","-0.5391635","0.137"
"EFM-19","PRMT1","-0.2898","0.134"
"HCC1143","PRMT1","-0.6672576","0.165"
"HCC1187","PRMT1","-0.5656862","0.107"
"HCC1395","PRMT1","-0.7945397","0.022"
"HCC1419","PRMT1","-0.3302827","0.177"
"HCC1428","PRMT1","-1.02067","0.111"
"HCC1500","PRMT1","-0.5639374","0.04"
"HCC1806","PRMT1","-0.6031452","0.27"
"HCC1937","PRMT1","-0.2687746","0.235"
"HCC1954","PRMT1","-0.2689047","0.24"
"HCC38","PRMT1","-0.3183559","0.346"
"Hs 578T","PRMT1","-0.08590658","0.444"
"KPL-1","PRMT1","-0.1049804","0.396"
"MCF7","PRMT1","-0.08737668","0.323"
"MDA-MB-157","PRMT1","-0.192781","0.402"
"MDA-MB-231","PRMT1","-0.5160084","0.082"
"MDA-MB-361","PRMT1","-0.3761411","0.174"
"MDA-MB-436","PRMT1","-0.4958448","0.148"
"MDA-MB-453","PRMT1","-0.1169003","0.158"
"MDA-MB-468","PRMT1","-0.1773665","0.302"
"SK-BR-3","PRMT1","-0.6647731","0.086"
"SW527","PRMT1","-0.2802274","0.112"
"T-47D","PRMT1","-0.4586633","0.13"
"ZR-75-1","PRMT1","-0.5752256","0.091"
"609050M","PRMT1","-0.3676087","0.155"
"A2780","PRMT1","-0.04638767","0.557"
"A2780_CIS","PRMT1","-0.263596","0.126"
"MM_OVCAR432_Bast_1","PRMT1","-1.077864","0.128"
"OV-1946","PRMT1","-0.4009032","0.55"
"OV-90","PRMT1","-0.2883608","0.211"
"OVCA1369_TR","PRMT1","-2.84486","0.074"
"OVCA433_Bast","PRMT1","-0.6890074","0.414"
"OVCA5","PRMT1","-0.3193564","0.21"
"OVCA8","PRMT1","-0.2416093","0.474"
"OVCAR-3","PRMT1","-1.248039","0.047"
"SK-OV-3","PRMT1","-0.1051749","0.362"
"TOV-1946","PRMT1","-0.5774689","0.197"
"TOV-2223G","PRMT1","-0.1030949","0.606"
"TOV-3133G","PRMT1","-0.2355432","0.21"
"AsPC-1","PRMT1","-0.2343163","0.226"
"BxPC-3","PRMT1","-0.3140451","0.395"
"CFPAC-1","PRMT1","-0.05891117","0.61"
"Capan-2","PRMT1","-0.0803002","0.461"
"HPAC","PRMT1","-0.0580902","0.601"
"HPAF-II","PRMT1","-0.2739641","0.196"
"HPDE","PRMT1","-3.944557","0.121"
"Hs 766T","PRMT1","-0.8431011","0.308"
"IMIM-PC-1","PRMT1","-0.0961885","0.623"
"IMIM-PC-2","PRMT1","-0.1206609","0.277"
"KP-3","PRMT1","-0.2174537","0.364"
"KP-4","PRMT1","-0.1145118","0.339"
"MIA PaCa-2","PRMT1","-0.1193128","0.274"
"PANC-1","PRMT1","-0.2546243","0.09"
"PL45","PRMT1","-0.2485803","0.317"
"PaTu_8988S","PRMT1","-0.1561262","0.197"
"PaTu_8988T","PRMT1","-0.3045467","0.029"
"Panc 02.03","PRMT1","-0.2715244","0.4"
"Panc 03.27","PRMT1","-0.2132179","0.18"
"Panc 04.03","PRMT1","-0.4078644","0.062"
"Panc 05.04","PRMT1","-0.4871365","0.133"
"Panc 08.13","PRMT1","-0.3990437","0.04"
"Panc 10.05","PRMT1","-0.1695113","0.391"
"RWP-1","PRMT1","-0.2458521","0.242"
"SK-PC-1","PRMT1","-0.1973169","0.297"
"SK-PC-3","PRMT1","-0.6279154","0.154"
"SU.86.86","PRMT1","-0.4272839","0.023"
"SW1990","PRMT1","-0.1680156","0.508"
"BT-20","PRMT2","-0.1507333","0.628"
"BT-474","PRMT2","-0.2839244","0.292"
"BT-549","PRMT2","-0.4056358","0.292"
"CAL-51","PRMT2","-0.348318","0.058"
"CAMA-1","PRMT2","-0.3936091","0.306"
"EFM-19","PRMT2","-0.08000936","0.681"
"HCC1143","PRMT2","-0.4921446","0.332"
"HCC1187","PRMT2","-0.3942977","0.253"
"HCC1395","PRMT2","-0.119497","0.823"
"HCC1419","PRMT2","-0.3846636","0.123"
"HCC1428","PRMT2","-0.228684","0.727"
"HCC1500","PRMT2","-0.5414327","0.047"
"HCC1806","PRMT2","-0.5411485","0.35"
"HCC1937","PRMT2","-0.3925548","0.101"
"HCC1954","PRMT2","-0.3871344","0.102"
"HCC38","PRMT2","-0.5067466","0.133"
"Hs 578T","PRMT2","-0.254984","0.087"
"KPL-1","PRMT2","-0.1305167","0.274"
"MCF7","PRMT2","-0.0347224","0.649"
"MDA-MB-157","PRMT2","-0.1772844","0.434"
"MDA-MB-231","PRMT2","-0.578499","0.059"
"MDA-MB-361","PRMT2","-0.1245188","0.685"
"MDA-MB-436","PRMT2","-0.541692","0.122"
"MDA-MB-453","PRMT2","-0.2597514","0.036"
"MDA-MB-468","PRMT2","-0.3261232","0.113"
"SK-BR-3","PRMT2","-0.5294247","0.187"
"SW527","PRMT2","-0.09042618","0.621"
"T-47D","PRMT2","-0.1500959","0.7"
"ZR-75-1","PRMT2","-0.2435967","0.523"
"609050M","PRMT2","-0.4527187","0.082"
"A2780","PRMT2","-0.3016191","0.062"
"A2780_CIS","PRMT2","-0.2325835","0.158"
"MM_OVCAR432_Bast_1","PRMT2","-0.2381708","0.871"
"OV-1946","PRMT2","-1.004431","0.042"
"OV-90","PRMT2","-0.321037","0.169"
"OVCA1369_TR","PRMT2","-2.556297","0.105"
"OVCA433_Bast","PRMT2","-0.8612262","0.26"
"OVCA5","PRMT2","-0.1355791","0.594"
"OVCA8","PRMT2","-0.3893727","0.223"
"OVCAR-3","PRMT2","-0.1346915","0.834"
"SK-OV-3","PRMT2","-0.05982387","0.569"
"TOV-1946","PRMT2","-0.3457609","0.514"
"TOV-2223G","PRMT2","-0.3610547","0.212"
"TOV-3133G","PRMT2","-0.07625697","0.624"
"AsPC-1","PRMT2","-0.2046541","0.294"
"BxPC-3","PRMT2","-0.3816186","0.268"
"CFPAC-1","PRMT2","-0.3679519","0.007"
"Capan-2","PRMT2","-0.08533577","0.439"
"HPAC","PRMT2","-0.053221","0.636"
"HPAF-II","PRMT2","-0.2616609","0.223"
"HPDE","PRMT2","-2.467864","0.345"
"Hs 766T","PRMT2","-0.7436187","0.424"
"IMIM-PC-1","PRMT2","-0.3776748","0.026"
"IMIM-PC-2","PRMT2","0.01390259","0.986"
"KP-3","PRMT2","-0.4053998","0.078"
"KP-4","PRMT2","-0.06488834","0.605"
"MIA PaCa-2","PRMT2","-0.1226594","0.263"
"PANC-1","PRMT2","-0.1873011","0.24"
"PL45","PRMT2","-0.2792768","0.251"
"PaTu_8988S","PRMT2","-0.008362328","0.899"
"PaTu_8988T","PRMT2","-0.2021173","0.147"
"Panc 02.03","PRMT2","-0.5412447","0.055"
"Panc 03.27","PRMT2","-0.2264483","0.162"
"Panc 04.03","PRMT2","-0.1786662","0.497"
"Panc 05.04","PRMT2","-0.3429558","0.36"
"Panc 08.13","PRMT2","-0.0499607","0.793"
"Panc 10.05","PRMT2","-0.2751379","0.16"
"RWP-1","PRMT2","-0.2731901","0.205"
"SK-PC-1","PRMT2","-0.2513935","0.181"
"SK-PC-3","PRMT2","-0.6537995","0.13"
"SU.86.86","PRMT2","-0.04928541","0.631"
"SW1990","PRMT2","-0.09868569","0.777"
"BT-20","PRMT3","-0.2986868","0.319"
"BT-474","PRMT3","-0.3160497","0.249"
"BT-549","PRMT3","-0.9393438","0.011"
"CAL-51","PRMT3","-0.2449189","0.162"
"CAMA-1","PRMT3","-0.3509895","0.372"
"EFM-19","PRMT3","-0.1702358","0.373"
"HCC1143","PRMT3","-0.1327072","0.824"
"HCC1187","PRMT3","-0.5440186","0.124"
"HCC1395","PRMT3","-0.5485756","0.123"
"HCC1419","PRMT3","-0.07317974","0.816"
"HCC1428","PRMT3","-1.465832","0.016"
"HCC1500","PRMT3","-0.6098834","0.027"
"HCC1806","PRMT3","-0.750947","0.153"
"HCC1937","PRMT3","-0.1613742","0.424"
"HCC1954","PRMT3","-0.4846284","0.054"
"HCC38","PRMT3","-0.5062168","0.133"
"Hs 578T","PRMT3","-0.1827556","0.165"
"KPL-1","PRMT3","-0.1049246","0.396"
"MCF7","PRMT3","-0.116699","0.203"
"MDA-MB-157","PRMT3","-0.3559344","0.124"
"MDA-MB-231","PRMT3","-0.1196467","0.622"
"MDA-MB-361","PRMT3","-0.5212498","0.079"
"MDA-MB-436","PRMT3","-0.8336243","0.024"
"MDA-MB-453","PRMT3","-0.3426354","0.012"
"MDA-MB-468","PRMT3","-0.4710296","0.047"
"SK-BR-3","PRMT3","-0.5913764","0.135"
"SW527","PRMT3","-0.3281923","0.078"
"T-47D","PRMT3","-0.4409985","0.142"
"ZR-75-1","PRMT3","-0.5310754","0.121"
"609050M","PRMT3","-0.4557651","0.081"
"A2780","PRMT3","-0.281146","0.083"
"A2780_CIS","PRMT3","-0.1294626","0.371"
"MM_OVCAR432_Bast_1","PRMT3","-0.6528157","0.431"
"OV-1946","PRMT3","-0.7092708","0.19"
"OV-90","PRMT3","-0.4281593","0.088"
"OVCA1369_TR","PRMT3","-2.907034","0.067"
"OVCA433_Bast","PRMT3","-0.7561795","0.362"
"OVCA5","PRMT3","-0.4483531","0.106"
"OVCA8","PRMT3","-0.3109872","0.335"
"OVCAR-3","PRMT3","-0.5199649","0.417"
"SK-OV-3","PRMT3","-0.3880906","0.013"
"TOV-1946","PRMT3","-0.5641291","0.209"
"TOV-2223G","PRMT3","-0.7068377","0.06"
"TOV-3133G","PRMT3","-0.456631","0.068"
"AsPC-1","PRMT3","-0.3651101","0.048"
"BxPC-3","PRMT3","-0.6586647","0.051"
"CFPAC-1","PRMT3","-0.1878399","0.093"
"Capan-2","PRMT3","-0.502343","0.01"
"HPAC","PRMT3","-0.0913581","0.396"
"HPAF-II","PRMT3","-0.4846972","0.03"
"HPDE","PRMT3","-4.873825","0.066"
"Hs 766T","PRMT3","-0.8272815","0.319"
"IMIM-PC-1","PRMT3","-0.4092577","0.017"
"IMIM-PC-2","PRMT3","-0.1975231","0.104"
"KP-3","PRMT3","-0.2293158","0.329"
"KP-4","PRMT3","-0.191591","0.102"
"MIA PaCa-2","PRMT3","-0.1458182","0.2"
"PANC-1","PRMT3","-0.2774738","0.064"
"PL45","PRMT3","-0.2514261","0.311"
"PaTu_8988S","PRMT3","-0.1882392","0.121"
"PaTu_8988T","PRMT3","-0.06415222","0.725"
"Panc 02.03","PRMT3","-0.4028104","0.166"
"Panc 03.27","PRMT3","-0.2938166","0.088"
"Panc 04.03","PRMT3","-0.3567198","0.091"
"Panc 05.04","PRMT3","-0.5819691","0.049"
"Panc 08.13","PRMT3","-0.314956","0.073"
"Panc 10.05","PRMT3","-0.5124376","0.015"
"RWP-1","PRMT3","-0.3711967","0.11"
"SK-PC-1","PRMT3","-0.2645191","0.161"
"SK-PC-3","PRMT3","-0.5389802","0.264"
"SU.86.86","PRMT3","-0.1212676","0.337"
"SW1990","PRMT3","-0.2469057","0.25"
"BT-20","PRMT5","-0.001654619","0.957"
"BT-474","PRMT5","-0.100871","0.737"
"BT-549","PRMT5","-0.1059102","0.872"
"CAL-51","PRMT5","-0.0782158","0.83"
"CAMA-1","PRMT5","-0.2029844","0.697"
"EFM-19","PRMT5","-0.05136374","0.788"
"HCC1143","PRMT5","-0.2355632","0.673"
"HCC1187","PRMT5","-0.346934","0.341"
"HCC1395","PRMT5","-0.07306804","0.916"
"HCC1419","PRMT5","-0.1684472","0.512"
"HCC1428","PRMT5","-0.4872836","0.429"
"HCC1500","PRMT5","-0.2167688","0.411"
"HCC1806","PRMT5","0.07584276","1"
"HCC1937","PRMT5","-0.1236076","0.513"
"HCC1954","PRMT5","-0.1592358","0.471"
"HCC38","PRMT5","-0.3283589","0.327"
"Hs 578T","PRMT5","-0.03478038","0.731"
"KPL-1","PRMT5","-0.03689703","0.903"
"MCF7","PRMT5","-0.07606422","0.38"
"MDA-MB-157","PRMT5","-0.1089726","0.659"
"MDA-MB-231","PRMT5","-0.03491446","0.835"
"MDA-MB-361","PRMT5","0.02067627","0.983"
"MDA-MB-436","PRMT5","-0.2478225","0.523"
"MDA-MB-453","PRMT5","-0.006996402","0.625"
"MDA-MB-468","PRMT5","-0.1713028","0.315"
"SK-BR-3","PRMT5","-0.2686054","0.543"
"SW527","PRMT5","-0.05088256","0.797"
"T-47D","PRMT5","-0.2045726","0.558"
"ZR-75-1","PRMT5","-0.367294","0.296"
"609050M","PRMT5","0.04687421","0.999"
"A2780","PRMT5","-0.1018132","0.352"
"A2780_CIS","PRMT5","-0.2530906","0.144"
"MM_OVCAR432_Bast_1","PRMT5","-0.4905243","0.611"
"OV-1946","PRMT5","-0.5671553","0.338"
"OV-90","PRMT5","-0.06392393","0.777"
"OVCA1369_TR","PRMT5","-2.226128","0.135"
"OVCA433_Bast","PRMT5","-0.4985295","0.615"
"OVCA5","PRMT5","-0.2948372","0.243"
"OVCA8","PRMT5","-0.2614573","0.432"
"OVCAR-3","PRMT5","-0.2730258","0.664"
"SK-OV-3","PRMT5","-0.02900141","0.736"
"TOV-1946","PRMT5","-0.4615047","0.336"
"TOV-2223G","PRMT5","-0.03216771","0.784"
"TOV-3133G","PRMT5","0.00514009","0.946"
"AsPC-1","PRMT5","-0.1636859","0.432"
"BxPC-3","PRMT5","-0.1562443","0.718"
"CFPAC-1","PRMT5","-0.03114307","0.801"
"Capan-2","PRMT5","-0.09259076","0.412"
"HPAC","PRMT5","-0.1172637","0.284"
"HPAF-II","PRMT5","-0.07702862","0.805"
"HPDE","PRMT5","-0.4954811","0.869"
"Hs 766T","PRMT5","-0.3714672","0.878"
"IMIM-PC-1","PRMT5","-0.1224967","0.469"
"IMIM-PC-2","PRMT5","-0.1269446","0.25"
"KP-3","PRMT5","-0.08283301","0.79"
"KP-4","PRMT5","-0.1236043","0.293"
"MIA PaCa-2","PRMT5","-0.1175755","0.284"
"PANC-1","PRMT5","-0.3244294","0.03"
"PL45","PRMT5","-0.1867823","0.487"
"PaTu_8988S","PRMT5","-0.0787773","0.477"
"PaTu_8988T","PRMT5","-0.05798073","0.766"
"Panc 02.03","PRMT5","-0.09783681","0.932"
"Panc 03.27","PRMT5","-0.02505006","0.886"
"Panc 04.03","PRMT5","-0.1912638","0.46"
"Panc 05.04","PRMT5","-0.3218001","0.413"
"Panc 08.13","PRMT5","-0.06751245","0.716"
"Panc 10.05","PRMT5","-0.1300381","0.502"
"RWP-1","PRMT5","-0.2300126","0.264"
"SK-PC-1","PRMT5","-0.3892317","0.034"
"SK-PC-3","PRMT5","-0.649412","0.132"
"SU.86.86","PRMT5","-0.2993177","0.055"
"SW1990","PRMT5","-0.1620983","0.53"
"BT-20","PRMT6","-0.1000764","0.767"
"BT-474","PRMT6","-0.19958","0.462"
"BT-549","PRMT6","-0.1138092","0.855"
"CAL-51","PRMT6","-0.0738535","0.855"
"CAMA-1","PRMT6","-0.2105113","0.67"
"EFM-19","PRMT6","-0.01858302","0.89"
"HCC1143","PRMT6","-0.2610289","0.634"
"HCC1187","PRMT6","-0.2850674","0.461"
"HCC1395","PRMT6","-0.141985","0.774"
"HCC1419","PRMT6","-0.2006048","0.416"
"HCC1428","PRMT6","-0.2402377","0.714"
"HCC1500","PRMT6","-0.1147953","0.696"
"HCC1806","PRMT6","-0.1516294","0.869"
"HCC1937","PRMT6","-0.04163","0.762"
"HCC1954","PRMT6","-0.0896264","0.721"
"HCC38","PRMT6","-0.1173972","0.788"
"Hs 578T","PRMT6","-0.01735087","0.818"
"KPL-1","PRMT6","-0.1258514","0.287"
"MCF7","PRMT6","-0.07595748","0.38"
"MDA-MB-157","PRMT6","-0.1554555","0.511"
"MDA-MB-231","PRMT6","-0.2088408","0.454"
"MDA-MB-361","PRMT6","-0.121111","0.696"
"MDA-MB-436","PRMT6","-0.2221538","0.586"
"MDA-MB-453","PRMT6","-0.1183774","0.152"
"MDA-MB-468","PRMT6","-0.06639325","0.667"
"SK-BR-3","PRMT6","-0.1561483","0.756"
"SW527","PRMT6","-0.0437206","0.835"
"T-47D","PRMT6","-0.1734264","0.626"
"ZR-75-1","PRMT6","-0.2046375","0.608"
"609050M","PRMT6","-0.1415764","0.62"
"A2780","PRMT6","-0.008147508","0.719"
"A2780_CIS","PRMT6","-0.114621","0.425"
"MM_OVCAR432_Bast_1","PRMT6","-0.2374669","0.872"
"OV-1946","PRMT6","-0.5214081","0.394"
"OV-90","PRMT6","-0.1714072","0.44"
"OVCA1369_TR","PRMT6","-0.5558465","0.702"
"OVCA433_Bast","PRMT6","-0.2484096","0.884"
"OVCA5","PRMT6","-0.07554919","0.801"
"OVCA8","PRMT6","-0.157578","0.648"
"OVCAR-3","PRMT6","-0.2627089","0.673"
"SK-OV-3","PRMT6","0.01038112","0.925"
"TOV-1946","PRMT6","-0.254649","0.678"
"TOV-2223G","PRMT6","0.09542912","0.994"
"TOV-3133G","PRMT6","-0.5025935","0.059"
"AsPC-1","PRMT6","-0.05995515","0.801"
"BxPC-3","PRMT6","-0.1811889","0.653"
"CFPAC-1","PRMT6","-0.1023972","0.349"
"Capan-2","PRMT6","-0.04148781","0.692"
"HPAC","PRMT6","-0.08594286","0.429"
"HPAF-II","PRMT6","-0.07464197","0.816"
"HPDE","PRMT6","-1.897964","0.494"
"Hs 766T","PRMT6","-0.2741288","0.96"
"IMIM-PC-1","PRMT6","-0.131435","0.412"
"IMIM-PC-2","PRMT6","-0.138693","0.209"
"KP-3","PRMT6","-0.2767734","0.22"
"KP-4","PRMT6","-0.02243763","0.9"
"MIA PaCa-2","PRMT6","-0.05744425","0.624"
"PANC-1","PRMT6","-0.1367533","0.414"
"PL45","PRMT6","-0.08409059","0.84"
"PaTu_8988S","PRMT6","-0.04383509","0.685"
"PaTu_8988T","PRMT6","-0.0541797","0.804"
"Panc 02.03","PRMT6","-0.1616868","0.753"
"Panc 03.27","PRMT6","-0.06611163","0.686"
"Panc 04.03","PRMT6","-0.1348799","0.648"
"Panc 05.04","PRMT6","-0.2095468","0.702"
"Panc 08.13","PRMT6","-0.1812797","0.256"
"Panc 10.05","PRMT6","-0.248136","0.201"
"RWP-1","PRMT6","-0.1724241","0.384"
"SK-PC-1","PRMT6","-0.1150547","0.6"
"SK-PC-3","PRMT6","-0.3037337","0.647"
"SU.86.86","PRMT6","-0.004634752","0.836"
"SW1990","PRMT6","-0.1225538","0.673"
"BT-20","PRMT7","-0.5794844","0.058"
"BT-474","PRMT7","-0.4174958","0.14"
"BT-549","PRMT7","-0.912446","0.016"
"CAL-51","PRMT7","-0.2990743","0.094"
"CAMA-1","PRMT7","-0.3319974","0.405"
"EFM-19","PRMT7","-0.154344","0.425"
"HCC1143","PRMT7","-0.7665783","0.112"
"HCC1187","PRMT7","-0.3011569","0.425"
"HCC1395","PRMT7","-0.8366725","0.013"
"HCC1419","PRMT7","-0.5473718","0.033"
"HCC1428","PRMT7","-0.8837905","0.161"
"HCC1500","PRMT7","-0.3968422","0.141"
"HCC1806","PRMT7","-0.5435615","0.343"
"HCC1937","PRMT7","-0.2319393","0.29"
"HCC1954","PRMT7","-0.4039354","0.089"
"HCC38","PRMT7","-0.5759328","0.078"
"Hs 578T","PRMT7","-0.3180594","0.052"
"KPL-1","PRMT7","-0.2943686","0.027"
"MCF7","PRMT7","-0.3198342","0.027"
"MDA-MB-157","PRMT7","-0.2290924","0.32"
"MDA-MB-231","PRMT7","-0.6694171","0.034"
"MDA-MB-361","PRMT7","-0.4823562","0.086"
"MDA-MB-436","PRMT7","-0.5054166","0.143"
"MDA-MB-453","PRMT7","-0.1628694","0.085"
"MDA-MB-468","PRMT7","-0.2779496","0.166"
"SK-BR-3","PRMT7","-0.7129447","0.058"
"SW527","PRMT7","-0.2018758","0.273"
"T-47D","PRMT7","-0.4974211","0.084"
"ZR-75-1","PRMT7","-0.7026373","0.04"
"609050M","PRMT7","-0.5875504","0.035"
"A2780","PRMT7","-0.6140942","0.003"
"A2780_CIS","PRMT7","-0.365303","0.048"
"MM_OVCAR432_Bast_1","PRMT7","-0.3282923","0.78"
"OV-1946","PRMT7","-1.218572","0.011"
"OV-90","PRMT7","-0.3125584","0.178"
"OVCA1369_TR","PRMT7","-1.219391","0.402"
"OVCA433_Bast","PRMT7","-0.931659","0.211"
"OVCA5","PRMT7","-0.398252","0.135"
"OVCA8","PRMT7","-0.3578377","0.267"
"OVCAR-3","PRMT7","-0.7147753","0.277"
"SK-OV-3","PRMT7","-0.111963","0.339"
"TOV-1946","PRMT7","-0.782573","0.042"
"TOV-2223G","PRMT7","-0.3053473","0.258"
"TOV-3133G","PRMT7","-0.6106301","0.039"
"AsPC-1","PRMT7","-0.004420937","0.965"
"BxPC-3","PRMT7","-0.716113","0.041"
"CFPAC-1","PRMT7","-0.2000648","0.078"
"Capan-2","PRMT7","-0.182817","0.174"
"HPAC","PRMT7","-0.08803938","0.415"
"HPAF-II","PRMT7","-0.2272787","0.312"
"HPDE","PRMT7","-5.61019","0.041"
"Hs 766T","PRMT7","-1.337978","0.025"
"IMIM-PC-1","PRMT7","-0.1676025","0.252"
"IMIM-PC-2","PRMT7","-0.3050547","0.024"
"KP-3","PRMT7","-0.6126263","0.01"
"KP-4","PRMT7","-0.2048786","0.079"
"MIA PaCa-2","PRMT7","-0.2017234","0.09"
"PANC-1","PRMT7","-0.3711191","0.015"
"PL45","PRMT7","-0.3665307","0.094"
"PaTu_8988S","PRMT7","-0.09150861","0.419"
"PaTu_8988T","PRMT7","-0.1591597","0.24"
"Panc 02.03","PRMT7","-0.5265152","0.06"
"Panc 03.27","PRMT7","-0.2706244","0.112"
"Panc 04.03","PRMT7","-0.3928339","0.073"
"Panc 05.04","PRMT7","-0.5738029","0.053"
"Panc 08.13","PRMT7","-0.2783378","0.098"
"Panc 10.05","PRMT7","-0.1434719","0.462"
"RWP-1","PRMT7","-0.5368966","0.032"
"SK-PC-1","PRMT7","-0.3394448","0.063"
"SK-PC-3","PRMT7","-0.6185988","0.161"
"SU.86.86","PRMT7","-0.1041148","0.404"
"SW1990","PRMT7","-0.5170895","0.013"
"BT-20","PRMT8","-0.1264225","0.691"
"BT-474","PRMT8","-0.01151123","0.97"
"BT-549","PRMT8","-0.2144553","0.624"
"CAL-51","PRMT8","-0.07677237","0.838"
"CAMA-1","PRMT8","-0.2052927","0.689"
"EFM-19","PRMT8","-0.07332624","0.705"
"HCC1143","PRMT8","-0.08624346","0.886"
"HCC1187","PRMT8","-0.3266894","0.369"
"HCC1395","PRMT8","-0.08413953","0.897"
"HCC1419","PRMT8","-0.018835","0.978"
"HCC1428","PRMT8","-0.01312493","0.965"
"HCC1500","PRMT8","-0.112793","0.706"
"HCC1806","PRMT8","-0.1369416","0.881"
"HCC1937","PRMT8","-0.1664","0.411"
"HCC1954","PRMT8","0.006608455","0.993"
"HCC38","PRMT8","-0.1458001","0.719"
"Hs 578T","PRMT8","-0.02020949","0.808"
"KPL-1","PRMT8","-0.04975768","0.831"
"MCF7","PRMT8","-0.01461504","0.792"
"MDA-MB-157","PRMT8","-0.07822929","0.764"
"MDA-MB-231","PRMT8","0.09503651","0.996"
"MDA-MB-361","PRMT8","0.0006436134","0.966"
"MDA-MB-436","PRMT8","-0.04480476","0.997"
"MDA-MB-453","PRMT8","0.03775449","0.974"
"MDA-MB-468","PRMT8","-0.04423999","0.761"
"SK-BR-3","PRMT8","-0.1799689","0.712"
"SW527","PRMT8","-0.0519018","0.796"
"T-47D","PRMT8","-0.1965874","0.585"
"ZR-75-1","PRMT8","-0.2514104","0.506"
"609050M","PRMT8","-0.1437522","0.612"
"A2780","PRMT8","0.01821192","0.833"
"A2780_CIS","PRMT8","-0.08365005","0.536"
"MM_OVCAR432_Bast_1","PRMT8","-0.5596212","0.532"
"OV-1946","PRMT8","-0.1185069","0.946"
"OV-90","PRMT8","0.03972914","0.999"
"OVCA1369_TR","PRMT8","-0.9819501","0.49"
"OVCA433_Bast","PRMT8","-0.4903282","0.62"
"OVCA5","PRMT8","-0.1457765","0.55"
"OVCA8","PRMT8","-0.135899","0.707"
"OVCAR-3","PRMT8","-0.2412666","0.703"
"SK-OV-3","PRMT8","-0.007222755","0.849"
"TOV-1946","PRMT8","-0.0823197","0.921"
"TOV-2223G","PRMT8","0.05280992","0.959"
"TOV-3133G","PRMT8","-0.1496372","0.384"
"AsPC-1","PRMT8","-0.03513321","0.88"
"BxPC-3","PRMT8","-0.06214385","0.928"
"CFPAC-1","PRMT8","-0.1225267","0.256"
"Capan-2","PRMT8","-0.08371051","0.447"
"HPAC","PRMT8","-0.02993198","0.802"
"HPAF-II","PRMT8","-0.1327047","0.604"
"HPDE","PRMT8","-1.271929","0.673"
"Hs 766T","PRMT8","-0.4451756","0.805"
"IMIM-PC-1","PRMT8","-0.06702511","0.822"
"IMIM-PC-2","PRMT8","-0.1093441","0.325"
"KP-3","PRMT8","-0.1692253","0.49"
"KP-4","PRMT8","-0.04493148","0.744"
"MIA PaCa-2","PRMT8","-0.02442763","0.861"
"PANC-1","PRMT8","-0.05363286","0.829"
"PL45","PRMT8","-0.03657835","0.958"
"PaTu_8988S","PRMT8","-0.01739544","0.853"
"PaTu_8988T","PRMT8","-0.04711531","0.863"
"Panc 02.03","PRMT8","-0.2476124","0.46"
"Panc 03.27","PRMT8","-0.06788263","0.679"
"Panc 04.03","PRMT8","-0.07414282","0.841"
"Panc 05.04","PRMT8","-0.1108429","0.908"
"Panc 08.13","PRMT8","-0.0917564","0.6"
"Panc 10.05","PRMT8","-0.08104911","0.687"
"RWP-1","PRMT8","0.01545335","0.932"
"SK-PC-1","PRMT8","-0.05783691","0.871"
"SK-PC-3","PRMT8","-0.2137927","0.83"
"SU.86.86","PRMT8","-0.03630076","0.69"
"SW1990","PRMT8","-0.09681342","0.784"
"BT-20","RBBP4","-0.252876","0.407"
"BT-474","RBBP4","-0.3067339","0.264"
"BT-549","RBBP4","-0.5770271","0.12"
"CAL-51","RBBP4","-0.2177369","0.208"
"CAMA-1","RBBP4","-0.7602118","0.039"
"EFM-19","RBBP4","-0.1975536","0.306"
"HCC1143","RBBP4","-0.6325834","0.187"
"HCC1187","RBBP4","-0.6041873","0.086"
"HCC1395","RBBP4","-0.7217109","0.042"
"HCC1419","RBBP4","-0.2532879","0.297"
"HCC1428","RBBP4","-0.5802963","0.35"
"HCC1500","RBBP4","-0.09664386","0.747"
"HCC1806","RBBP4","-0.8075363","0.115"
"HCC1937","RBBP4","-0.2492663","0.262"
"HCC1954","RBBP4","-0.229828","0.3"
"HCC38","RBBP4","-0.3914035","0.232"
"Hs 578T","RBBP4","0.02320337","0.963"
"KPL-1","RBBP4","-0.1344123","0.254"
"MCF7","RBBP4","-0.1548","0.131"
"MDA-MB-157","RBBP4","-0.257946","0.26"
"MDA-MB-231","RBBP4","-0.1573362","0.552"
"MDA-MB-361","RBBP4","-0.09804593","0.758"
"MDA-MB-436","RBBP4","-0.2718711","0.456"
"MDA-MB-453","RBBP4","-0.01407492","0.559"
"MDA-MB-468","RBBP4","-0.1248614","0.44"
"SK-BR-3","RBBP4","-0.2087062","0.65"
"SW527","RBBP4","-0.2568836","0.148"
"T-47D","RBBP4","-0.3304195","0.286"
"ZR-75-1","RBBP4","-0.2833078","0.438"
"609050M","RBBP4","-0.3113117","0.215"
"A2780","RBBP4","-0.2985472","0.064"
"A2780_CIS","RBBP4","-0.1613036","0.29"
"MM_OVCAR432_Bast_1","RBBP4","-0.7699144","0.321"
"OV-1946","RBBP4","-0.4447149","0.489"
"OV-90","RBBP4","-0.4267536","0.088"
"OVCA1369_TR","RBBP4","-1.852384","0.219"
"OVCA433_Bast","RBBP4","-1.272682","0.057"
"OVCA5","RBBP4","-0.3947048","0.138"
"OVCA8","RBBP4","-0.5481947","0.07"
"OVCAR-3","RBBP4","-1.549035","0.017"
"SK-OV-3","RBBP4","-0.006627525","0.85"
"TOV-1946","RBBP4","-0.5814198","0.188"
"TOV-2223G","RBBP4","-0.2627951","0.312"
"TOV-3133G","RBBP4","-0.2344583","0.213"
"AsPC-1","RBBP4","-0.1677648","0.409"
"BxPC-3","RBBP4","-0.7321097","0.04"
"CFPAC-1","RBBP4","-0.05193816","0.659"
"Capan-2","RBBP4","-0.05735807","0.588"
"HPAC","RBBP4","-0.1078039","0.332"
"HPAF-II","RBBP4","-0.3789506","0.093"
"HPDE","RBBP4","-2.252184","0.387"
"Hs 766T","RBBP4","-0.7910232","0.37"
"IMIM-PC-1","RBBP4","-0.04039552","0.956"
"IMIM-PC-2","RBBP4","-0.1061651","0.342"
"KP-3","RBBP4","-0.1123563","0.683"
"KP-4","RBBP4","-0.1229576","0.298"
"MIA PaCa-2","RBBP4","-0.07690839","0.505"
"PANC-1","RBBP4","-0.2661381","0.08"
"PL45","RBBP4","-0.3143635","0.178"
"PaTu_8988S","RBBP4","-0.2320728","0.077"
"PaTu_8988T","RBBP4","-0.1139443","0.414"
"Panc 02.03","RBBP4","-0.4731622","0.097"
"Panc 03.27","RBBP4","-0.1417217","0.358"
"Panc 04.03","RBBP4","-0.3974509","0.069"
"Panc 05.04","RBBP4","-0.329389","0.399"
"Panc 08.13","RBBP4","-0.2370869","0.13"
"Panc 10.05","RBBP4","-0.2504745","0.199"
"RWP-1","RBBP4","-0.1116858","0.547"
"SK-PC-1","RBBP4","-0.3110229","0.09"
"SK-PC-3","RBBP4","-0.6061131","0.175"
"SU.86.86","RBBP4","-0.2118468","0.139"
"SW1990","RBBP4","-0.1497667","0.574"
"BT-20","RBBP7","-0.2877125","0.338"
"BT-474","RBBP7","-0.3176196","0.249"
"BT-549","RBBP7","-0.4043247","0.293"
"CAL-51","RBBP7","-0.1270961","0.558"
"CAMA-1","RBBP7","-0.144586","0.824"
"EFM-19","RBBP7","-0.07419928","0.702"
"HCC1143","RBBP7","-0.6549734","0.172"
"HCC1187","RBBP7","-0.2988656","0.436"
"HCC1395","RBBP7","-0.1750617","0.7"
"HCC1419","RBBP7","-0.1733177","0.492"
"HCC1428","RBBP7","-0.6765309","0.274"
"HCC1500","RBBP7","-0.1558304","0.559"
"HCC1806","RBBP7","-0.8553849","0.098"
"HCC1937","RBBP7","-0.1653276","0.416"
"HCC1954","RBBP7","-0.1138958","0.615"
"HCC38","RBBP7","-0.3364722","0.313"
"Hs 578T","RBBP7","-0.0190212","0.813"
"KPL-1","RBBP7","-0.1104799","0.376"
"MCF7","RBBP7","-0.08038073","0.354"
"MDA-MB-157","RBBP7","-0.3136112","0.167"
"MDA-MB-231","RBBP7","-0.2150223","0.442"
"MDA-MB-361","RBBP7","-0.1459644","0.623"
"MDA-MB-436","RBBP7","-0.2531603","0.502"
"MDA-MB-453","RBBP7","-0.1697101","0.082"
"MDA-MB-468","RBBP7","-0.3385817","0.104"
"SK-BR-3","RBBP7","-0.4636254","0.251"
"SW527","RBBP7","-0.06078779","0.747"
"T-47D","RBBP7","-0.1374302","0.748"
"ZR-75-1","RBBP7","-0.303732","0.405"
"609050M","RBBP7","-0.1504376","0.596"
"A2780","RBBP7","-0.09569837","0.368"
"A2780_CIS","RBBP7","-0.1621063","0.286"
"MM_OVCAR432_Bast_1","RBBP7","-0.3763731","0.728"
"OV-1946","RBBP7","-0.3305762","0.663"
"OV-90","RBBP7","-0.2357615","0.304"
"OVCA1369_TR","RBBP7","-1.327611","0.349"
"OVCA433_Bast","RBBP7","-1.101852","0.12"
"OVCA5","RBBP7","-0.1706018","0.475"
"OVCA8","RBBP7","-0.1887319","0.573"
"OVCAR-3","RBBP7","-0.1083028","0.87"
"SK-OV-3","RBBP7","-0.2162227","0.119"
"TOV-1946","RBBP7","-0.3549391","0.5"
"TOV-2223G","RBBP7","-0.07882072","0.671"
"TOV-3133G","RBBP7","-0.1087071","0.507"
"AsPC-1","RBBP7","-0.1150887","0.577"
"BxPC-3","RBBP7","-0.3410783","0.34"
"CFPAC-1","RBBP7","0.002106573","0.972"
"Capan-2","RBBP7","-0.07901209","0.468"
"HPAC","RBBP7","-0.06221201","0.569"
"HPAF-II","RBBP7","-0.3701738","0.097"
"HPDE","RBBP7","-1.261307","0.678"
"Hs 766T","RBBP7","-0.5341691","0.702"
"IMIM-PC-1","RBBP7","-0.1654228","0.261"
"IMIM-PC-2","RBBP7","-0.1132938","0.309"
"KP-3","RBBP7","-0.1579995","0.52"
"KP-4","RBBP7","-0.08576228","0.478"
"MIA PaCa-2","RBBP7","-0.09289945","0.422"
"PANC-1","RBBP7","-0.1473695","0.371"
"PL45","RBBP7","-0.09944806","0.791"
"PaTu_8988S","RBBP7","-0.2291422","0.08"
"PaTu_8988T","RBBP7","-0.07108876","0.685"
"Panc 02.03","RBBP7","-0.4421198","0.117"
"Panc 03.27","RBBP7","-0.05166848","0.752"
"Panc 04.03","RBBP7","-0.1777128","0.501"
"Panc 05.04","RBBP7","-0.330464","0.396"
"Panc 08.13","RBBP7","-0.1793968","0.259"
"Panc 10.05","RBBP7","-0.568356","0.005"
"RWP-1","RBBP7","-0.07213093","0.658"
"SK-PC-1","RBBP7","-0.1155253","0.599"
"SK-PC-3","RBBP7","-0.2804618","0.689"
"SU.86.86","RBBP7","-0.04653999","0.646"
"SW1990","RBBP7","-0.3396815","0.098"
"BT-20","RING1","-0.06705621","0.846"
"BT-474","RING1","-0.3904564","0.168"
"BT-549","RING1","-0.1909382","0.674"
"CAL-51","RING1","-0.1410727","0.494"
"CAMA-1","RING1","-0.5817744","0.105"
"EFM-19","RING1","-0.1309504","0.517"
"HCC1143","RING1","-0.4934466","0.332"
"HCC1187","RING1","-0.4385771","0.209"
"HCC1395","RING1","-0.1771763","0.7"
"HCC1419","RING1","-0.3977939","0.11"
"HCC1428","RING1","-0.8531106","0.171"
"HCC1500","RING1","-0.06019596","0.861"
"HCC1806","RING1","-0.5705513","0.313"
"HCC1937","RING1","-0.2291451","0.298"
"HCC1954","RING1","-0.1566194","0.482"
"HCC38","RING1","-0.3924046","0.231"
"Hs 578T","RING1","0.002707775","0.896"
"KPL-1","RING1","-0.06701599","0.702"
"MCF7","RING1","-0.1341462","0.163"
"MDA-MB-157","RING1","-0.07199555","0.782"
"MDA-MB-231","RING1","-0.1614807","0.538"
"MDA-MB-361","RING1","-0.9338933","0.007"
"MDA-MB-436","RING1","-0.2195652","0.593"
"MDA-MB-453","RING1","-0.09807593","0.19"
"MDA-MB-468","RING1","-0.05284118","0.714"
"SK-BR-3","RING1","-0.3721625","0.373"
"SW527","RING1","-0.09502222","0.604"
"T-47D","RING1","-0.2483251","0.455"
"ZR-75-1","RING1","-0.1302246","0.805"
"609050M","RING1","-0.03022498","0.963"
"A2780","RING1","-0.1081671","0.332"
"A2780_CIS","RING1","-0.1564089","0.307"
"MM_OVCAR432_Bast_1","RING1","-0.9788091","0.176"
"OV-1946","RING1","-0.3300923","0.663"
"OV-90","RING1","-0.116291","0.608"
"OVCA1369_TR","RING1","-0.3038642","0.873"
"OVCA433_Bast","RING1","-0.3094836","0.835"
"OVCA5","RING1","-0.188179","0.434"
"OVCA8","RING1","-0.1139009","0.758"
"OVCAR-3","RING1","-0.429525","0.497"
"SK-OV-3","RING1","-0.1017612","0.37"
"TOV-1946","RING1","-0.5105784","0.273"
"TOV-2223G","RING1","-0.2208539","0.372"
"TOV-3133G","RING1","-0.3345125","0.122"
"AsPC-1","RING1","-0.1002172","0.637"
"BxPC-3","RING1","-0.4404394","0.194"
"CFPAC-1","RING1","-0.03608736","0.769"
"Capan-2","RING1","-0.04052118","0.694"
"HPAC","RING1","-0.03190297","0.789"
"HPAF-II","RING1","-0.2861506","0.181"
"HPDE","RING1","-1.289091","0.666"
"Hs 766T","RING1","-0.7417997","0.425"
"IMIM-PC-1","RING1","-0.1076729","0.543"
"IMIM-PC-2","RING1","0.02608504","0.995"
"KP-3","RING1","-0.114282","0.674"
"KP-4","RING1","-0.01383892","0.932"
"MIA PaCa-2","RING1","-0.01898059","0.891"
"PANC-1","RING1","-0.1568909","0.34"
"PL45","RING1","-0.2608658","0.293"
"PaTu_8988S","RING1","-0.04074119","0.708"
"PaTu_8988T","RING1","-0.1442908","0.286"
"Panc 02.03","RING1","-0.3648372","0.216"
"Panc 03.27","RING1","-0.03853579","0.819"
"Panc 04.03","RING1","-0.2414848","0.308"
"Panc 05.04","RING1","-0.4049671","0.244"
"Panc 08.13","RING1","-0.1560872","0.325"
"Panc 10.05","RING1","-0.1529011","0.437"
"RWP-1","RING1","-0.07708149","0.65"
"SK-PC-1","RING1","-0.1353589","0.535"
"SK-PC-3","RING1","-0.2614555","0.73"
"SU.86.86","RING1","-0.0216985","0.758"
"SW1990","RING1","-0.1685861","0.506"
"BT-20","RUVBL1","-0.6285869","0.042"
"BT-474","RUVBL1","-0.6773977","0.019"
"BT-549","RUVBL1","-0.500088","0.188"
"CAL-51","RUVBL1","-0.4349017","0.033"
"CAMA-1","RUVBL1","-0.7866362","0.027"
"EFM-19","RUVBL1","-0.3443344","0.079"
"HCC1143","RUVBL1","-1.236977","0.008"
"HCC1187","RUVBL1","-0.6913642","0.046"
"HCC1395","RUVBL1","-0.2241256","0.595"
"HCC1419","RUVBL1","-0.7872419","0.006"
"HCC1428","RUVBL1","-1.419868","0.02"
"HCC1500","RUVBL1","-0.6821858","0.016"
"HCC1806","RUVBL1","-1.422942","0.003"
"HCC1937","RUVBL1","-0.4743122","0.063"
"HCC1954","RUVBL1","-0.3511405","0.134"
"HCC38","RUVBL1","-0.319604","0.343"
"Hs 578T","RUVBL1","-0.3332599","0.042"
"KPL-1","RUVBL1","-0.3193414","0.023"
"MCF7","RUVBL1","-0.2406467","0.043"
"MDA-MB-157","RUVBL1","-0.4372429","0.07"
"MDA-MB-231","RUVBL1","-0.5398461","0.075"
"MDA-MB-361","RUVBL1","-0.5362848","0.072"
"MDA-MB-436","RUVBL1","-0.7711528","0.034"
"MDA-MB-453","RUVBL1","-0.2540163","0.038"
"MDA-MB-468","RUVBL1","-0.6337887","0.021"
"SK-BR-3","RUVBL1","-0.6238538","0.114"
"SW527","RUVBL1","-0.3901375","0.042"
"T-47D","RUVBL1","-0.4154167","0.164"
"ZR-75-1","RUVBL1","-0.5321941","0.121"
"609050M","RUVBL1","-0.5970178","0.031"
"A2780","RUVBL1","-0.1374754","0.249"
"A2780_CIS","RUVBL1","-0.09487059","0.495"
"MM_OVCAR432_Bast_1","RUVBL1","-0.9236225","0.212"
"OV-1946","RUVBL1","-0.7593608","0.157"
"OV-90","RUVBL1","-0.2866727","0.214"
"OVCA1369_TR","RUVBL1","-4.225833","0.014"
"OVCA433_Bast","RUVBL1","-1.142304","0.104"
"OVCA5","RUVBL1","-0.2626515","0.288"
"OVCA8","RUVBL1","-0.780864","0.008"
"OVCAR-3","RUVBL1","-0.4368499","0.494"
"SK-OV-3","RUVBL1","-0.2168611","0.118"
"TOV-1946","RUVBL1","-0.8866429","0.014"
"TOV-2223G","RUVBL1","-0.3710592","0.204"
"TOV-3133G","RUVBL1","-0.263795","0.17"
"AsPC-1","RUVBL1","-0.3651793","0.048"
"BxPC-3","RUVBL1","-0.7417319","0.035"
"CFPAC-1","RUVBL1","-0.2018114","0.078"
"Capan-2","RUVBL1","-0.1575315","0.21"
"HPAC","RUVBL1","-0.2539112","0.027"
"HPAF-II","RUVBL1","-0.367321","0.099"
"HPDE","RUVBL1","-4.004072","0.117"
"Hs 766T","RUVBL1","-0.8527307","0.293"
"IMIM-PC-1","RUVBL1","-0.08915317","0.665"
"IMIM-PC-2","RUVBL1","-0.1967208","0.104"
"KP-3","RUVBL1","-0.287984","0.2"
"KP-4","RUVBL1","-0.1135221","0.343"
"MIA PaCa-2","RUVBL1","-0.09196743","0.426"
"PANC-1","RUVBL1","-0.2216195","0.148"
"PL45","RUVBL1","-0.4281919","0.036"
"PaTu_8988S","RUVBL1","-0.3729238","0.005"
"PaTu_8988T","RUVBL1","-0.3098902","0.027"
"Panc 02.03","RUVBL1","-0.2807583","0.375"
"Panc 03.27","RUVBL1","-0.2907046","0.092"
"Panc 04.03","RUVBL1","-0.576984","0.004"
"Panc 05.04","RUVBL1","-0.495611","0.123"
"Panc 08.13","RUVBL1","-0.3748297","0.05"
"Panc 10.05","RUVBL1","-0.2754647","0.16"
"RWP-1","RUVBL1","-0.2728756","0.205"
"SK-PC-1","RUVBL1","-0.5161909","0.002"
"SK-PC-3","RUVBL1","-0.5067537","0.304"
"SU.86.86","RUVBL1","-0.4426237","0.021"
"SW1990","RUVBL1","-0.5266061","0.011"
"BT-20","RUVBL2","-0.6645948","0.034"
"BT-474","RUVBL2","-0.7683611","0.014"
"BT-549","RUVBL2","-0.9141731","0.016"
"CAL-51","RUVBL2","-0.5066007","0.02"
"CAMA-1","RUVBL2","-0.6935191","0.059"
"EFM-19","RUVBL2","-0.5274498","0.008"
"HCC1143","RUVBL2","-1.20204","0.01"
"HCC1187","RUVBL2","-0.8774983","0.014"
"HCC1395","RUVBL2","-0.6925294","0.052"
"HCC1419","RUVBL2","-0.5396888","0.035"
"HCC1428","RUVBL2","-1.317691","0.028"
"HCC1500","RUVBL2","-0.5747195","0.039"
"HCC1806","RUVBL2","-1.624668","0"
"HCC1937","RUVBL2","-0.43959","0.078"
"HCC1954","RUVBL2","-0.599256","0.031"
"HCC38","RUVBL2","-0.7209174","0.03"
"Hs 578T","RUVBL2","-0.1165926","0.31"
"KPL-1","RUVBL2","-0.3963614","0.012"
"MCF7","RUVBL2","-0.3918784","0.018"
"MDA-MB-157","RUVBL2","-0.560546","0.03"
"MDA-MB-231","RUVBL2","-0.3667089","0.197"
"MDA-MB-361","RUVBL2","-0.9645511","0.007"
"MDA-MB-436","RUVBL2","-0.9781091","0.013"
"MDA-MB-453","RUVBL2","-0.2535871","0.038"
"MDA-MB-468","RUVBL2","-0.4011366","0.065"
"SK-BR-3","RUVBL2","-0.8710756","0.02"
"SW527","RUVBL2","-0.5914624","0.005"
"T-47D","RUVBL2","-0.6518296","0.017"
"ZR-75-1","RUVBL2","-0.5309784","0.121"
"609050M","RUVBL2","-0.5553259","0.043"
"A2780","RUVBL2","-0.2585257","0.098"
"A2780_CIS","RUVBL2","-0.5150186","0.017"
"MM_OVCAR432_Bast_1","RUVBL2","-1.349445","0.04"
"OV-1946","RUVBL2","-1.052983","0.03"
"OV-90","RUVBL2","-0.4941449","0.063"
"OVCA1369_TR","RUVBL2","-5.017248","0.006"
"OVCA433_Bast","RUVBL2","-1.007683","0.163"
"OVCA5","RUVBL2","-0.6369764","0.027"
"OVCA8","RUVBL2","-1.079756","0"
"OVCAR-3","RUVBL2","-1.263145","0.047"
"SK-OV-3","RUVBL2","-0.3769517","0.015"
"TOV-1946","RUVBL2","-0.8890017","0.012"
"TOV-2223G","RUVBL2","-0.4128523","0.165"
"TOV-3133G","RUVBL2","-0.1375249","0.416"
"AsPC-1","RUVBL2","-0.4713132","0.016"
"BxPC-3","RUVBL2","-0.6669356","0.051"
"CFPAC-1","RUVBL2","-0.2610147","0.041"
"Capan-2","RUVBL2","-0.3910326","0.027"
"HPAC","RUVBL2","-0.2739537","0.022"
"HPAF-II","RUVBL2","-0.5167418","0.017"
"HPDE","RUVBL2","-3.083248","0.224"
"Hs 766T","RUVBL2","-1.004959","0.14"
"IMIM-PC-1","RUVBL2","-0.2066541","0.167"
"IMIM-PC-2","RUVBL2","-0.2519434","0.051"
"KP-3","RUVBL2","-0.5736185","0.016"
"KP-4","RUVBL2","-0.3803762","0.002"
"MIA PaCa-2","RUVBL2","-0.2917485","0.025"
"PANC-1","RUVBL2","-0.3810552","0.014"
"PL45","RUVBL2","-0.3450084","0.125"
"PaTu_8988S","RUVBL2","-0.4853961","0"
"PaTu_8988T","RUVBL2","-0.4547125","0.001"
"Panc 02.03","RUVBL2","-0.7098714","0.02"
"Panc 03.27","RUVBL2","-0.4760649","0.03"
"Panc 04.03","RUVBL2","-0.4772285","0.027"
"Panc 05.04","RUVBL2","-0.3428303","0.361"
"Panc 08.13","RUVBL2","-0.60761","0.004"
"Panc 10.05","RUVBL2","-0.3105006","0.123"
"RWP-1","RUVBL2","-0.9866587","0"
"SK-PC-1","RUVBL2","-0.4346148","0.014"
"SK-PC-3","RUVBL2","-1.014675","0.004"
"SU.86.86","RUVBL2","-0.4373249","0.021"
"SW1990","RUVBL2","-0.4551449","0.024"
"BT-20","SETD1A","-0.05572538","0.868"
"BT-474","SETD1A","-0.05810083","0.864"
"BT-549","SETD1A","-0.1297165","0.82"
"CAL-51","SETD1A","-0.0524336","0.934"
"CAMA-1","SETD1A","-0.2218027","0.652"
"EFM-19","SETD1A","-0.03193812","0.848"
"HCC1143","SETD1A","-0.2505825","0.653"
"HCC1187","SETD1A","-0.2854219","0.461"
"HCC1395","SETD1A","-0.02240575","0.972"
"HCC1419","SETD1A","-0.1388525","0.605"
"HCC1428","SETD1A","-0.09275728","0.904"
"HCC1500","SETD1A","-1.941128e-06","0.975"
"HCC1806","SETD1A","-0.1917741","0.819"
"HCC1937","SETD1A","-0.1551159","0.436"
"HCC1954","SETD1A","-0.0908271","0.718"
"HCC38","SETD1A","-0.3005878","0.379"
"Hs 578T","SETD1A","-0.02986335","0.77"
"KPL-1","SETD1A","-0.03809687","0.897"
"MCF7","SETD1A","-0.0704034","0.408"
"MDA-MB-157","SETD1A","-0.07081445","0.787"
"MDA-MB-231","SETD1A","0.03332712","0.956"
"MDA-MB-361","SETD1A","-0.0003432758","0.964"
"MDA-MB-436","SETD1A","-0.1834151","0.692"
"MDA-MB-453","SETD1A","-0.08591522","0.225"
"MDA-MB-468","SETD1A","-0.01510668","0.901"
"SK-BR-3","SETD1A","-0.01711019","0.976"
"SW527","SETD1A","-0.001556608","0.96"
"T-47D","SETD1A","-0.0799109","0.872"
"ZR-75-1","SETD1A","-0.1625468","0.731"
"609050M","SETD1A","-0.1331308","0.648"
"A2780","SETD1A","0.02639721","0.862"
"A2780_CIS","SETD1A","-0.04606825","0.698"
"MM_OVCAR432_Bast_1","SETD1A","-0.3058188","0.803"
"OV-1946","SETD1A","-0.2624285","0.772"
"OV-90","SETD1A","0.001213464","0.975"
"OVCA1369_TR","SETD1A","-0.7790082","0.569"
"OVCA433_Bast","SETD1A","-0.2829328","0.856"
"OVCA5","SETD1A","-0.1052425","0.702"
"OVCA8","SETD1A","-0.1111621","0.763"
"OVCAR-3","SETD1A","-0.08366705","0.89"
"SK-OV-3","SETD1A","-0.06035","0.566"
"TOV-1946","SETD1A","-0.1869255","0.792"
"TOV-2223G","SETD1A","-0.07369786","0.682"
"TOV-3133G","SETD1A","-0.04085338","0.782"
"AsPC-1","SETD1A","-0.00399213","0.966"
"BxPC-3","SETD1A","-0.1987006","0.605"
"CFPAC-1","SETD1A","-0.02610699","0.843"
"Capan-2","SETD1A","-0.02850563","0.761"
"HPAC","SETD1A","-0.03645404","0.757"
"HPAF-II","SETD1A","-0.04788966","0.909"
"HPDE","SETD1A","-0.05224022","0.956"
"Hs 766T","SETD1A","-0.3470866","0.91"
"IMIM-PC-1","SETD1A","-0.1671896","0.253"
"IMIM-PC-2","SETD1A","-0.04011187","0.749"
"KP-3","SETD1A","-0.04934608","0.882"
"KP-4","SETD1A","-0.03938616","0.78"
"MIA PaCa-2","SETD1A","-0.01615278","0.909"
"PANC-1","SETD1A","-0.01484197","0.978"
"PL45","SETD1A","-0.1132851","0.747"
"PaTu_8988S","SETD1A","-0.00165734","0.938"
"PaTu_8988T","SETD1A","-0.05280266","0.816"
"Panc 02.03","SETD1A","-0.0782911","0.966"
"Panc 03.27","SETD1A","-0.009025704","0.95"
"Panc 04.03","SETD1A","-0.05928959","0.877"
"Panc 05.04","SETD1A","-0.1524707","0.819"
"Panc 08.13","SETD1A","-0.005490502","0.964"
"Panc 10.05","SETD1A","0.02554516","0.974"
"RWP-1","SETD1A","-0.01369217","0.854"
"SK-PC-1","SETD1A","-0.04564213","0.913"
"SK-PC-3","SETD1A","-0.07302929","0.99"
"SU.86.86","SETD1A","-0.09787171","0.423"
"SW1990","SETD1A","-0.1281234","0.644"
"BT-20","SETD2","-0.4606547","0.124"
"BT-474","SETD2","-0.3229201","0.241"
"BT-549","SETD2","-0.3438177","0.381"
"CAL-51","SETD2","-0.2159102","0.211"
"CAMA-1","SETD2","-0.3153038","0.445"
"EFM-19","SETD2","-0.3087752","0.107"
"HCC1143","SETD2","-0.3970537","0.433"
"HCC1187","SETD2","-0.4578991","0.196"
"HCC1395","SETD2","-0.2791388","0.489"
"HCC1419","SETD2","-0.5154087","0.046"
"HCC1428","SETD2","-0.3419416","0.577"
"HCC1500","SETD2","-0.2211077","0.401"
"HCC1806","SETD2","-0.517601","0.367"
"HCC1937","SETD2","-0.415684","0.089"
"HCC1954","SETD2","-0.09413079","0.707"
"HCC38","SETD2","-0.2697815","0.437"
"Hs 578T","SETD2","-0.06189778","0.564"
"KPL-1","SETD2","-0.1125899","0.362"
"MCF7","SETD2","-0.04011546","0.614"
"MDA-MB-157","SETD2","-0.176045","0.441"
"MDA-MB-231","SETD2","-0.2548609","0.359"
"MDA-MB-361","SETD2","-0.8171487","0.018"
"MDA-MB-436","SETD2","-0.2225125","0.585"
"MDA-MB-453","SETD2","-0.04374553","0.358"
"MDA-MB-468","SETD2","-0.07961259","0.604"
"SK-BR-3","SETD2","-0.5920854","0.134"
"SW527","SETD2","-0.1339919","0.467"
"T-47D","SETD2","-0.3496202","0.253"
"ZR-75-1","SETD2","-0.2644676","0.475"
"609050M","SETD2","-0.07799463","0.845"
"A2780","SETD2","-0.1104001","0.326"
"A2780_CIS","SETD2","-0.1367025","0.353"
"MM_OVCAR432_Bast_1","SETD2","-0.6275595","0.46"
"OV-1946","SETD2","-0.8112013","0.125"
"OV-90","SETD2","-0.1300824","0.559"
"OVCA1369_TR","SETD2","-0.5521802","0.705"
"OVCA433_Bast","SETD2","-0.691197","0.413"
"OVCA5","SETD2","-0.3760519","0.155"
"OVCA8","SETD2","-0.07500648","0.848"
"OVCAR-3","SETD2","-1.181687","0.061"
"SK-OV-3","SETD2","-0.09500518","0.406"
"TOV-1946","SETD2","-0.7981245","0.035"
"TOV-2223G","SETD2","-0.001371904","0.854"
"TOV-3133G","SETD2","-0.1453888","0.394"
"AsPC-1","SETD2","-0.2759469","0.146"
"BxPC-3","SETD2","-0.5591471","0.092"
"CFPAC-1","SETD2","-0.0837394","0.459"
"Capan-2","SETD2","-0.1484269","0.228"
"HPAC","SETD2","-0.06257934","0.569"
"HPAF-II","SETD2","-0.2359493","0.298"
"HPDE","SETD2","-1.589839","0.576"
"Hs 766T","SETD2","-0.962964","0.178"
"IMIM-PC-1","SETD2","-0.098044","0.61"
"IMIM-PC-2","SETD2","-0.04663031","0.711"
"KP-3","SETD2","-0.2426409","0.294"
"KP-4","SETD2","-0.08302497","0.495"
"MIA PaCa-2","SETD2","-0.09779828","0.396"
"PANC-1","SETD2","-0.15875","0.335"
"PL45","SETD2","-0.1335275","0.676"
"PaTu_8988S","SETD2","-0.06282657","0.56"
"PaTu_8988T","SETD2","-0.1035006","0.472"
"Panc 02.03","SETD2","-0.2090407","0.584"
"Panc 03.27","SETD2","-0.106868","0.5"
"Panc 04.03","SETD2","-0.1078058","0.744"
"Panc 05.04","SETD2","-0.201699","0.717"
"Panc 08.13","SETD2","-0.1802327","0.258"
"Panc 10.05","SETD2","-0.06100684","0.755"
"RWP-1","SETD2","-0.1181798","0.524"
"SK-PC-1","SETD2","-0.1561175","0.444"
"SK-PC-3","SETD2","-0.3919989","0.483"
"SU.86.86","SETD2","-0.1103655","0.377"
"SW1990","SETD2","-0.1722462","0.491"
"BT-20","SETD3","-0.1958853","0.52"
"BT-474","SETD3","-0.07511882","0.809"
"BT-549","SETD3","-0.520286","0.169"
"CAL-51","SETD3","-0.1600861","0.403"
"CAMA-1","SETD3","-0.2508842","0.58"
"EFM-19","SETD3","-0.1153981","0.56"
"HCC1143","SETD3","-0.5251341","0.284"
"HCC1187","SETD3","-0.2526092","0.525"
"HCC1395","SETD3","-0.1702484","0.718"
"HCC1419","SETD3","-0.04487491","0.925"
"HCC1428","SETD3","-0.126288","0.866"
"HCC1500","SETD3","-0.1710998","0.511"
"HCC1806","SETD3","-0.220272","0.786"
"HCC1937","SETD3","-0.1831242","0.383"
"HCC1954","SETD3","-0.006226961","0.983"
"HCC38","SETD3","-0.2673231","0.444"
"Hs 578T","SETD3","-0.09677655","0.393"
"KPL-1","SETD3","-0.1386901","0.236"
"MCF7","SETD3","-0.02092095","0.755"
"MDA-MB-157","SETD3","-0.1961477","0.396"
"MDA-MB-231","SETD3","-0.3440603","0.22"
"MDA-MB-361","SETD3","-0.1543943","0.602"
"MDA-MB-436","SETD3","-0.2072629","0.629"
"MDA-MB-453","SETD3","-0.05773208","0.304"
"MDA-MB-468","SETD3","-0.0786304","0.607"
"SK-BR-3","SETD3","-0.3166778","0.459"
"SW527","SETD3","-0.07056295","0.704"
"T-47D","SETD3","-0.2502464","0.452"
"ZR-75-1","SETD3","-0.134778","0.798"
"609050M","SETD3","-0.3382129","0.18"
"A2780","SETD3","-0.02014915","0.676"
"A2780_CIS","SETD3","-0.04899606","0.68"
"MM_OVCAR432_Bast_1","SETD3","-1.014248","0.157"
"OV-1946","SETD3","-0.8016382","0.129"
"OV-90","SETD3","-0.08132656","0.721"
"OVCA1369_TR","SETD3","-0.7538481","0.581"
"OVCA433_Bast","SETD3","-0.3631375","0.777"
"OVCA5","SETD3","-0.1418607","0.569"
"OVCA8","SETD3","-0.2138814","0.532"
"OVCAR-3","SETD3","-0.1764814","0.795"
"SK-OV-3","SETD3","0.01303514","0.932"
"TOV-1946","SETD3","-0.1225135","0.875"
"TOV-2223G","SETD3","-0.01559557","0.823"
"TOV-3133G","SETD3","-0.09223918","0.573"
"AsPC-1","SETD3","-0.03324811","0.886"
"BxPC-3","SETD3","-0.1728725","0.677"
"CFPAC-1","SETD3","-0.08763386","0.434"
"Capan-2","SETD3","-0.0315836","0.747"
"HPAC","SETD3","-0.08689107","0.423"
"HPAF-II","SETD3","-0.05509227","0.887"
"HPDE","SETD3","0.2490766","0.986"
"Hs 766T","SETD3","-0.7001876","0.477"
"IMIM-PC-1","SETD3","-0.04926103","0.92"
"IMIM-PC-2","SETD3","-0.1118859","0.313"
"KP-3","SETD3","-0.06078934","0.858"
"KP-4","SETD3","-0.01772777","0.913"
"MIA PaCa-2","SETD3","0.01138701","0.997"
"PANC-1","SETD3","-0.04385113","0.883"
"PL45","SETD3","-0.2109007","0.413"
"PaTu_8988S","SETD3","-0.0551949","0.611"
"PaTu_8988T","SETD3","-0.07904825","0.633"
"Panc 02.03","SETD3","-0.2141977","0.566"
"Panc 03.27","SETD3","-0.07969408","0.611"
"Panc 04.03","SETD3","-0.159313","0.552"
"Panc 05.04","SETD3","-0.3308713","0.396"
"Panc 08.13","SETD3","-0.03589023","0.848"
"Panc 10.05","SETD3","-0.1054324","0.579"
"RWP-1","SETD3","0.003659273","0.912"
"SK-PC-1","SETD3","-0.02488726","0.964"
"SK-PC-3","SETD3","-0.1172784","0.963"
"SU.86.86","SETD3","0.02802485","0.953"
"SW1990","SETD3","-0.1823846","0.462"
"BT-20","SETD4","-0.3451801","0.252"
"BT-474","SETD4","-0.2080336","0.451"
"BT-549","SETD4","-0.6156328","0.096"
"CAL-51","SETD4","-0.1407849","0.497"
"CAMA-1","SETD4","-0.5002807","0.17"
"EFM-19","SETD4","-0.1722405","0.369"
"HCC1143","SETD4","-0.4758586","0.353"
"HCC1187","SETD4","-0.3152373","0.394"
"HCC1395","SETD4","-0.5608948","0.116"
"HCC1419","SETD4","-0.2254663","0.361"
"HCC1428","SETD4","-0.07401414","0.922"
"HCC1500","SETD4","-0.339664","0.201"
"HCC1806","SETD4","-0.2256543","0.778"
"HCC1937","SETD4","-0.1162349","0.537"
"HCC1954","SETD4","-0.1391089","0.527"
"HCC38","SETD4","-0.2825465","0.411"
"Hs 578T","SETD4","-0.02394614","0.795"
"KPL-1","SETD4","-0.1354761","0.25"
"MCF7","SETD4","-0.1491408","0.142"
"MDA-MB-157","SETD4","-0.2217297","0.333"
"MDA-MB-231","SETD4","-0.07780582","0.742"
"MDA-MB-361","SETD4","-0.2316447","0.425"
"MDA-MB-436","SETD4","-0.3400118","0.328"
"MDA-MB-453","SETD4","-0.03218816","0.421"
"MDA-MB-468","SETD4","-0.1337229","0.416"
"SK-BR-3","SETD4","-0.4015946","0.327"
"SW527","SETD4","-0.1166608","0.519"
"T-47D","SETD4","-0.2256662","0.519"
"ZR-75-1","SETD4","-0.2930904","0.421"
"609050M","SETD4","-0.2131256","0.407"
"A2780","SETD4","-0.3366375","0.048"
"A2780_CIS","SETD4","-0.2702199","0.12"
"MM_OVCAR432_Bast_1","SETD4","-0.6360682","0.454"
"OV-1946","SETD4","-0.5886904","0.309"
"OV-90","SETD4","-0.06827218","0.768"
"OVCA1369_TR","SETD4","-0.2056158","0.927"
"OVCA433_Bast","SETD4","-0.6634024","0.437"
"OVCA5","SETD4","-0.1246605","0.633"
"OVCA8","SETD4","-0.1896838","0.572"
"OVCAR-3","SETD4","-0.39651","0.527"
"SK-OV-3","SETD4","-0.0834522","0.457"
"TOV-1946","SETD4","-0.4848376","0.303"
"TOV-2223G","SETD4","-0.2765792","0.295"
"TOV-3133G","SETD4","-0.01214292","0.888"
"AsPC-1","SETD4","-0.2595551","0.171"
"BxPC-3","SETD4","-0.4624393","0.171"
"CFPAC-1","SETD4","-0.07862439","0.487"
"Capan-2","SETD4","-0.1096904","0.344"
"HPAC","SETD4","-0.1291428","0.241"
"HPAF-II","SETD4","-0.196648","0.395"
"HPDE","SETD4","-3.267069","0.195"
"Hs 766T","SETD4","-0.5143435","0.721"
"IMIM-PC-1","SETD4","-0.1260529","0.446"
"IMIM-PC-2","SETD4","-0.06596009","0.564"
"KP-3","SETD4","-0.2353369","0.315"
"KP-4","SETD4","-0.06215161","0.623"
"MIA PaCa-2","SETD4","-0.1172249","0.289"
"PANC-1","SETD4","-0.1752139","0.282"
"PL45","SETD4","-0.281965","0.243"
"PaTu_8988S","SETD4","-0.1893921","0.121"
"PaTu_8988T","SETD4","-0.1322822","0.338"
"Panc 02.03","SETD4","-0.3093322","0.322"
"Panc 03.27","SETD4","-0.1389179","0.367"
"Panc 04.03","SETD4","-0.2933379","0.184"
"Panc 05.04","SETD4","-0.7688031","0.003"
"Panc 08.13","SETD4","-0.1302009","0.426"
"Panc 10.05","SETD4","-0.1280705","0.511"
"RWP-1","SETD4","-0.2337225","0.263"
"SK-PC-1","SETD4","-0.1635036","0.416"
"SK-PC-3","SETD4","-0.468327","0.37"
"SU.86.86","SETD4","-0.1365244","0.311"
"SW1990","SETD4","-0.187576","0.445"
"BT-20","SETD6","-0.0886091","0.789"
"BT-474","SETD6","-0.1382439","0.626"
"BT-549","SETD6","-0.25329","0.543"
"CAL-51","SETD6","-0.1064585","0.674"
"CAMA-1","SETD6","-0.09826156","0.93"
"EFM-19","SETD6","-0.1126439","0.569"
"HCC1143","SETD6","-0.3806501","0.451"
"HCC1187","SETD6","-0.1325733","0.8"
"HCC1395","SETD6","-0.4053204","0.277"
"HCC1419","SETD6","-0.1890646","0.446"
"HCC1428","SETD6","-0.3137799","0.616"
"HCC1500","SETD6","-0.01382303","0.955"
"HCC1806","SETD6","-0.1888224","0.822"
"HCC1937","SETD6","-0.1563756","0.435"
"HCC1954","SETD6","-0.1239887","0.577"
"HCC38","SETD6","-0.1948203","0.609"
"Hs 578T","SETD6","-0.04533086","0.671"
"KPL-1","SETD6","-0.09782725","0.432"
"MCF7","SETD6","-0.02387898","0.727"
"MDA-MB-157","SETD6","-0.2066253","0.368"
"MDA-MB-231","SETD6","-0.2042314","0.459"
"MDA-MB-361","SETD6","-0.1450591","0.625"
"MDA-MB-436","SETD6","-0.2760096","0.445"
"MDA-MB-453","SETD6","0.01685021","0.861"
"MDA-MB-468","SETD6","-0.1360804","0.412"
"SK-BR-3","SETD6","-0.2787016","0.52"
"SW527","SETD6","-0.05678316","0.773"
"T-47D","SETD6","-0.1461512","0.713"
"ZR-75-1","SETD6","-0.2355605","0.535"
"609050M","SETD6","-0.08115326","0.835"
"A2780","SETD6","-0.001151983","0.751"
"A2780_CIS","SETD6","0.007304935","0.917"
"MM_OVCAR432_Bast_1","SETD6","-0.5936633","0.503"
"OV-1946","SETD6","-0.3064855","0.703"
"OV-90","SETD6","-0.01229699","0.947"
"OVCA1369_TR","SETD6","-0.8589606","0.531"
"OVCA433_Bast","SETD6","-0.7287131","0.385"
"OVCA5","SETD6","-0.2631138","0.288"
"OVCA8","SETD6","-0.03654025","0.943"
"OVCAR-3","SETD6","-0.3825461","0.542"
"SK-OV-3","SETD6","-0.1701794","0.189"
"TOV-1946","SETD6","-0.02801381","0.974"
"TOV-2223G","SETD6","-0.2859739","0.288"
"TOV-3133G","SETD6","-0.03737677","0.797"
"AsPC-1","SETD6","-0.09169192","0.68"
"BxPC-3","SETD6","-0.2384098","0.526"
"CFPAC-1","SETD6","-0.008997153","0.934"
"Capan-2","SETD6","-0.0825786","0.449"
"HPAC","SETD6","-0.0711723","0.515"
"HPAF-II","SETD6","-0.1565059","0.511"
"HPDE","SETD6","-0.8305301","0.804"
"Hs 766T","SETD6","-1.010744","0.134"
"IMIM-PC-1","SETD6","-0.110178","0.529"
"IMIM-PC-2","SETD6","-0.1468467","0.193"
"KP-3","SETD6","-0.1114874","0.687"
"KP-4","SETD6","-0.04485558","0.744"
"MIA PaCa-2","SETD6","-0.02071901","0.882"
"PANC-1","SETD6","-0.149261","0.359"
"PL45","SETD6","-0.1280632","0.691"
"PaTu_8988S","SETD6","-0.01564588","0.861"
"PaTu_8988T","SETD6","-0.06281018","0.731"
"Panc 02.03","SETD6","-0.276554","0.383"
"Panc 03.27","SETD6","-0.07915162","0.617"
"Panc 04.03","SETD6","-0.2154842","0.385"
"Panc 05.04","SETD6","-0.4498259","0.18"
"Panc 08.13","SETD6","-0.05604942","0.759"
"Panc 10.05","SETD6","-0.07706703","0.699"
"RWP-1","SETD6","0.02650162","0.956"
"SK-PC-1","SETD6","-0.08446991","0.725"
"SK-PC-3","SETD6","-0.2509364","0.76"
"SU.86.86","SETD6","-0.05720684","0.597"
"SW1990","SETD6","-0.05138961","0.917"
"BT-20","SETD7","-0.1117276","0.737"
"BT-474","SETD7","-0.1407473","0.624"
"BT-549","SETD7","-0.3844121","0.317"
"CAL-51","SETD7","-0.2801826","0.112"
"CAMA-1","SETD7","-0.1765606","0.761"
"EFM-19","SETD7","-0.2393374","0.212"
"HCC1143","SETD7","-0.4912911","0.332"
"HCC1187","SETD7","-0.7476392","0.032"
"HCC1395","SETD7","-0.4452236","0.223"
"HCC1419","SETD7","-0.3234825","0.187"
"HCC1428","SETD7","-0.4071398","0.499"
"HCC1500","SETD7","-0.2905016","0.265"
"HCC1806","SETD7","-0.2499957","0.747"
"HCC1937","SETD7","-0.1976499","0.346"
"HCC1954","SETD7","-0.3378651","0.141"
"HCC38","SETD7","-0.08252333","0.862"
"Hs 578T","SETD7","-0.1711558","0.185"
"KPL-1","SETD7","-0.1967619","0.103"
"MCF7","SETD7","-0.02959664","0.686"
"MDA-MB-157","SETD7","-0.1935384","0.401"
"MDA-MB-231","SETD7","-0.179624","0.509"
"MDA-MB-361","SETD7","-0.05552558","0.861"
"MDA-MB-436","SETD7","-0.5344637","0.126"
"MDA-MB-453","SETD7","-0.03983459","0.378"
"MDA-MB-468","SETD7","-0.1447411","0.379"
"SK-BR-3","SETD7","-0.323006","0.449"
"SW527","SETD7","-0.2215108","0.221"
"T-47D","SETD7","-0.2261806","0.518"
"ZR-75-1","SETD7","-0.2056677","0.605"
"609050M","SETD7","-0.3030604","0.23"
"A2780","SETD7","-0.4659773","0.013"
"A2780_CIS","SETD7","-0.1517057","0.319"
"MM_OVCAR432_Bast_1","SETD7","-0.0909173","0.955"
"OV-1946","SETD7","-0.7026796","0.196"
"OV-90","SETD7","-0.3656679","0.133"
"OVCA1369_TR","SETD7","-1.377097","0.336"
"OVCA433_Bast","SETD7","-0.3884456","0.746"
"OVCA5","SETD7","-0.1113197","0.679"
"OVCA8","SETD7","-0.03860762","0.94"
"OVCAR-3","SETD7","-0.8925323","0.173"
"SK-OV-3","SETD7","-0.2001684","0.138"
"TOV-1946","SETD7","-0.1941335","0.781"
"TOV-2223G","SETD7","0.03042785","0.924"
"TOV-3133G","SETD7","-0.3354553","0.121"
"AsPC-1","SETD7","-0.1026754","0.629"
"BxPC-3","SETD7","-0.3259589","0.365"
"CFPAC-1","SETD7","-0.02623712","0.843"
"Capan-2","SETD7","-0.003395978","0.905"
"HPAC","SETD7","-0.03034744","0.801"
"HPAF-II","SETD7","-0.09373222","0.742"
"HPDE","SETD7","-4.399043","0.089"
"Hs 766T","SETD7","-0.7839507","0.376"
"IMIM-PC-1","SETD7","-0.05119287","0.911"
"IMIM-PC-2","SETD7","-0.1701839","0.14"
"KP-3","SETD7","-0.07738627","0.801"
"KP-4","SETD7","-0.1187497","0.311"
"MIA PaCa-2","SETD7","-0.11608","0.292"
"PANC-1","SETD7","-0.09273087","0.613"
"PL45","SETD7","-0.1920969","0.475"
"PaTu_8988S","SETD7","-0.02892998","0.789"
"PaTu_8988T","SETD7","-0.1307046","0.341"
"Panc 02.03","SETD7","-0.4084011","0.16"
"Panc 03.27","SETD7","0.009618799","0.988"
"Panc 04.03","SETD7","-0.1956664","0.448"
"Panc 05.04","SETD7","-0.3453615","0.353"
"Panc 08.13","SETD7","-0.03725407","0.843"
"Panc 10.05","SETD7","0.00611862","0.943"
"RWP-1","SETD7","-0.09692845","0.589"
"SK-PC-1","SETD7","-0.1719024","0.381"
"SK-PC-3","SETD7","-0.3632303","0.526"
"SU.86.86","SETD7","-0.07766503","0.504"
"SW1990","SETD7","-0.0360844","0.955"
"BT-20","SETD8","-0.127885","0.687"
"BT-474","SETD8","-0.03375585","0.918"
"BT-549","SETD8","-0.1137904","0.855"
"CAL-51","SETD8","-0.1373425","0.511"
"CAMA-1","SETD8","-0.05672517","0.984"
"EFM-19","SETD8","-0.004831188","0.92"
"HCC1143","SETD8","-0.1569337","0.793"
"HCC1187","SETD8","-0.0847425","0.917"
"HCC1395","SETD8","-0.06362367","0.931"
"HCC1419","SETD8","-0.02884306","0.962"
"HCC1428","SETD8","-0.06573013","0.929"
"HCC1500","SETD8","-0.06142209","0.861"
"HCC1806","SETD8","-0.04723955","0.962"
"HCC1937","SETD8","-0.1402035","0.477"
"HCC1954","SETD8","-0.02373143","0.944"
"HCC38","SETD8","-0.08135361","0.866"
"Hs 578T","SETD8","-0.003380615","0.879"
"KPL-1","SETD8","-0.04022372","0.892"
"MCF7","SETD8","0.01668773","0.95"
"MDA-MB-157","SETD8","-0.08878192","0.732"
"MDA-MB-231","SETD8","-0.1135812","0.643"
"MDA-MB-361","SETD8","-0.008572512","0.959"
"MDA-MB-436","SETD8","-0.03640745","0.998"
"MDA-MB-453","SETD8","0.0386651","0.976"
"MDA-MB-468","SETD8","-0.0372351","0.793"
"SK-BR-3","SETD8","-0.08657123","0.887"
"SW527","SETD8","-0.04653472","0.827"
"T-47D","SETD8","-0.1322702","0.762"
"ZR-75-1","SETD8","-0.09229951","0.895"
"609050M","SETD8","-0.1773592","0.498"
"A2780","SETD8","0.03453373","0.89"
"A2780_CIS","SETD8","-0.01277788","0.841"
"MM_OVCAR432_Bast_1","SETD8","-0.09653389","0.951"
"OV-1946","SETD8","-0.1987959","0.868"
"OV-90","SETD8","-0.01665938","0.937"
"OVCA1369_TR","SETD8","-0.5545622","0.704"
"OVCA433_Bast","SETD8","-0.1163317","0.968"
"OVCA5","SETD8","-0.04157354","0.896"
"OVCA8","SETD8","-0.07483116","0.848"
"OVCAR-3","SETD8","-0.00946803","0.962"
"SK-OV-3","SETD8","-0.03603583","0.705"
"TOV-1946","SETD8","-0.2533907","0.68"
"TOV-2223G","SETD8","0.05430485","0.959"
"TOV-3133G","SETD8","0.00855307","0.954"
"AsPC-1","SETD8","-0.02961111","0.894"
"BxPC-3","SETD8","-0.09121097","0.864"
"CFPAC-1","SETD8","-0.05024938","0.669"
"Capan-2","SETD8","-0.006879493","0.893"
"HPAC","SETD8","-0.03481273","0.767"
"HPAF-II","SETD8","-0.06373002","0.848"
"HPDE","SETD8","-0.9745967","0.758"
"Hs 766T","SETD8","-0.2941624","0.95"
"IMIM-PC-1","SETD8","-0.04724364","0.93"
"IMIM-PC-2","SETD8","-0.01894348","0.875"
"KP-3","SETD8","-0.06321312","0.852"
"KP-4","SETD8","-0.02521456","0.88"
"MIA PaCa-2","SETD8","-0.005265218","0.956"
"PANC-1","SETD8","-0.02131784","0.967"
"PL45","SETD8","-0.1033893","0.778"
"PaTu_8988S","SETD8","-0.04417757","0.682"
"PaTu_8988T","SETD8","-0.03410801","0.932"
"Panc 02.03","SETD8","-0.1336896","0.85"
"Panc 03.27","SETD8","-0.076681","0.628"
"Panc 04.03","SETD8","-0.05942278","0.877"
"Panc 05.04","SETD8","-0.2538219","0.597"
"Panc 08.13","SETD8","-0.01793844","0.923"
"Panc 10.05","SETD8","-0.04307037","0.812"
"RWP-1","SETD8","-0.0656907","0.68"
"SK-PC-1","SETD8","-0.06977481","0.814"
"SK-PC-3","SETD8","-0.1899774","0.872"
"SU.86.86","SETD8","-0.04559855","0.654"
"SW1990","SETD8","-0.1236378","0.67"
"BT-20","SETDB2","0.01066352","0.976"
"BT-474","SETDB2","-0.07885637","0.797"
"BT-549","SETDB2","-0.09509764","0.893"
"CAL-51","SETDB2","-0.03675539","0.974"
"CAMA-1","SETDB2","-0.2580841","0.556"
"EFM-19","SETDB2","-0.09030734","0.641"
"HCC1143","SETDB2","-0.1322092","0.825"
"HCC1187","SETDB2","-0.09720911","0.893"
"HCC1395","SETDB2","-0.0874903","0.896"
"HCC1419","SETDB2","-0.1189106","0.675"
"HCC1428","SETDB2","-0.1402629","0.842"
"HCC1500","SETDB2","-0.1168087","0.689"
"HCC1806","SETDB2","-0.1456773","0.873"
"HCC1937","SETDB2","0.03779541","0.967"
"HCC1954","SETDB2","-0.01291767","0.97"
"HCC38","SETDB2","-0.01816274","0.964"
"Hs 578T","SETDB2","0.006335295","0.913"
"KPL-1","SETDB2","-0.05690569","0.778"
"MCF7","SETDB2","-0.01747535","0.775"
"MDA-MB-157","SETDB2","-0.05578933","0.839"
"MDA-MB-231","SETDB2","0.006470791","0.916"
"MDA-MB-361","SETDB2","-0.05101457","0.876"
"MDA-MB-436","SETDB2","-0.1121175","0.9"
"MDA-MB-453","SETDB2","0.009740047","0.795"
"MDA-MB-468","SETDB2","0.01153613","0.973"
"SK-BR-3","SETDB2","-0.1425027","0.775"
"SW527","SETDB2","-0.01471698","0.922"
"T-47D","SETDB2","-0.04391657","0.939"
"ZR-75-1","SETDB2","-0.07237143","0.926"
"609050M","SETDB2","-0.08856342","0.805"
"A2780","SETDB2","0.05438034","0.945"
"A2780_CIS","SETDB2","0.006368082","0.91"
"MM_OVCAR432_Bast_1","SETDB2","0.06386095","1"
"OV-1946","SETDB2","-0.07713918","0.974"
"OV-90","SETDB2","-0.0002975695","0.974"
"OVCA1369_TR","SETDB2","-0.1165455","0.97"
"OVCA433_Bast","SETDB2","-0.5467128","0.574"
"OVCA5","SETDB2","-0.0873215","0.749"
"OVCA8","SETDB2","-0.02443821","0.956"
"OVCAR-3","SETDB2","-0.02243059","0.955"
"SK-OV-3","SETDB2","0.009202673","0.921"
"TOV-1946","SETDB2","-0.1073077","0.894"
"TOV-2223G","SETDB2","0.007820389","0.881"
"TOV-3133G","SETDB2","-0.005633264","0.914"
"AsPC-1","SETDB2","-0.01381364","0.947"
"BxPC-3","SETDB2","-0.05192767","0.949"
"CFPAC-1","SETDB2","-0.01424439","0.912"
"Capan-2","SETDB2","0.005854992","0.93"
"HPAC","SETDB2","-0.0356138","0.763"
"HPAF-II","SETDB2","-0.07026487","0.829"
"HPDE","SETDB2","-0.209038","0.931"
"Hs 766T","SETDB2","-0.2684801","0.963"
"IMIM-PC-1","SETDB2","-0.04328668","0.945"
"IMIM-PC-2","SETDB2","-0.008171743","0.925"
"KP-3","SETDB2","-0.0655402","0.844"
"KP-4","SETDB2","-0.02819793","0.849"
"MIA PaCa-2","SETDB2","-0.0280861","0.838"
"PANC-1","SETDB2","-0.04705183","0.868"
"PL45","SETDB2","-0.06287573","0.893"
"PaTu_8988S","SETDB2","0.001654274","0.946"
"PaTu_8988T","SETDB2","-0.03753039","0.914"
"Panc 02.03","SETDB2","-0.1272969","0.868"
"Panc 03.27","SETDB2","0.007317812","0.984"
"Panc 04.03","SETDB2","-0.02563287","0.957"
"Panc 05.04","SETDB2","-0.1868454","0.741"
"Panc 08.13","SETDB2","-0.03967262","0.836"
"Panc 10.05","SETDB2","0.02813038","0.976"
"RWP-1","SETDB2","0.02058689","0.944"
"SK-PC-1","SETDB2","-0.04186881","0.93"
"SK-PC-3","SETDB2","-0.04106401","0.998"
"SU.86.86","SETDB2","0.00244736","0.861"
"SW1990","SETDB2","-0.04533653","0.935"
"BT-20","SIRT1","-0.03096584","0.906"
"BT-474","SIRT1","-0.05582222","0.869"
"BT-549","SIRT1","-0.1986893","0.655"
"CAL-51","SIRT1","-0.1578473","0.418"
"CAMA-1","SIRT1","-0.05921563","0.982"
"EFM-19","SIRT1","0.03195871","0.979"
"HCC1143","SIRT1","-0.1582992","0.792"
"HCC1187","SIRT1","-0.03025227","0.985"
"HCC1395","SIRT1","-0.08285941","0.898"
"HCC1419","SIRT1","-0.154977","0.553"
"HCC1428","SIRT1","0.01720368","0.977"
"HCC1500","SIRT1","-0.1185992","0.683"
"HCC1806","SIRT1","-0.2593392","0.733"
"HCC1937","SIRT1","-0.009495546","0.859"
"HCC1954","SIRT1","-0.06430017","0.813"
"HCC38","SIRT1","0.03511465","0.996"
"Hs 578T","SIRT1","-0.0538146","0.613"
"KPL-1","SIRT1","-0.03680715","0.903"
"MCF7","SIRT1","0.03826713","0.99"
"MDA-MB-157","SIRT1","-0.08249102","0.748"
"MDA-MB-231","SIRT1","-0.08184788","0.732"
"MDA-MB-361","SIRT1","-0.01302255","0.952"
"MDA-MB-436","SIRT1","-0.1238325","0.865"
"MDA-MB-453","SIRT1","0.011577","0.813"
"MDA-MB-468","SIRT1","-0.01101234","0.916"
"SK-BR-3","SIRT1","-0.3274058","0.446"
"SW527","SIRT1","-0.01548251","0.921"
"T-47D","SIRT1","-0.0004078364","0.984"
"ZR-75-1","SIRT1","-0.08309571","0.908"
"609050M","SIRT1","-0.06585661","0.88"
"A2780","SIRT1","0.0434695","0.917"
"A2780_CIS","SIRT1","-0.2081691","0.197"
"MM_OVCAR432_Bast_1","SIRT1","-0.9738721","0.18"
"OV-1946","SIRT1","-0.579415","0.322"
"OV-90","SIRT1","-0.1108123","0.629"
"OVCA1369_TR","SIRT1","-0.3860424","0.818"
"OVCA433_Bast","SIRT1","-0.338113","0.804"
"OVCA5","SIRT1","-0.1562572","0.511"
"OVCA8","SIRT1","-0.3044901","0.347"
"OVCAR-3","SIRT1","-0.1606482","0.81"
"SK-OV-3","SIRT1","-0.01907294","0.788"
"TOV-1946","SIRT1","-0.4893304","0.294"
"TOV-2223G","SIRT1","0.07713025","0.984"
"TOV-3133G","SIRT1","-0.01540065","0.875"
"AsPC-1","SIRT1","-0.07876501","0.727"
"BxPC-3","SIRT1","-0.06365363","0.927"
"CFPAC-1","SIRT1","-0.01116151","0.927"
"Capan-2","SIRT1","-0.0346411","0.733"
"HPAC","SIRT1","-0.0347605","0.768"
"HPAF-II","SIRT1","-0.03669247","0.933"
"HPDE","SIRT1","-0.6856059","0.829"
"Hs 766T","SIRT1","-0.492116","0.746"
"IMIM-PC-1","SIRT1","-0.05853922","0.873"
"IMIM-PC-2","SIRT1","-0.034978","0.783"
"KP-3","SIRT1","-0.008842978","0.973"
"KP-4","SIRT1","-0.02155338","0.902"
"MIA PaCa-2","SIRT1","-0.06006107","0.618"
"PANC-1","SIRT1","-0.1009555","0.562"
"PL45","SIRT1","-0.05734524","0.909"
"PaTu_8988S","SIRT1","0.003370984","0.955"
"PaTu_8988T","SIRT1","-0.05315449","0.813"
"Panc 02.03","SIRT1","-0.25013","0.451"
"Panc 03.27","SIRT1","-0.04134799","0.803"
"Panc 04.03","SIRT1","-0.03465683","0.94"
"Panc 05.04","SIRT1","-0.2833157","0.514"
"Panc 08.13","SIRT1","-0.04261381","0.826"
"Panc 10.05","SIRT1","-0.1043152","0.588"
"RWP-1","SIRT1","-0.02791432","0.808"
"SK-PC-1","SIRT1","-0.08348307","0.734"
"SK-PC-3","SIRT1","-0.2044691","0.847"
"SU.86.86","SIRT1","-0.05020937","0.625"
"SW1990","SIRT1","-0.0125116","0.983"
"BT-20","SIRT2","-0.2486793","0.416"
"BT-474","SIRT2","-0.1284887","0.654"
"BT-549","SIRT2","-0.3640425","0.346"
"CAL-51","SIRT2","-0.07323819","0.857"
"CAMA-1","SIRT2","-0.4205222","0.268"
"EFM-19","SIRT2","-0.2504123","0.193"
"HCC1143","SIRT2","-0.6861409","0.154"
"HCC1187","SIRT2","-0.4033463","0.244"
"HCC1395","SIRT2","-0.1734425","0.704"
"HCC1419","SIRT2","-0.2416501","0.319"
"HCC1428","SIRT2","-1.293499","0.031"
"HCC1500","SIRT2","-0.3416392","0.2"
"HCC1806","SIRT2","-0.6190078","0.254"
"HCC1937","SIRT2","-0.1227903","0.517"
"HCC1954","SIRT2","-0.3931381","0.096"
"HCC38","SIRT2","-0.266838","0.444"
"Hs 578T","SIRT2","-0.5876621","0.002"
"KPL-1","SIRT2","-0.3676303","0.014"
"MCF7","SIRT2","-0.1013346","0.243"
"MDA-MB-157","SIRT2","-0.2481261","0.279"
"MDA-MB-231","SIRT2","-0.3286682","0.245"
"MDA-MB-361","SIRT2","-0.3742713","0.178"
"MDA-MB-436","SIRT2","-0.6576656","0.071"
"MDA-MB-453","SIRT2","-0.3343824","0.014"
"MDA-MB-468","SIRT2","-0.2863782","0.151"
"SK-BR-3","SIRT2","-0.2128435","0.643"
"SW527","SIRT2","-0.03999222","0.855"
"T-47D","SIRT2","-0.3325092","0.282"
"ZR-75-1","SIRT2","-0.2541433","0.496"
"609050M","SIRT2","-0.4728183","0.068"
"A2780","SIRT2","-0.1561281","0.216"
"A2780_CIS","SIRT2","-0.4024062","0.038"
"MM_OVCAR432_Bast_1","SIRT2","-0.4467383","0.663"
"OV-1946","SIRT2","-0.4905221","0.44"
"OV-90","SIRT2","-0.8141645","0.007"
"OVCA1369_TR","SIRT2","-2.04526","0.165"
"OVCA433_Bast","SIRT2","-1.140362","0.104"
"OVCA5","SIRT2","-0.4508139","0.105"
"OVCA8","SIRT2","-0.3312089","0.299"
"OVCAR-3","SIRT2","-0.7092902","0.28"
"SK-OV-3","SIRT2","-0.2423401","0.093"
"TOV-1946","SIRT2","-0.24628","0.688"
"TOV-2223G","SIRT2","-0.3336941","0.232"
"TOV-3133G","SIRT2","-0.802595","0.013"
"AsPC-1","SIRT2","-0.1836353","0.363"
"BxPC-3","SIRT2","-0.5102237","0.127"
"CFPAC-1","SIRT2","-0.1057872","0.334"
"Capan-2","SIRT2","-0.2045521","0.137"
"HPAC","SIRT2","-0.06178947","0.575"
"HPAF-II","SIRT2","-0.2920861","0.177"
"HPDE","SIRT2","-6.353194","0.02"
"Hs 766T","SIRT2","-0.6462883","0.554"
"IMIM-PC-1","SIRT2","-0.3605662","0.029"
"IMIM-PC-2","SIRT2","-0.2141046","0.082"
"KP-3","SIRT2","-0.5140162","0.029"
"KP-4","SIRT2","-0.1120239","0.35"
"MIA PaCa-2","SIRT2","-0.2729963","0.032"
"PANC-1","SIRT2","-0.2271042","0.131"
"PL45","SIRT2","-0.1980323","0.459"
"PaTu_8988S","SIRT2","-0.1526232","0.207"
"PaTu_8988T","SIRT2","-0.2206801","0.111"
"Panc 02.03","SIRT2","-0.8187208","0.004"
"Panc 03.27","SIRT2","-0.1202414","0.455"
"Panc 04.03","SIRT2","-0.4709559","0.03"
"Panc 05.04","SIRT2","-0.3446427","0.356"
"Panc 08.13","SIRT2","-0.5340993","0.016"
"Panc 10.05","SIRT2","-0.2410596","0.221"
"RWP-1","SIRT2","-0.4357454","0.071"
"SK-PC-1","SIRT2","-0.1312221","0.55"
"SK-PC-3","SIRT2","-0.7207981","0.085"
"SU.86.86","SIRT2","-0.1884124","0.18"
"SW1990","SIRT2","-0.3008121","0.148"
"BT-20","SIRT3","-0.3423889","0.258"
"BT-474","SIRT3","-0.2751782","0.306"
"BT-549","SIRT3","-0.1998222","0.653"
"CAL-51","SIRT3","-0.1065839","0.672"
"CAMA-1","SIRT3","-0.276512","0.504"
"EFM-19","SIRT3","-0.1541037","0.425"
"HCC1143","SIRT3","-0.4118007","0.418"
"HCC1187","SIRT3","-0.3764536","0.287"
"HCC1395","SIRT3","-0.061218","0.934"
"HCC1419","SIRT3","-0.2863131","0.243"
"HCC1428","SIRT3","-0.3536204","0.565"
"HCC1500","SIRT3","-0.2667058","0.3"
"HCC1806","SIRT3","-0.3563592","0.613"
"HCC1937","SIRT3","-0.113359","0.54"
"HCC1954","SIRT3","-0.08593372","0.738"
"HCC38","SIRT3","-0.2574413","0.465"
"Hs 578T","SIRT3","0.02841532","0.971"
"KPL-1","SIRT3","-0.1473484","0.216"
"MCF7","SIRT3","-0.09862705","0.264"
"MDA-MB-157","SIRT3","-0.3876829","0.099"
"MDA-MB-231","SIRT3","-0.1193522","0.624"
"MDA-MB-361","SIRT3","-0.4464944","0.11"
"MDA-MB-436","SIRT3","-0.4615006","0.184"
"MDA-MB-453","SIRT3","-0.02265138","0.5"
"MDA-MB-468","SIRT3","-0.3489339","0.097"
"SK-BR-3","SIRT3","-0.2040156","0.662"
"SW527","SIRT3","-0.1142753","0.532"
"T-47D","SIRT3","-0.1542527","0.684"
"ZR-75-1","SIRT3","-0.1054695","0.871"
"609050M","SIRT3","-0.1266316","0.676"
"A2780","SIRT3","-0.1100304","0.326"
"A2780_CIS","SIRT3","-0.07471812","0.577"
"MM_OVCAR432_Bast_1","SIRT3","-0.4081165","0.696"
"OV-1946","SIRT3","-0.137674","0.931"
"OV-90","SIRT3","-0.3935046","0.11"
"OVCA1369_TR","SIRT3","-2.638041","0.098"
"OVCA433_Bast","SIRT3","-0.1953253","0.923"
"OVCA5","SIRT3","-0.1044055","0.704"
"OVCA8","SIRT3","-0.06050916","0.885"
"OVCAR-3","SIRT3","-0.5325221","0.405"
"SK-OV-3","SIRT3","-0.3341207","0.027"
"TOV-1946","SIRT3","-0.2201599","0.74"
"TOV-2223G","SIRT3","-0.01297668","0.827"
"TOV-3133G","SIRT3","-0.08379179","0.599"
"AsPC-1","SIRT3","-0.1072039","0.609"
"BxPC-3","SIRT3","-0.1878411","0.63"
"CFPAC-1","SIRT3","-0.06178052","0.584"
"Capan-2","SIRT3","-0.06335182","0.553"
"HPAC","SIRT3","-0.07247102","0.511"
"HPAF-II","SIRT3","-0.0828691","0.777"
"HPDE","SIRT3","-4.688944","0.075"
"Hs 766T","SIRT3","-0.5518938","0.679"
"IMIM-PC-1","SIRT3","-0.03170392","0.982"
"IMIM-PC-2","SIRT3","-0.1209791","0.275"
"KP-3","SIRT3","0.02493718","0.996"
"KP-4","SIRT3","-0.05050356","0.714"
"MIA PaCa-2","SIRT3","-0.1124263","0.314"
"PANC-1","SIRT3","-0.04017557","0.899"
"PL45","SIRT3","-0.07035236","0.876"
"PaTu_8988S","SIRT3","-0.04438251","0.68"
"PaTu_8988T","SIRT3","-0.06384027","0.726"
"Panc 02.03","SIRT3","-0.2301192","0.502"
"Panc 03.27","SIRT3","-0.1711326","0.265"
"Panc 04.03","SIRT3","-0.2126959","0.394"
"Panc 05.04","SIRT3","-0.1783026","0.757"
"Panc 08.13","SIRT3","-0.3354664","0.062"
"Panc 10.05","SIRT3","-0.3024204","0.129"
"RWP-1","SIRT3","-0.1137143","0.534"
"SK-PC-1","SIRT3","-0.07209656","0.792"
"SK-PC-3","SIRT3","-0.3582764","0.532"
"SU.86.86","SIRT3","0.01775672","0.925"
"SW1990","SIRT3","-0.1473947","0.581"
"BT-20","SIRT4","-0.08193349","0.806"
"BT-474","SIRT4","-0.1651449","0.544"
"BT-549","SIRT4","-0.181752","0.699"
"CAL-51","SIRT4","-0.1099392","0.651"
"CAMA-1","SIRT4","-0.1444911","0.824"
"EFM-19","SIRT4","-0.1313537","0.515"
"HCC1143","SIRT4","-0.02266982","0.952"
"HCC1187","SIRT4","-0.2484264","0.539"
"HCC1395","SIRT4","-0.07823315","0.906"
"HCC1419","SIRT4","-0.0447886","0.925"
"HCC1428","SIRT4","-0.009531949","0.967"
"HCC1500","SIRT4","-0.1140569","0.701"
"HCC1806","SIRT4","-0.1826937","0.836"
"HCC1937","SIRT4","-0.3397027","0.143"
"HCC1954","SIRT4","-0.04714417","0.868"
"HCC38","SIRT4","-0.09894284","0.828"
"Hs 578T","SIRT4","0.08175629","1"
"KPL-1","SIRT4","0.001404161","0.993"
"MCF7","SIRT4","-0.01954269","0.764"
"MDA-MB-157","SIRT4","-0.001981646","0.971"
"MDA-MB-231","SIRT4","-0.135268","0.596"
"MDA-MB-361","SIRT4","-0.006518306","0.96"
"MDA-MB-436","SIRT4","-0.2118647","0.621"
"MDA-MB-453","SIRT4","0.01992077","0.885"
"MDA-MB-468","SIRT4","-0.1443073","0.38"
"SK-BR-3","SIRT4","-0.1747451","0.722"
"SW527","SIRT4","-0.05489675","0.782"
"T-47D","SIRT4","-0.08360919","0.867"
"ZR-75-1","SIRT4","-0.08376707","0.908"
"609050M","SIRT4","0.003984693","0.996"
"A2780","SIRT4","-0.05044715","0.538"
"A2780_CIS","SIRT4","-0.05443615","0.661"
"MM_OVCAR432_Bast_1","SIRT4","-0.5620102","0.53"
"OV-1946","SIRT4","-0.1465016","0.927"
"OV-90","SIRT4","0.03322964","0.994"
"OVCA1369_TR","SIRT4","-1.626233","0.265"
"OVCA433_Bast","SIRT4","0.01814859","0.998"
"OVCA5","SIRT4","-0.09468791","0.733"
"OVCA8","SIRT4","-0.1510524","0.667"
"OVCAR-3","SIRT4","-0.2470121","0.691"
"SK-OV-3","SIRT4","-0.1472958","0.226"
"TOV-1946","SIRT4","-0.1245401","0.871"
"TOV-2223G","SIRT4","-0.06965076","0.688"
"TOV-3133G","SIRT4","-0.1425643","0.399"
"AsPC-1","SIRT4","-0.02376994","0.916"
"BxPC-3","SIRT4","-0.07285129","0.91"
"CFPAC-1","SIRT4","-0.1313584","0.23"
"Capan-2","SIRT4","0.003537389","0.927"
"HPAC","SIRT4","-0.01985823","0.865"
"HPAF-II","SIRT4","-0.06063802","0.863"
"HPDE","SIRT4","1.397496","1"
"Hs 766T","SIRT4","-0.3691744","0.888"
"IMIM-PC-1","SIRT4","-0.06136224","0.853"
"IMIM-PC-2","SIRT4","0.0004388347","0.962"
"KP-3","SIRT4","0.06128086","1"
"KP-4","SIRT4","-0.006495489","0.96"
"MIA PaCa-2","SIRT4","0.006155007","0.987"
"PANC-1","SIRT4","-0.031743","0.938"
"PL45","SIRT4","-0.05064171","0.927"
"PaTu_8988S","SIRT4","0.02124283","0.997"
"PaTu_8988T","SIRT4","-0.02168242","0.977"
"Panc 02.03","SIRT4","-0.04987627","0.996"
"Panc 03.27","SIRT4","-0.02383723","0.895"
"Panc 04.03","SIRT4","-0.06830162","0.859"
"Panc 05.04","SIRT4","-0.1336019","0.866"
"Panc 08.13","SIRT4","-0.0542021","0.774"
"Panc 10.05","SIRT4","0.002093515","0.934"
"RWP-1","SIRT4","0.1436022","1"
"SK-PC-1","SIRT4","-0.07119294","0.797"
"SK-PC-3","SIRT4","-0.01436386","1"
"SU.86.86","SIRT4","0.007299398","0.877"
"SW1990","SIRT4","-0.1808521","0.465"
"BT-20","SIRT5","-0.4136508","0.167"
"BT-474","SIRT5","-0.1834339","0.498"
"BT-549","SIRT5","-0.06062861","0.941"
"CAL-51","SIRT5","-0.1622482","0.393"
"CAMA-1","SIRT5","-0.1732117","0.764"
"EFM-19","SIRT5","-0.1857152","0.328"
"HCC1143","SIRT5","-0.3814668","0.449"
"HCC1187","SIRT5","-0.2174193","0.615"
"HCC1395","SIRT5","-0.3014069","0.441"
"HCC1419","SIRT5","-0.2278049","0.354"
"HCC1428","SIRT5","-0.8313022","0.181"
"HCC1500","SIRT5","-0.2508956","0.335"
"HCC1806","SIRT5","-0.3340625","0.64"
"HCC1937","SIRT5","-0.1601368","0.427"
"HCC1954","SIRT5","-0.1430447","0.515"
"HCC38","SIRT5","-0.1621856","0.678"
"Hs 578T","SIRT5","0.004090553","0.903"
"KPL-1","SIRT5","-0.09486976","0.45"
"MCF7","SIRT5","-0.04450131","0.579"
"MDA-MB-157","SIRT5","-0.1950509","0.4"
"MDA-MB-231","SIRT5","-0.2313178","0.404"
"MDA-MB-361","SIRT5","-0.1417354","0.639"
"MDA-MB-436","SIRT5","-0.1705097","0.737"
"MDA-MB-453","SIRT5","-0.005257062","0.633"
"MDA-MB-468","SIRT5","-0.02599277","0.852"
"SK-BR-3","SIRT5","-0.2876647","0.507"
"SW527","SIRT5","-0.1018364","0.576"
"T-47D","SIRT5","-0.2086877","0.55"
"ZR-75-1","SIRT5","-0.2390587","0.53"
"609050M","SIRT5","-0.1896286","0.468"
"A2780","SIRT5","0.05166276","0.941"
"A2780_CIS","SIRT5","-0.07326168","0.582"
"MM_OVCAR432_Bast_1","SIRT5","-0.6147574","0.474"
"OV-1946","SIRT5","-0.3091088","0.7"
"OV-90","SIRT5","-0.1107416","0.629"
"OVCA1369_TR","SIRT5","-0.9722181","0.491"
"OVCA433_Bast","SIRT5","-1.039021","0.149"
"OVCA5","SIRT5","-0.11949","0.649"
"OVCA8","SIRT5","-0.192029","0.568"
"OVCAR-3","SIRT5","-0.6051255","0.352"
"SK-OV-3","SIRT5","-0.06591731","0.54"
"TOV-1946","SIRT5","-0.2460118","0.69"
"TOV-2223G","SIRT5","-0.2439108","0.338"
"TOV-3133G","SIRT5","0.002216114","0.941"
"AsPC-1","SIRT5","-0.06510076","0.78"
"BxPC-3","SIRT5","-0.1638363","0.695"
"CFPAC-1","SIRT5","-0.08017047","0.475"
"Capan-2","SIRT5","-0.08891182","0.426"
"HPAC","SIRT5","-0.05407301","0.635"
"HPAF-II","SIRT5","-0.08700749","0.761"
"HPDE","SIRT5","-0.8259092","0.806"
"Hs 766T","SIRT5","-0.5309669","0.705"
"IMIM-PC-1","SIRT5","-0.1343867","0.396"
"IMIM-PC-2","SIRT5","0.001115693","0.964"
"KP-3","SIRT5","-0.1666859","0.498"
"KP-4","SIRT5","-0.0232625","0.897"
"MIA PaCa-2","SIRT5","-0.01809127","0.895"
"PANC-1","SIRT5","-0.06314679","0.788"
"PL45","SIRT5","-0.1640201","0.568"
"PaTu_8988S","SIRT5","-0.08484245","0.448"
"PaTu_8988T","SIRT5","-0.04827483","0.855"
"Panc 02.03","SIRT5","-0.2447197","0.47"
"Panc 03.27","SIRT5","-0.1403563","0.361"
"Panc 04.03","SIRT5","-0.16287","0.545"
"Panc 05.04","SIRT5","-0.1408523","0.849"
"Panc 08.13","SIRT5","-0.1715915","0.275"
"Panc 10.05","SIRT5","-0.1962716","0.307"
"RWP-1","SIRT5","-0.02716753","0.808"
"SK-PC-1","SIRT5","-0.1854128","0.337"
"SK-PC-3","SIRT5","-0.2195216","0.817"
"SU.86.86","SIRT5","0.002297249","0.859"
"SW1990","SIRT5","-0.1551115","0.556"
"BT-20","SIRT6","-0.1863806","0.545"
"BT-474","SIRT6","-0.02973953","0.931"
"BT-549","SIRT6","-0.259687","0.529"
"CAL-51","SIRT6","-0.134772","0.525"
"CAMA-1","SIRT6","-0.3837193","0.316"
"EFM-19","SIRT6","-0.09000219","0.642"
"HCC1143","SIRT6","-0.09196471","0.877"
"HCC1187","SIRT6","-0.2187541","0.61"
"HCC1395","SIRT6","-0.1258929","0.81"
"HCC1419","SIRT6","-0.1051214","0.723"
"HCC1428","SIRT6","-0.5268237","0.399"
"HCC1500","SIRT6","-0.2084486","0.434"
"HCC1806","SIRT6","-0.3211986","0.656"
"HCC1937","SIRT6","-0.2300022","0.296"
"HCC1954","SIRT6","-0.07502031","0.773"
"HCC38","SIRT6","-0.1810377","0.642"
"Hs 578T","SIRT6","-0.1151234","0.314"
"KPL-1","SIRT6","-0.1323281","0.265"
"MCF7","SIRT6","-0.02885216","0.69"
"MDA-MB-157","SIRT6","-0.02125682","0.935"
"MDA-MB-231","SIRT6","-0.06245192","0.777"
"MDA-MB-361","SIRT6","-0.437554","0.114"
"MDA-MB-436","SIRT6","-0.3672828","0.293"
"MDA-MB-453","SIRT6","0.0008238389","0.705"
"MDA-MB-468","SIRT6","0.02601044","0.992"
"SK-BR-3","SIRT6","-0.1481778","0.765"
"SW527","SIRT6","-0.2674183","0.127"
"T-47D","SIRT6","-0.1865537","0.602"
"ZR-75-1","SIRT6","-0.1745454","0.689"
"609050M","SIRT6","-0.1710948","0.518"
"A2780","SIRT6","-0.1748272","0.191"
"A2780_CIS","SIRT6","-0.08946913","0.51"
"MM_OVCAR432_Bast_1","SIRT6","-0.5817574","0.517"
"OV-1946","SIRT6","-0.3202203","0.678"
"OV-90","SIRT6","-0.03805576","0.864"
"OVCA1369_TR","SIRT6","-0.4138727","0.798"
"OVCA433_Bast","SIRT6","-0.2779845","0.859"
"OVCA5","SIRT6","-0.1984647","0.404"
"OVCA8","SIRT6","-0.105473","0.774"
"OVCAR-3","SIRT6","-0.2289222","0.722"
"SK-OV-3","SIRT6","-0.04145374","0.671"
"TOV-1946","SIRT6","-0.4356973","0.375"
"TOV-2223G","SIRT6","-0.3410896","0.228"
"TOV-3133G","SIRT6","-0.1556358","0.368"
"AsPC-1","SIRT6","-0.07095296","0.76"
"BxPC-3","SIRT6","-0.3397856","0.341"
"CFPAC-1","SIRT6","-0.0976","0.378"
"Capan-2","SIRT6","-0.05689482","0.593"
"HPAC","SIRT6","-0.06148332","0.576"
"HPAF-II","SIRT6","-0.1126705","0.672"
"HPDE","SIRT6","-0.9816766","0.753"
"Hs 766T","SIRT6","-0.6545711","0.546"
"IMIM-PC-1","SIRT6","-0.09290557","0.642"
"IMIM-PC-2","SIRT6","0.007376492","0.978"
"KP-3","SIRT6","-0.009601715","0.972"
"KP-4","SIRT6","-0.04234169","0.76"
"MIA PaCa-2","SIRT6","-0.05060242","0.669"
"PANC-1","SIRT6","-0.1262925","0.455"
"PL45","SIRT6","-0.1314345","0.68"
"PaTu_8988S","SIRT6","-0.0509856","0.635"
"PaTu_8988T","SIRT6","-0.1181211","0.391"
"Panc 02.03","SIRT6","-0.06179039","0.984"
"Panc 03.27","SIRT6","-0.06727853","0.681"
"Panc 04.03","SIRT6","-0.03303304","0.943"
"Panc 05.04","SIRT6","-0.3746996","0.298"
"Panc 08.13","SIRT6","-0.02449857","0.9"
"Panc 10.05","SIRT6","-0.09990328","0.608"
"RWP-1","SIRT6","-0.2092697","0.295"
"SK-PC-1","SIRT6","-0.06486446","0.842"
"SK-PC-3","SIRT6","-0.3197766","0.616"
"SU.86.86","SIRT6","-0.0271043","0.729"
"SW1990","SIRT6","-0.1366939","0.611"
"BT-20","SIRT7","-0.02010689","0.931"
"BT-474","SIRT7","-0.08586405","0.776"
"BT-549","SIRT7","-0.04895109","0.961"
"CAL-51","SIRT7","-0.05837125","0.917"
"CAMA-1","SIRT7","-0.1321381","0.847"
"EFM-19","SIRT7","-0.09805599","0.611"
"HCC1143","SIRT7","-0.02006581","0.953"
"HCC1187","SIRT7","-0.112949","0.856"
"HCC1395","SIRT7","-0.057273","0.936"
"HCC1419","SIRT7","-0.08567915","0.783"
"HCC1428","SIRT7","-0.1095015","0.889"
"HCC1500","SIRT7","-0.09940886","0.74"
"HCC1806","SIRT7","-0.02845806","0.971"
"HCC1937","SIRT7","-0.01606864","0.846"
"HCC1954","SIRT7","-0.02494349","0.94"
"HCC38","SIRT7","-0.0638664","0.897"
"Hs 578T","SIRT7","0.045058","0.986"
"KPL-1","SIRT7","-0.004029112","0.99"
"MCF7","SIRT7","0.002792159","0.911"
"MDA-MB-157","SIRT7","-0.02670772","0.927"
"MDA-MB-231","SIRT7","-0.2600414","0.351"
"MDA-MB-361","SIRT7","-0.0197226","0.943"
"MDA-MB-436","SIRT7","-0.1170568","0.884"
"MDA-MB-453","SIRT7","0.01802561","0.871"
"MDA-MB-468","SIRT7","0.009481676","0.971"
"SK-BR-3","SIRT7","-0.06421728","0.922"
"SW527","SIRT7","-0.03106907","0.881"
"T-47D","SIRT7","-0.1116562","0.808"
"ZR-75-1","SIRT7","-0.1327985","0.802"
"609050M","SIRT7","-0.04524581","0.928"
"A2780","SIRT7","0.03221152","0.88"
"A2780_CIS","SIRT7","-0.02537569","0.795"
"MM_OVCAR432_Bast_1","SIRT7","-0.4443781","0.667"
"OV-1946","SIRT7","-0.1137296","0.952"
"OV-90","SIRT7","-0.007770268","0.956"
"OVCA1369_TR","SIRT7","-0.3571343","0.83"
"OVCA433_Bast","SIRT7","-0.1087191","0.972"
"OVCA5","SIRT7","-0.03323158","0.921"
"OVCA8","SIRT7","-0.03829011","0.94"
"OVCAR-3","SIRT7","-0.3027932","0.63"
"SK-OV-3","SIRT7","-0.1010718","0.376"
"TOV-1946","SIRT7","-0.04587704","0.959"
"TOV-2223G","SIRT7","-0.1097098","0.598"
"TOV-3133G","SIRT7","-0.02272514","0.855"
"AsPC-1","SIRT7","0.001801776","0.98"
"BxPC-3","SIRT7","-0.06373075","0.927"
"CFPAC-1","SIRT7","-0.04426096","0.717"
"Capan-2","SIRT7","-0.07223877","0.504"
"HPAC","SIRT7","-0.008037593","0.937"
"HPAF-II","SIRT7","-0.07965192","0.795"
"HPDE","SIRT7","0.3944174","0.991"
"Hs 766T","SIRT7","-0.3045692","0.947"
"IMIM-PC-1","SIRT7","-0.05472698","0.894"
"IMIM-PC-2","SIRT7","-0.04083429","0.745"
"KP-3","SIRT7","-0.01085009","0.971"
"KP-4","SIRT7","-0.02520635","0.88"
"MIA PaCa-2","SIRT7","0.01775791","0.999"
"PANC-1","SIRT7","-0.01506169","0.978"
"PL45","SIRT7","-0.06731781","0.883"
"PaTu_8988S","SIRT7","-0.03173779","0.773"
"PaTu_8988T","SIRT7","-0.01355826","0.992"
"Panc 02.03","SIRT7","-0.08290514","0.96"
"Panc 03.27","SIRT7","-0.02223312","0.9"
"Panc 04.03","SIRT7","-0.02926961","0.947"
"Panc 05.04","SIRT7","-0.07932308","0.958"
"Panc 08.13","SIRT7","0.01659992","0.99"
"Panc 10.05","SIRT7","-0.06006166","0.757"
"RWP-1","SIRT7","0.008362993","0.924"
"SK-PC-1","SIRT7","-0.08936321","0.706"
"SK-PC-3","SIRT7","-0.1590424","0.916"
"SU.86.86","SIRT7","-0.007475465","0.826"
"SW1990","SIRT7","-0.07023543","0.871"
"BT-20","SMARCA1","0.04192891","0.996"
"BT-474","SMARCA1","0.00819469","0.991"
"BT-549","SMARCA1","-0.04918582","0.961"
"CAL-51","SMARCA1","-0.07743844","0.835"
"CAMA-1","SMARCA1","-0.1326127","0.846"
"EFM-19","SMARCA1","0.04221889","0.988"
"HCC1143","SMARCA1","0.07596119","0.995"
"HCC1187","SMARCA1","-0.04882563","0.969"
"HCC1395","SMARCA1","-0.05060441","0.946"
"HCC1419","SMARCA1","-0.01415547","0.983"
"HCC1428","SMARCA1","-0.01475546","0.964"
"HCC1500","SMARCA1","0.01048563","0.984"
"HCC1806","SMARCA1","0.03497531","0.998"
"HCC1937","SMARCA1","0.04555188","0.975"
"HCC1954","SMARCA1","0.01326144","0.997"
"HCC38","SMARCA1","-0.04205172","0.938"
"Hs 578T","SMARCA1","-0.008846925","0.854"
"KPL-1","SMARCA1","-0.03015595","0.933"
"MCF7","SMARCA1","0.01172626","0.942"
"MDA-MB-157","SMARCA1","0.001545194","0.971"
"MDA-MB-231","SMARCA1","0.03919556","0.964"
"MDA-MB-361","SMARCA1","0.02076549","0.983"
"MDA-MB-436","SMARCA1","-0.09224981","0.949"
"MDA-MB-453","SMARCA1","0.01682278","0.861"
"MDA-MB-468","SMARCA1","-0.01282102","0.912"
"SK-BR-3","SMARCA1","-0.003146488","0.988"
"SW527","SMARCA1","0.0189281","0.987"
"T-47D","SMARCA1","0.02638564","0.996"
"ZR-75-1","SMARCA1","-0.04683981","0.96"
"609050M","SMARCA1","-0.03107","0.961"
"A2780","SMARCA1","0.05532153","0.945"
"A2780_CIS","SMARCA1","-0.01743983","0.824"
"MM_OVCAR432_Bast_1","SMARCA1","-0.03803582","0.982"
"OV-1946","SMARCA1","-0.06250586","0.989"
"OV-90","SMARCA1","0.001772254","0.976"
"OVCA1369_TR","SMARCA1","-0.1501982","0.958"
"OVCA433_Bast","SMARCA1","-0.0225125","0.993"
"OVCA5","SMARCA1","-0.001016597","0.989"
"OVCA8","SMARCA1","-0.008703173","0.982"
"OVCAR-3","SMARCA1","-0.03735335","0.94"
"SK-OV-3","SMARCA1","0.02966218","0.966"
"TOV-1946","SMARCA1","-0.04700797","0.959"
"TOV-2223G","SMARCA1","0.04507478","0.952"
"TOV-3133G","SMARCA1","0.008586338","0.955"
"AsPC-1","SMARCA1","0.01614255","0.994"
"BxPC-3","SMARCA1","-0.02243952","0.984"
"CFPAC-1","SMARCA1","-0.004746778","0.948"
"Capan-2","SMARCA1","0.00591318","0.93"
"HPAC","SMARCA1","0.02030643","0.998"
"HPAF-II","SMARCA1","0.006079972","0.997"
"HPDE","SMARCA1","0.1336827","0.98"
"Hs 766T","SMARCA1","-0.08397885","1"
"IMIM-PC-1","SMARCA1","-0.02116683","0.993"
"IMIM-PC-2","SMARCA1","-0.02541462","0.829"
"KP-3","SMARCA1","0.02906729","0.997"
"KP-4","SMARCA1","-0.004308548","0.969"
"MIA PaCa-2","SMARCA1","0.0002882111","0.974"
"PANC-1","SMARCA1","-0.01166692","0.983"
"PL45","SMARCA1","-0.004228465","0.993"
"PaTu_8988S","SMARCA1","0.008606681","0.971"
"PaTu_8988T","SMARCA1","-0.02582744","0.969"
"Panc 02.03","SMARCA1","-0.08859595","0.951"
"Panc 03.27","SMARCA1","0.01493231","0.994"
"Panc 04.03","SMARCA1","0.01458401","1"
"Panc 05.04","SMARCA1","-0.01906169","0.995"
"Panc 08.13","SMARCA1","0.009328249","0.985"
"Panc 10.05","SMARCA1","0.02326085","0.969"
"RWP-1","SMARCA1","0.02579716","0.956"
"SK-PC-1","SMARCA1","0.005658238","1"
"SK-PC-3","SMARCA1","-0.1085792","0.97"
"SU.86.86","SMARCA1","0.05376345","0.988"
"SW1990","SMARCA1","0.001928944","0.998"
"BT-20","SMARCA4","-0.4224688","0.16"
"BT-474","SMARCA4","-0.6357303","0.027"
"BT-549","SMARCA4","-1.333259","0.001"
"CAL-51","SMARCA4","-0.3804643","0.053"
"CAMA-1","SMARCA4","-0.4510725","0.237"
"EFM-19","SMARCA4","-0.4515415","0.019"
"HCC1143","SMARCA4","-1.189785","0.01"
"HCC1187","SMARCA4","-0.2932513","0.439"
"HCC1395","SMARCA4","-0.4273153","0.249"
"HCC1419","SMARCA4","-0.3321416","0.173"
"HCC1428","SMARCA4","-0.7786034","0.204"
"HCC1500","SMARCA4","-0.4278892","0.11"
"HCC1806","SMARCA4","-0.9987558","0.043"
"HCC1937","SMARCA4","-0.1237749","0.512"
"HCC1954","SMARCA4","-0.2902249","0.208"
"HCC38","SMARCA4","-0.630483","0.062"
"Hs 578T","SMARCA4","-0.2321694","0.11"
"KPL-1","SMARCA4","-0.125528","0.289"
"MCF7","SMARCA4","-0.1078796","0.229"
"MDA-MB-157","SMARCA4","-0.1246977","0.615"
"MDA-MB-231","SMARCA4","-0.1666975","0.528"
"MDA-MB-361","SMARCA4","-0.09976988","0.756"
"MDA-MB-436","SMARCA4","-0.1815571","0.695"
"MDA-MB-453","SMARCA4","-0.2701999","0.033"
"MDA-MB-468","SMARCA4","-0.1122861","0.476"
"SK-BR-3","SMARCA4","-0.9387454","0.009"
"SW527","SMARCA4","-0.1699889","0.365"
"T-47D","SMARCA4","-0.3316199","0.283"
"ZR-75-1","SMARCA4","-0.3894209","0.258"
"609050M","SMARCA4","-0.34216","0.179"
"A2780","SMARCA4","-0.09848943","0.362"
"A2780_CIS","SMARCA4","-0.09190071","0.502"
"MM_OVCAR432_Bast_1","SMARCA4","-0.8581729","0.246"
"OV-1946","SMARCA4","-0.3603934","0.615"
"OV-90","SMARCA4","-0.2374607","0.3"
"OVCA1369_TR","SMARCA4","-3.577059","0.028"
"OVCA433_Bast","SMARCA4","-0.7024571","0.406"
"OVCA5","SMARCA4","-0.225698","0.349"
"OVCA8","SMARCA4","-0.1679473","0.624"
"OVCAR-3","SMARCA4","-1.444252","0.023"
"SK-OV-3","SMARCA4","-0.2105215","0.127"
"TOV-1946","SMARCA4","-0.4465977","0.362"
"TOV-2223G","SMARCA4","-0.1944111","0.414"
"TOV-3133G","SMARCA4","-0.8784171","0.009"
"AsPC-1","SMARCA4","-0.1935298","0.333"
"BxPC-3","SMARCA4","-0.5372771","0.106"
"CFPAC-1","SMARCA4","-0.09880848","0.37"
"Capan-2","SMARCA4","-0.1709553","0.185"
"HPAC","SMARCA4","-0.1379471","0.214"
"HPAF-II","SMARCA4","-0.6591257","0.001"
"HPDE","SMARCA4","-1.388937","0.632"
"Hs 766T","SMARCA4","-0.9182146","0.231"
"IMIM-PC-1","SMARCA4","-0.11983","0.48"
"IMIM-PC-2","SMARCA4","-0.2913167","0.033"
"KP-3","SMARCA4","-0.4846527","0.042"
"KP-4","SMARCA4","-0.1098435","0.354"
"MIA PaCa-2","SMARCA4","-0.1557867","0.174"
"PANC-1","SMARCA4","-0.1518863","0.353"
"PL45","SMARCA4","-0.2748889","0.259"
"PaTu_8988S","SMARCA4","-0.2696294","0.047"
"PaTu_8988T","SMARCA4","-0.1350792","0.323"
"Panc 02.03","SMARCA4","-0.6901643","0.022"
"Panc 03.27","SMARCA4","-0.1919238","0.227"
"Panc 04.03","SMARCA4","-0.1024664","0.76"
"Panc 05.04","SMARCA4","-0.4285469","0.207"
"Panc 08.13","SMARCA4","-0.1020329","0.543"
"Panc 10.05","SMARCA4","-0.156519","0.43"
"RWP-1","SMARCA4","-0.6377689","0.015"
"SK-PC-1","SMARCA4","-0.0716752","0.794"
"SK-PC-3","SMARCA4","-0.6310753","0.148"
"SU.86.86","SMARCA4","-0.1527854","0.266"
"SW1990","SMARCA4","-0.1681774","0.507"
"BT-20","SMARCA5","-0.1542113","0.621"
"BT-474","SMARCA5","-0.2143894","0.438"
"BT-549","SMARCA5","-0.2107059","0.634"
"CAL-51","SMARCA5","-0.1558694","0.423"
"CAMA-1","SMARCA5","-0.3689567","0.337"
"EFM-19","SMARCA5","-0.04907036","0.797"
"HCC1143","SMARCA5","-0.549462","0.256"
"HCC1187","SMARCA5","-0.1944546","0.656"
"HCC1395","SMARCA5","-0.2601279","0.522"
"HCC1419","SMARCA5","-0.1158859","0.687"
"HCC1428","SMARCA5","-0.2545935","0.692"
"HCC1500","SMARCA5","-0.5950155","0.031"
"HCC1806","SMARCA5","-0.2566767","0.736"
"HCC1937","SMARCA5","-0.08444442","0.626"
"HCC1954","SMARCA5","-0.3456373","0.136"
"HCC38","SMARCA5","-0.1801095","0.643"
"Hs 578T","SMARCA5","-0.07879052","0.476"
"KPL-1","SMARCA5","-0.150996","0.203"
"MCF7","SMARCA5","-0.2253701","0.05"
"MDA-MB-157","SMARCA5","-0.1237634","0.616"
"MDA-MB-231","SMARCA5","-0.04172953","0.818"
"MDA-MB-361","SMARCA5","-0.3406525","0.208"
"MDA-MB-436","SMARCA5","-0.1003337","0.932"
"MDA-MB-453","SMARCA5","-0.04283272","0.363"
"MDA-MB-468","SMARCA5","-0.1006261","0.529"
"SK-BR-3","SMARCA5","-0.8617982","0.022"
"SW527","SMARCA5","-0.09381268","0.608"
"T-47D","SMARCA5","-0.1285221","0.771"
"ZR-75-1","SMARCA5","-0.4712608","0.17"
"609050M","SMARCA5","-0.07936332","0.84"
"A2780","SMARCA5","-0.0004920008","0.752"
"A2780_CIS","SMARCA5","-0.06634264","0.609"
"MM_OVCAR432_Bast_1","SMARCA5","-0.4289435","0.676"
"OV-1946","SMARCA5","-0.5311594","0.376"
"OV-90","SMARCA5","-0.158391","0.482"
"OVCA1369_TR","SMARCA5","-0.5428185","0.709"
"OVCA433_Bast","SMARCA5","-0.2690377","0.865"
"OVCA5","SMARCA5","-0.1536126","0.522"
"OVCA8","SMARCA5","-0.1062572","0.774"
"OVCAR-3","SMARCA5","-0.2584984","0.677"
"SK-OV-3","SMARCA5","-0.03085938","0.73"
"TOV-1946","SMARCA5","-0.3824089","0.45"
"TOV-2223G","SMARCA5","-0.01488163","0.825"
"TOV-3133G","SMARCA5","-0.1238552","0.454"
"AsPC-1","SMARCA5","-0.1343002","0.508"
"BxPC-3","SMARCA5","-0.04471448","0.958"
"CFPAC-1","SMARCA5","-0.01358399","0.916"
"Capan-2","SMARCA5","-0.03127277","0.748"
"HPAC","SMARCA5","-0.05200636","0.652"
"HPAF-II","SMARCA5","-0.2162701","0.346"
"HPDE","SMARCA5","-0.3996994","0.892"
"Hs 766T","SMARCA5","-0.5148215","0.721"
"IMIM-PC-1","SMARCA5","-0.1189721","0.484"
"IMIM-PC-2","SMARCA5","-0.1040197","0.351"
"KP-3","SMARCA5","-0.00192579","0.98"
"KP-4","SMARCA5","-0.1503286","0.195"
"MIA PaCa-2","SMARCA5","-0.04173368","0.725"
"PANC-1","SMARCA5","-0.1681753","0.306"
"PL45","SMARCA5","-0.2708954","0.268"
"PaTu_8988S","SMARCA5","-0.02727534","0.797"
"PaTu_8988T","SMARCA5","-0.08099531","0.62"
"Panc 02.03","SMARCA5","-0.2270655","0.511"
"Panc 03.27","SMARCA5","-0.1474472","0.332"
"Panc 04.03","SMARCA5","-0.09356203","0.795"
"Panc 05.04","SMARCA5","-0.4611019","0.163"
"Panc 08.13","SMARCA5","-0.119023","0.468"
"Panc 10.05","SMARCA5","-0.2614666","0.182"
"RWP-1","SMARCA5","0.01130177","0.927"
"SK-PC-1","SMARCA5","-0.1178745","0.588"
"SK-PC-3","SMARCA5","-0.4442629","0.398"
"SU.86.86","SMARCA5","-0.02913468","0.723"
"SW1990","SMARCA5","-0.05942851","0.903"
"BT-20","SMARCC1","-0.6126893","0.046"
"BT-474","SMARCC1","-0.4523782","0.102"
"BT-549","SMARCC1","-1.080825","0.007"
"CAL-51","SMARCC1","-0.3419778","0.063"
"CAMA-1","SMARCC1","-0.7491625","0.04"
"EFM-19","SMARCC1","-0.1196851","0.551"
"HCC1143","SMARCC1","-1.208261","0.01"
"HCC1187","SMARCC1","-0.5775746","0.101"
"HCC1395","SMARCC1","-0.5852781","0.103"
"HCC1419","SMARCC1","-0.3627574","0.148"
"HCC1428","SMARCC1","-0.7468657","0.224"
"HCC1500","SMARCC1","-0.5371248","0.047"
"HCC1806","SMARCC1","-0.7507969","0.153"
"HCC1937","SMARCC1","-0.3348118","0.146"
"HCC1954","SMARCC1","-0.2458246","0.283"
"HCC38","SMARCC1","-0.8809404","0.005"
"Hs 578T","SMARCC1","-0.1349848","0.264"
"KPL-1","SMARCC1","-0.2925158","0.027"
"MCF7","SMARCC1","-0.2063939","0.065"
"MDA-MB-157","SMARCC1","-0.1650661","0.474"
"MDA-MB-231","SMARCC1","-0.2133326","0.444"
"MDA-MB-361","SMARCC1","-0.334085","0.224"
"MDA-MB-436","SMARCC1","-0.5929636","0.101"
"MDA-MB-453","SMARCC1","-0.2394965","0.042"
"MDA-MB-468","SMARCC1","-0.4661742","0.047"
"SK-BR-3","SMARCC1","-0.9203143","0.011"
"SW527","SMARCC1","-0.4225859","0.036"
"T-47D","SMARCC1","-0.6886078","0.012"
"ZR-75-1","SMARCC1","-0.7591594","0.028"
"609050M","SMARCC1","-0.5718803","0.038"
"A2780","SMARCC1","-0.3816055","0.029"
"A2780_CIS","SMARCC1","-0.5126823","0.017"
"MM_OVCAR432_Bast_1","SMARCC1","-1.441562","0.02"
"OV-1946","SMARCC1","-1.174985","0.015"
"OV-90","SMARCC1","-0.4204146","0.09"
"OVCA1369_TR","SMARCC1","-2.185175","0.141"
"OVCA433_Bast","SMARCC1","-1.398731","0.038"
"OVCA5","SMARCC1","-0.8707125","0.007"
"OVCA8","SMARCC1","-0.7755218","0.008"
"OVCAR-3","SMARCC1","-1.137033","0.081"
"SK-OV-3","SMARCC1","-0.1736034","0.18"
"TOV-1946","SMARCC1","-0.8072252","0.034"
"TOV-2223G","SMARCC1","-0.2385279","0.344"
"TOV-3133G","SMARCC1","-0.2216502","0.228"
"AsPC-1","SMARCC1","-0.4160011","0.025"
"BxPC-3","SMARCC1","-0.6789228","0.05"
"CFPAC-1","SMARCC1","-0.2897287","0.028"
"Capan-2","SMARCC1","-0.4520788","0.017"
"HPAC","SMARCC1","-0.2861693","0.015"
"HPAF-II","SMARCC1","-0.3358866","0.129"
"HPDE","SMARCC1","-2.359986","0.362"
"Hs 766T","SMARCC1","-0.7993403","0.359"
"IMIM-PC-1","SMARCC1","-0.2947369","0.061"
"IMIM-PC-2","SMARCC1","-0.3111193","0.022"
"KP-3","SMARCC1","-0.4760858","0.044"
"KP-4","SMARCC1","-0.249987","0.038"
"MIA PaCa-2","SMARCC1","-0.2230556","0.064"
"PANC-1","SMARCC1","-0.2222106","0.145"
"PL45","SMARCC1","-0.4760472","0.019"
"PaTu_8988S","SMARCC1","-0.2610986","0.051"
"PaTu_8988T","SMARCC1","-0.3132446","0.025"
"Panc 02.03","SMARCC1","-0.6065416","0.034"
"Panc 03.27","SMARCC1","-0.2016115","0.204"
"Panc 04.03","SMARCC1","-0.5753635","0.004"
"Panc 05.04","SMARCC1","-0.6378644","0.03"
"Panc 08.13","SMARCC1","-0.3861786","0.046"
"Panc 10.05","SMARCC1","-0.3103519","0.123"
"RWP-1","SMARCC1","-0.3900289","0.095"
"SK-PC-1","SMARCC1","-0.5297705","0.001"
"SK-PC-3","SMARCC1","-0.9334922","0.011"
"SU.86.86","SMARCC1","-0.3113211","0.052"
"SW1990","SMARCC1","-0.5766169","0.002"
"BT-20","SMARCC2","-0.1074862","0.747"
"BT-474","SMARCC2","-0.1420655","0.618"
"BT-549","SMARCC2","-0.06667288","0.934"
"CAL-51","SMARCC2","-0.09558781","0.738"
"CAMA-1","SMARCC2","-0.1839647","0.743"
"EFM-19","SMARCC2","-0.03436328","0.845"
"HCC1143","SMARCC2","-0.1253713","0.838"
"HCC1187","SMARCC2","-0.0765962","0.932"
"HCC1395","SMARCC2","-0.1262799","0.808"
"HCC1419","SMARCC2","-0.1176716","0.68"
"HCC1428","SMARCC2","0.005198382","0.974"
"HCC1500","SMARCC2","-0.1357782","0.62"
"HCC1806","SMARCC2","-0.1090398","0.915"
"HCC1937","SMARCC2","-0.13601","0.487"
"HCC1954","SMARCC2","-0.1211782","0.59"
"HCC38","SMARCC2","-0.2046624","0.577"
"Hs 578T","SMARCC2","-0.07907453","0.476"
"KPL-1","SMARCC2","-0.09657793","0.438"
"MCF7","SMARCC2","-0.07789367","0.37"
"MDA-MB-157","SMARCC2","-0.1560313","0.511"
"MDA-MB-231","SMARCC2","-0.04992599","0.802"
"MDA-MB-361","SMARCC2","-0.07981104","0.798"
"MDA-MB-436","SMARCC2","-0.1304129","0.851"
"MDA-MB-453","SMARCC2","-0.09306453","0.206"
"MDA-MB-468","SMARCC2","-0.1899972","0.278"
"SK-BR-3","SMARCC2","-0.2015977","0.667"
"SW527","SMARCC2","-0.05484319","0.783"
"T-47D","SMARCC2","-0.1013424","0.83"
"ZR-75-1","SMARCC2","-0.110498","0.862"
"609050M","SMARCC2","-0.2306586","0.37"
"A2780","SMARCC2","-0.01023492","0.712"
"A2780_CIS","SMARCC2","-0.0402781","0.722"
"MM_OVCAR432_Bast_1","SMARCC2","-0.1301367","0.935"
"OV-1946","SMARCC2","-0.1652383","0.913"
"OV-90","SMARCC2","-0.16994","0.444"
"OVCA1369_TR","SMARCC2","-0.5116552","0.734"
"OVCA433_Bast","SMARCC2","-0.1827462","0.929"
"OVCA5","SMARCC2","-0.08506741","0.761"
"OVCA8","SMARCC2","-0.03261982","0.95"
"OVCAR-3","SMARCC2","0.04735563","0.987"
"SK-OV-3","SMARCC2","-0.05460199","0.595"
"TOV-1946","SMARCC2","-0.2441542","0.692"
"TOV-2223G","SMARCC2","-0.06723426","0.699"
"TOV-3133G","SMARCC2","-0.2755732","0.157"
"AsPC-1","SMARCC2","-0.09024926","0.687"
"BxPC-3","SMARCC2","-0.1444814","0.742"
"CFPAC-1","SMARCC2","-0.01711075","0.899"
"Capan-2","SMARCC2","-0.1737058","0.184"
"HPAC","SMARCC2","-0.06297255","0.567"
"HPAF-II","SMARCC2","-0.0917891","0.747"
"HPDE","SMARCC2","-2.338258","0.366"
"Hs 766T","SMARCC2","-0.1619074","0.993"
"IMIM-PC-1","SMARCC2","-0.03917499","0.964"
"IMIM-PC-2","SMARCC2","-0.1144134","0.302"
"KP-3","SMARCC2","-0.1224617","0.645"
"KP-4","SMARCC2","-0.04640231","0.74"
"MIA PaCa-2","SMARCC2","0.001614744","0.976"
"PANC-1","SMARCC2","-0.109235","0.516"
"PL45","SMARCC2","-0.1767188","0.527"
"PaTu_8988S","SMARCC2","-0.02428379","0.823"
"PaTu_8988T","SMARCC2","-0.01273009","0.993"
"Panc 02.03","SMARCC2","-0.2634994","0.421"
"Panc 03.27","SMARCC2","-0.1133295","0.471"
"Panc 04.03","SMARCC2","-0.1100114","0.741"
"Panc 05.04","SMARCC2","-0.1460139","0.835"
"Panc 08.13","SMARCC2","0.004927059","0.98"
"Panc 10.05","SMARCC2","-0.07759503","0.695"
"RWP-1","SMARCC2","-0.1446483","0.453"
"SK-PC-1","SMARCC2","-0.05733812","0.871"
"SK-PC-3","SMARCC2","-0.3254886","0.604"
"SU.86.86","SMARCC2","-0.09406298","0.437"
"SW1990","SMARCC2","-0.1020623","0.765"
"BT-20","SMARCD1","-0.2605958","0.387"
"BT-474","SMARCD1","-0.1548731","0.579"
"BT-549","SMARCD1","-0.5444649","0.145"
"CAL-51","SMARCD1","-0.08102632","0.819"
"CAMA-1","SMARCD1","-0.252087","0.571"
"EFM-19","SMARCD1","-0.1895959","0.321"
"HCC1143","SMARCD1","0.05858739","0.991"
"HCC1187","SMARCD1","-0.1478719","0.766"
"HCC1395","SMARCD1","-0.1362946","0.786"
"HCC1419","SMARCD1","-0.1524872","0.559"
"HCC1428","SMARCD1","-0.7658992","0.214"
"HCC1500","SMARCD1","-0.1758769","0.498"
"HCC1806","SMARCD1","-0.115477","0.909"
"HCC1937","SMARCD1","-0.05318891","0.728"
"HCC1954","SMARCD1","-0.04261994","0.882"
"HCC38","SMARCD1","0.004348219","0.982"
"Hs 578T","SMARCD1","-0.08463005","0.448"
"KPL-1","SMARCD1","-0.1154753","0.343"
"MCF7","SMARCD1","0.005788933","0.923"
"MDA-MB-157","SMARCD1","-0.1397457","0.562"
"MDA-MB-231","SMARCD1","-0.0697304","0.765"
"MDA-MB-361","SMARCD1","-0.0646156","0.842"
"MDA-MB-436","SMARCD1","-0.1362142","0.834"
"MDA-MB-453","SMARCD1","0.01919743","0.88"
"MDA-MB-468","SMARCD1","-0.03784576","0.792"
"SK-BR-3","SMARCD1","-0.2493641","0.571"
"SW527","SMARCD1","-0.05700193","0.77"
"T-47D","SMARCD1","-0.3548573","0.243"
"ZR-75-1","SMARCD1","-0.4027902","0.237"
"609050M","SMARCD1","-0.1581032","0.562"
"A2780","SMARCD1","-0.005423545","0.732"
"A2780_CIS","SMARCD1","0.002885233","0.897"
"MM_OVCAR432_Bast_1","SMARCD1","-0.6895211","0.397"
"OV-1946","SMARCD1","-0.150199","0.925"
"OV-90","SMARCD1","0.02412863","0.987"
"OVCA1369_TR","SMARCD1","-0.49983","0.74"
"OVCA433_Bast","SMARCD1","-0.3878928","0.747"
"OVCA5","SMARCD1","-0.07680272","0.793"
"OVCA8","SMARCD1","-0.06984904","0.865"
"OVCAR-3","SMARCD1","-0.141633","0.827"
"SK-OV-3","SMARCD1","-0.07083873","0.521"
"TOV-1946","SMARCD1","-0.031665","0.971"
"TOV-2223G","SMARCD1","-0.12071","0.576"
"TOV-3133G","SMARCD1","-0.2079527","0.255"
"AsPC-1","SMARCD1","-0.1134447","0.583"
"BxPC-3","SMARCD1","-0.1177029","0.807"
"CFPAC-1","SMARCD1","-0.02016381","0.882"
"Capan-2","SMARCD1","-0.01679993","0.831"
"HPAC","SMARCD1","-0.02101541","0.859"
"HPAF-II","SMARCD1","-0.218222","0.338"
"HPDE","SMARCD1","-1.75275","0.53"
"Hs 766T","SMARCD1","-0.6302308","0.576"
"IMIM-PC-1","SMARCD1","-0.1084209","0.539"
"IMIM-PC-2","SMARCD1","-0.0247041","0.834"
"KP-3","SMARCD1","-0.04442625","0.898"
"KP-4","SMARCD1","-0.03591423","0.794"
"MIA PaCa-2","SMARCD1","-0.0574872","0.624"
"PANC-1","SMARCD1","-0.05589087","0.823"
"PL45","SMARCD1","-0.1316478","0.679"
"PaTu_8988S","SMARCD1","-0.0927169","0.416"
"PaTu_8988T","SMARCD1","-0.05010419","0.844"
"Panc 02.03","SMARCD1","-0.1554115","0.775"
"Panc 03.27","SMARCD1","-0.07384286","0.646"
"Panc 04.03","SMARCD1","-0.05103882","0.905"
"Panc 05.04","SMARCD1","-0.2499895","0.605"
"Panc 08.13","SMARCD1","-0.08208062","0.651"
"Panc 10.05","SMARCD1","-0.04196261","0.814"
"RWP-1","SMARCD1","0.004026731","0.913"
"SK-PC-1","SMARCD1","-0.01245807","0.986"
"SK-PC-3","SMARCD1","-0.2830948","0.686"
"SU.86.86","SMARCD1","-0.004757738","0.836"
"SW1990","SMARCD1","-0.0424196","0.939"
"BT-20","SMARCD2","-0.4384876","0.144"
"BT-474","SMARCD2","-0.163314","0.559"
"BT-549","SMARCD2","-0.1781777","0.71"
"CAL-51","SMARCD2","-0.1117728","0.632"
"CAMA-1","SMARCD2","-0.2608149","0.551"
"EFM-19","SMARCD2","-0.2575472","0.184"
"HCC1143","SMARCD2","-0.1118674","0.847"
"HCC1187","SMARCD2","-0.5755597","0.103"
"HCC1395","SMARCD2","-0.3501725","0.358"
"HCC1419","SMARCD2","-0.3711893","0.14"
"HCC1428","SMARCD2","-0.3229792","0.6"
"HCC1500","SMARCD2","-0.5101286","0.058"
"HCC1806","SMARCD2","-0.280245","0.711"
"HCC1937","SMARCD2","-0.01611679","0.846"
"HCC1954","SMARCD2","-0.3488788","0.134"
"HCC38","SMARCD2","-0.5282857","0.114"
"Hs 578T","SMARCD2","0.0780478","1"
"KPL-1","SMARCD2","-0.09058085","0.487"
"MCF7","SMARCD2","-0.097357","0.271"
"MDA-MB-157","SMARCD2","-0.08268166","0.748"
"MDA-MB-231","SMARCD2","-0.2096881","0.453"
"MDA-MB-361","SMARCD2","-0.1079725","0.734"
"MDA-MB-436","SMARCD2","-0.2402205","0.536"
"MDA-MB-453","SMARCD2","-0.04959125","0.332"
"MDA-MB-468","SMARCD2","-0.2808885","0.16"
"SK-BR-3","SMARCD2","-0.8298652","0.029"
"SW527","SMARCD2","-0.1757902","0.349"
"T-47D","SMARCD2","-0.5244967","0.07"
"ZR-75-1","SMARCD2","-0.2264899","0.56"
"609050M","SMARCD2","-0.215817","0.4"
"A2780","SMARCD2","-0.1788205","0.185"
"A2780_CIS","SMARCD2","-0.1735531","0.273"
"MM_OVCAR432_Bast_1","SMARCD2","-0.6873755","0.399"
"OV-1946","SMARCD2","-0.5289184","0.381"
"OV-90","SMARCD2","-0.1805868","0.419"
"OVCA1369_TR","SMARCD2","-0.9143341","0.508"
"OVCA433_Bast","SMARCD2","-0.6537317","0.455"
"OVCA5","SMARCD2","-0.5550221","0.049"
"OVCA8","SMARCD2","-0.1333208","0.713"
"OVCAR-3","SMARCD2","-0.2774646","0.66"
"SK-OV-3","SMARCD2","-0.04095356","0.677"
"TOV-1946","SMARCD2","-0.3478427","0.511"
"TOV-2223G","SMARCD2","-0.01657994","0.822"
"TOV-3133G","SMARCD2","-0.3203846","0.134"
"AsPC-1","SMARCD2","-0.2197034","0.26"
"BxPC-3","SMARCD2","-0.4688672","0.166"
"CFPAC-1","SMARCD2","-0.1650474","0.141"
"Capan-2","SMARCD2","-0.06554137","0.539"
"HPAC","SMARCD2","-0.1364549","0.216"
"HPAF-II","SMARCD2","-0.3375931","0.129"
"HPDE","SMARCD2","-2.214757","0.399"
"Hs 766T","SMARCD2","-1.128891","0.082"
"IMIM-PC-1","SMARCD2","-0.314613","0.048"
"IMIM-PC-2","SMARCD2","-0.04538697","0.714"
"KP-3","SMARCD2","-0.3253412","0.141"
"KP-4","SMARCD2","-0.09950855","0.412"
"MIA PaCa-2","SMARCD2","-0.06435617","0.586"
"PANC-1","SMARCD2","-0.173891","0.286"
"PL45","SMARCD2","-0.09193999","0.814"
"PaTu_8988S","SMARCD2","-0.2894837","0.038"
"PaTu_8988T","SMARCD2","-0.1005783","0.492"
"Panc 02.03","SMARCD2","-0.2479223","0.458"
"Panc 03.27","SMARCD2","-0.2366515","0.148"
"Panc 04.03","SMARCD2","-0.2430383","0.303"
"Panc 05.04","SMARCD2","-0.3739194","0.299"
"Panc 08.13","SMARCD2","-0.04892903","0.798"
"Panc 10.05","SMARCD2","-0.5455617","0.009"
"RWP-1","SMARCD2","-0.04103751","0.77"
"SK-PC-1","SMARCD2","-0.2417817","0.207"
"SK-PC-3","SMARCD2","-0.4880939","0.331"
"SU.86.86","SMARCD2","-0.05572953","0.605"
"SW1990","SMARCD2","-0.1748687","0.485"
"BT-20","SMYD1","-0.4139115","0.166"
"BT-474","SMYD1","-0.183563","0.498"
"BT-549","SMYD1","-0.4819352","0.205"
"CAL-51","SMYD1","-0.1847637","0.3"
"CAMA-1","SMYD1","-0.6405878","0.078"
"EFM-19","SMYD1","-0.1446677","0.461"
"HCC1143","SMYD1","-0.3433175","0.495"
"HCC1187","SMYD1","-0.1663703","0.715"
"HCC1395","SMYD1","-0.6654139","0.06"
"HCC1419","SMYD1","-0.1858611","0.451"
"HCC1428","SMYD1","-1.038559","0.106"
"HCC1500","SMYD1","-0.2788511","0.28"
"HCC1806","SMYD1","-0.2176816","0.788"
"HCC1937","SMYD1","-0.1374519","0.483"
"HCC1954","SMYD1","-0.1820037","0.41"
"HCC38","SMYD1","-0.6331611","0.061"
"Hs 578T","SMYD1","-0.07924139","0.475"
"KPL-1","SMYD1","-0.1087463","0.384"
"MCF7","SMYD1","-0.09669565","0.276"
"MDA-MB-157","SMYD1","-0.1722628","0.453"
"MDA-MB-231","SMYD1","-0.4390357","0.12"
"MDA-MB-361","SMYD1","-0.1989316","0.504"
"MDA-MB-436","SMYD1","-0.322266","0.362"
"MDA-MB-453","SMYD1","-0.01124677","0.585"
"MDA-MB-468","SMYD1","-0.02007588","0.883"
"SK-BR-3","SMYD1","-0.4545315","0.264"
"SW527","SMYD1","-0.2195643","0.229"
"T-47D","SMYD1","-0.2571784","0.437"
"ZR-75-1","SMYD1","-0.247631","0.515"
"609050M","SMYD1","-0.2554444","0.318"
"A2780","SMYD1","-0.06407212","0.482"
"A2780_CIS","SMYD1","-0.1672865","0.282"
"MM_OVCAR432_Bast_1","SMYD1","-1.329116","0.042"
"OV-1946","SMYD1","-0.8348585","0.115"
"OV-90","SMYD1","-0.02761501","0.903"
"OVCA1369_TR","SMYD1","-0.5552344","0.704"
"OVCA433_Bast","SMYD1","-0.6806287","0.422"
"OVCA5","SMYD1","-0.276926","0.27"
"OVCA8","SMYD1","-0.3594675","0.263"
"OVCAR-3","SMYD1","-0.398415","0.526"
"SK-OV-3","SMYD1","-0.1207741","0.303"
"TOV-1946","SMYD1","-0.3839921","0.447"
"TOV-2223G","SMYD1","-0.06217523","0.709"
"TOV-3133G","SMYD1","-0.06638146","0.661"
"AsPC-1","SMYD1","-0.06695025","0.775"
"BxPC-3","SMYD1","-0.1403296","0.753"
"CFPAC-1","SMYD1","-0.06152827","0.585"
"Capan-2","SMYD1","-0.08988073","0.424"
"HPAC","SMYD1","-0.06599639","0.545"
"HPAF-II","SMYD1","-0.2366448","0.296"
"HPDE","SMYD1","-2.264301","0.385"
"Hs 766T","SMYD1","-0.5477536","0.687"
"IMIM-PC-1","SMYD1","-0.1637062","0.268"
"IMIM-PC-2","SMYD1","-0.01440741","0.901"
"KP-3","SMYD1","-0.1632179","0.509"
"KP-4","SMYD1","-0.118459","0.312"
"MIA PaCa-2","SMYD1","-0.1791966","0.13"
"PANC-1","SMYD1","-0.2061673","0.185"
"PL45","SMYD1","-0.252252","0.308"
"PaTu_8988S","SMYD1","-0.07769009","0.482"
"PaTu_8988T","SMYD1","-0.04359369","0.882"
"Panc 02.03","SMYD1","-0.08179756","0.961"
"Panc 03.27","SMYD1","-0.1030761","0.513"
"Panc 04.03","SMYD1","-0.1289432","0.674"
"Panc 05.04","SMYD1","-0.3257097","0.407"
"Panc 08.13","SMYD1","-0.2787706","0.098"
"Panc 10.05","SMYD1","-0.1471411","0.455"
"RWP-1","SMYD1","-0.2237242","0.269"
"SK-PC-1","SMYD1","-0.06059216","0.86"
"SK-PC-3","SMYD1","-0.6635342","0.122"
"SU.86.86","SMYD1","-0.06946307","0.539"
"SW1990","SMYD1","-0.1159967","0.713"
"BT-20","SMYD2","-0.1094655","0.742"
"BT-474","SMYD2","-0.07544519","0.809"
"BT-549","SMYD2","-0.06292233","0.94"
"CAL-51","SMYD2","-0.0827717","0.81"
"CAMA-1","SMYD2","-0.1274571","0.863"
"EFM-19","SMYD2","-0.09376948","0.626"
"HCC1143","SMYD2","-0.2273474","0.69"
"HCC1187","SMYD2","-0.1579764","0.739"
"HCC1395","SMYD2","-0.1763081","0.7"
"HCC1419","SMYD2","-0.02101827","0.975"
"HCC1428","SMYD2","-0.05381043","0.94"
"HCC1500","SMYD2","-0.1255071","0.652"
"HCC1806","SMYD2","-0.6705153","0.215"
"HCC1937","SMYD2","-0.06904279","0.667"
"HCC1954","SMYD2","-0.05864695","0.833"
"HCC38","SMYD2","-0.2404818","0.506"
"Hs 578T","SMYD2","0.01358147","0.932"
"KPL-1","SMYD2","-0.08585316","0.531"
"MCF7","SMYD2","-0.03537343","0.643"
"MDA-MB-157","SMYD2","-0.01543941","0.949"
"MDA-MB-231","SMYD2","-0.009089468","0.883"
"MDA-MB-361","SMYD2","-0.204681","0.492"
"MDA-MB-436","SMYD2","-0.2782269","0.442"
"MDA-MB-453","SMYD2","0.01321135","0.826"
"MDA-MB-468","SMYD2","-0.1292936","0.427"
"SK-BR-3","SMYD2","-0.105054","0.846"
"SW527","SMYD2","-0.08140917","0.661"
"T-47D","SMYD2","-0.09494238","0.853"
"ZR-75-1","SMYD2","-0.09854752","0.883"
"609050M","SMYD2","-0.1887666","0.469"
"A2780","SMYD2","-0.02819955","0.638"
"A2780_CIS","SMYD2","-0.03586937","0.747"
"MM_OVCAR432_Bast_1","SMYD2","-0.6953511","0.391"
"OV-1946","SMYD2","-0.3315619","0.662"
"OV-90","SMYD2","-0.0809458","0.723"
"OVCA1369_TR","SMYD2","-0.5395418","0.71"
"OVCA433_Bast","SMYD2","-0.3100439","0.835"
"OVCA5","SMYD2","-0.05456386","0.863"
"OVCA8","SMYD2","-0.3067419","0.343"
"OVCAR-3","SMYD2","0.007765961","0.975"
"SK-OV-3","SMYD2","-0.04672569","0.642"
"TOV-1946","SMYD2","-0.3684502","0.471"
"TOV-2223G","SMYD2","0.07589541","0.982"
"TOV-3133G","SMYD2","-0.0570659","0.7"
"AsPC-1","SMYD2","-0.1738188","0.393"
"BxPC-3","SMYD2","-0.224461","0.55"
"CFPAC-1","SMYD2","-0.06622694","0.562"
"Capan-2","SMYD2","-0.02610112","0.779"
"HPAC","SMYD2","-0.1181514","0.28"
"HPAF-II","SMYD2","-0.1157482","0.664"
"HPDE","SMYD2","-1.099279","0.722"
"Hs 766T","SMYD2","-0.3211216","0.935"
"IMIM-PC-1","SMYD2","-0.008080361","0.999"
"IMIM-PC-2","SMYD2","-0.04209719","0.736"
"KP-3","SMYD2","-0.1355545","0.589"
"KP-4","SMYD2","-0.1262046","0.279"
"MIA PaCa-2","SMYD2","-0.04035959","0.745"
"PANC-1","SMYD2","-0.1527322","0.35"
"PL45","SMYD2","-0.2099519","0.418"
"PaTu_8988S","SMYD2","-0.02535133","0.814"
"PaTu_8988T","SMYD2","-0.03435791","0.931"
"Panc 02.03","SMYD2","-0.1015595","0.925"
"Panc 03.27","SMYD2","-0.03488203","0.842"
"Panc 04.03","SMYD2","-0.1792801","0.495"
"Panc 05.04","SMYD2","-0.06713758","0.971"
"Panc 08.13","SMYD2","-0.1609156","0.311"
"Panc 10.05","SMYD2","-0.081218","0.687"
"RWP-1","SMYD2","-0.1115161","0.548"
"SK-PC-1","SMYD2","-0.1155387","0.599"
"SK-PC-3","SMYD2","-0.2120759","0.834"
"SU.86.86","SMYD2","-0.09650871","0.427"
"SW1990","SMYD2","-0.1511449","0.566"
"BT-20","SMYD3","-0.2525761","0.407"
"BT-474","SMYD3","-0.5825539","0.045"
"BT-549","SMYD3","-0.3096926","0.425"
"CAL-51","SMYD3","-0.1399842","0.501"
"CAMA-1","SMYD3","-0.07224384","0.971"
"EFM-19","SMYD3","-0.223677","0.249"
"HCC1143","SMYD3","-0.3171228","0.525"
"HCC1187","SMYD3","-0.2048817","0.638"
"HCC1395","SMYD3","-0.2066992","0.633"
"HCC1419","SMYD3","-0.2853557","0.244"
"HCC1428","SMYD3","-0.361601","0.552"
"HCC1500","SMYD3","-0.1422494","0.598"
"HCC1806","SMYD3","-0.2362309","0.765"
"HCC1937","SMYD3","-0.06215151","0.7"
"HCC1954","SMYD3","-0.1127517","0.62"
"HCC38","SMYD3","-0.2237222","0.54"
"Hs 578T","SMYD3","-0.1054944","0.346"
"KPL-1","SMYD3","-0.1343928","0.254"
"MCF7","SMYD3","-0.1088858","0.225"
"MDA-MB-157","SMYD3","-0.1226308","0.621"
"MDA-MB-231","SMYD3","-0.3710309","0.193"
"MDA-MB-361","SMYD3","-0.04909201","0.879"
"MDA-MB-436","SMYD3","-0.2940183","0.415"
"MDA-MB-453","SMYD3","-0.02781769","0.449"
"MDA-MB-468","SMYD3","-0.09548824","0.54"
"SK-BR-3","SMYD3","-0.4351382","0.287"
"SW527","SMYD3","-0.2582703","0.147"
"T-47D","SMYD3","-0.3212255","0.305"
"ZR-75-1","SMYD3","-0.4204934","0.219"
"609050M","SMYD3","-0.2684859","0.299"
"A2780","SMYD3","-0.1077307","0.332"
"A2780_CIS","SMYD3","-0.07397754","0.579"
"MM_OVCAR432_Bast_1","SMYD3","-0.2784481","0.833"
"OV-1946","SMYD3","-0.1543845","0.925"
"OV-90","SMYD3","-0.3075552","0.183"
"OVCA1369_TR","SMYD3","-0.7646168","0.577"
"OVCA433_Bast","SMYD3","-0.3618591","0.778"
"OVCA5","SMYD3","-0.1557327","0.512"
"OVCA8","SMYD3","-0.3898356","0.222"
"OVCAR-3","SMYD3","-0.2997033","0.636"
"SK-OV-3","SMYD3","-0.04642888","0.643"
"TOV-1946","SMYD3","-0.2178608","0.744"
"TOV-2223G","SMYD3","-0.07289071","0.684"
"TOV-3133G","SMYD3","-0.0897034","0.581"
"AsPC-1","SMYD3","-0.1342187","0.509"
"BxPC-3","SMYD3","-0.2097633","0.58"
"CFPAC-1","SMYD3","-0.06836933","0.551"
"Capan-2","SMYD3","-0.1215509","0.302"
"HPAC","SMYD3","-0.1651444","0.147"
"HPAF-II","SMYD3","-0.2245878","0.317"
"HPDE","SMYD3","-2.003089","0.466"
"Hs 766T","SMYD3","-0.5631946","0.663"
"IMIM-PC-1","SMYD3","-0.1294014","0.422"
"IMIM-PC-2","SMYD3","-0.07523886","0.5"
"KP-3","SMYD3","-0.2837223","0.211"
"KP-4","SMYD3","-0.2268959","0.057"
"MIA PaCa-2","SMYD3","-0.09056681","0.435"
"PANC-1","SMYD3","-0.140894","0.394"
"PL45","SMYD3","-0.2194925","0.391"
"PaTu_8988S","SMYD3","-0.1091117","0.349"
"PaTu_8988T","SMYD3","-0.1409747","0.299"
"Panc 02.03","SMYD3","-0.1146752","0.898"
"Panc 03.27","SMYD3","-0.09703863","0.544"
"Panc 04.03","SMYD3","-0.1592967","0.552"
"Panc 05.04","SMYD3","-0.2820373","0.517"
"Panc 08.13","SMYD3","-0.141204","0.382"
"Panc 10.05","SMYD3","-0.1938227","0.31"
"RWP-1","SMYD3","-0.2104878","0.294"
"SK-PC-1","SMYD3","-0.2898674","0.117"
"SK-PC-3","SMYD3","-0.5169418","0.297"
"SU.86.86","SMYD3","-0.13896","0.309"
"SW1990","SMYD3","-0.1272361","0.647"
"BT-20","SMYD4","-0.06659995","0.847"
"BT-474","SMYD4","-0.07354271","0.813"
"BT-549","SMYD4","-0.09930305","0.883"
"CAL-51","SMYD4","-0.05132698","0.938"
"CAMA-1","SMYD4","-0.08861827","0.947"
"EFM-19","SMYD4","-0.07435335","0.701"
"HCC1143","SMYD4","-0.1279123","0.836"
"HCC1187","SMYD4","-0.06964865","0.942"
"HCC1395","SMYD4","-0.09046714","0.888"
"HCC1419","SMYD4","-0.1320494","0.632"
"HCC1428","SMYD4","-0.09076065","0.907"
"HCC1500","SMYD4","-0.2380731","0.361"
"HCC1806","SMYD4","0.00217907","0.989"
"HCC1937","SMYD4","-0.1318239","0.496"
"HCC1954","SMYD4","-0.01706249","0.96"
"HCC38","SMYD4","-0.04573908","0.937"
"Hs 578T","SMYD4","-0.04234671","0.689"
"KPL-1","SMYD4","-0.07534576","0.619"
"MCF7","SMYD4","0.01030077","0.938"
"MDA-MB-157","SMYD4","-0.07734393","0.769"
"MDA-MB-231","SMYD4","-0.1355015","0.596"
"MDA-MB-361","SMYD4","-0.04686629","0.885"
"MDA-MB-436","SMYD4","-0.08467887","0.963"
"MDA-MB-453","SMYD4","0.02098422","0.888"
"MDA-MB-468","SMYD4","-0.01513691","0.901"
"SK-BR-3","SMYD4","-0.03944284","0.95"
"SW527","SMYD4","-0.04068139","0.85"
"T-47D","SMYD4","-0.2930615","0.354"
"ZR-75-1","SMYD4","-0.1966011","0.633"
"609050M","SMYD4","-0.0665474","0.878"
"A2780","SMYD4","-0.001419991","0.751"
"A2780_CIS","SMYD4","-0.008592749","0.857"
"MM_OVCAR432_Bast_1","SMYD4","-0.2888226","0.821"
"OV-1946","SMYD4","-0.1536534","0.925"
"OV-90","SMYD4","-0.06393884","0.777"
"OVCA1369_TR","SMYD4","-0.380903","0.823"
"OVCA433_Bast","SMYD4","-0.3275392","0.813"
"OVCA5","SMYD4","-0.05349932","0.865"
"OVCA8","SMYD4","-0.09608126","0.795"
"OVCAR-3","SMYD4","-0.04572635","0.926"
"SK-OV-3","SMYD4","-0.01666719","0.804"
"TOV-1946","SMYD4","-0.04029318","0.964"
"TOV-2223G","SMYD4","0.04562964","0.954"
"TOV-3133G","SMYD4","0.01401301","0.968"
"AsPC-1","SMYD4","-0.05348951","0.822"
"BxPC-3","SMYD4","-0.01656635","0.989"
"CFPAC-1","SMYD4","-0.01044771","0.931"
"Capan-2","SMYD4","-0.01543715","0.837"
"HPAC","SMYD4","-0.02619518","0.827"
"HPAF-II","SMYD4","-0.04202935","0.922"
"HPDE","SMYD4","-0.6360732","0.842"
"Hs 766T","SMYD4","-0.3606709","0.893"
"IMIM-PC-1","SMYD4","-0.05468944","0.894"
"IMIM-PC-2","SMYD4","-0.03258295","0.793"
"KP-3","SMYD4","-0.03812633","0.915"
"KP-4","SMYD4","-0.02129974","0.904"
"MIA PaCa-2","SMYD4","-0.02014309","0.886"
"PANC-1","SMYD4","-0.02927079","0.946"
"PL45","SMYD4","-0.09191105","0.814"
"PaTu_8988S","SMYD4","-0.00513137","0.916"
"PaTu_8988T","SMYD4","-0.03371125","0.936"
"Panc 02.03","SMYD4","-0.1234645","0.875"
"Panc 03.27","SMYD4","-0.05564711","0.731"
"Panc 04.03","SMYD4","-0.1422965","0.623"
"Panc 05.04","SMYD4","-0.2075139","0.704"
"Panc 08.13","SMYD4","-0.06953944","0.706"
"Panc 10.05","SMYD4","-0.06670896","0.737"
"RWP-1","SMYD4","-0.04091115","0.77"
"SK-PC-1","SMYD4","-0.1095841","0.617"
"SK-PC-3","SMYD4","-0.2443466","0.782"
"SU.86.86","SMYD4","-0.07705672","0.509"
"SW1990","SMYD4","-0.08999114","0.807"
"BT-20","SMYD5","-0.3938003","0.192"
"BT-474","SMYD5","-0.2831661","0.294"
"BT-549","SMYD5","-0.2936094","0.46"
"CAL-51","SMYD5","-0.05081955","0.941"
"CAMA-1","SMYD5","-0.4267448","0.263"
"EFM-19","SMYD5","-0.04333526","0.817"
"HCC1143","SMYD5","-0.6617685","0.168"
"HCC1187","SMYD5","-0.1445265","0.777"
"HCC1395","SMYD5","-0.3838154","0.31"
"HCC1419","SMYD5","-0.09450167","0.757"
"HCC1428","SMYD5","-0.1705138","0.8"
"HCC1500","SMYD5","-0.1273337","0.646"
"HCC1806","SMYD5","-0.3913977","0.559"
"HCC1937","SMYD5","-0.06976974","0.664"
"HCC1954","SMYD5","-0.11531","0.609"
"HCC38","SMYD5","-0.2059609","0.576"
"Hs 578T","SMYD5","-0.05832557","0.584"
"KPL-1","SMYD5","-0.06660415","0.708"
"MCF7","SMYD5","-0.01047156","0.821"
"MDA-MB-157","SMYD5","-0.1461013","0.542"
"MDA-MB-231","SMYD5","-0.23126","0.405"
"MDA-MB-361","SMYD5","-0.1925054","0.516"
"MDA-MB-436","SMYD5","-0.1773064","0.711"
"MDA-MB-453","SMYD5","-0.006641156","0.63"
"MDA-MB-468","SMYD5","-0.1463248","0.368"
"SK-BR-3","SMYD5","-0.2226419","0.628"
"SW527","SMYD5","-0.09603174","0.601"
"T-47D","SMYD5","-0.1243462","0.781"
"ZR-75-1","SMYD5","-0.1024809","0.878"
"609050M","SMYD5","-0.1549834","0.574"
"A2780","SMYD5","-0.06515982","0.476"
"A2780_CIS","SMYD5","-0.1114427","0.432"
"MM_OVCAR432_Bast_1","SMYD5","-0.3981147","0.707"
"OV-1946","SMYD5","-0.4878055","0.442"
"OV-90","SMYD5","-0.1400991","0.528"
"OVCA1369_TR","SMYD5","-0.2310962","0.915"
"OVCA433_Bast","SMYD5","-0.1664683","0.945"
"OVCA5","SMYD5","-0.1181801","0.655"
"OVCA8","SMYD5","-0.2796648","0.392"
"OVCAR-3","SMYD5","-0.1065629","0.871"
"SK-OV-3","SMYD5","-0.06955262","0.529"
"TOV-1946","SMYD5","-0.2182443","0.743"
"TOV-2223G","SMYD5","0.05663648","0.963"
"TOV-3133G","SMYD5","-0.06702849","0.658"
"AsPC-1","SMYD5","-0.1371378","0.5"
"BxPC-3","SMYD5","-0.0577575","0.936"
"CFPAC-1","SMYD5","-0.04719805","0.696"
"Capan-2","SMYD5","-0.103989","0.374"
"HPAC","SMYD5","-0.07092152","0.517"
"HPAF-II","SMYD5","-0.1606295","0.496"
"HPDE","SMYD5","-1.749415","0.532"
"Hs 766T","SMYD5","-0.4589819","0.785"
"IMIM-PC-1","SMYD5","-0.105936","0.552"
"IMIM-PC-2","SMYD5","-0.03209147","0.793"
"KP-3","SMYD5","-0.08732405","0.775"
"KP-4","SMYD5","-0.0605773","0.638"
"MIA PaCa-2","SMYD5","-0.036192","0.776"
"PANC-1","SMYD5","-0.08267768","0.662"
"PL45","SMYD5","-0.08516493","0.835"
"PaTu_8988S","SMYD5","-0.1195278","0.305"
"PaTu_8988T","SMYD5","-0.05059941","0.84"
"Panc 02.03","SMYD5","-0.3915283","0.179"
"Panc 03.27","SMYD5","-0.016867","0.92"
"Panc 04.03","SMYD5","-0.0640901","0.868"
"Panc 05.04","SMYD5","-0.1817066","0.748"
"Panc 08.13","SMYD5","-0.08711908","0.621"
"Panc 10.05","SMYD5","-0.07596485","0.703"
"RWP-1","SMYD5","-0.06077852","0.7"
"SK-PC-1","SMYD5","-0.06142315","0.857"
"SK-PC-3","SMYD5","-0.4986166","0.315"
"SU.86.86","SMYD5","-0.04437558","0.657"
"SW1990","SMYD5","-0.08177533","0.836"
"BT-20","SUV39H1","-0.1542167","0.621"
"BT-474","SUV39H1","-0.1351571","0.636"
"BT-549","SUV39H1","-0.5956756","0.104"
"CAL-51","SUV39H1","-0.3837181","0.05"
"CAMA-1","SUV39H1","-0.635988","0.08"
"EFM-19","SUV39H1","-0.1539726","0.426"
"HCC1143","SUV39H1","-0.5662458","0.244"
"HCC1187","SUV39H1","-0.3817965","0.279"
"HCC1395","SUV39H1","-0.2272589","0.586"
"HCC1419","SUV39H1","-0.2312961","0.349"
"HCC1428","SUV39H1","-0.6599529","0.284"
"HCC1500","SUV39H1","-0.2380261","0.361"
"HCC1806","SUV39H1","-0.6512956","0.228"
"HCC1937","SUV39H1","-0.3319762","0.151"
"HCC1954","SUV39H1","-0.1235314","0.58"
"HCC38","SUV39H1","-0.3403307","0.307"
"Hs 578T","SUV39H1","-0.04561456","0.671"
"KPL-1","SUV39H1","-0.08235998","0.554"
"MCF7","SUV39H1","-0.06819769","0.419"
"MDA-MB-157","SUV39H1","-0.1354949","0.578"
"MDA-MB-231","SUV39H1","-0.003733629","0.892"
"MDA-MB-361","SUV39H1","-0.221361","0.451"
"MDA-MB-436","SUV39H1","-0.6009849","0.095"
"MDA-MB-453","SUV39H1","-0.03819729","0.384"
"MDA-MB-468","SUV39H1","-0.01156901","0.915"
"SK-BR-3","SUV39H1","-0.2100412","0.646"
"SW527","SUV39H1","-0.1897453","0.312"
"T-47D","SUV39H1","-0.2600837","0.434"
"ZR-75-1","SUV39H1","-0.1819172","0.667"
"609050M","SUV39H1","-0.1401892","0.625"
"A2780","SUV39H1","-0.05461665","0.525"
"A2780_CIS","SUV39H1","-0.1583182","0.299"
"MM_OVCAR432_Bast_1","SUV39H1","-1.145348","0.099"
"OV-1946","SUV39H1","-0.34779","0.636"
"OV-90","SUV39H1","-0.2688665","0.241"
"OVCA1369_TR","SUV39H1","-1.447175","0.32"
"OVCA433_Bast","SUV39H1","-0.6894853","0.414"
"OVCA5","SUV39H1","-0.141289","0.573"
"OVCA8","SUV39H1","-0.1874018","0.574"
"OVCAR-3","SUV39H1","-0.6402003","0.332"
"SK-OV-3","SUV39H1","-0.0746277","0.499"
"TOV-1946","SUV39H1","-0.7178422","0.075"
"TOV-2223G","SUV39H1","-0.2923296","0.282"
"TOV-3133G","SUV39H1","-0.1633551","0.351"
"AsPC-1","SUV39H1","-0.1957825","0.321"
"BxPC-3","SUV39H1","-0.09778856","0.855"
"CFPAC-1","SUV39H1","-0.03375935","0.785"
"Capan-2","SUV39H1","-0.06978121","0.517"
"HPAC","SUV39H1","-0.1051478","0.341"
"HPAF-II","SUV39H1","-0.2291829","0.308"
"HPDE","SUV39H1","0.4073018","0.991"
"Hs 766T","SUV39H1","-0.4559692","0.79"
"IMIM-PC-1","SUV39H1","-0.1387141","0.373"
"IMIM-PC-2","SUV39H1","-0.02291213","0.843"
"KP-3","SUV39H1","-0.1219833","0.647"
"KP-4","SUV39H1","-0.2023908","0.084"
"MIA PaCa-2","SUV39H1","-0.02629798","0.847"
"PANC-1","SUV39H1","-0.06963143","0.75"
"PL45","SUV39H1","-0.2583104","0.296"
"PaTu_8988S","SUV39H1","-0.1412712","0.235"
"PaTu_8988T","SUV39H1","-0.2390405","0.08"
"Panc 02.03","SUV39H1","-0.1010816","0.926"
"Panc 03.27","SUV39H1","-0.08556464","0.587"
"Panc 04.03","SUV39H1","-0.287432","0.197"
"Panc 05.04","SUV39H1","-0.3881924","0.275"
"Panc 08.13","SUV39H1","-0.210515","0.181"
"Panc 10.05","SUV39H1","-0.3067069","0.125"
"RWP-1","SUV39H1","-0.07411268","0.655"
"SK-PC-1","SUV39H1","-0.1139839","0.604"
"SK-PC-3","SUV39H1","-0.135381","0.946"
"SU.86.86","SUV39H1","-0.2265727","0.116"
"SW1990","SUV39H1","-0.4365077","0.028"
"BT-20","SUV39H2","-0.2291128","0.464"
"BT-474","SUV39H2","-0.2841925","0.292"
"BT-549","SUV39H2","-0.405526","0.292"
"CAL-51","SUV39H2","-0.0826302","0.81"
"CAMA-1","SUV39H2","-0.1818654","0.747"
"EFM-19","SUV39H2","0.04168777","0.988"
"HCC1143","SUV39H2","-0.3804424","0.451"
"HCC1187","SUV39H2","-0.2974197","0.437"
"HCC1395","SUV39H2","-0.4192891","0.257"
"HCC1419","SUV39H2","-0.1103313","0.7"
"HCC1428","SUV39H2","-1.012841","0.116"
"HCC1500","SUV39H2","-0.05881087","0.864"
"HCC1806","SUV39H2","-0.3706931","0.595"
"HCC1937","SUV39H2","-0.01387358","0.85"
"HCC1954","SUV39H2","-0.3321964","0.148"
"HCC38","SUV39H2","-0.3640202","0.263"
"Hs 578T","SUV39H2","-0.2805024","0.065"
"KPL-1","SUV39H2","-0.06080703","0.753"
"MCF7","SUV39H2","-0.1693418","0.115"
"MDA-MB-157","SUV39H2","-0.1794452","0.426"
"MDA-MB-231","SUV39H2","0.002533571","0.909"
"MDA-MB-361","SUV39H2","-0.1156014","0.708"
"MDA-MB-436","SUV39H2","-0.3046484","0.395"
"MDA-MB-453","SUV39H2","-0.0936294","0.205"
"MDA-MB-468","SUV39H2","-0.04306957","0.765"
"SK-BR-3","SUV39H2","-0.3282262","0.444"
"SW527","SUV39H2","-0.03397855","0.874"
"T-47D","SUV39H2","-0.3409233","0.266"
"ZR-75-1","SUV39H2","-0.2618013","0.48"
"609050M","SUV39H2","-0.1583848","0.562"
"A2780","SUV39H2","0.02439372","0.855"
"A2780_CIS","SUV39H2","-0.01509754","0.833"
"MM_OVCAR432_Bast_1","SUV39H2","-0.3266214","0.782"
"OV-1946","SUV39H2","-0.1492057","0.927"
"OV-90","SUV39H2","-0.1400368","0.528"
"OVCA1369_TR","SUV39H2","-1.808234","0.23"
"OVCA433_Bast","SUV39H2","-0.9420926","0.205"
"OVCA5","SUV39H2","-0.2134956","0.379"
"OVCA8","SUV39H2","-0.4435259","0.167"
"OVCAR-3","SUV39H2","-0.2797354","0.658"
"SK-OV-3","SUV39H2","-0.09652139","0.399"
"TOV-1946","SUV39H2","-0.2881826","0.617"
"TOV-2223G","SUV39H2","-0.7994144","0.045"
"TOV-3133G","SUV39H2","-0.06780656","0.654"
"AsPC-1","SUV39H2","-0.1605368","0.442"
"BxPC-3","SUV39H2","-0.3381699","0.346"
"CFPAC-1","SUV39H2","-0.03355333","0.786"
"Capan-2","SUV39H2","-0.0009553161","0.913"
"HPAC","SUV39H2","-0.001648396","0.957"
"HPAF-II","SUV39H2","-0.3535058","0.11"
"HPDE","SUV39H2","-0.1630067","0.937"
"Hs 766T","SUV39H2","-0.3556308","0.893"
"IMIM-PC-1","SUV39H2","-0.1053674","0.558"
"IMIM-PC-2","SUV39H2","-0.03643578","0.77"
"KP-3","SUV39H2","-0.05374299","0.873"
"KP-4","SUV39H2","-0.07657029","0.531"
"MIA PaCa-2","SUV39H2","-0.1357505","0.228"
"PANC-1","SUV39H2","-0.1054107","0.535"
"PL45","SUV39H2","-0.1074684","0.766"
"PaTu_8988S","SUV39H2","-0.03221285","0.772"
"PaTu_8988T","SUV39H2","-0.1188342","0.389"
"Panc 02.03","SUV39H2","-0.1422955","0.827"
"Panc 03.27","SUV39H2","-0.09386257","0.556"
"Panc 04.03","SUV39H2","-0.1701379","0.524"
"Panc 05.04","SUV39H2","-0.3449323","0.354"
"Panc 08.13","SUV39H2","-0.08121217","0.656"
"Panc 10.05","SUV39H2","-0.1240125","0.524"
"RWP-1","SUV39H2","-0.1715361","0.385"
"SK-PC-1","SUV39H2","-0.1144429","0.602"
"SK-PC-3","SUV39H2","-0.260459","0.733"
"SU.86.86","SUV39H2","-0.1650774","0.234"
"SW1990","SUV39H2","-0.1708349","0.498"
"BT-20","SUV420H1","-0.01185416","0.943"
"BT-474","SUV420H1","-0.0007351699","0.984"
"BT-549","SUV420H1","-0.06415886","0.937"
"CAL-51","SUV420H1","-0.06505334","0.892"
"CAMA-1","SUV420H1","-0.1034597","0.913"
"EFM-19","SUV420H1","-0.02122178","0.883"
"HCC1143","SUV420H1","-0.1206405","0.842"
"HCC1187","SUV420H1","-0.1412446","0.782"
"HCC1395","SUV420H1","-0.04763297","0.95"
"HCC1419","SUV420H1","-0.04490282","0.925"
"HCC1428","SUV420H1","-0.1210577","0.875"
"HCC1500","SUV420H1","-0.1115521","0.714"
"HCC1806","SUV420H1","-0.004888631","0.987"
"HCC1937","SUV420H1","0.03760811","0.966"
"HCC1954","SUV420H1","-0.04772112","0.867"
"HCC38","SUV420H1","-0.1175495","0.788"
"Hs 578T","SUV420H1","0.02739512","0.971"
"KPL-1","SUV420H1","-0.06130145","0.749"
"MCF7","SUV420H1","0.0006835919","0.9"
"MDA-MB-157","SUV420H1","-0.1182563","0.633"
"MDA-MB-231","SUV420H1","-0.1012357","0.678"
"MDA-MB-361","SUV420H1","-0.007662912","0.96"
"MDA-MB-436","SUV420H1","-0.1214946","0.875"
"MDA-MB-453","SUV420H1","0.01006147","0.797"
"MDA-MB-468","SUV420H1","-0.1014631","0.523"
"SK-BR-3","SUV420H1","-0.1655764","0.737"
"SW527","SUV420H1","-0.09026054","0.622"
"T-47D","SUV420H1","-0.09142592","0.856"
"ZR-75-1","SUV420H1","-0.05079684","0.954"
"609050M","SUV420H1","-0.06281641","0.89"
"A2780","SUV420H1","-0.03567051","0.602"
"A2780_CIS","SUV420H1","-0.06125413","0.628"
"MM_OVCAR432_Bast_1","SUV420H1","-0.1674565","0.916"
"OV-1946","SUV420H1","-0.3575057","0.622"
"OV-90","SUV420H1","-0.046383","0.839"
"OVCA1369_TR","SUV420H1","-0.6054871","0.665"
"OVCA433_Bast","SUV420H1","-0.6876314","0.415"
"OVCA5","SUV420H1","-0.007923449","0.977"
"OVCA8","SUV420H1","-0.1344858","0.71"
"OVCAR-3","SUV420H1","-0.4536149","0.475"
"SK-OV-3","SUV420H1","-0.02572745","0.754"
"TOV-1946","SUV420H1","-0.2555246","0.674"
"TOV-2223G","SUV420H1","-0.1219103","0.575"
"TOV-3133G","SUV420H1","-0.03546957","0.803"
"AsPC-1","SUV420H1","-0.07495293","0.747"
"BxPC-3","SUV420H1","-0.08715994","0.878"
"CFPAC-1","SUV420H1","-0.01667831","0.9"
"Capan-2","SUV420H1","-0.003721082","0.904"
"HPAC","SUV420H1","-0.02589078","0.829"
"HPAF-II","SUV420H1","-0.005348302","0.992"
"HPDE","SUV420H1","0.2585424","0.987"
"Hs 766T","SUV420H1","-0.4820003","0.765"
"IMIM-PC-1","SUV420H1","-0.07879715","0.744"
"IMIM-PC-2","SUV420H1","-0.02084882","0.856"
"KP-3","SUV420H1","-0.04083194","0.905"
"KP-4","SUV420H1","-0.04428443","0.748"
"MIA PaCa-2","SUV420H1","-0.009234595","0.938"
"PANC-1","SUV420H1","-0.0424187","0.891"
"PL45","SUV420H1","-0.1077203","0.765"
"PaTu_8988S","SUV420H1","-0.0007940358","0.941"
"PaTu_8988T","SUV420H1","-0.05063266","0.84"
"Panc 02.03","SUV420H1","-0.1278032","0.864"
"Panc 03.27","SUV420H1","-0.05841057","0.714"
"Panc 04.03","SUV420H1","-0.07318936","0.844"
"Panc 05.04","SUV420H1","-0.2092052","0.704"
"Panc 08.13","SUV420H1","-0.02473811","0.9"
"Panc 10.05","SUV420H1","-0.1628523","0.406"
"RWP-1","SUV420H1","-0.03070784","0.799"
"SK-PC-1","SUV420H1","-0.06058878","0.86"
"SK-PC-3","SUV420H1","-0.2386835","0.792"
"SU.86.86","SUV420H1","-0.0209881","0.761"
"SW1990","SUV420H1","-0.1047844","0.759"
"BT-20","SUV420H2","-0.2431593","0.432"
"BT-474","SUV420H2","-0.1582694","0.566"
"BT-549","SUV420H2","-0.225011","0.608"
"CAL-51","SUV420H2","-0.09506146","0.746"
"CAMA-1","SUV420H2","-0.2265221","0.632"
"EFM-19","SUV420H2","-0.09022225","0.642"
"HCC1143","SUV420H2","-0.3967359","0.434"
"HCC1187","SUV420H2","-0.3906893","0.256"
"HCC1395","SUV420H2","-0.3012658","0.441"
"HCC1419","SUV420H2","-0.1018518","0.734"
"HCC1428","SUV420H2","-0.7427847","0.226"
"HCC1500","SUV420H2","-0.2635818","0.307"
"HCC1806","SUV420H2","-0.385405","0.567"
"HCC1937","SUV420H2","-0.179843","0.388"
"HCC1954","SUV420H2","-0.3699346","0.116"
"HCC38","SUV420H2","-0.5581924","0.091"
"Hs 578T","SUV420H2","0.04548382","0.986"
"KPL-1","SUV420H2","-0.008961129","0.986"
"MCF7","SUV420H2","-0.002267993","0.876"
"MDA-MB-157","SUV420H2","-0.4300006","0.071"
"MDA-MB-231","SUV420H2","-0.2508993","0.366"
"MDA-MB-361","SUV420H2","-0.1988391","0.504"
"MDA-MB-436","SUV420H2","-0.1998088","0.647"
"MDA-MB-453","SUV420H2","-0.103525","0.184"
"MDA-MB-468","SUV420H2","0.03355911","0.996"
"SK-BR-3","SUV420H2","-0.5347127","0.181"
"SW527","SUV420H2","-0.1760889","0.348"
"T-47D","SUV420H2","-0.3004299","0.343"
"ZR-75-1","SUV420H2","-0.2719612","0.461"
"609050M","SUV420H2","-0.04501628","0.928"
"A2780","SUV420H2","-0.1020736","0.351"
"A2780_CIS","SUV420H2","-0.1110371","0.432"
"MM_OVCAR432_Bast_1","SUV420H2","-0.332799","0.774"
"OV-1946","SUV420H2","-0.6214927","0.276"
"OV-90","SUV420H2","-0.1500314","0.501"
"OVCA1369_TR","SUV420H2","-1.516563","0.296"
"OVCA433_Bast","SUV420H2","-0.7208827","0.388"
"OVCA5","SUV420H2","-0.1033733","0.704"
"OVCA8","SUV420H2","-0.1107591","0.765"
"OVCAR-3","SUV420H2","-1.083983","0.097"
"SK-OV-3","SUV420H2","-0.009144715","0.838"
"TOV-1946","SUV420H2","-0.3326091","0.533"
"TOV-2223G","SUV420H2","-0.4122747","0.166"
"TOV-3133G","SUV420H2","-0.2465419","0.189"
"AsPC-1","SUV420H2","-0.07002161","0.762"
"BxPC-3","SUV420H2","-0.2336066","0.535"
"CFPAC-1","SUV420H2","-0.00664966","0.944"
"Capan-2","SUV420H2","-0.07176247","0.506"
"HPAC","SUV420H2","-0.006351024","0.941"
"HPAF-II","SUV420H2","-0.1538786","0.525"
"HPDE","SUV420H2","-2.665272","0.304"
"Hs 766T","SUV420H2","-0.5738409","0.65"
"IMIM-PC-1","SUV420H2","-0.1684731","0.248"
"IMIM-PC-2","SUV420H2","-0.003471789","0.95"
"KP-3","SUV420H2","-0.1150852","0.669"
"KP-4","SUV420H2","-0.02434523","0.886"
"MIA PaCa-2","SUV420H2","-0.08014426","0.485"
"PANC-1","SUV420H2","-0.09604584","0.599"
"PL45","SUV420H2","-0.1759391","0.531"
"PaTu_8988S","SUV420H2","-0.07548907","0.496"
"PaTu_8988T","SUV420H2","-0.1011523","0.488"
"Panc 02.03","SUV420H2","-0.1657556","0.745"
"Panc 03.27","SUV420H2","-0.1764058","0.247"
"Panc 04.03","SUV420H2","-0.2367375","0.32"
"Panc 05.04","SUV420H2","-0.3310734","0.393"
"Panc 08.13","SUV420H2","-0.226224","0.151"
"Panc 10.05","SUV420H2","-0.1226958","0.527"
"RWP-1","SUV420H2","-0.005324168","0.883"
"SK-PC-1","SUV420H2","-0.05353386","0.886"
"SK-PC-3","SUV420H2","-0.4847675","0.332"
"SU.86.86","SUV420H2","-0.04510788","0.655"
"SW1990","SUV420H2","-0.1774963","0.475"
"BT-20","TAF1","-0.2543921","0.403"
"BT-474","TAF1","-0.4097849","0.148"
"BT-549","TAF1","-0.6834233","0.067"
"CAL-51","TAF1","-0.2565869","0.146"
"CAMA-1","TAF1","-0.2662084","0.537"
"EFM-19","TAF1","0.0174002","0.965"
"HCC1143","TAF1","-0.3320088","0.507"
"HCC1187","TAF1","-0.4993903","0.162"
"HCC1395","TAF1","-0.6170117","0.087"
"HCC1419","TAF1","-0.6063663","0.023"
"HCC1428","TAF1","-1.092151","0.087"
"HCC1500","TAF1","-0.2644095","0.304"
"HCC1806","TAF1","-0.6837969","0.204"
"HCC1937","TAF1","-0.2862945","0.211"
"HCC1954","TAF1","-0.223482","0.305"
"HCC38","TAF1","-0.2524656","0.474"
"Hs 578T","TAF1","-0.16649","0.192"
"KPL-1","TAF1","-0.1380853","0.238"
"MCF7","TAF1","-0.1413113","0.152"
"MDA-MB-157","TAF1","-0.2295173","0.319"
"MDA-MB-231","TAF1","-0.8262857","0.017"
"MDA-MB-361","TAF1","-0.129815","0.665"
"MDA-MB-436","TAF1","-0.4851065","0.159"
"MDA-MB-453","TAF1","-0.1254617","0.142"
"MDA-MB-468","TAF1","-0.2694407","0.172"
"SK-BR-3","TAF1","-0.3669665","0.378"
"SW527","TAF1","-0.3113643","0.089"
"T-47D","TAF1","-0.2028531","0.568"
"ZR-75-1","TAF1","-0.5343293","0.121"
"609050M","TAF1","-0.366522","0.155"
"A2780","TAF1","-0.365713","0.035"
"A2780_CIS","TAF1","-0.5337434","0.014"
"MM_OVCAR432_Bast_1","TAF1","-0.2601699","0.849"
"OV-1946","TAF1","-0.4321525","0.505"
"OV-90","TAF1","-0.3308812","0.16"
"OVCA1369_TR","TAF1","-0.2679861","0.896"
"OVCA433_Bast","TAF1","-1.187222","0.082"
"OVCA5","TAF1","-0.5291496","0.058"
"OVCA8","TAF1","-0.5434031","0.075"
"OVCAR-3","TAF1","-0.4045169","0.519"
"SK-OV-3","TAF1","-0.06661566","0.539"
"TOV-1946","TAF1","-0.7299358","0.072"
"TOV-2223G","TAF1","-0.1091281","0.598"
"TOV-3133G","TAF1","-0.3822598","0.089"
"AsPC-1","TAF1","-0.1599568","0.444"
"BxPC-3","TAF1","-0.4139547","0.233"
"CFPAC-1","TAF1","-0.05407421","0.632"
"Capan-2","TAF1","-0.02188268","0.798"
"HPAC","TAF1","-0.1538457","0.167"
"HPAF-II","TAF1","-0.3161596","0.147"
"HPDE","TAF1","-4.012272","0.116"
"Hs 766T","TAF1","-1.046564","0.12"
"IMIM-PC-1","TAF1","-0.09492451","0.629"
"IMIM-PC-2","TAF1","-0.05227738","0.663"
"KP-3","TAF1","-0.1533376","0.535"
"KP-4","TAF1","-0.08708785","0.471"
"MIA PaCa-2","TAF1","-0.3128307","0.016"
"PANC-1","TAF1","-0.1897367","0.23"
"PL45","TAF1","-0.2494122","0.315"
"PaTu_8988S","TAF1","-0.1287028","0.273"
"PaTu_8988T","TAF1","-0.232738","0.087"
"Panc 02.03","TAF1","-0.2157137","0.556"
"Panc 03.27","TAF1","-0.3950917","0.044"
"Panc 04.03","TAF1","-0.3602787","0.09"
"Panc 05.04","TAF1","-0.454121","0.171"
"Panc 08.13","TAF1","-0.4522977","0.03"
"Panc 10.05","TAF1","-0.1968428","0.306"
"RWP-1","TAF1","-0.3618369","0.12"
"SK-PC-1","TAF1","-0.2290312","0.234"
"SK-PC-3","TAF1","-0.4410349","0.405"
"SU.86.86","TAF1","-0.2471111","0.096"
"SW1990","TAF1","-0.1789802","0.471"
"BT-20","TET1","-0.1162229","0.723"
"BT-474","TET1","-0.1431221","0.614"
"BT-549","TET1","-0.3560619","0.357"
"CAL-51","TET1","-0.08499595","0.798"
"CAMA-1","TET1","-0.2388341","0.603"
"EFM-19","TET1","-0.09674626","0.619"
"HCC1143","TET1","-0.295304","0.571"
"HCC1187","TET1","-0.25974","0.515"
"HCC1395","TET1","-0.2259603","0.587"
"HCC1419","TET1","-0.3298449","0.178"
"HCC1428","TET1","-0.372552","0.543"
"HCC1500","TET1","-0.09198754","0.763"
"HCC1806","TET1","-0.2006669","0.81"
"HCC1937","TET1","-0.1313643","0.496"
"HCC1954","TET1","-0.1089613","0.646"
"HCC38","TET1","-0.2443315","0.489"
"Hs 578T","TET1","-0.06692412","0.547"
"KPL-1","TET1","-0.07756431","0.602"
"MCF7","TET1","-0.006746187","0.849"
"MDA-MB-157","TET1","-0.3287846","0.15"
"MDA-MB-231","TET1","-0.01070951","0.881"
"MDA-MB-361","TET1","-0.2200434","0.455"
"MDA-MB-436","TET1","-0.2588236","0.488"
"MDA-MB-453","TET1","-0.08681855","0.223"
"MDA-MB-468","TET1","-0.01706619","0.893"
"SK-BR-3","TET1","-0.3744054","0.372"
"SW527","TET1","-0.1407299","0.448"
"T-47D","TET1","-0.06742771","0.895"
"ZR-75-1","TET1","-0.1989929","0.629"
"609050M","TET1","-0.171704","0.517"
"A2780","TET1","-0.05978555","0.503"
"A2780_CIS","TET1","-0.05250806","0.67"
"MM_OVCAR432_Bast_1","TET1","-0.4160905","0.689"
"OV-1946","TET1","-0.4000633","0.552"
"OV-90","TET1","-0.116973","0.606"
"OVCA1369_TR","TET1","-1.215141","0.404"
"OVCA433_Bast","TET1","-0.4746357","0.635"
"OVCA5","TET1","-0.03146078","0.925"
"OVCA8","TET1","-0.2153704","0.529"
"OVCAR-3","TET1","-0.3762852","0.551"
"SK-OV-3","TET1","0.006739594","0.912"
"TOV-1946","TET1","-0.2095542","0.752"
"TOV-2223G","TET1","0.03414414","0.933"
"TOV-3133G","TET1","-0.07386232","0.637"
"AsPC-1","TET1","-0.1799008","0.377"
"BxPC-3","TET1","-0.1410197","0.749"
"CFPAC-1","TET1","-0.02095984","0.876"
"Capan-2","TET1","0.007936081","0.937"
"HPAC","TET1","-0.02956564","0.806"
"HPAF-II","TET1","-0.1666781","0.482"
"HPDE","TET1","-3.730615","0.141"
"Hs 766T","TET1","-0.7743882","0.386"
"IMIM-PC-1","TET1","-0.0918498","0.652"
"IMIM-PC-2","TET1","-0.1059507","0.344"
"KP-3","TET1","-0.3324701","0.131"
"KP-4","TET1","-0.08087596","0.506"
"MIA PaCa-2","TET1","-0.1515034","0.183"
"PANC-1","TET1","-0.1696244","0.302"
"PL45","TET1","-0.2566395","0.299"
"PaTu_8988S","TET1","-0.0679437","0.53"
"PaTu_8988T","TET1","-0.06566284","0.717"
"Panc 02.03","TET1","-0.2086799","0.585"
"Panc 03.27","TET1","-0.03539739","0.839"
"Panc 04.03","TET1","-0.2975644","0.174"
"Panc 05.04","TET1","-0.3425332","0.362"
"Panc 08.13","TET1","-0.006069746","0.962"
"Panc 10.05","TET1","-0.08660849","0.665"
"RWP-1","TET1","-0.0375073","0.778"
"SK-PC-1","TET1","-0.1397678","0.522"
"SK-PC-3","TET1","-0.3944396","0.481"
"SU.86.86","TET1","-0.03583496","0.693"
"SW1990","TET1","-0.2338758","0.288"
"BT-20","TET2","-0.2307434","0.46"
"BT-474","TET2","-0.02229307","0.947"
"BT-549","TET2","-0.2060265","0.644"
"CAL-51","TET2","-0.07110487","0.863"
"CAMA-1","TET2","-0.03834822","0.995"
"EFM-19","TET2","0.06047149","1"
"HCC1143","TET2","-0.1438907","0.808"
"HCC1187","TET2","-0.1209127","0.837"
"HCC1395","TET2","0.0311404","0.992"
"HCC1419","TET2","-0.07215198","0.818"
"HCC1428","TET2","-0.04029742","0.946"
"HCC1500","TET2","-0.006162735","0.97"
"HCC1806","TET2","-0.1309371","0.892"
"HCC1937","TET2","-0.003251959","0.877"
"HCC1954","TET2","-0.1794016","0.418"
"HCC38","TET2","-0.1438128","0.725"
"Hs 578T","TET2","-0.02745987","0.781"
"KPL-1","TET2","-0.03046377","0.932"
"MCF7","TET2","0.0009306399","0.901"
"MDA-MB-157","TET2","-0.1251075","0.612"
"MDA-MB-231","TET2","0.04329125","0.967"
"MDA-MB-361","TET2","0.01271703","0.975"
"MDA-MB-436","TET2","-0.1740391","0.723"
"MDA-MB-453","TET2","0.02004593","0.885"
"MDA-MB-468","TET2","-0.07936104","0.604"
"SK-BR-3","TET2","-0.002397599","0.988"
"SW527","TET2","-0.01334684","0.927"
"T-47D","TET2","-0.04888547","0.931"
"ZR-75-1","TET2","-0.02512287","0.978"
"609050M","TET2","-0.06681127","0.877"
"A2780","TET2","0.04405701","0.92"
"A2780_CIS","TET2","-0.1244495","0.385"
"MM_OVCAR432_Bast_1","TET2","-0.111186","0.949"
"OV-1946","TET2","-0.1403859","0.931"
"OV-90","TET2","0.009308026","0.984"
"OVCA1369_TR","TET2","-0.120523","0.968"
"OVCA433_Bast","TET2","-0.2944626","0.847"
"OVCA5","TET2","-0.06855559","0.819"
"OVCA8","TET2","-0.07859941","0.837"
"OVCAR-3","TET2","-0.2666177","0.67"
"SK-OV-3","TET2","-0.01570727","0.809"
"TOV-1946","TET2","-0.07875718","0.925"
"TOV-2223G","TET2","-0.3121648","0.253"
"TOV-3133G","TET2","-0.08292216","0.602"
"AsPC-1","TET2","0.01455713","0.994"
"BxPC-3","TET2","-0.2828134","0.457"
"CFPAC-1","TET2","-0.04484627","0.712"
"Capan-2","TET2","0.05016643","0.998"
"HPAC","TET2","-0.01628528","0.892"
"HPAF-II","TET2","-0.003449798","0.993"
"HPDE","TET2","-0.3710917","0.897"
"Hs 766T","TET2","-0.5432401","0.691"
"IMIM-PC-1","TET2","-0.05932122","0.865"
"IMIM-PC-2","TET2","-0.006138535","0.936"
"KP-3","TET2","-0.1352285","0.589"
"KP-4","TET2","0.01185023","0.997"
"MIA PaCa-2","TET2","-0.01181529","0.931"
"PANC-1","TET2","-0.07736926","0.701"
"PL45","TET2","-0.02510037","0.972"
"PaTu_8988S","TET2","-0.03766858","0.733"
"PaTu_8988T","TET2","-0.02431479","0.973"
"Panc 02.03","TET2","-0.1402564","0.835"
"Panc 03.27","TET2","-0.05654696","0.722"
"Panc 04.03","TET2","-0.1210365","0.701"
"Panc 05.04","TET2","-0.1059889","0.919"
"Panc 08.13","TET2","-0.1619152","0.31"
"Panc 10.05","TET2","0.05080228","0.992"
"RWP-1","TET2","0.06404547","0.991"
"SK-PC-1","TET2","-0.138161","0.526"
"SK-PC-3","TET2","-0.07194888","0.991"
"SU.86.86","TET2","-0.04457394","0.655"
"SW1990","TET2","-0.0248464","0.976"
"BT-20","UCHL5","-0.3920849","0.193"
"BT-474","UCHL5","-0.1950822","0.473"
"BT-549","UCHL5","-0.2787061","0.489"
"CAL-51","UCHL5","-0.03406876","0.985"
"CAMA-1","UCHL5","-0.1472424","0.814"
"EFM-19","UCHL5","0.02067417","0.968"
"HCC1143","UCHL5","-0.2584842","0.637"
"HCC1187","UCHL5","-0.1313981","0.805"
"HCC1395","UCHL5","-0.09512778","0.874"
"HCC1419","UCHL5","-0.1762352","0.478"
"HCC1428","UCHL5","-0.1547687","0.822"
"HCC1500","UCHL5","-0.07246419","0.835"
"HCC1806","UCHL5","-0.03875773","0.969"
"HCC1937","UCHL5","-0.05749824","0.714"
"HCC1954","UCHL5","-0.1384292","0.53"
"HCC38","UCHL5","-0.2409032","0.503"
"Hs 578T","UCHL5","-0.02885808","0.774"
"KPL-1","UCHL5","-0.04489563","0.861"
"MCF7","UCHL5","-0.03374404","0.654"
"MDA-MB-157","UCHL5","-0.04528138","0.873"
"MDA-MB-231","UCHL5","-0.1742459","0.523"
"MDA-MB-361","UCHL5","-0.1113422","0.721"
"MDA-MB-436","UCHL5","-0.1192596","0.88"
"MDA-MB-453","UCHL5","0.01098255","0.809"
"MDA-MB-468","UCHL5","-0.09411035","0.543"
"SK-BR-3","UCHL5","-0.1604319","0.749"
"SW527","UCHL5","-0.003889896","0.956"
"T-47D","UCHL5","-0.09395274","0.853"
"ZR-75-1","UCHL5","-0.2831398","0.44"
"609050M","UCHL5","-0.04717298","0.924"
"A2780","UCHL5","0.06012003","0.96"
"A2780_CIS","UCHL5","0.007078969","0.917"
"MM_OVCAR432_Bast_1","UCHL5","-0.1830628","0.903"
"OV-1946","UCHL5","-0.3810796","0.578"
"OV-90","UCHL5","-0.00709858","0.96"
"OVCA1369_TR","UCHL5","-0.5239828","0.722"
"OVCA433_Bast","UCHL5","-0.2038314","0.922"
"OVCA5","UCHL5","-0.06677989","0.83"
"OVCA8","UCHL5","-0.1254803","0.729"
"OVCAR-3","UCHL5","-0.02769959","0.951"
"SK-OV-3","UCHL5","0.005282422","0.905"
"TOV-1946","UCHL5","-0.2439494","0.693"
"TOV-2223G","UCHL5","0.05517719","0.96"
"TOV-3133G","UCHL5","-0.08513984","0.596"
"AsPC-1","UCHL5","-0.07668158","0.739"
"BxPC-3","UCHL5","-0.12549","0.787"
"CFPAC-1","UCHL5","-0.01116216","0.927"
"Capan-2","UCHL5","-0.01169869","0.863"
"HPAC","UCHL5","-0.02221233","0.855"
"HPAF-II","UCHL5","-0.07864565","0.799"
"HPDE","UCHL5","-2.240405","0.389"
"Hs 766T","UCHL5","-0.4360955","0.819"
"IMIM-PC-1","UCHL5","-0.06102405","0.854"
"IMIM-PC-2","UCHL5","-0.08035123","0.473"
"KP-3","UCHL5","-0.1402966","0.576"
"KP-4","UCHL5","-0.02645385","0.863"
"MIA PaCa-2","UCHL5","-0.04224512","0.725"
"PANC-1","UCHL5","-0.07102902","0.741"
"PL45","UCHL5","-0.07673804","0.863"
"PaTu_8988S","UCHL5","-0.04920322","0.644"
"PaTu_8988T","UCHL5","-0.06892452","0.701"
"Panc 02.03","UCHL5","-0.104011","0.917"
"Panc 03.27","UCHL5","-0.01971817","0.913"
"Panc 04.03","UCHL5","-0.07928947","0.831"
"Panc 05.04","UCHL5","-0.1516546","0.821"
"Panc 08.13","UCHL5","-0.04800369","0.803"
"Panc 10.05","UCHL5","-0.01081033","0.91"
"RWP-1","UCHL5","-0.04041399","0.771"
"SK-PC-1","UCHL5","-0.04714784","0.911"
"SK-PC-3","UCHL5","-0.3253522","0.604"
"SU.86.86","UCHL5","-0.01149526","0.811"
"SW1990","UCHL5","-0.1331538","0.626"
"BT-20","UTY","-0.2866399","0.34"
"BT-474","UTY","-0.02203709","0.947"
"BT-549","UTY","-0.1802079","0.704"
"CAL-51","UTY","-0.07232066","0.859"
"CAMA-1","UTY","-0.3975931","0.298"
"EFM-19","UTY","0.04611085","0.989"
"HCC1143","UTY","-0.4403744","0.382"
"HCC1187","UTY","-0.04555006","0.974"
"HCC1395","UTY","-0.2863624","0.47"
"HCC1419","UTY","-0.00626523","0.991"
"HCC1428","UTY","-0.841556","0.174"
"HCC1500","UTY","0.003268997","0.979"
"HCC1806","UTY","-0.172453","0.847"
"HCC1937","UTY","0.06725519","0.989"
"HCC1954","UTY","-0.03383937","0.917"
"HCC38","UTY","-0.3273441","0.328"
"Hs 578T","UTY","-0.04215443","0.689"
"KPL-1","UTY","-0.07254398","0.644"
"MCF7","UTY","0.006530635","0.928"
"MDA-MB-157","UTY","-0.06600137","0.799"
"MDA-MB-231","UTY","-0.1852043","0.491"
"MDA-MB-361","UTY","-0.2969859","0.29"
"MDA-MB-436","UTY","-0.1320399","0.845"
"MDA-MB-453","UTY","0.02028581","0.885"
"MDA-MB-468","UTY","-0.04780286","0.742"
"SK-BR-3","UTY","-0.1481213","0.765"
"SW527","UTY","-0.05428449","0.785"
"T-47D","UTY","-0.05429604","0.921"
"ZR-75-1","UTY","-0.2020569","0.619"
"609050M","UTY","-0.06122323","0.892"
"A2780","UTY","0.030365","0.875"
"A2780_CIS","UTY","-0.008323235","0.86"
"MM_OVCAR432_Bast_1","UTY","-0.2664573","0.844"
"OV-1946","UTY","-0.1598695","0.918"
"OV-90","UTY","-0.01085617","0.95"
"OVCA1369_TR","UTY","-0.9323836","0.504"
"OVCA433_Bast","UTY","-0.4664835","0.645"
"OVCA5","UTY","-0.01477959","0.969"
"OVCA8","UTY","-0.2809133","0.39"
"OVCAR-3","UTY","-0.3937562","0.529"
"SK-OV-3","UTY","0.05322271","0.992"
"TOV-1946","UTY","-0.2179239","0.744"
"TOV-2223G","UTY","0.01610343","0.899"
"TOV-3133G","UTY","0.005920826","0.95"
"AsPC-1","UTY","-0.03613589","0.879"
"BxPC-3","UTY","-0.08098034","0.896"
"CFPAC-1","UTY","0.004356552","0.977"
"Capan-2","UTY","0.03355206","0.99"
"HPAC","UTY","-0.01598384","0.894"
"HPAF-II","UTY","-0.02420886","0.958"
"HPDE","UTY","-0.8478826","0.802"
"Hs 766T","UTY","-0.4381854","0.816"
"IMIM-PC-1","UTY","-0.001444395","1"
"IMIM-PC-2","UTY","-0.03674659","0.767"
"KP-3","UTY","-0.02186218","0.943"
"KP-4","UTY","-0.05893224","0.658"
"MIA PaCa-2","UTY","-0.04839076","0.682"
"PANC-1","UTY","-0.1721806","0.296"
"PL45","UTY","-0.1805574","0.515"
"PaTu_8988S","UTY","-0.01633539","0.859"
"PaTu_8988T","UTY","-0.06110225","0.741"
"Panc 02.03","UTY","-0.146621","0.811"
"Panc 03.27","UTY","-0.05448597","0.737"
"Panc 04.03","UTY","-0.05559415","0.886"
"Panc 05.04","UTY","-0.1151435","0.899"
"Panc 08.13","UTY","-0.03486339","0.851"
"Panc 10.05","UTY","-0.1492757","0.448"
"RWP-1","UTY","-0.04059931","0.77"
"SK-PC-1","UTY","-0.1584233","0.435"
"SK-PC-3","UTY","-0.25514","0.744"
"SU.86.86","UTY","-0.08638354","0.473"
"SW1990","UTY","-0.03911685","0.946"
"BT-20","WHSC1","-0.3837696","0.206"
"BT-474","WHSC1","-0.1345362","0.636"
"BT-549","WHSC1","-0.5252335","0.16"
"CAL-51","WHSC1","-0.3085839","0.081"
"CAMA-1","WHSC1","-0.5274073","0.147"
"EFM-19","WHSC1","-0.2495838","0.193"
"HCC1143","WHSC1","-0.7807584","0.105"
"HCC1187","WHSC1","-0.1220376","0.836"
"HCC1395","WHSC1","-0.2099066","0.626"
"HCC1419","WHSC1","-0.2288896","0.353"
"HCC1428","WHSC1","-0.3485254","0.569"
"HCC1500","WHSC1","-0.2867301","0.272"
"HCC1806","WHSC1","-0.5571685","0.324"
"HCC1937","WHSC1","-0.1628952","0.423"
"HCC1954","WHSC1","-0.2332742","0.294"
"HCC38","WHSC1","-0.4504475","0.173"
"Hs 578T","WHSC1","-0.02498079","0.788"
"KPL-1","WHSC1","-0.06098436","0.751"
"MCF7","WHSC1","-0.06686752","0.427"
"MDA-MB-157","WHSC1","-0.2801985","0.217"
"MDA-MB-231","WHSC1","-0.3622641","0.198"
"MDA-MB-361","WHSC1","-0.4352096","0.115"
"MDA-MB-436","WHSC1","-0.4080135","0.233"
"MDA-MB-453","WHSC1","-0.2386759","0.043"
"MDA-MB-468","WHSC1","-0.1832674","0.294"
"SK-BR-3","WHSC1","-0.4273127","0.297"
"SW527","WHSC1","-0.1300669","0.479"
"T-47D","WHSC1","-0.4857796","0.095"
"ZR-75-1","WHSC1","-0.2616669","0.48"
"609050M","WHSC1","-0.1164083","0.703"
"A2780","WHSC1","-0.2652361","0.09"
"A2780_CIS","WHSC1","-0.1160204","0.42"
"MM_OVCAR432_Bast_1","WHSC1","-0.6456308","0.441"
"OV-1946","WHSC1","-0.8629796","0.103"
"OV-90","WHSC1","-0.1961322","0.377"
"OVCA1369_TR","WHSC1","-0.7574758","0.581"
"OVCA433_Bast","WHSC1","-0.5982241","0.524"
"OVCA5","WHSC1","-0.2297585","0.34"
"OVCA8","WHSC1","-0.2070428","0.542"
"OVCAR-3","WHSC1","-0.336798","0.596"
"SK-OV-3","WHSC1","-0.1873395","0.156"
"TOV-1946","WHSC1","-0.5123839","0.268"
"TOV-2223G","WHSC1","-0.2648903","0.306"
"TOV-3133G","WHSC1","-0.4758126","0.064"
"AsPC-1","WHSC1","-0.1621797","0.437"
"BxPC-3","WHSC1","-0.3154558","0.391"
"CFPAC-1","WHSC1","-0.06172615","0.584"
"Capan-2","WHSC1","-0.04858692","0.664"
"HPAC","WHSC1","-0.04718552","0.689"
"HPAF-II","WHSC1","-0.1761653","0.456"
"HPDE","WHSC1","-1.779788","0.522"
"Hs 766T","WHSC1","-1.186419","0.054"
"IMIM-PC-1","WHSC1","-0.06678066","0.825"
"IMIM-PC-2","WHSC1","-0.051974","0.664"
"KP-3","WHSC1","-0.3033552","0.181"
"KP-4","WHSC1","-0.05542037","0.68"
"MIA PaCa-2","WHSC1","-0.09710128","0.399"
"PANC-1","WHSC1","-0.2538061","0.091"
"PL45","WHSC1","-0.09854484","0.794"
"PaTu_8988S","WHSC1","-0.2027356","0.108"
"PaTu_8988T","WHSC1","-0.1665172","0.222"
"Panc 02.03","WHSC1","-0.1845603","0.678"
"Panc 03.27","WHSC1","-0.09306172","0.558"
"Panc 04.03","WHSC1","-0.1989928","0.432"
"Panc 05.04","WHSC1","-0.3257509","0.406"
"Panc 08.13","WHSC1","-0.1447855","0.365"
"Panc 10.05","WHSC1","-0.248091","0.201"
"RWP-1","WHSC1","-0.02543222","0.814"
"SK-PC-1","WHSC1","-0.05063573","0.895"
"SK-PC-3","WHSC1","-0.4771765","0.353"
"SU.86.86","WHSC1","-0.2271823","0.115"
"SW1990","WHSC1","-0.1904258","0.434"
"BT-20","WHSC1L1","-0.103395","0.762"
"BT-474","WHSC1L1","-0.06440609","0.85"
"BT-549","WHSC1L1","-0.3110801","0.423"
"CAL-51","WHSC1L1","-0.1377203","0.507"
"CAMA-1","WHSC1L1","-0.08907146","0.946"
"EFM-19","WHSC1L1","-0.03565159","0.844"
"HCC1143","WHSC1L1","-0.3701138","0.467"
"HCC1187","WHSC1L1","-0.2206931","0.604"
"HCC1395","WHSC1L1","-0.1548954","0.752"
"HCC1419","WHSC1L1","-0.1466958","0.585"
"HCC1428","WHSC1L1","-0.4169839","0.484"
"HCC1500","WHSC1L1","-0.2940959","0.26"
"HCC1806","WHSC1L1","-0.1526417","0.868"
"HCC1937","WHSC1L1","-0.2347731","0.284"
"HCC1954","WHSC1L1","-0.04699676","0.87"
"HCC38","WHSC1L1","-0.2670918","0.444"
"Hs 578T","WHSC1L1","-0.08165153","0.465"
"KPL-1","WHSC1L1","-0.04669891","0.851"
"MCF7","WHSC1L1","-0.06163632","0.461"
"MDA-MB-157","WHSC1L1","-0.1982066","0.387"
"MDA-MB-231","WHSC1L1","-0.09891313","0.684"
"MDA-MB-361","WHSC1L1","-0.2340009","0.422"
"MDA-MB-436","WHSC1L1","-0.2257268","0.579"
"MDA-MB-453","WHSC1L1","-0.07694732","0.25"
"MDA-MB-468","WHSC1L1","-0.09917543","0.534"
"SK-BR-3","WHSC1L1","-0.3158909","0.463"
"SW527","WHSC1L1","-0.1160603","0.523"
"T-47D","WHSC1L1","-0.3216654","0.303"
"ZR-75-1","WHSC1L1","-0.1538291","0.756"
"609050M","WHSC1L1","-0.1511911","0.595"
"A2780","WHSC1L1","-0.05354348","0.53"
"A2780_CIS","WHSC1L1","-0.003604209","0.87"
"MM_OVCAR432_Bast_1","WHSC1L1","-0.2878309","0.822"
"OV-1946","WHSC1L1","-0.1692995","0.908"
"OV-90","WHSC1L1","-0.0694428","0.763"
"OVCA1369_TR","WHSC1L1","-0.8866646","0.519"
"OVCA433_Bast","WHSC1L1","-0.7136509","0.397"
"OVCA5","WHSC1L1","-0.1143325","0.668"
"OVCA8","WHSC1L1","-0.06367569","0.877"
"OVCAR-3","WHSC1L1","-0.824322","0.209"
"SK-OV-3","WHSC1L1","-0.096754","0.397"
"TOV-1946","WHSC1L1","-0.3384251","0.521"
"TOV-2223G","WHSC1L1","-0.397174","0.182"
"TOV-3133G","WHSC1L1","-0.1121317","0.496"
"AsPC-1","WHSC1L1","-0.1658412","0.423"
"BxPC-3","WHSC1L1","-0.2215484","0.554"
"CFPAC-1","WHSC1L1","-0.06991727","0.537"
"Capan-2","WHSC1L1","-0.03319009","0.74"
"HPAC","WHSC1L1","-0.05061199","0.661"
"HPAF-II","WHSC1L1","-0.08761035","0.759"
"HPDE","WHSC1L1","-1.579705","0.58"
"Hs 766T","WHSC1L1","-1.004472","0.14"
"IMIM-PC-1","WHSC1L1","-0.1387397","0.373"
"IMIM-PC-2","WHSC1L1","-0.08566362","0.45"
"KP-3","WHSC1L1","-0.152122","0.542"
"KP-4","WHSC1L1","-0.05408307","0.69"
"MIA PaCa-2","WHSC1L1","-0.05671206","0.628"
"PANC-1","WHSC1L1","-0.1156861","0.492"
"PL45","WHSC1L1","-0.2180296","0.396"
"PaTu_8988S","WHSC1L1","-0.02307964","0.829"
"PaTu_8988T","WHSC1L1","-0.08575104","0.578"
"Panc 02.03","WHSC1L1","-0.2158624","0.556"
"Panc 03.27","WHSC1L1","-0.05821724","0.715"
"Panc 04.03","WHSC1L1","-0.2004021","0.424"
"Panc 05.04","WHSC1L1","-0.152377","0.819"
"Panc 08.13","WHSC1L1","-0.04262805","0.826"
"Panc 10.05","WHSC1L1","-0.09167191","0.646"
"RWP-1","WHSC1L1","-0.02794271","0.808"
"SK-PC-1","WHSC1L1","-0.2186006","0.251"
"SK-PC-3","WHSC1L1","-0.268967","0.716"
"SU.86.86","WHSC1L1","-0.03481261","0.696"
"SW1990","WHSC1L1","-0.1359704","0.615"
"BT-20","YY1","-0.04454191","0.041"
"BT-474","YY1","-0.1301702","0.039"
"BT-549","YY1","-0.07026159","0.124"
"CAL-51","YY1","-0.1181289","0.031"
"CAMA-1","YY1","-0.09848833","0.115"
"EFM-19","YY1","-0.02144136","0.013"
"HCC1143","YY1","-0.2078915","0.024"
"HCC1187","YY1","-0.09496162","0.033"
"HCC1395","YY1","-0.2807098","0.011"
"HCC1419","YY1","-0.07011726","0.238"
"HCC1428","YY1","-0.2454273","0.008"
"HCC1500","YY1","-0.06393814","0"
"HCC1806","YY1","-0.4424617","0.047"
"HCC1937","YY1","-0.07936153","0.076"
"HCC1954","YY1","-0.1248344","0.01"
"HCC38","YY1","-0.2511567","0.158"
"Hs 578T","YY1","-0.03636575","0.562"
"KPL-1","YY1","-0.04655075","0.023"
"MCF7","YY1","-0.02495661","0.038"
"MDA-MB-157","YY1","-0.0406703","0.07"
"MDA-MB-231","YY1","-0.3556381","0.079"
"MDA-MB-361","YY1","-0.1774897","0.029"
"MDA-MB-436","YY1","-0.1045961","0.116"
"MDA-MB-453","YY1","0.02763698","0.234"
"MDA-MB-468","YY1","-0.006387062","0.25"
"SK-BR-3","YY1","-0.1691341","0.008"
"SW527","YY1","-0.09960576","0.081"
"T-47D","YY1","-0.0169536","0.067"
"ZR-75-1","YY1","-0.1095957","0.049"
"609050M","YY1","-0.1236997","0.141"
"A2780","YY1","0.01622922","0.054"
"A2780_CIS","YY1","-0.0551661","0.077"
"MM_OVCAR432_Bast_1","YY1","-0.3266627","0.272"
"OV-1946","YY1","-0.4504987","0.012"
"OV-90","YY1","-0.02922917","0.057"
"OVCA1369_TR","YY1","-0.2653736","0.012"
"OVCA433_Bast","YY1","-0.6398002","0.014"
"OVCA5","YY1","-0.1854953","0.06"
"OVCA8","YY1","-0.162841","0.046"
"OVCAR-3","YY1","-0.1058932","0.017"
"SK-OV-3","YY1","-0.03001702","0.053"
"TOV-1946","YY1","-0.2110808","0.018"
"TOV-2223G","YY1","0.006854132","0.47"
"TOV-3133G","YY1","-0.07505604","0.068"
"AsPC-1","YY1","-0.1053029","0.297"
"BxPC-3","YY1","-0.06221702","0.034"
"CFPAC-1","YY1","-0.04584973","0.806"
"Capan-2","YY1","-0.04731762","0.379"
"HPAC","YY1","-0.07212238","0.129"
"HPAF-II","YY1","-0.09043588","0.128"
"HPDE","YY1","-1.325731","0.369"
"Hs 766T","YY1","-0.4159717","0.014"
"IMIM-PC-1","YY1","-0.04446603","0.084"
"IMIM-PC-2","YY1","-0.05761459","0.037"
"KP-3","YY1","-0.09843719","0.044"
"KP-4","YY1","-0.04900052","0.069"
"MIA PaCa-2","YY1","-0.03314529","0.208"
"PANC-1","YY1","-0.03963283","0.038"
"PL45","YY1","-0.1699561","0.077"
"PaTu_8988S","YY1","-0.04496602","0.05"
"PaTu_8988T","YY1","-0.05752968","0.011"
"Panc 02.03","YY1","-0.1373687","0.015"
"Panc 03.27","YY1","-0.07235766","0.026"
"Panc 04.03","YY1","-0.03179434","0.042"
"Panc 05.04","YY1","-0.1458804","0.001"
"Panc 08.13","YY1","-0.06381763","0.09"
"Panc 10.05","YY1","-0.1246767","0.076"
"RWP-1","YY1","-0.1145794","0.303"
"SK-PC-1","YY1","-0.1266756","0.007"
"SK-PC-3","YY1","-0.2601184","0.037"
"SU.86.86","YY1","-0.02751869","0.108"
"SW1990","YY1","-0.1046448","0.161"
