"protein","uni_id","name","class","subclass","localisation","pfam_domains","super_domains","cdna_mut","protein_mut"
"ARID1A","A4FU79","AT Rich Interactive Domain 1A","Chromatin Modellers","SWI/SNF Complex","Nuclear Chromatin","PF12031","0051071","c.1007_1007delG, c.1010_1010delG, c.1010delG, c.1014_1014delG, c.1015_1029delGCTGCGGCGGCGGCA, c.1015delG, c.1029_1043del15, c.1043C>A, c.1060C>T, c.1070_1070delG, c.1107_1108insG, c.1108_1108delG, c.1138-1_1138insCCAT, c.1156C>T, c.1165A>C, c.1165A>T, c.1169_1170insT, c.1177C>T, c.1184A>G, c.1185T>A, c.1185T>C, c.1197_1197delC, c.1207C>T, c.120_145del26, c.1210C>T, c.1212A>T, c.1213C>T, c.1223C>T, c.1226C>A, c.1226C>T, c.1240G>A, c.1241G>A, c.1241G>T, c.1242A>G, c.1242_1249delACATGGGT, c.1262C>T, c.1274A>G, c.1274delA, c.1282C>T, c.1292C>A, c.1298delC, c.1314G>A, c.1323_1323delC, c.1333_1334delCT, c.1335C>T, c.1338_1339delTT, c.1340A>G, c.1341T>G, c.1351-1G>T, c.1351-2A>G, c.1366C>T, c.1398_1398delC, c.13_14ins28, c.1420C>T, c.1435C>T, c.1441C>T, c.1446G>A, c.1449_1450insCC, c.1455_1456insCCTAC, c.1469C>T, c.1473C>A, c.1476G>T, c.149_150insG, c.1501C>T, c.1504C>T, c.1508_1509insAAGGCCCCAGCGGGTATGGTCAACAGGGC, c.1512delA, c.1530G>A, c.1561C>T, c.1570C>T, c.1571A>G, c.1577C>T, c.1582C>T, c.1583A>T, c.1585C>T, c.1592C>T, c.1597C>G, c.1612C>T, c.1626_1627delGC, c.1627C>T, c.1642C>T, c.1643A>G, c.1644_1645insC, c.1650_1651insC, c.1652_1652delA, c.1655C>G, c.1655C>T, c.1657C>G, c.1657C>T, c.1663C>T, c.1664A>T, c.1669C>T, c.1675_1676delCC, c.1678T>A, c.1680C>A, c.1681C>T, c.1683G>C, c.1687C>T, c.1688A>G, c.1689G>T, c.1696C>T, c.1712C>T, c.1715C>T, c.1728G>T, c.1753C>T, c.1753_1755delCAG, c.1756C>T, c.1765C>T, c.1772_1772delC, c.1776T>G, c.1776_1776delT, c.1797_1798insC, c.1800G>A, c.1804G>T, c.1805A>G, c.1806G>T, c.1840T>G, c.1841C>G, c.1841C>T, c.1848_1848delC, c.1850C>G, c.1852A>C, c.1867G>T, c.1873C>T, c.1875A>G, c.1876G>T, c.1881_1881delT, c.1887C>A, c.1891_1897delAGCCTTC, c.1896_1899delTCAG, c.1897C>T, c.1901C>G, c.1904G>A, c.1906C>T, c.1920_splice, c.1921-1G>A, c.1921_splice, c.1939G>A, c.1945_1946insT, c.1947_1947delC, c.1951_1952insT, c.1991C>G, c.1996_2000delATTTC, c.2014G>T, c.2016G>A, c.2019delG, c.2021delG, c.2023_2032del10, c.2027C>T, c.2050C>G, c.2064C>T, c.2077C>T, c.2090C>T, c.2101G>T, c.2102G>C, c.2107_2107delC, c.2110G>A, c.2122C>T, c.2144C>T, c.214G>T, c.2165_2171delACCAGAT, c.2167C>T, c.2173_2179delCCACCTC, c.2179_2188del10, c.2179_2188delCGGCCACCCA, c.2179_2194del16, c.2180_2189delGGCCACCCAG, c.2181_2186delGCCACC, c.2184_2198>T, c.2190T>C, c.2197_2198insC, c.2208C>T, c.2208_2209insAT, c.2223G>A, c.2248C>T, c.2252-1G>T, c.2253delT, c.2260C>T, c.2268_2268delC, c.2268delC, c.2272_2272delC, c.2275A>G, c.2277_2278insC, c.2290_2291insC, c.2291C>T, c.2291_2291delC, c.2296_2297insC, c.2306C>A, c.2306C>G, c.2318C>T, c.2320C>T, c.2327C>G, c.2332G>A, c.2348delC, c.2352_2353insG, c.2357_2358insG, c.2368C>T, c.2396_2397insG, c.2397delG, c.2402_2402delG, c.2402delG, c.2424_2425insT, c.2427_2427delC, c.2452_2452delT, c.2457_2458insC, c.2465_2466insT, c.2466_2467insT, c.2468_2469insTA, c.2518C>T, c.2530C>T, c.2542C>T, c.2567G>T, c.2581G>C, c.2589G>T, c.2597delG, c.2618C>T, c.2632C>T, c.2644G>T, c.2652T>A, c.2718_2719insCT, c.2732+1G>C, c.2732_splice, c.2747C>T, c.2750A>G, c.275_291del17, c.2765G>A, c.2772delG, c.2773G>T, c.2778_2779TG>CT, c.2786C>T, c.2827C>A, c.2830C>T, c.2834delG, c.2836delC, c.2866A>T, c.2868_2868delC, c.286_296del11, c.2870A>G, c.2879-1G>C, c.2879G>T, c.2896G>A, c.289G>T, c.2910_2911insG, c.2929_2932delCCAG, c.2944_2946delAAC, c.2974G>T, c.2979_2980insA, c.2988+1G>A, c.2993delC, c.2999C>A, c.2999_3000insT, c.3016G>T, c.3028A>T, c.3039_3040insCT, c.3059G>A, c.3068G>T, c.309_321del13, c.3133G>A, c.3134_3134delG, c.3137G>A, c.3145C>G, c.3148G>A, c.3152T>G, c.3156T>A, c.3156T>G, c.315_334del20, c.3173T>G, c.3177_3178delGG, c.318_330del13, c.319_328delGCGGGCCCTA, c.3211_3211delA, c.3211delA, c.3216_3216delA, c.3219G>A, c.3223_3223delG, c.3223delG, c.3228_3229insG, c.3229_3230insG, c.3247G>T, c.3269G>T, c.3277_3277delA, c.3281_3281delA, c.3281_3282insA, c.3283C>T, c.3292C>T, c.3297_3298delTC, c.3299T>G, c.3325C>T, c.3326G>A, c.3340_3340delC, c.3340delC, c.3344_3344delC, c.3353_3354insTG, c.3369C>T, c.3386A>C, c.3390_3390delC, c.3391C>T, c.3391_3391delC, c.3399C>A, c.3416G>T, c.3424C>T, c.3430C>A, c.3430C>T, c.3440C>T, c.3442_3442delC, c.3467A>G, c.3514C>T, c.3519_3519delC, c.3548A>G, c.3562C>T, c.3575_3575delA, c.3590C>G, c.3598C>T, c.3607A>T, c.3633T>A, c.3633T>C, c.3634C>T, c.3634_3644del11, c.3635A>T, c.3645G>A, c.3659_3684del26, c.3660_3684del25, c.3662T>C, c.3667C>T, c.3668G>A, c.3670A>G, c.3677A>G, c.3712_3715+36del40, c.3715G>A, c.3731C>A, c.3736A>T, c.3740_3741CC>TT, c.3743C>A, c.3744A>C, c.3753_3753delC, c.3762C>T, c.3764G>A, c.3773A>G, c.3783T>C, c.3784C>T, c.3785G>A, c.3816G>A, c.3817_3841del25, c.3818_3843>G, c.3826C>T, c.3827G>A, c.3831G>A, c.3840C>A, c.3843T>G, c.3851_3852insA, c.3854_3855insA, c.3854_3861ATGACAGA>T, c.3860G>C, c.3862G>A, c.3909G>T, c.3910G>T, c.3916C>T, c.3919C>T, c.3948_3948delG, c.3949G>T, c.3952delA, c.3959C>A, c.3969C>A, c.3970_3971insA, c.3972C>A, c.3972_3972delC, c.3972delC, c.3977_3977delC, c.3977_3978insGCA, c.3978_3980delGCA, c.3979C>T, c.3989_3991delAGC, c.3991C>T, c.3994C>T, c.3995A>G, c.3999G>A, c.3999_4001delGCA, c.4001_4002insGCA, c.4003C>T, c.4011_4012delTT, c.4014C>T, c.4017_4018delTG, c.404_404delC, c.4053_4068del16, c.4060delT, c.4062delC, c.4069C>T, c.4070A>T, c.4087C>T, c.4091A>T, c.4101G>A, c.4101_splice, c.4124G>C, c.4129_4130insA, c.4165T>A, c.4165T>C, c.4170C>T, c.4201C>T, c.4202A>C, c.4217C>G, c.4217_4221delCCCCA, c.4225C>T, c.4227_4228insCC, c.4231C>T, c.4238C>T, c.4243_4244insCAGC, c.4258_4259insA, c.4270C>T, c.4288C>T, c.4304A>G, c.4336C>T, c.4350delC, c.4354_4354delC, c.4367C>T, c.4370T>C, c.4372C>T, c.4386_4387insA, c.4388G>A, c.4394C>G, c.4397C>T, c.4399_4399delC, c.4417C>T, c.4421delA, c.4439T>C, c.4446C>T, c.4449C>G, c.4477C>T, c.4482A>G, c.4494G>A, c.4497G>A, c.4499G>T, c.4518T>C, c.4524T>A, c.4538_4548delGCACGGGCTCT, c.4541_4541delC, c.4550_4550delC, c.4550delC, c.4582C>T, c.4591G>T, c.4624G>T, c.4626A>G, c.4635G>A, c.4640_4640delC, c.4680T>C, c.4681G>C, c.4683_4684insC, c.4684_4684delC, c.4689_4689delC, c.46C>T, c.4707A>C, c.4709_4712delCTAA, c.470_486del17, c.4716C>T, c.4720delC, c.4727C>T, c.4735C>T, c.4736A>C, c.4743_4744delCA, c.4750C>T, c.4760_4772delGCCCTGCTCCCCT, c.4778G>T, c.4781C>T, c.4791C>T, c.4808_4848del41, c.4840C>T, c.4841A>G, c.4851_4851delT, c.4852delC, c.4856C>T, c.486_492delCGCCGCC, c.4872C>T, c.4879C>G, c.487G>A, c.4880_4893delCTGCCCCTGTGCAG, c.4891C>T, c.4893_4894insC, c.4909C>A, c.490_497delGCCGCGGC, c.4910G>A, c.4917delC, c.4926_4927insTGGC, c.4944_4945insA, c.4945_4946insA, c.4948C>T, c.4972C>T, c.4973G>A, c.4984delA, c.4993+93C>G, c.4997_4997delC, c.5009G>A, c.5012_5012delG, c.5047G>C, c.5069C>A, c.5119A>G, c.5122C>T, c.5123A>G, c.5138T>C, c.5160_5160delC, c.5161C>T, c.5162G>A, c.5162_5162delG, c.5163A>G, c.5164C>T, c.5165G>A, c.5165G>T, c.5166A>G, c.5172G>C, c.5175T>C, c.5176G>C, c.5176G>T, c.5181_5182insT, c.5197G>T, c.5202T>A, c.5212G>A, c.5216C>G, c.5216_5216delC, c.5216_5249del34, c.5220A>T, c.5221C>T, c.5228C>T, c.5269G>C, c.5272_5288del17, c.5281G>T, c.5290G>T, c.5294_5294delA, c.5295_5296insG, c.5296G>T, c.5305_5305delC, c.531A>T, c.5329G>A, c.5334A>G, c.5335G>A, c.5338G>T, c.5359G>T, c.5365delG, c.5385G>C, c.5404G>T, c.540C>T, c.5425T>C, c.5431delA, c.5477A>G, c.5481C>T, c.5497C>T, c.5503C>T, c.5518_5518delG, c.5532G>A, c.5534G>A, c.5539_5539delG, c.553C>T, c.5540_5541insG, c.5541_5542insG, c.5542G>T, c.5542_5542delG, c.5542delG, c.5548_5548delG, c.5548_5549insG, c.5560C>T, c.5561_5562insT, c.5566C>T, c.5568G>T, c.5578G>T, c.557_570delGCGGCGGCGGCGGG, c.5585A>G, c.5606delG, c.5621_5628delGCCCACCA, c.5643_5652del10, c.5650A>T, c.5680C>T, c.5683G>T, c.5689delC, c.5698G>A, c.56_57insGCCGCC, c.5701G>T, c.5711_5711delA, c.5719A>T, c.5747C>G, c.5749A>G, c.5762delC, c.5770G>AA, c.5777G>C, c.5779_5780insCT, c.5782A>T, c.5791G>T, c.5803G>T, c.5819C>T, c.5825G>A, c.5839C>T, c.5841G>T, c.5841_5842insAGCACAG, c.5844_5845insACAGAGC, c.5849G>A, c.5856delC, c.585C>A, c.5871C>G, c.5882G>A, c.5899C>T, c.5899_5900insTG, c.5904_5905insGT, c.5944G>A, c.5947_5948delTG, c.5953T>C, c.5965C>T, c.5966G>T, c.5974T>C, c.5975C>G, c.5975C>T, c.5980delG, c.5987G>A, c.5999A>T, c.6001_6002insCA, c.6005C>T, c.6018_6020delGCT, c.6043A>T, c.6045delC, c.6055C>A, c.606_607delTC, c.6076C>T, c.607_608insA, c.608_609insA, c.6093T>G, c.6094G>A, c.6103G>A, c.6103G>T, c.6106G>T, c.6109C>T, c.6129_6130CA>TG, c.6139G>T, c.6144G>A, c.6156C>A, c.6160G>T, c.6193G>A, c.6196A>G, c.6210G>T, c.6214G>C, c.6226_6227insC, c.6227_6228insC, c.6228C>A, c.6236G>T, c.6241_6244delTGCC, c.6248C>A, c.6251T>A, c.6259G>A, c.6260G>A, c.6265C>A, c.6266T>C, c.6270C>G, c.6277G>T, c.6287C>G, c.6298C>T, c.6299A>G, c.6303delC, c.6311C>T, c.6316C>A, c.6320_6321insC, c.6330C>T, c.6331G>A, c.6341C>T, c.6343C>T, c.634T>C, c.6372A>G, c.6381C>G, c.6389A>G, c.6393T>G, c.6400_6405delCTGATT, c.6403A>G, c.6403_6408delATTCTG, c.6404T>A, c.6410delC, c.6414_6415insC, c.6415_6415delC, c.6415delC, c.6418_6428del11, c.6420_6420delC, c.6423_6430delCAGCCGCC, c.6427C>T, c.6428G>A, c.6446_6447insA, c.645C>A, c.6469G>A, c.6472C>A, c.6472C>T, c.6473G>A, c.648C>A, c.6507_6508insCTG, c.6527_6528delAG, c.6527_6528insG, c.6529G>A, c.6538_6539insT, c.6545_6564del20, c.6564G>T, c.6572G>T, c.6572_6580delGTATCGGCA, c.6578G>A, c.6612C>G, c.6619C>T, c.6624delC, c.6625_6625delC, c.6630G>C, c.6641G>C, c.6646C>T, c.6664_6665delCC, c.666delC, c.6685G>T, c.6693_6705delGCGGCGGGCTGCC, c.6694C>T, c.6700_6702delGCT, c.6702_6702delT, c.6703_6704insC, c.6703_6706delGCCC, c.6704delC, c.6706C>T, c.6706_6707delCG, c.6707G>C, c.6708C>T, c.6710_6711insT, c.6716T>C, c.6718_6719insG, c.6728_6729insG, c.6735delC, c.6746_6747ins?, c.6746_6747insA, c.6747_6748delAG, c.6755_6756delCT, c.6761_6767delACGAATC, c.6762C>G, c.6765A>C, c.6767C>G, c.6774_6792del19, c.6785C>A, c.6791C>G, c.6806C>A, c.6806C>T, c.6815C>A, c.6824T>C, c.6828_6829delTG, c.6830A>G, c.6848G>A, c.734_747del14, c.753_763del11, c.757C>T, c.782_791del10, c.802C>T, c.805C>T, c.822_822delG, c.822delG, c.826G>T, c.827_827delG, c.833G>C, c.850_850delG, c.853G>T,","p.(2287)fs, p.1334_1335insQ, p.?, p.A1077fs*28, p.A107fs*3, p.A107fs*4, p.A1119fs*43, p.A1239T, p.A1272A, p.A1304S, p.A1413V, p.A1466V, p.A1517fs, p.A1589fs*19, p.A1628fs*15, p.A163T, p.A163fs*67, p.A1648fs, p.A164fs*233, p.A1757P, p.A1789fs*17, p.A2065T, p.A2110A, p.A2181fs*44, p.A2182fs*36, p.A2204A, p.A2235delA, p.A2235fs*32, p.A2237fs*29, p.A2240fs*38, p.A245fs*150, p.A333T, p.A339_A343delAAAAA, p.A339fs*24, p.A344_A348del, p.A348D, p.A41fs*61, p.A438A, p.A591fs, p.A704T, p.A704fs*38, p.A861P, p.A873V, p.A96fs*11, p.A978fs*3, p.C1099fs, p.C1827C, p.C1874fs, p.C2052*, p.C2081fs, p.C2276fs*1, p.C336fs*27, p.C884*, p.D1050N, p.D1258G, p.D1663fs*10, p.D1738N, p.D1826G, p.D1850fs*33, p.D1850fs*4, p.D1900N, p.D1957E, p.D2072H, p.D2157N, p.D2229Y, p.D2245fs*22, p.D2277G, p.D627fs*2, p.D641_splice, p.D647N, p.D734fs*83, p.D972fs*35, p.E1006*, p.E1060fs*44, p.E1075fs*18, p.E1156G, p.E1531*, p.E1542*, p.E1542E, p.E1683Q, p.E1726*, p.E1726Q, p.E1733*, p.E1764*, p.E1766*, p.E1766fs*4, p.E1766fs*7, p.E1777K, p.E1778E, p.E1779K, p.E1780*, p.E1787*, p.E1802*, p.E1860*, p.E1895*, p.E1904fs, p.E1924fs, p.E1931*, p.E1935*, p.E2000V, p.E2032K, p.E2035*, p.E2035K, p.E2036*, p.E2047*, p.E2054*, p.E2078fs*21, p.E2250fs*27, p.E2250fs*28, p.E2255D, p.E2255fs*10, p.E602*, p.E602D, p.E602G, p.E626*, p.E672*, p.E672E, p.E72*, p.E966K, p.E97*, p.E992*, p.F1354fs*127, p.F1457S, p.F1720fs, p.F1809L, p.F2141fs*5, p.F2141fs*59, p.G1015fs*25, p.G1045S, p.G1045fs*14, p.G1083C, p.G1137*, p.G1139V, p.G1251fs, p.G1254G, p.G1255E, p.G1274fs*7, p.G1303G, p.G1317W, p.G1375A, p.G1482G, p.G1483G, p.G1500V, p.G1729fs*7, p.G1740G, p.G1740fs*19, p.G1761C, p.G180G, p.G1840fs*43, p.G1847fs, p.G1847fs*36, p.G1848W, p.G1848fs, p.G1848fs*6, p.G1901*, p.G1926A, p.G1942D, p.G1996D, p.G2087E, p.G2087R, p.G2107fs, p.G2177R, p.G2193D, p.G2283D, p.G276*, p.G276fs*87, p.G278A, p.G284fs, p.G285*, p.G285fs*78, p.G314G, p.G324fs*37, p.G326fs*37, p.G414*, p.G414E, p.G414G, p.G414R, p.G414V, p.G623*, p.G701A, p.G701C, p.G778R, p.G801fs*32, p.G856V, p.G882W, p.G922D, p.G925*, p.G925fs*16, p.G927*, p.G92fs*13, p.G945fs*23, p.G960V, p.H1548fs*17, p.H1624H, p.H1854Y, p.H1881fs*39, p.H1949fs*16, p.H2019N, p.H203fs, p.H203fs*196, p.H203fs*197, p.H2090Q, p.H415fs*205, p.H684D, p.H688H, p.I1130fs, p.I1173fs, p.I1582fs*20, p.I1725I, p.I1855fs*46, p.I1907F, p.I2015F, p.I2127M, p.I2135N, p.I2135V, p.I2135_L2136del, p.I2275T, p.I666fs*8, p.I736I, p.K1010*, p.K1071fs, p.K1072fs*21, p.K1093fs, p.K1094fs*67, p.K1129T, p.K1603fs*31, p.K1795N, p.K1811fs*4, p.K1862R, p.K1928*, p.K1928fs*29, p.K1953fs*3, p.K2124K, p.K2159*, p.K389*, p.K389Q, p.K51fs*60, p.L1049V, p.L1051R, p.L1100R, p.L1713P, p.L1724L, p.L1769fs*1, p.L1922fs*1, p.L1967L, p.L2007del, p.L2009_L2017del, p.L2016fs*14, p.L2089I, p.L2089P, p.L2106M, p.L2171_A2172insL, p.L2216F, p.L2238fs*39, p.L2238fs*40, p.L2239P, p.L2253fs*24, p.L2259fs*2, p.L295fs*105, p.L445L, p.L632fs*13, p.L649fs, p.L818fs, p.LI2134del, p.M1215I, p.M1220fs*2, p.M1220fs*9, p.M1221T, p.M1224V, p.M1246L, p.M1273fs, p.M1318fs*163, p.M1480T, p.M1564fs*1, p.M1564fs*8, p.M1634fs*14, p.M2001fs*15, p.M2231fs*32, p.M274fs, p.M390fs*10, p.M434fs*185, p.M442fs*177, p.M618L, p.M651fs*25, p.M737fs*6, p.M741I, p.M759V, p.M785fs*32, p.M863I, p.M981*, p.N104fs*6, p.N106fs*4, p.N1183S, p.N1192fs*14, p.N1203Y, p.N1475fs*6, p.N1571fs*40, p.N1597N, p.N2044D, p.N2066D, p.N2130S, p.N2131K, p.N629K, p.N675fs*64, p.N722fs*18, p.N756fs, p.N820fs*52, p.N917S, p.N956Y, p.N956fs*12, p.N957S, p.N982del, p.P1114fs, p.P1115fs*46, p.P1133P, p.P1144S, p.P1144T, p.P1147L, p.P1175fs*5, p.P1244H, p.P1280P, p.P1307S, p.P1326fs*155, p.P1353fs*123, p.P135fs*97, p.P1406R, p.P1406fs*37, p.P1421fs*24, p.P1456L, p.P1467fs, p.P1560P, p.P1562fs, p.P1569P, p.P1575fs*37, p.P1576L, p.P158fs*236, p.P1594L, p.P1619L, p.P1619fs*7, p.P1627A, p.P1643fs*6, p.P1667fs*6, p.P16S, p.P1739R, p.P1739fs*31, p.P1758fs*9, p.P1870fs*13, p.P1898fs*25, p.P1940L, p.P19_P20insPP, p.P2083H, p.P2114L, p.P2139fs, p.P2222fs*2, p.P224fs*8, p.P252fs*144, p.P253S, p.P302fs*99, p.P400fs*33, p.P408L, p.P421L, p.P431Q, p.P490L, p.P504fs*125, p.P526L, p.P531L, p.P533A, p.P559fs, p.P600P, p.P636S, p.P640_splice, p.P676L, p.P697L, p.P725fs*15, p.P728_P729delPP, p.P728fs, p.P773L, p.P776R, p.P824fs*10, p.P848S, p.P867fs*24, p.P916L, p.P929L, p.P943T, p.P947fs*21, p.Q1095*, p.Q1095fs*10, p.Q1098*, p.Q1131*, p.Q1131fs*30, p.Q1142*, p.Q1148fs*13, p.Q1172*, p.Q1188*, p.Q1200*, p.Q1212*, p.Q1212L, p.Q1212fs*4, p.Q1277Q, p.Q1306*, p.Q1327*, p.Q1331*, p.Q1332*, p.Q1332R, p.Q1333Q, p.Q1334_R1335insQ, p.Q1334del, p.Q1334delQ, p.Q1357*, p.Q1357L, p.Q1363*, p.Q1364L, p.Q1367Q, p.Q1367_splice, p.Q1401*, p.Q1401P, p.Q1409*, p.Q1411*, p.Q1411fs*71, p.Q1415fs*31, p.Q1415fs*?, p.Q1424*, p.Q1430*, p.Q1452fs*29, p.Q1458*, p.Q1473*, p.Q1493*, p.Q1494Q, p.Q1499Q, p.Q1519fs*8, p.Q1579*, p.Q1579P, p.Q1584*, p.Q1614*, p.Q1614R, p.Q1631*, p.Q1650*, p.Q1708*, p.Q1708R, p.Q1741*, p.Q177H, p.Q1835*, p.Q185*, p.Q1856*, p.Q1856H, p.Q1894*, p.Q1947*, p.Q1947H, p.Q2026*, p.Q2037*, p.Q2070H, p.Q2100*, p.Q2100R, p.Q2115*, p.Q2176fs, p.Q2176fs*48, p.Q2188H, p.Q2207*, p.Q2209fs*22, p.Q2210H, p.Q268*, p.Q269*, p.Q297fs*65, p.Q309H, p.Q321fs*42, p.Q354*, p.Q372fs*19, p.Q372fs*28, p.Q386*, p.Q393*, p.Q403*, p.Q404*, p.Q404H, p.Q405*, p.Q425R, p.Q425fs*8, p.Q428*, p.Q449fs*173, p.Q456*, p.Q467fs*152, p.Q474*, p.Q479*, p.Q481*, p.Q482Q, p.Q492H, p.Q501*, p.Q502*, p.Q505fs*114, p.Q507*, p.Q510Q, p.Q521*, p.Q524*, p.Q524R, p.Q528*, p.Q528L, p.Q529*, p.Q538*, p.Q543*, p.Q543fs*79, p.Q546*, p.Q548*, p.Q548R, p.Q548fs, p.Q553*, p.Q553E, p.Q555*, p.Q555L, p.Q557*, p.Q561*, p.Q561H, p.Q563*, p.Q563H, p.Q563R, p.Q566*, p.Q576H, p.Q585*, p.Q586*, p.Q586del, p.Q589*, p.Q601fs*22, p.Q625*, p.Q625Q, p.Q633*, p.Q708*, p.Q723*, p.Q754*, p.Q758fs*75, p.Q761fs*56, p.Q766fs*51, p.Q766fs*67, p.Q790*, p.Q802fs*15, p.Q840*, p.Q844*, p.Q878*, p.Q944*, p.R1020K, p.R1046K, p.R1109Q, p.R1109W, p.R1223C, p.R1223H, p.R1262C, p.R1262H, p.R1276*, p.R1276Q, p.R1287T, p.R1323R, p.R1335*, p.R1446*, p.R1463H, p.R1463fs*28, p.R1528*, p.R1593L, p.R1637Q, p.R1637R, p.R1637W, p.R1658Q, p.R1658W, p.R1721*, p.R1721Q, p.R1721R, p.R1721fs, p.R1722*, p.R1722L, p.R1722Q, p.R1722R, p.R1833C, p.R1845Q, p.R1950Q, p.R1989*, p.R1989L, p.R2143C, p.R2143H, p.R2153fs*65, p.R2158*, p.R2158Q, p.R2158R, p.R2232W, p.R2236C, p.R2236P, p.R2236R, p.R2236fs*31, p.R2236fs*42, p.R635K, p.R693*, p.R727fs*10, p.R727fs*12, p.R750*, p.R774C, p.R811fs*22, p.R911_splice, p.S1000Y, p.S1001fs*6, p.S1090I, p.S1123S, p.S1197C, p.S1247F, p.S1248*, p.S1248S, p.S1261S, p.S1320Y, p.S1338S, p.S1338fs*106, p.S1356fs*125, p.S1390S, p.S1465C, p.S157fs*236, p.S1707G, p.S186fs, p.S1916C, p.S1961N, p.S1985P, p.S1985fs*13, p.S1992*, p.S1992L, p.S1992P, p.S2002F, p.S2079I, p.S2096*, p.S2104F, p.S2104fs*31, p.S2142fs*5, p.S2149fs*9, p.S2191I, p.S2191_G2193delSIG, p.S2214T, p.S2249fs, p.S2256*, p.S2262*, p.S2264*, p.S2269*, p.S2269L, p.S2272*, p.S261fs*99, p.S334*, p.S357fs*6, p.S382fs*19, p.S409*, p.S409L, p.S446fs*176, p.S486fs*135, p.S491S, p.S552*, p.S552L, p.S571L, p.S593fs*26, p.S614*, p.S614A, p.S614L, p.S617*, p.S617fs*2, p.S634*, p.S634fs*12, p.S664*, p.S674fs*68, p.S715L, p.S730S, p.S764F, p.S764fs, p.S769*, p.S787fs*30, p.S907fs*13, p.S995fs*12, p.S999fs*40, p.T1514fs, p.T1514fs*14, p.T1640fs*14, p.T1649fs*49, p.T1690N, p.T1743M, p.T1884S, p.T1917A, p.T1969fs*47, p.T2138fs, p.T2138fs*62, p.T294fs*106, p.T572M, p.T783fs*50, p.V1058G, p.V1288M, p.V1561L, p.V1672fs*1, p.V1982I, p.V1994fs*21, p.V2084D, p.V2093F, p.V2111I, p.V2244fs*34, p.V5fs*115, p.W1023L, p.W1073*, p.W1498*, p.W1545*, p.W1670*, p.W1844*, p.W2048*, p.W337*, p.Y1052*, p.Y1211*, p.Y1211Y, p.Y1226C, p.Y1281*, p.Y1285fs*1, p.Y1285fs*2, p.Y1324*, p.Y1324fs, p.Y1324fs*1, p.Y1339fs*1, p.Y1377fs*1, p.Y1389H, p.Y1389N, p.Y1435C, p.Y1506Y, p.Y1508*, p.Y1572Y, p.Y1734*, p.Y195*, p.Y2031*, p.Y2076*, p.Y2076fs*23, p.Y212H, p.Y215*, p.Y216*, p.Y2254*, p.Y395*, p.Y395C, p.Y395Y, p.Y447*, p.Y447C, p.Y485fs*135, p.Y551fs*68, p.Y551fs*72, p.Y560*, p.Y560N, p.Y592*, p.Y752fs*81, p.Y809fs*8, p.Y823fs*49"
"ACTL6A","O96019","Actin-like 6A","Chromatin Modellers","INO80 Complex,  SWI/SNF Complex","Nucleus","PF00022","0046054, 0039962","c.103-2A>G, c.1048G>A, c.1087A>G, c.1117C>T, c.1129C>T, c.112C>A, c.113C>G, c.1151A>T, c.1166G>T, c.1249G>T, c.132G>T, c.196C>T, c.233C>T, c.246G>A, c.269delA, c.280G>A, c.310G>C, c.315T>C, c.398G>T, c.402G>T, c.403A>C, c.424G>C, c.446T>C, c.471G>T, c.476+1G>T, c.487delG, c.489T>G, c.490C>T, c.491G>A, c.504G>A, c.521C>T, c.629T>G, c.65C>G, c.716G>T, c.723G>C, c.750G>A, c.751C>T, c.769T>C, c.785T>G, c.794C>T, c.931C>T, c.990C>A","p.?, p.A174V, p.C257R, p.D104H, p.E134D, p.E142Q, p.E241D, p.E417*, p.E94K, p.F149S, p.F210C, p.F262C, p.G163G, p.G163fs*6, p.H105H, p.H251Y, p.K135Q, p.L157F, p.L168L, p.M82I, p.N384I, p.N90fs*47, p.P311S, p.P373S, p.P38R, p.P38T, p.P66S, p.P78L, p.R133I, p.R164C, p.R164H, p.R239I, p.R363G, p.R377W, p.R389L, p.S265L, p.T22S, p.T330T, p.V350M, p.V44V, p.W250*"
"ACTL6B","O94805","Actin like protein 6B","Chromatin Modellers","SWI/SNF Complex","Nucleus","PF00022","0046054, 0039962","c.1012C>T, c.1013G>T, c.1111C>T, c.1113G>T, c.1153G>A, c.1153G>T, c.1154A>G, c.1156C>T, c.1157G>T, c.1176C>T, c.1200+1G>A, c.1231C>A, c.135C>T, c.180G>T, c.219C>T, c.233G>A, c.249G>A, c.258G>T, c.26-2A>T, c.297C>T, c.358T>C, c.369G>A, c.467C>T, c.551T>A, c.575C>T, c.583delG, c.60C>A, c.627G>A, c.674C>T, c.706A>T, c.714G>T, c.73G>A, c.742C>T, c.759+8T>G, c.780G>T, c.786C>T, c.838C>A, c.859C>T, c.863A>G, c.886G>A, c.889G>A, c.893G>A, c.951C>G, c.967G>C","p.?, p.A156V, p.A195fs*25, p.A25T, p.A296T, p.A45A, p.E209E, p.E238D, p.E297K, p.E385*, p.E385G, p.E385K, p.G323R, p.G78E, p.H248Y, p.H73H, p.I392I, p.I99I, p.K236*, p.K60N, p.K86N, p.N288S, p.N317K, p.P123P, p.P225L, p.P280T, p.P287S, p.P371P, p.P371S, p.Q260H, p.Q411K, p.R298Q, p.R338C, p.R338L, p.R386C, p.R386L, p.S120P, p.S192F, p.S20S, p.S262S, p.S83S, p.V184D"
"ACTR5","Q9H9F9","ARP5 actin-related protein 5 homolog (yeast)","Chromatin Modellers","INO80 Complex","Nucleus and Cytoplasm","PF00022","0039963, 0039962","c.1015A>G, c.1036C>G, c.1134G>A, c.1146C>A, c.1162G>C, c.1166G>A, c.1205C>T, c.1208T>C, c.1222A>G, c.1240C>T, c.1299G>T, c.1306T>G, c.1349G>A, c.1443G>T, c.1459C>A, c.1541T>G, c.1552C>T, c.1580C>T, c.1581G>A, c.1682G>T, c.1747G>A, c.1808C>T, c.202G>T, c.205C>G, c.333G>C, c.35G>A, c.385G>A, c.516C>G, c.531G>T, c.579G>A, c.620A>C, c.628C>T, c.629G>C, c.645A>G, c.690C>T, c.691C>T, c.756C>A, c.908delG, c.924C>A, c.926A>G","p.A378A, p.A583T, p.A603V, p.D129N, p.D388H, p.G215G, p.G561V, p.G68C, p.I252I, p.K177N, p.K481N, p.L111F, p.L308L, p.L346V, p.L382L, p.L403S, p.L436V, p.L487M, p.M339V, p.M514R, p.N207T, p.N309S, p.P231S, p.P414S, p.R12H, p.R210C, p.R210P, p.R304fs*31, p.R450Q, p.R518W, p.R69G, p.S389N, p.S402F, p.S408G, p.S527L, p.S527S, p.T193T, p.V433V, p.Y172*, p.Y230Y"
"ACTR8","Q9H981","ARP5 actin-related protein 8 homolog (yeast)","Chromatin Modellers","INO80 Complex","Nucleus and Chromosome","PF00022, PB009299","0051254, 0037166","c.1024C>T, c.1027C>T, c.1042G>T, c.1047T>G, c.1055A>G, c.1102C>T, c.1138C>T, c.1168A>G, c.1174T>G, c.1190C>T, c.11C>G, c.1307C>A, c.1366C>T, c.1368T>C, c.1410G>T, c.1443G>T, c.1516G>T, c.1559A>G, c.1573G>C, c.1597A>T, c.164C>T, c.1695A>G, c.1797G>T, c.1828C>T, c.230G>A, c.383G>A, c.441T>G, c.545T>A, c.591T>A, c.591T>C, c.645G>A, c.866C>A, c.901C>T, c.937G>C, c.971G>A, c.996C>G, c.997C>A","p.A215A, p.A436E, p.A4G, p.C332W, p.D313H, p.D520G, p.D525H, p.E348*, p.E470D, p.G506*, p.H352R, p.I147M, p.I182N, p.L342F, p.L343L, p.L392V, p.L481L, p.M390V, p.P197P, p.Q333K, p.Q599H, p.R128H, p.R301W, p.R324Q, p.R368*, p.R380*, p.R456C, p.R456R, p.R565R, p.R610C, p.R77Q, p.S533C, p.S55L, p.T289K, p.T349T, p.T397I"
"ARID1B","Q8NFD5","NA","Chromatin Modellers","SWI/SNF Complex","Nucleus","PB006715, PB007257, PB006834, PB000165, PF01388, PF12031","0049275, 0051071","c.1062G>T, c.1159_1160insCGC, c.1519C>T, c.1520G>A, c.1528G>A, c.1546C>T, c.1588G>T, c.1606C>T, c.1640C>T, c.1650G>T, c.1659A>G, c.1814C>G, c.186G>A, c.1934C>T, c.1936C>T, c.1959G>A, c.1973C>T, c.1980delC, c.1989delC, c.198G>A, c.1996C>T, c.2013T>C, c.2075A>G, c.2084C>T, c.2167G>A, c.2181A>G, c.2187delT, c.2191A>G, c.2267G>C, c.2408T>A, c.2493T>A, c.2535G>A, c.2693A>C, c.2694G>C, c.2739C>G, c.2791G>A, c.2812G>T, c.2889A>C, c.3123G>T, c.3169C>T, c.3190G>A, c.3209C>T, c.3223G>C, c.3235C>T, c.3268_3269delAA, c.3277G>A, c.3281G>A, c.3285G>T, c.3348A>G, c.3349A>C, c.3359C>T, c.3390C>G, c.3415G>A, c.3455_3456GG>CT, c.3463A>T, c.3481C>T, c.3504G>A, c.3510C>A, c.3542G>C, c.3655C>T, c.3658G>C, c.3670G>C, c.3679G>T, c.3708G>A, c.3712C>T, c.3797G>T, c.3836C>T, c.3865C>T, c.3866A>T, c.3873G>A, c.3887C>T, c.3928C>T, c.3959+4A>G, c.4021G>T, c.4051C>T, c.4056G>C, c.4078G>A, c.4114G>A, c.4162C>G, c.4181C>T, c.4193G>T, c.4197G>A, c.4217C>T, c.4250C>T, c.4270G>A, c.4307C>T, c.4353T>C, c.4390delG, c.4429C>T, c.4435_4442delGACGATAT, c.4443G>C, c.4492G>A, c.4571C>T, c.4601G>A, c.4642C>T, c.4643G>A, c.4672C>T, c.4686G>T, c.4704G>A, c.4816C>T, c.4829C>T, c.4901C>T, c.4945A>T, c.4978G>T, c.5089G>T, c.5118G>T, c.5137G>C, c.5166C>T, c.5178C>T, c.5260G>A, c.5264A>C, c.5265C>A, c.5294A>C, c.5298C>T, c.5337G>A, c.5347G>C, c.5377G>T, c.5409_5444del36, c.5410G>A, c.5413G>T, c.5577C>T, c.5587_5588delCT, c.5619C>T, c.5632delC, c.5634C>T, c.5667_5668insT, c.5672A>C, c.5751G>T, c.5760_5761GG>TT, c.5804G>A, c.5822C>T, c.5872G>A, c.5872G>T, c.5873G>T, c.5896G>A, c.5914C>T, c.5920C>T, c.5982G>A, c.5988G>A, c.5989G>T, c.6018G>T, c.6042_6043CG>TT, c.6049C>T, c.6114G>T, c.6196G>T, c.6211C>G, c.6229A>G, c.6232G>T, c.6266G>A, c.6293T>G, c.6328C>T, c.6331G>T, c.6345G>A, c.6496_6497insC, c.64C>G, c.6505C>T, c.6566G>A, c.6576A>C, c.6581G>A, c.6606C>T, c.6621C>A, c.6681G>C, c.75_76insCAC, c.769_789del21, c.797G>C, c.803G>C","p.?, p.A1120V, p.A1697S, p.A1754T, p.A1917A, p.A2115A, p.A645V, p.A653A, p.A723T, p.A831A, p.A931T, p.A938S, p.D1220H, p.D1224H, p.D1227Y, p.D1372N, p.D1480fs*9, p.D1722D, p.D1726D, p.D1755A, p.D1755E, p.D1783H, p.D1873D, p.D1997Y, p.E1064K, p.E1139K, p.E1713Q, p.E1793*, p.E1966K, p.E2066*, p.E2111*, p.E2192D, p.E963D, p.F1766F, p.G1093R, p.G1094D, p.G1152>?, p.G1181A, p.G1266V, p.G1341*, p.G1360S, p.G1424R, p.G1464fs*12, p.G1660*, p.G1804S, p.G1804_H1815del12, p.G1805W, p.G1958R, p.G1958V, p.G1958W, p.G2202G, p.G257_G263delGGGGGSG, p.G266A, p.G268A, p.G510R, p.G530C, p.G756A, p.H1219Y, p.H31_A32insH, p.I1859I, p.I2207I, p.K1041N, p.K1090fs*9, p.K1155*, p.K1765T, p.L1095F, p.L1706F, p.L1779L, p.L2017L, p.L2071V, p.L2169L, p.M1236I, p.M1291I, p.M1481I, p.M1562I, p.M2038I, p.M731V, p.M803K, p.M845I, p.N1451N, p.N2077D, p.N913K, p.P1079S, p.P1238S, p.P1296L, p.P1352P, p.P1406L, p.P1417L, p.P1558S, p.P1878P, p.P1941L, p.P1974S, p.P2168fs*6, p.P22A, p.P354P, p.P392_S393insP, p.P547L, p.P550P, p.P553P, p.P661fs*13, p.P664fs*10, p.P666S, p.P695L, p.Q1161*, p.Q1289*, p.Q1289L, p.Q1310*, p.Q1351*, p.Q1388E, p.Q1879fs*77, p.Q1890fs*36, p.Q1891P, p.Q1920_D1921>HY, p.Q2227H, p.Q516*, p.Q536*, p.Q62Q, p.Q646*, p.Q66Q, p.Q692R, p.Q730fs*44, p.Q898H, p.Q898P, p.R1057*, p.R1398L, p.R1399R, p.R1477C, p.R1534K, p.R1548C, p.R1548H, p.R1606*, p.R1935H, p.R1972*, p.R2089H, p.R2110*, p.R2189K, p.R2194H, p.R507Q, p.R507W, p.R727R, p.S1070L, p.S1116S, p.S1117R, p.S1168S, p.S1170S, p.S1394L, p.S1436L, p.S1610F, p.S1864fs*8, p.S2014>?, p.S605*, p.S658F, p.S671S, p.T1279M, p.T1524M, p.T1568T, p.T1634M, p.T1649S, p.T2006T, p.V1075L, p.V1498I, p.V2078L, p.V2098G, p.W1994*, p.W1996*, p.Y1130*"
"ASH1L","Q9NR48","NA","Histone Methyl Transferases (HMTs)","Lysine Methyl Transferases (KMT)","Nucleus and Chromosome","PB004663, PB004663, PB004663, PB019358, PB006310, PB018878, PF00856, PB018246, PF00439, PF00628, PF01426","0048183, 0046608, 0050470","c.1044A>C, c.1125A>T, c.1152C>A, c.123A>C, c.1240G>A, c.1297C>T, c.1366C>G, c.1390A>G, c.1468T>G, c.1475A>C, c.1477G>T, c.1589C>T, c.1607G>A, c.161G>A, c.1624A>G, c.1727C>T, c.1777G>A, c.1833G>C, c.1864A>G, c.1884G>T, c.190G>A, c.1921A>G, c.1968G>C, c.2056G>T, c.2119A>G, c.2134delA, c.216G>A, c.2193A>G, c.2213G>T, c.2264C>A, c.2264C>G, c.2299C>T, c.229G>T, c.2311G>C, c.2314C>T, c.2329C>T, c.2393A>C, c.2461T>C, c.246G>T, c.2491C>T, c.2503G>T, c.2538T>A, c.2548C>G, c.2598A>G, c.2615T>G, c.2671G>A, c.273C>A, c.2771C>G, c.2899G>T, c.2902A>T, c.2908delA, c.2916G>T, c.294A>G, c.2951G>A, c.2972C>A, c.2985G>T, c.2994G>C, c.3038A>C, c.3085T>G, c.3123G>A, c.3127G>C, c.3128G>A, c.3129A>G, c.3157C>T, c.3191C>A, c.3260A>T, c.3276A>G, c.3326C>A, c.3414A>G, c.3439C>T, c.3443C>T, c.3449C>T, c.3456G>T, c.3478C>T, c.3490_3492delCCT, c.349A>G, c.3557C>T, c.3574C>T, c.3620A>C, c.3645G>T, c.3665delA, c.3673C>T, c.3680T>C, c.3744_3745delTA, c.3760C>T, c.3800G>T, c.3814C>T, c.3832C>T, c.3874G>T, c.3904C>T, c.3911C>T, c.3917G>A, c.3962G>A, c.396G>A, c.4059C>T, c.4068G>T, c.4086A>G, c.4114C>T, c.4171C>T, c.417A>G, c.4224_4225delTT, c.4334A>C, c.4403G>T, c.4457G>A, c.4477C>T, c.4483T>C, c.4486G>C, c.4497G>A, c.4527T>C, c.4547G>A, c.4568C>T, c.4587G>A, c.4598delA, c.4624C>T, c.4625A>C, c.4660G>T, c.46G>A, c.46G>T, c.4708G>T, c.471C>T, c.4746T>C, c.4769G>T, c.47A>G, c.4862C>T, c.48A>G, c.4927C>T, c.4932T>C, c.5017C>T, c.505G>T, c.5070G>C, c.5129G>A, c.5129G>T, c.5130G>A, c.5130G>T, c.5203G>C, c.523T>C, c.5293C>A, c.534G>A, c.5377C>T, c.5380C>T, c.5380_5382delCAT, c.5410C>T, c.5418A>T, c.5465A>C, c.5465delA, c.5561G>A, c.5641G>T, c.5709T>G, c.575C>T, c.578C>A, c.5800G>C, c.5806G>A, c.5809G>A, c.583A>T, c.5843C>A, c.584C>T, c.585T>C, c.5893G>C, c.5902T>G, c.592G>T, c.5943C>A, c.5945delC, c.5948G>A, c.5951C>T, c.5985T>A, c.5991C>T, c.6020G>A, c.6024G>C, c.6045G>A, c.6142C>T, c.6217C>T, c.6221C>G, c.6224-2_6224delagA, c.6231C>T, c.6236_6238delATG, c.6339C>A, c.6367C>T, c.6387T>C, c.6410A>G, c.6436C>T, c.6479T>G, c.6547A>T, c.6698G>A, c.6706C>T, c.6754A>T, c.677C>T, c.6790A>G, c.6792A>G, c.6794A>G, c.681T>A, c.6826C>T, c.6827G>A, c.6909_6910insA, c.6917G>T, c.6943C>T, c.6945C>A, c.695C>T, c.7021C>G, c.7108C>T, c.7113A>G, c.7116delA, c.7166A>T, c.7262G>A, c.7499A>G, c.74C>T, c.7509G>A, c.7510G>A, c.754_755insATTT, c.7567C>T, c.7602A>C, c.7604G>A, c.760A>G, c.7638A>G, c.7655T>C, c.7681G>T, c.7699G>A, c.7731C>T, c.7733A>G, c.7734C>T, c.7744C>T, c.7750A>G, c.7804-1_7814delgGTATGGCAGCA, c.7833G>T, c.7855C>T, c.7958G>A, c.7982-2A>T, c.8014C>T, c.8023G>A, c.8092C>T, c.8119A>G, c.8134G>T, c.8145C>T, c.8163C>T, c.8185C>T, c.8212C>T, c.8223C>T, c.8258C>T, c.832A>T, c.8331C>T, c.8500C>T, c.8522G>A, c.8523C>G, c.8578G>A, c.8633A>G, c.8634G>T, c.8660A>C, c.8683_8684insA, c.8683delA, c.8735G>A, c.8748G>T, c.8804-1G>T, c.8887C>T, c.8888G>A, c.969A>T, c.971A>G, c.988A>G","p.?, p.A1150V, p.A1523V, p.A25V, p.A2712S, p.A384A, p.A414T, p.A686S, p.C157C, p.C2129C, p.C227*, p.D1735H, p.D1997D, p.D2079delD, p.D2561Y, p.D2577D, p.D2578D, p.D2578G, p.D2675N, p.D64N, p.D771H, p.D967Y, p.E1215D, p.E1292*, p.E1362E, p.E1496Q, p.E1554*, p.E16*, p.E1690D, p.E16E, p.E16G, p.E16K, p.E1881*, p.E1934Q, p.E1936K, p.E1937K, p.E1965Q, p.E2137G, p.E2504K, p.E2860K, p.E2878D, p.E2878G, p.E493*, p.E593K, p.E77*, p.E82D, p.E835*, p.F1029V, p.F1227S, p.G1043E, p.G1043G, p.G1043R, p.G1570*, p.G1590V, p.G169*, p.G1710E, p.G1710G, p.G1710V, p.G198C, p.G2233E, p.G536D, p.G628G, p.G891S, p.H1192Y, p.H1225Y, p.H1248fs*5, p.H1542P, p.H1542Y, p.H1793Y, p.H1794Y, p.H1794delH, p.H2315Q, p.H2315Y, p.H2715H, p.H2721H, p.H772Y, p.I2113I, p.I254V, p.I254fs*16, p.I2552T, p.I2584V, p.I2777I, p.I622V, p.I641V, p.I872S, p.I970fs*9, p.K1013T, p.K1041K, p.K1152N, p.K117E, p.K1222fs*11, p.K132K, p.K139K, p.K1445T, p.K1529K, p.K1533fs*17, p.K2015K, p.K2264E, p.K2264K, p.K2372fs*5, p.K2707E, p.K323N, p.K324R, p.K375N, p.K41N, p.K492T, p.K707E, p.K798T, p.K968*, p.K972N, p.K98K, p.K995N, p.L1092L, p.L1138L, p.L1391F, p.L1644L, p.L1765I, p.L178L, p.L1968V, p.L2008F, p.L2160R, p.L2534L, p.L2619F, p.L2741L, p.L456V, p.L490V, p.L611F, p.L656F, p.L91L, p.L998F, p.M1356I, p.M2183L, p.N1207T, p.N1822T, p.N1822fs*2, p.N2887T, p.P1164delP, p.P1353P, p.P1372S, p.P193Q, p.P1948Q, p.P1981P, p.P1982fs*27, p.P1984L, p.P2048S, p.P2123S, p.P348P, p.P530L, p.P731P, p.P767S, p.P831S, p.P850A, p.P866P, p.Q1087L, p.Q1147*, p.Q1278*, p.Q1499Q, p.Q1804*, p.Q1806H, p.Q2265R, p.Q2341E, p.Q2371Q, p.Q433*, p.Q72Q, p.R1053C, p.R1160W, p.R1254C, p.R1267M, p.R1272W, p.R1302W, p.R1306Q, p.R1321Q, p.R1486H, p.R1493C, p.R1516H, p.R1643W, p.R1673W, p.R1854Q, p.R1983H, p.R2007Q, p.R2073C, p.R2146*, p.R2236W, p.R2276*, p.R2276Q, p.R2306L, p.R2370C, p.R2421Q, p.R2523C, p.R2535Q, p.R2582C, p.R2653Q, p.R2672C, p.R2698C, p.R2729C, p.R2738W, p.R2834*, p.R2841H, p.R2841R, p.R2912Q, p.R2916R, p.R2963*, p.R2963Q, p.R54Q, p.R712fs*23, p.R738I, p.R777C, p.R984H, p.S1064Y, p.S1109Y, p.S1186F, p.S1468I, p.S1495P, p.S1509S, p.S1582S, p.S1621F, p.S175P, p.S1903R, p.S2074*, p.S2304fs*11, p.S232F, p.S2546S, p.S576L, p.S755C, p.S755Y, p.S821P, p.S924C, p.T1148I, p.T1304I, p.T192M, p.T195I, p.T195S, p.T195T, p.T2252S, p.T226I, p.T2753I, p.T278S, p.T2895fs*44, p.T2895fs*5, p.T330A, p.T464A, p.T542A, p.T846T, p.T991N, p.V2503V, p.V2567I, p.V2611V, p.Y1409fs*32, p.Y1995*, p.Y2077Y, p.Y2389F, p.Y2500C"
"CARM1","Q86X55","Histone-arginine methyltransferase CARM1","Histone Methyl Transferases (HMTs)","Type 1 Protein Arginine Methyl Transferases (PRMTs)","Nucleus and Cytoplasm","PF11531, PF05185, PB009494, PB010255, PB013059","0048629","c.1001G>T, c.1006G>T, c.1009C>T, c.1015G>T, c.1020G>T, c.1021G>A, c.1024C>T, c.1040C>T, c.1117C>T, c.1156G>A, c.1203C>T, c.1304C>T, c.1327delA, c.1350C>T, c.1355T>C, c.1430C>T, c.1439C>T, c.1449C>G, c.1462C>A, c.1517G>C, c.1529C>A, c.1583C>G, c.1665G>C, c.1721C>T, c.1775C>A, c.1800G>A, c.1825T>C, c.228_229insTG, c.254C>T, c.257G>C, c.305T>C, c.333C>T, c.346G>A, c.396G>A, c.424G>A, c.499G>A, c.559A>G, c.574G>T, c.605C>T, c.607G>C, c.623G>A, c.630C>G, c.636G>A, c.701G>C, c.726delG, c.796G>A, c.873C>T, c.902_902delC, c.915_916insTAAG, c.916C>T, c.929_930insA, c.948_949CC>TT, c.949C>T, c.949_950insC, c.950C>T, c.955A>T, c.960G>C, c.963_964insAA, c.966_967delAC, c.976G>A, c.976G>T, c.978C>G, c.991C>T, c.992A>G","p.*609Q, p.A202V, p.A203P, p.A212A, p.A347V, p.A510D, p.D116N, p.D291D, p.D341N, p.E142K, p.E243fs*37, p.E266K, p.E326*, p.E326K, p.E336*, p.E339*, p.F111F, p.G192C, p.G334V, p.G386S, p.H488N, p.I187V, p.I210M, p.I450I, p.I452T, p.K305fs, p.K319*, p.K320N, p.K321fs, p.L102P, p.L132L, p.L326L, p.M555I, p.N310fs, p.N443fs*27, p.P301fs, p.P322fs, p.P373S, p.P483P, p.P600P, p.Q317*, p.Q317fs, p.Q331*, p.Q331R, p.R208Q, p.R234P, p.R306*, p.R337C, p.R342*, p.R86P, p.S317F, p.S435L, p.S506T, p.S528C, p.S592Y, p.S85F, p.T401T, p.T477M, p.T480M, p.T574M, p.V167M, p.V340V, p.V77fs*49"
"CDY1","Q9Y6F8","NA","Histone Acetyl Transferases (HATs)","Type B Histone Acetyl Transferases","Nucleus","PF00385, PB014969, PF00378","0038654, 0051887","NA","NA"
"CDYL","Q9Y232","NA","Histone Acetyl Transferases (HATs)","Type B Histone Acetyl Transferases","Nucleus","PF00385, PB014969, PF00378","0038654, 0051887","c.1061A>G, c.1065C>G, c.1111-2A>G, c.1156G>A, c.1161C>A, c.1167_1168GG>TT, c.1179C>T, c.1191C>T, c.1192G>A, c.1290C>T, c.1335C>T, c.134G>A, c.135C>A, c.1364C>G, c.1380C>T, c.1393G>T, c.143T>C, c.1447G>A, c.1450G>T, c.1452C>T, c.1500C>T, c.1544G>T, c.160G>C, c.1625C>T, c.1634C>T, c.1639-2A>T, c.1714G>T, c.1717G>A, c.1739C>T, c.179C>G, c.184C>G, c.216_217insA, c.217delA, c.219A>G, c.245G>A, c.24G>T, c.25T>C, c.313T>C, c.341C>T, c.371G>A, c.478G>A, c.478G>T, c.4A>G, c.592G>T, c.639G>C, c.652G>T, c.654G>T, c.667G>A, c.676G>T, c.686A>G, c.694G>T, c.724G>A, c.745G>A, c.763G>A, c.763G>T, c.803C>T, c.806G>A, c.847G>A, c.859T>C, c.912T>C, c.946A>T, c.951C>T, c.974A>G, c.985C>T, c.986G>A","p.?, p.A232S, p.A249T, p.A465S, p.A60G, p.C460C, p.C515F, p.D229G, p.D317D, p.D325G, p.D386N, p.D483N, p.E160*, p.E160K, p.E218*, p.E218D, p.E572*, p.F430F, p.G226C, p.G242R, p.G255R, p.G255W, p.G269D, p.G283R, p.G484C, p.G484G, p.G54R, p.G75fs*13, p.H354R, p.I316F, p.I355M, p.K73K, p.K76fs*25, p.L389>?, p.N500N, p.P268L, p.P545L, p.Q213H, p.Q62E, p.R124K, p.R329C, p.R329H, p.R82Q, p.R8S, p.S287P, p.S304S, p.S387R, p.S393S, p.S397S, p.S455C, p.S45N, p.S45R, p.S542L, p.S580L, p.S9P, p.T114M, p.T2A, p.V198L, p.V223I, p.V398I, p.V445V, p.V48A, p.V573M, p.Y105H"
"CHD3","Q12873","Chromodomain-helicase-DNA-binding protein 3","Chromatin Modellers","Component of NURD/Mi2/CHD Complex","Nucleus,  Cytoplasm and Cytoskeleton","PF08073, PB007563, PF00628, PB005262, PF00628, PB011224, PF00385, PF00385, PF00176, PB014180, PB015666, PB018422, PF00271, PB008129, PF06465, PF06461, PF08074","0051485, 0051486, 0051887, 0051886, 0050474, 0035973","c.1018G>T, c.1026C>T, c.1027C>T, c.107A>G, c.1099G>A, c.1099delG, c.1161delG, c.1168G>T, c.1200C>A, c.1207C>A, c.1219G>C, c.1246G>T, c.1356G>T, c.1379G>A, c.1381G>C, c.1432T>C, c.1494C>T, c.1549_1550insG, c.1550delG, c.1602A>T, c.1612delC, c.1627C>T, c.1664T>C, c.1707+10C>G, c.1713A>C, c.1716C>G, c.1730delT, c.1835C>T, c.1868G>A, c.188G>A, c.1933G>T, c.196C>T, c.197G>A, c.19G>A, c.2031G>T, c.2053G>T, c.2056C>A, c.2095_2097delAAG, c.2110G>A, c.2140C>G, c.2242C>T, c.2243G>T, c.2289delG, c.2328C>T, c.2348A>C, c.2363T>C, c.2366T>G, c.2377C>A, c.2467C>T, c.252C>T, c.2550G>T, c.2582C>T, c.2593A>G, c.2678C>T, c.2690G>T, c.2773C>T, c.284A>G, c.2896C>T, c.2916C>A, c.2924A>G, c.292G>A, c.3002C>G, c.3004C>T, c.3010T>G, c.3029G>A, c.307C>T, c.3083G>A, c.3097T>C, c.3126C>T, c.3128C>T, c.3233G>A, c.326delA, c.3303C>A, c.3318C>T, c.3357C>A, c.3367A>G, c.3420C>T, c.3421C>A, c.3563C>T, c.359A>G, c.3628C>T, c.3636G>A, c.3723C>T, c.3738G>T, c.3781G>A, c.3918C>A, c.4015A>C, c.4024C>T, c.4034A>C, c.4073-1G>T, c.4104G>T, c.4183C>A, c.418C>G, c.4243C>A, c.4243C>T, c.4359-2A>G, c.435G>C, c.4381C>T, c.4385A>G, c.4425C>T, c.4531C>T, c.4544C>T, c.470A>C, c.4729G>A, c.4731A>G, c.4778T>C, c.4789G>A, c.4876G>T, c.5014T>G, c.5053C>T, c.5089C>T, c.510G>T, c.5117G>A, c.5159A>G, c.5183G>T, c.5198C>T, c.521C>A, c.5323C>G, c.532C>G, c.5471A>C, c.5475C>G, c.5574C>T, c.5591T>C, c.561C>T, c.5630C>T, c.5676C>T, c.5684G>A, c.5701C>T, c.5706C>T, c.5735C>T, c.5760C>A, c.5786C>T, c.5793C>T, c.5861C>A, c.5910_5912delGAA, c.5919G>A, c.613T>C, c.632C>T, c.639G>A, c.664G>C, c.700A>C, c.719C>T, c.721G>C, c.725T>C, c.800G>A, c.811C>T, c.841C>T, c.861G>T, c.911A>T, c.929T>C, c.984T>C","p.?, p.A1188V, p.A1261T, p.A1475A, p.A1597T, p.A174D, p.A1877V, p.A211V, p.A213A, p.A241P, p.A400A, p.C1028Y, p.D36G, p.D407H, p.E1368D, p.E145D, p.E1577E, p.E1577K, p.E1973E, p.E222Q, p.E368fs*116, p.E390*, p.E452D, p.E519fs*4, p.E519fs*68, p.E571D, p.E685*, p.E704K, p.E850D, p.F1004V, p.F788S, p.G1140G, p.G1212G, p.G1626*, p.G267D, p.G340C, p.G367R, p.G388fs*96, p.G416C, p.G63E, p.G645W, p.G98R, p.H1462R, p.H157P, p.H1720R, p.H1824P, p.H783P, p.I1106I, p.I1119I, p.I1306I, p.I1892I, p.I234L, p.I572M, p.I865V, p.K111fs*30, p.K120R, p.K1246N, p.K1339Q, p.K1345T, p.K1972delK, p.K287N, p.K304M, p.K677N, p.K703delK, p.L1141M, p.L140V, p.L1672V, p.L242P, p.L403I, p.L686I, p.L765fs*1, p.L789R, p.L925F, p.M1593T, p.M577fs*33, p.N1123D, p.N1241N, p.N1858N, p.N975S, p.P1043L, p.P1395T, p.P1515L, p.P1775A, p.P178A, p.P1825P, p.P1929L, p.P1954H, p.P240L, p.P498P, p.P534P, p.P612L, p.P714A, p.P793T, p.Q543*, p.R1002*, p.R1010Q, p.R103*, p.R1078Q, p.R1210W, p.R1342W, p.R1415C, p.R1415S, p.R1461C, p.R1511C, p.R1685*, p.R1697*, p.R1706Q, p.R170S, p.R1728L, p.R1895H, p.R1901C, p.R271W, p.R281C, p.R343C, p.R460H, p.R540fs*16, p.R623H, p.R66*, p.R66Q, p.R748C, p.R748L, p.R823W, p.R897M, p.R966W, p.S1042S, p.S1733L, p.S1902S, p.S205P, p.S328S, p.S861L, p.S893F, p.T1001S, p.T187T, p.T1912M, p.V1864A, p.V310A, p.V342V, p.V461L, p.V555A, p.V7M, p.V972V, p.Y1033H, p.Y1101*, p.Y1920*, p.Y1931Y, p.Y478H, p.Y776Y, p.Y84Y, p.Y95C"
"CHD4","Q14839","Chromodomain-helicase-DNA-binding protein 4","Chromatin Modellers","Component of NURD/Mi2/CHD Complex","Nucleus,  Cytoplasm and Cytoskeleton","PF08073, PF00628, PF00628, PB011224, PF00385, PF00385, PF00176, PB015666, PB014180, PB018422, PF00271, PB008129, PF06465, PF06461, PF08074","0051485, 0051486, 0051887, 0050473, 0051886, 0050522","c.100+1G>A, c.101-1G>T, c.1039C>T, c.1040G>A, c.1096G>C, c.1314G>T, c.1412A>G, c.1429A>G, c.1448T>A, c.151C>A, c.1536G>A, c.1618G>A, c.1625A>C, c.1702C>T, c.1715G>A, c.1804G>T, c.1821G>A, c.1863G>A, c.1902G>C, c.1923G>C, c.1933C>T, c.1935G>A, c.1971G>A, c.2108C>T, c.2140C>T, c.2170G>T, c.218delA, c.2197G>T, c.2212C>T, c.2280G>C, c.2288T>G, c.2335C>T, c.2448C>G, c.2554T>C, c.2574C>T, c.2618A>G, c.2629C>T, c.2630G>A, c.2655C>A, c.269C>A, c.2710C>A, c.2835delA, c.2867G>A, c.2873T>A, c.2911G>C, c.2924G>A, c.2953T>C, c.2965A>T, c.3119A>G, c.3250G>A, c.325G>A, c.3319G>C, c.3334T>C, c.3380G>A, c.3390C>T, c.340_358>16, c.3475A>G, c.3482A>G, c.3484C>T, c.3517C>T, c.3559G>C, c.355_357delAAG, c.3570_3572delGAA, c.3644T>G, c.3659A>G, c.3672G>T, c.3696T>A, c.3709_3725del17, c.3775G>C, c.3778C>T, c.3803C>T, c.3822T>C, c.3895G>C, c.3997C>G, c.4013G>T, c.4091C>T, c.4111G>C, c.417G>T, c.4214C>T, c.4216C>G, c.423T>G, c.4262G>A, c.4375T>C, c.4393C>T, c.4405G>C, c.4409C>T, c.4467C>A, c.4543C>T, c.4600G>T, c.4601G>A, c.4602G>A, c.4615A>G, c.4621C>G, c.4622C>T, c.4669G>A, c.4698A>G, c.4703A>C, c.4706delA, c.4804_4805TC>CT, c.4812T>C, c.484G>A, c.4866G>T, c.4905C>A, c.4933G>T, c.4952A>C, c.5084G>A, c.512A>C, c.517C>T, c.5190T>C, c.5217C>T, c.529A>G, c.5339A>C, c.5361+1G>A, c.5402G>A, c.5422T>C, c.5441C>A, c.5635C>G, c.5645C>T, c.637A>G, c.687G>T, c.699G>A, c.703G>C, c.772C>T, c.783G>T, c.830G>A, c.846T>C, c.848C>T, c.888C>G, c.913C>T, c.915T>C","p.?, p.A1405V, p.A1739A, p.A1882V, p.A229A, p.A233A, p.A235P, p.A283V, p.D1084N, p.D109N, p.D1237fs*2, p.D1259H, p.D141E, p.D1604D, p.D162N, p.D1651A, p.D171A, p.D282D, p.D602Y, p.D858D, p.D873G, p.E1107Q, p.E1224D, p.E1299Q, p.E1371Q, p.E139D, p.E1469Q, p.E1568A, p.E1622D, p.E1645*, p.E366Q, p.E540K, p.E607E, p.E657E, p.E971Q, p.F1112L, p.F885L, p.G1130G, p.G1534E, p.G1534G, p.G1534W, p.G438G, p.G724*, p.G733C, p.H1161R, p.H1730H, p.I1566M, p.I296M, p.I483N, p.I816M, p.I989F, p.K1191delK, p.K119delK, p.K1220R, p.K1539E, p.K1780T, p.K261N, p.K634N, p.K73fs*129, p.K945fs*28, p.L1215R, p.L1333V, p.L51I, p.L641F, p.L779L, p.L958H, p.N1274N, p.N1569fs*9, p.N177D, p.N477D, p.P1470L, p.P1541A, p.P1541L, p.P1635P, p.P1814H, p.P1879A, p.P904T, p.P90Q, p.Q512Q, p.Q542P, p.Q568*, p.Q760H, p.R1127Q, p.R1159G, p.R1162W, p.R1173W, p.R1260C, p.R1338I, p.R1406G, p.R1421Q, p.R1465W, p.R1489R, p.R1515C, p.R1695H, p.R173*, p.R1801Q, p.R258C, p.R305C, p.R305R, p.R347*, p.R347Q, p.R572Q, p.R645R, p.R645W, p.R714*, p.R738C, p.R877Q, p.R877W, p.R956Q, p.R975H, p.S1364F, p.S1602L, p.S1808P, p.S213G, p.S277N, p.T1232T, p.T1268I, p.T703M, p.V1187L, p.V1557I, p.V763G, p.W621*, p.Y1040C, p.Y1459H, p.Y471C, p.Y852H, p.Y985H"
"CHRAC1","Q9NRG0","Chromatin accessibility Complex protein 1","NA","","Nucleus","PF00808","0052078","c.190G>T, c.359A>G, c.39G>A, c.73C>T, c.80T>C, c.81C>A","p.E13E, p.G64C, p.I27I, p.I27T, p.N120S, p.R25W"
"CREBBP","Q92793","CREB-binding protein","Histone Acetyl Transferases (HATs)","Type B Histone Acetyl Transferases","Nucleus and Cytoplasm","PB015526, PF02135, PF02172, PF00439, PF06001, PF08214, PF00569, PF02135, PF09030","0053605, 0046608, 0040367, 0040011, 0037431, 0053608, 0037717","c.(5830_5832)insC, c.1050_1051insA, c.1063C>T, c.1103_1104insA, c.1133G>A, c.1148C>G, c.1157_1158insCATTGTCG, c.1170C>G, c.1171G>A, c.1184T>C, c.1187C>G, c.1216G>C, c.1238G>A, c.1258A>T, c.1307C>T, c.1319G>A, c.1327C>T, c.1334_1335insCCAT, c.1346C>T, c.1389G>A, c.1399G>A, c.1400C>T, c.1401C>A, c.1407delT, c.1409_1409delT, c.1429G>A, c.1445A>G, c.1447C>T, c.1460C>A, c.1464C>A, c.1478T>C, c.1491G>A, c.1507C>T, c.1557G>A, c.1573+2T>C, c.1585A>G, c.1612A>C, c.1621C>T, c.1645T>G, c.1647_1654delAGCTCTTC, c.1663C>A, c.1689C>G, c.170G>T, c.1717A>G, c.1718delC, c.1744_1745CC>TTT, c.1801C>T, c.1802G>A, c.1810C>T, c.1813G>A, c.1824_splice, c.182C>T, c.1844C>T, c.1847C>G, c.1855G>A, c.1859C>T, c.1874G>A, c.1890_1893delAGCC, c.1937G>A, c.1942-1G>T, c.1950T>G, c.1996G>C, c.200A>G, c.2014C>T, c.2015G>A, c.2064delG, c.2080G>C, c.2103G>A, c.2114A>G, c.2126C>T, c.2140C>T, c.2141G>A, c.2159-9C>T, c.2159G>T, c.2178C>T, c.2191A>G, c.2219G>A, c.2224C>T, c.223C>T, c.224G>T, c.2254C>T, c.2255A>G, c.2278C>T, c.2283_splice, c.2284-5C>G, c.2294C>A, c.2308C>T, c.2318C>T, c.2325G>A, c.2331T>C, c.234C>T, c.2356C>A, c.235G>A, c.2368C>T, c.236G>T, c.2383C>T, c.2390_2391insA, c.2414C>A, c.2441C>T, c.2455G>A, c.2465A>G, c.248A>C, c.2491_2497delAACCCTC, c.2499C>G, c.2509G>T, c.2509_2515delGGGCCTC, c.2510G>T, c.2515C>T, c.2516A>G, c.2517G>T, c.2528T>A, c.2567C>T, c.2570C>T, c.2573C>T, c.2615C>A, c.2650G>A, c.2659C>T, c.2659G>C, c.2666C>G, c.2677T>C, c.2678C>A, c.2678C>T, c.2686G>A, c.2702C>T, c.2708C>A, c.270C>T, c.2713G>A, c.2731C>T, c.2748T>C, c.2753G>A, c.2762C>T, c.2782C>G, c.2784G>A, c.2785C>T, c.2803C>T, c.2809C>T, c.2811G>A, c.2827C>T, c.2846C>T, c.2849C>T, c.2861C>A, c.286C>T, c.2888G>T, c.2911G>C, c.2924C>T, c.2936C>T, c.2950A>C, c.2965G>T, c.2978delC, c.3034G>A, c.3044G>T, c.3059A>G, c.3059A>T, c.3082C>T, c.310C>T, c.3114A>G, c.3147T>C, c.3153G>C, c.3158C>A, c.3158C>T, c.3159T>C, c.3206G>A, c.3211G>A, c.3215C>T, c.3217C>T, c.321G>A, c.3221C>G, c.3236A>G, c.3237G>T, c.3242G>A, c.3246delA, c.3250_3250delA, c.3250_splice, c.3250delA, c.3256A>T, c.3268T>C, c.3269T>A, c.3269T>C, c.3271C>T, c.3272G>A, c.3299C>A, c.329C>T, c.3301_3302delCT, c.3301_3302ins41, c.3305A>G, c.3310C>T, c.3321G>A, c.3323C>A, c.3323C>T, c.3334C>T, c.3361G>T, c.3367C>T, c.3368C>T, c.3370-4delt, c.3370-5_3370-4deltt, c.3373T>C, c.3375T>A, c.3394C>T, c.3419G>A, c.3427G>C, c.3435G>A, c.3449C>A, c.3452G>T, c.3454C>T, c.3461T>C, c.3468C>T, c.3478A>G, c.3493T>C, c.3500A>G, c.3505C>T, c.3506G>A, c.3507C>T, c.3517C>A, c.3517C>T, c.3519A>G, c.3546A>G, c.3559C>T, c.356G>T, c.35C>A, c.3609_splice, c.3623_3624insC, c.3689A>G, c.3697A>T, c.3702T>G, c.3710G>A, c.3712G>T, c.3718T>C, c.3720T>C, c.3737G>A, c.3775C>T, c.3779+1G>T, c.3779+1delg, c.3836+1G>A, c.3837-26_3837-5del22, c.3837-8C>T, c.3837_splice, c.3874C>T, c.3882C>T, c.3883_3884insT, c.3891C>G, c.3893A>G, c.3900C>A, c.3911_3914+10delCAGGgtgagttgtt, c.3956G>A, c.3959A>G, c.3960A>G, c.3967A>T, c.3979_3980delAA, c.3995C>T, c.399G>C, c.4008C>G, c.4012T>C, c.4013T>C, c.4014G>A, c.4021C>T, c.4022G>A, c.4022G>T, c.4034T>G, c.4051delC, c.4061C>T, c.4063G>A, c.4071delT, c.4078C>A, c.4078C>T, c.4079G>A, c.408G>T, c.4094C>A, c.40_40delA, c.40_41insA, c.4101G>C, c.4132C>T, c.4134-1G>A, c.4135T>G, c.4166T>C, c.4179C>G, c.4198G>T, c.4209C>T, c.4211G>T, c.4213G>A, c.4214T>C, c.4216G>C, c.4223G>A, c.4224delC, c.4231G>A, c.4232G>A, c.4232G>T, c.4243C>T, c.4246G>C, c.424G>C, c.4251C>A, c.4262G>A, c.4280+1G>T, c.4280+2T>C, c.4281_splice, c.4282C>T, c.4294T>C, c.4301T>C, c.4302G>T, c.4303G>A, c.4303G>T, c.4304A>G, c.4305T>A, c.4307G>A, c.4309A>T, c.4311T>G, c.4317C>A, c.4320C>A, c.4336C>A, c.4336C>G, c.4336C>T, c.4337G>A, c.4337G>T, c.4348T>G, c.4349A>G, c.4358T>A, c.4358T>C, c.4395-1G>A, c.4401G>C, c.4414T>G, c.4415G>C, c.4416G>T, c.4419delC, c.4427C>G, c.4427C>T, c.4428A>T, c.4444T>A, c.4444T>C, c.4445A>G, c.4445A>T, c.4446C>T, c.4448T>C, c.4448T>G, c.4455T>C, c.4459C>T, c.4463C>G, c.4471C>A, c.4471_4473delCAA, c.4477delA, c.4483A>T, c.4492C>T, c.4496T>A, c.4496T>C, c.4498C>T, c.4499A>C, c.4499A>G, c.4505G>A, c.4506G>A, c.4506G>T, c.4507T>C, c.4507T>G, c.4508A>C, c.4508A>T, c.4545C>G, c.4561G>T, c.4561_splice, c.4616A>G, c.4617T>G, c.4620_4620delT, c.4621G>T, c.4627G>C, c.4637C>A, c.4648G>C, c.4661A>C, c.4668A>G, c.466C>A, c.466C>T, c.4681G>T, c.4686G>A, c.4687A>G, c.4689G>A, c.4689G>C, c.4690A>G, c.4707_4708insGCACT, c.4718A>C, c.4720A>G, c.4735C>T, c.4778C>A, c.4792A>G, c.4800C>G, c.4807G>T, c.4813A>G, c.4822C>T, c.4837G>A, c.4840T>C, c.4860G>A, c.4865A>G, c.4870A>C, c.4873A>G, c.4873A>T, c.4874T>C, c.4887_4888delGG, c.4890_splice, c.4893C>A, c.4901T>C, c.4946T>C, c.4951G>A, c.4990C>T, c.4991G>A, c.4991G>T, c.4996G>A, c.5035_5037delTCC, c.5038_5039insT, c.5039_5041delCCT, c.5044C>T, c.5045G>A, c.5048G>A, c.5059T>C, c.5064G>A, c.5065C>T, c.5087A>G, c.508C>T, c.5124C>T, c.5129G>C, c.5140G>T, c.5170G>A, c.5204C>T, c.520G>C, c.5219A>G, c.5254G>T, c.5266C>T, c.5269G>T, c.5271C>T, c.5282C>A, c.5282C>G, c.5293_5293delC, c.5293_5294insC, c.5300C>T, c.5344G>A, c.5367C>A, c.5367_5368insGCAAC, c.5394G>A, c.5406G>C, c.5410C>T, c.5418G>C, c.5424C>A, c.5437A>G, c.5444_5444delG, c.5470G>A, c.5475C>G, c.5514C>T, c.5538C>G, c.5603G>T, c.5624G>T, c.5660C>A, c.5660C>G, c.5661A>G, c.567delC, c.5698C>G, c.5712G>C, c.5720C>T, c.575A>G, c.576C>G, c.5770G>A, c.5782C>G, c.5831delC, c.5837_5837delC, c.5855C>T, c.5891G>A, c.5895G>A, c.5932A>G, c.5933A>G, c.5982G>C, c.6072G>A, c.6076C>T, c.6106C>G, c.6130G>T, c.6133C>T, c.6154C>T, c.6157A>G, c.617C>T, c.6215G>A, c.6281C>T, c.6303C>G, c.6310C>T, c.637C>T, c.6418C>T, c.6424C>A, c.6441T>G, c.6451C>T, c.6452G>A, c.6524A>G, c.6569G>A, c.6581G>A, c.6587A>T, c.6596A>T, c.6600_6608delGCAGCAGCA, c.661G>A, c.6624A>C, c.662G>T, c.6633_6638delACAGCA, c.666T>C, c.6689A>G, c.6709C>A, c.6727G>A, c.6795G>A, c.682A>G, c.6841G>A, c.6871C>A, c.6938C>T, c.6943A>T, c.6949C>A, c.694C>T, c.6952C>G, c.6983C>T, c.6984G>A, c.6989T>G, c.7030C>T, c.7037C>T, c.7088C>T, c.7089G>A, c.7105C>A, c.7107C>T, c.7112C>T, c.7115C>T, c.7130C>T, c.714G>C, c.7152C>A, c.7169C>A, c.7192G>T, c.7201G>T, c.7231delC, c.7262C>T, c.7285G>T, c.7302G>A, c.7318G>A, c.731C>T, c.732G>A, c.743C>T, c.758A>T, c.759C>T, c.760G>A, c.760G>C, c.775G>A, c.824C>A, c.858G>T, c.878T>C, c.903G>T, c.913A>G, c.977C>T, c.?, c.?_?del?","p.2200_2203QQQQ>Q, p.2211_2213QQQ>Q, p.?, p.?fs, p.A1071T, p.A1100E, p.A110V, p.A1182A, p.A1354V, p.A1571fs*66, p.A1603S, p.A1666T, p.A1782T, p.A1824T, p.A1907V, p.A2024A, p.A2044S, p.A206V, p.A2147A, p.A222A, p.A2243T, p.A2265A, p.A2281T, p.A254P, p.A254T, p.A259T, p.A436V, p.A467A, p.A467T, p.A467V, p.A487D, p.A550fs*18, p.A619T, p.A620V, p.A631fs*23, p.A690fs*5, p.A805E, p.A857V, p.A884T, p.A921V, p.A954D, p.C1237Y, p.C1240C, p.C1240R, p.C1294C, p.C1408Y, p.C1421Y, p.C1474fs*76, p.C1710S, p.C1808*, p.C1838C, p.C918Y, p.D1049D, p.D1143H, p.D1156D, p.D1403D, p.D1406H, p.D1435E, p.D1435G, p.D1435N, p.D1435Y, p.D1521Y, p.D1521_splice, p.D1543H, p.D1651N, p.D2429Y, p.D477N, p.D837Y, p.D887H, p.E1012K, p.E1020G, p.E1020V, p.E1107E, p.E1238*, p.E1400*, p.E1416Q, p.E1541*, p.E1550Q, p.E1561*, p.E1562E, p.E1573A, p.E1630_splice, p.E1630fs*29, p.E1724K, p.E1752*, p.E1965E, p.E2440K, p.E666Q, p.E822G, p.E905K, p.E971Q, p.F1345C, p.F1358fs*18, p.F1379V, p.F1389S, p.F1410fs*49, p.F1439L, p.F1440L, p.F1540fs, p.G1015V, p.G1069D, p.G1069S, p.G1121*, p.G1145G, p.G119V, p.G1246D, p.G1355R, p.G1404V, p.G1411E, p.G1411R, p.G1411V, p.G142R, p.G174R, p.G1757C, p.G1757G, p.G1815fs, p.G221R, p.G221V, p.G2229S, p.G2398*, p.G2401W, p.G463G, p.G57V, p.G720V, p.G740E, p.G761_splice, p.G777G, p.G79S, p.G79V, p.G837V, p.G837fs*10, p.G896R, p.G963V, p.G989*, p.H1297Q, p.H1351fs*25, p.H1485H, p.H1487Y, p.H1696R, p.H1740R, p.H1804Y, p.H2384Q, p.H253H, p.H253L, p.H67R, p.I1038M, p.I1084_splice, p.I1084fs, p.I1084fs*15, p.I1300I, p.I1437F, p.I1437M, p.I1453N, p.I1453T, p.I1483S, p.I1483T, p.I1493fs*57, p.I1515M, p.I1600M, p.I1649T, p.I1846M, p.I2101M, p.K1051N, p.K1086*, p.K1203_splice, p.K1320K, p.K1320R, p.K1323*, p.K1327fs, p.K1367N, p.K1495*, p.K1554T, p.K1564E, p.K1605E, p.K1620K, p.K1806N, p.K350fs, p.K420*, p.L1090*, p.L1090L, p.L1090S, p.L1101fs*12, p.L1101fs*26, p.L1296fs*4, p.L1338L, p.L1338S, p.L133L, p.L1434L, p.L1434P, p.L1499P, p.L1499Q, p.L1556L, p.L1689F, p.L1825L, p.L2026F, p.L213F, p.L2142M, p.L2291M, p.L2330R, p.L446fs*7, p.L470*, p.L470fs, p.L470fs*1, p.L488L, p.L555M, p.L574fs*15, p.L604L, p.L608_splice, p.L833L, p.L843Q, p.M1160V, p.M1625L, p.M1625T, p.M1625V, p.M1798I, p.M2053V, p.M395T, p.M493T, p.M529V, p.M775I, p.N1336K, p.N1708N, p.N1789K, p.N1789fs, p.N1813D, p.N190fs*8, p.N192K, p.N192S, p.N1978D, p.N1978S, p.N2175S, p.N305D, p.N390K, p.N563K, p.N705S, p.N731D, p.N797fs*35, p.N831fs*16, p.N83T, p.N984H, p.P1028S, p.P1053H, p.P1053L, p.P1053P, p.P107P, p.P1123L, p.P1123S, p.P1132S, p.P1150H, p.P1208fs, p.P1279_splice, p.P12H, p.P1476L, p.P1476P, p.P1476R, p.P1488R, p.P1546H, p.P1608S, p.P1900A, p.P1946fs, p.P1946fs*30, p.P1952L, p.P2036A, p.P2094L, p.P2237T, p.P2313L, p.P2346L, p.P2363L, p.P2363P, p.P2369P, p.P2369T, p.P2371L, p.P248L, p.P275Q, p.P383R, p.P449L, p.P582fs*4, p.P616R, p.P61L, p.P688A, p.P726P, p.P760S, p.P770S, p.P773L, p.P795S, p.P814L, p.P858L, p.P858S, p.P901L, p.P903H, p.P916P, p.P928A, p.P928P, p.P937P, p.P937S, p.P949L, p.P975L, p.P993fs*5, p.Q104*, p.Q1073*, p.Q1079H, p.Q1079R, p.Q1104*, p.Q1152*, p.Q1187*, p.Q1259*, p.Q1292*, p.Q136H, p.Q1415*, p.Q1491K, p.Q1491delQ, p.Q1500*, p.Q1500P, p.Q1500R, p.Q156*, p.Q156K, p.Q1579*, p.Q170*, p.Q1756*, p.Q1765fs, p.Q1904H, p.Q1928E, p.Q1994H, p.Q2045*, p.Q2140*, p.Q2196L, p.Q2199L, p.Q2208H, p.Q2230R, p.Q2317K, p.Q2318E, p.Q232*, p.Q2411fs*2, p.Q286H, p.Q301H, p.Q355*, p.Q443*, p.Q482R, p.Q497Q, p.Q503*, p.Q541*, p.Q752*, p.Q752R, p.Q786K, p.Q790*, p.Q839*, p.Q839H, p.Q839R, p.Q887*, p.Q911*, p.Q929*, p.Q935*, p.Q943*, p.Q96*, p.R1081H, p.R1091C, p.R1091H, p.R1112W, p.R1140Q, p.R1169C, p.R1169H, p.R1169R, p.R1173*, p.R1173R, p.R1233W, p.R1319Q, p.R1341*, p.R1341L, p.R1341Q, p.R1360*, p.R1360Q, p.R1360R, p.R1378W, p.R1427_splice, p.R1428C, p.R1446C, p.R1446G, p.R1446H, p.R1446L, p.R1446S, p.R1498*, p.R14fs, p.R1563G, p.R1563R, p.R1563S, p.R1664C, p.R1664H, p.R1664L, p.R1682C, p.R1682H, p.R1683H, p.R1868L, p.R1875L, p.R1964H, p.R2052W, p.R2072Q, p.R2104C, p.R2151Q, p.R2151W, p.R2190Q, p.R2194Q, p.R2344W, p.R369fs*58, p.R378Q, p.R386*, p.R413Q, p.R440Q, p.R483*, p.R519R, p.R601Q, p.R601W, p.R625H, p.R672C, p.R672H, p.R714C, p.R714H, p.R742C, p.R75*, p.R75L, p.S1072F, p.S1074*, p.S1108*, p.S1108L, p.S1365*, p.S1432P, p.S1436N, p.S1598G, p.S1614P, p.S1680del, p.S1680delS, p.S1680fs*55, p.S1687P, p.S1761*, p.S1767L, p.S1887*, p.S1887S, p.S2315C, p.S2328L, p.S2328S, p.S2372L, p.S2377L, p.S2421F, p.S326F, p.S549A, p.S646N, p.S709F, p.S765Y, p.S78S, p.S889*, p.S893*, p.S893L, p.S893P, p.S90S, p.T1332I, p.T1393T, p.T1574A, p.T1593N, p.T1624P, p.T1688T, p.T1735M, p.T228A, p.T2390N, p.T2434T, p.T244M, p.T244T, p.T387fs*5, p.T396R, p.T538P, p.T573A, p.T615I, p.T856I, p.T872K, p.T950M, p.T979M, p.V1154A, p.V1405A, p.V1405M, p.V1467V, p.V1613M, p.V1631V, p.V1634A, p.V1714L, p.V1802V, p.V1924M, p.V238V, p.V293A, p.V391I, p.V406L, p.V605M, p.V694L, p.V701V, p.V819M, p.W1151L, p.W1165R, p.W1472C, p.W1472G, p.W1472S, p.W1502*, p.W1502C, p.Y1102C, p.Y1125*, p.Y1125H, p.Y1167C, p.Y1230C, p.Y1234*, p.Y1298C, p.Y1417*, p.Y1450C, p.Y1450D, p.Y1482C, p.Y1482F, p.Y1482H, p.Y1482N, p.Y1482Y, p.Y1503D, p.Y1503F, p.Y1503H, p.Y1503S, p.Y1539*, p.Y1539C, p.Y1622C, p.Y650*"
"DNMT1","P26358","DNA (cytosine-5)-methyltransferase 1","DNA Methyl Transferases (DNMTs)","NA","Nucleus","PF06464, PB005356, PB003555, PF12047, PF02008, PF01426, PF01426, PF00145","0046923","c.1016G>C, c.1068C>T, c.1073A>G, c.1137G>A, c.1145C>G, c.1147A>G, c.1164C>G, c.1266C>T, c.1294G>A, c.1315G>A, c.1345C>T, c.1372C>A, c.1408G>A, c.1435T>C, c.1453G>A, c.151G>A, c.1550A>C, c.1567A>G, c.1591A>G, c.1601C>T, c.1609C>T, c.1660G>A, c.1660G>C, c.1694C>T, c.1696G>A, c.1719G>T, c.1732A>G, c.1747G>A, c.1770C>T, c.1807C>A, c.1848G>A, c.1885G>A, c.1897G>A, c.1915G>T, c.2088G>A, c.2105A>T, c.2135T>C, c.2152delA, c.2189G>A, c.2262G>A, c.2318C>T, c.2339C>T, c.2364C>T, c.2381C>T, c.2415C>T, c.248A>G, c.2505C>T, c.2507A>T, c.2553C>T, c.2574C>T, c.2575G>A, c.260A>G, c.2619C>T, c.2683C>T, c.2702A>C, c.276G>T, c.2787C>T, c.2811_2815delCCTCT, c.2873G>A, c.2875C>T, c.2895T>A, c.290A>G, c.2960_2961CC>TT, c.2961C>G, c.2975G>A, c.3002G>T, c.3029G>A, c.3045A>C, c.3066C>T, c.319C>G, c.3223T>G, c.3237C>T, c.3247T>A, c.328G>A, c.3303C>A, c.3316C>T, c.3343C>T, c.3386A>G, c.341G>A, c.3450_3451insG, c.3467G>A, c.3480C>T, c.3514C>T, c.3531C>T, c.3553A>G, c.3617C>T, c.3620G>A, c.3672G>C, c.3697G>A, c.369A>G, c.3710C>T, c.3792C>A, c.3797C>T, c.3866G>A, c.3886T>C, c.3937G>A, c.3964G>C, c.3G>T, c.4001C>T, c.4036G>C, c.4039G>A, c.4044G>A, c.407G>A, c.4097C>T, c.4103G>A, c.410C>G, c.4145C>T, c.4146G>A, c.414C>T, c.4170G>T, c.4174G>C, c.417G>T, c.4223C>A, c.4273A>G, c.4283T>A, c.4293_splice, c.4309C>T, c.4358G>T, c.4394G>A, c.4456G>A, c.445C>T, c.4520A>G, c.4560C>T, c.4589C>T, c.4591G>C, c.4652G>A, c.4677C>T, c.4721G>A, c.4766G>A, c.4801C>T, c.4894G>C, c.497C>T, c.498C>T, c.499A>T, c.508C>G, c.541C>G, c.552T>C, c.566C>T, c.647C>A, c.687G>A, c.689G>A, c.710A>T, c.737G>A, c.756-17_757del19, c.768_769delGA, c.807C>T, c.846G>A, c.858C>T, c.860G>A, c.890G>A, c.891C>A, c.897C>T, c.919A>G, c.929A>G, c.954_954delA, c.957A>G, c.981T>G, c.996-9_996-8deltt","p.?, p.A123A, p.A1313T, p.A1334V, p.A554P, p.A554T, p.A633T, p.A754A, p.A794V, p.A987A, p.A987V, p.C1001F, p.C356C, p.D1346H, p.D1347N, p.D1486N, p.D1520D, p.D1632H, p.D439N, p.D470N, p.D583N, p.D629N, p.D639Y, p.D702V, p.D83G, p.D858D, p.D859N, p.D965E, p.E1129G, p.E1322Q, p.E1392Q, p.E1531Q, p.E237V, p.E319E, p.E432K, p.E485K, p.E51K, p.E566K, p.E901A, p.F1083I, p.F1177F, p.F1296L, p.F1559F, p.F479L, p.G1010D, p.G1079G, p.G110R, p.G1390G, p.G1465D, p.G1589D, p.G269G, p.H1507R, p.H170D, p.H286H, p.H97R, p.I1160I, p.I1428N, p.I167F, p.I327M, p.I388M, p.I422I, p.I531V, p.I835I, p.K1015N, p.K1348K, p.K1431_splice, p.K257fs*16, p.K307E, p.K318fs, p.L107V, p.L1151fs*12, p.L1264L, p.L282L, p.L449F, p.L458I, p.L603M, p.L805L, p.L92F, p.M1185V, p.M1425V, p.M1I, p.M696I, p.M712T, p.M718fs*59, p.N1101K, p.N383D, p.N788N, p.N87S, p.N929N, p.P1106S, p.P1115S, p.P1172S, p.P1224P, p.P138P, p.P1408H, p.P1530L, p.P216Q, p.P299P, p.P537S, p.P773L, p.P851P, p.P895S, p.P959S, p.Q181E, p.Q310R, p.Q358R, p.Q379Q, p.Q517P, p.Q573H, p.R114K, p.R1156Q, p.R1207H, p.R1289H, p.R1368Q, p.R136H, p.R139S, p.R1437C, p.R1453M, p.R149W, p.R1551Q, p.R1574Q, p.R1601*, p.R230H, p.R246Q, p.R287K, p.R297Q, p.R339P, p.R730H, p.R958H, p.R992Q, p.S1206F, p.S1237L, p.S1266F, p.S1382L, p.S1382S, p.S184S, p.S189L, p.S297S, p.S565F, p.T1366M, p.T137R, p.T166I, p.T166T, p.T229T, p.T382R, p.T523A, p.T534M, p.T578A, p.T616T, p.T780M, p.V1233M, p.V590V, p.V937fs, p.Y1022Y, p.Y1075D, p.Y836F, p.Y873Y"
"DNMT3A","Q9Y6K1","DNA (cytosine-5)-methyltransferase 3A","DNA Methyl Transferases (DNMTs)","NA","Nucleus and Cytoplasm","PF00855, PB000343, PB004002, PB000829, PF00145, PB000071","0045633, 0047802, 0037717","c.(1516_1518)delC, c.(1668_1671)ins65, c.(1740_1743)insC, c.1001_1001delG, c.1006T>G, c.1055G>A, c.1058C>T, c.1118T>C, c.1123-2A>G, c.1138G>A, c.1139C>T, c.113G>A, c.1179T>C, c.1220T>C, c.1220T>G, c.1229C>T, c.1237G>A, c.1240T>C, c.1241T>C, c.1264_1265ins22, c.1291C>T, c.1304_1305insT, c.1320G>A, c.1339_1339delG, c.1341_1342insC, c.1342_1343insT, c.137G>A, c.1385C>T, c.1403A>G, c.1424C>T, c.1429G>T, c.1430_1433delAGCG, c.1432C>T, c.1433G>A, c.1444G>A, c.144G>T, c.1453_1453delC, c.1455G>C, c.1477_1477delA, c.1481G>A, c.1481_1482GC>CT, c.1489T>G, c.1490G>A, c.149G>T, c.1502A>C, c.1502A>G, c.1506_1506delT, c.1507A>G, c.1512_1512delG, c.1513G>T, c.1516_1516delC, c.1526_1535del10, c.1527_1528insT, c.1531G>A, c.1531G>T, c.1534G>A, c.1539G>A, c.1543C>T, c.1572T>A, c.1581G>C, c.1583_1585delACG, c.1591G>A, c.1596C>T, c.1598A>G, c.15C>T, c.1604_1605ins21, c.1609T>G, c.1626G>T, c.1627G>T, c.1628G>C, c.1628G>T, c.1628_1628delG, c.1640T>A, c.1640T>C, c.1644G>A, c.1648G>A, c.1656_1663CAACTGCT>A, c.1661G>A, c.1665C>A, c.1669T>C, c.1685G>A, c.1687G>A, c.1689G>A, c.168G>T, c.1698_1700delGGT, c.1705_1716del12, c.1711_1711delG, c.1713_1721del9, c.1717_1725delCAGGCAGCC, c.1729A>T, c.1740_1741insC, c.1741T>A, c.1741T>C, c.1741T>G, c.1743G>A, c.1743G>T, c.1748G>A, c.1768_1768delG, c.1769delG, c.1776C>G, c.1779_1779delG, c.1792C>T, c.1816C>A, c.1816C>T, c.1840G>A, c.1843C>T, c.1845delG, c.1846_1846delG, c.1851+23G>A, c.1851+2T>C, c.1852_1852delG, c.1865_1866insGT, c.1869C>A, c.1872_1872delA, c.1896_1896delG, c.1903C>T, c.1904G>A, c.1904G>C, c.1906G>A, c.1920_1920delT, c.1928_1929insT, c.1936+2T>C, c.1945_1963>CG, c.1964T>A, c.1965_1965delT, c.1976G>A, c.1979A>G, c.1986C>A, c.1988C>T, c.1990G>A, c.1994T>G, c.1998_1998delT, c.1_2739, c.2000A>C, c.2006C>G, c.2025G>A, c.2026C>T, c.2028G>A, c.2032C>T, c.2039A>G, c.2043_2043delC, c.2053G>A, c.2054G>A, c.2056G>T, c.2057A>G, c.2058C>T, c.2058_2064delCGTCCGC, c.2062C>A, c.2066G>A, c.2069T>G, c.2086_2086delC, c.2095G>A, c.2096G>A, c.2113A>T, c.2114T>C, c.2120G>T, c.2120_2120delG, c.2128T>A, c.2129G>C, c.2134G>A, c.2140T>C, c.2141C>G, c.2146G>A, c.2147T>A, c.2150A>G, c.2151C>T, c.2153C>G, c.2153C>T, c.2158C>T, c.2159G>C, c.2162A>G, c.2168_2168delT, c.2168delT, c.2171A>G, c.2172C>T, c.2172_2173insA, c.2182G>C, c.2185C>T, c.2186G>A, c.2189_2191delTCT, c.2191T>C, c.2191_2193delTTC, c.2192T>G, c.2193_2194insT, c.2196_2197insT, c.2202C>A, c.2203T>A, c.2203_2203delT, c.2204A>G, c.2206C>T, c.2207G>A, c.2209C>T, c.2210T>A, c.2210T>G, c.2222C>T, c.2223G>A, c.2242G>A, c.2245C>T, c.2246_2246delG, c.2246_2249delGCCC, c.2250delC, c.2254T>C, c.2255T>G, c.2255_2257delTCT, c.2257T>G, c.2261T>G, c.226C>T, c.2272_2274delGTG, c.2275_2276insT, c.2278G>C, c.2283G>A, c.2284_2285insCCATGG, c.2302_2302delG, c.2307_2308insT, c.2308T>C, c.2308_2309insCG, c.2309C>A, c.2309C>G, c.2309C>T, c.2311C>G, c.2311C>T, c.2312G>A, c.2312G>T, c.2314T>A, c.2317C>A, c.2318T>C, c.2318T>G, c.2318_2322+5del, c.2322+1G>A, c.2323_2408del86, c.2333_2333delT, c.2339T>C, c.2341G>C, c.2342A>G, c.2344_2353del10, c.2345C>A, c.2350G>T, c.2353G>A, c.2370G>T, c.2375G>A, c.2378A>C, c.2385G>C, c.2389A>T, c.2396C>G, c.2407_2476del70, c.2409G>C, c.2409_2422del14, c.2409_2478del70, c.2410C>T, c.2446C>T, c.2456T>C, c.2477A>G, c.2478+2T>G, c.2481_2481delC, c.2485A>T, c.2486A>G, c.2486A>T, c.248A>G, c.2501C>T, c.2502_2531del30, c.2504C>T, c.2505G>A, c.2506A>T, c.2510C>G, c.2512A>G, c.2526G>T, c.2530A>G, c.2546C>G, c.2551_2552delTT, c.2553_2553delC, c.2571delC, c.2578T>C, c.2580_2597del18, c.2587G>A, c.2597+2T>G, c.2602T>G, c.2605G>A, c.2606_2606delG, c.2612C>T, c.2621A>G, c.2628C>A, c.2632T>C, c.2635A>G, c.2638A>G, c.2644C>A, c.2644C>G, c.2644C>T, c.2645G>A, c.2645G>C, c.2645G>T, c.2646C>A, c.2651C>T, c.2656C>G, c.2666T>C, c.2667_2668delGG, c.2669G>A, c.2677T>A, c.2678G>C, c.2678G>T, c.2679G>C, c.2683G>A, c.2687C>T, c.2688A>G, c.2690T>A, c.2693T>C, c.2696G>A, c.2704_2706delTTC, c.2706delC, c.2710C>G, c.2711C>T, c.2713C>T, c.2726T>G, c.2728G>A, c.2728G>T, c.2729C>T, c.2731T>C, c.274G>A, c.315C>A, c.317C>G, c.327_328insG, c.327delG, c.328G>A, c.336C>T, c.341G>A, c.396G>A, c.410C>G, c.427C>T, c.428G>A, c.445C>T, c.457C>T, c.480C>T, c.542G>A, c.558G>A, c.558G>T, c.55C>T, c.562C>A, c.575C>T, c.626G>A, c.650A>C, c.652G>C, c.667G>T, c.700G>A, c.709C>T, c.767_770delCCAC, c.76G>T, c.772G>A, c.77G>T, c.79G>T, c.841G>A, c.846G>A, c.855+1G>C, c.859_859delG, c.866_866delG, c.868T>A, c.890G>A, c.891C>A, c.899T>C, c.89A>C, c.912C>T, c.914G>A, c.917G>A, c.919C>T, c.920C>G, c.935C>T, c.941G>A, c.943_943delA, c.943delA, c.958C>T, c.979T>G, c.990G>A, c.993_994insC, c.?, c.?_?del646, c.?_?del70, c.?_?del86, c.?_?del?","p.(H506_L508)fs*(143-145), p.0, p.557fs*?, p.?, p.?del, p.?fs, p.?fs*?, p.A192V, p.A218P, p.A353V, p.A368D, p.A380T, p.A380V, p.A410V, p.A447fs*204, p.A462V, p.A571S, p.A571fs*80, p.A572_A574del, p.A644T, p.A644fs*24, p.A662A, p.A741A, p.A741V, p.A760P, p.A760fs*5, p.A782D, p.A782fs*17, p.A884V, p.A910S, p.A910T, p.A910V, p.C494S, p.C494Y, p.C497G, p.C497Y, p.C524*, p.C537G, p.C554Y, p.C555*, p.C557R, p.C562Y, p.C583Y, p.C666fs*39, p.C710S, p.C861_R866del, p.C911R, p.C911Y, p.D529del, p.D531N, p.D614N, p.D618fs*33, p.D686D, p.D686G, p.D686Y, p.D686fs*17, p.D712A, p.D712N, p.D748N, p.D768fs*11, p.D768fs*?, p.D781G, p.D781H, p.D83G, p.D857fs*24, p.D876E, p.D92N, p.E27*, p.E281K, p.E30A, p.E477*, p.E477fs*173, p.E482K, p.E505*, p.E505fs*146, p.E523*, p.E599*, p.E616fs*35, p.E664K, p.E667A, p.E725fs*9, p.E733fs*1, p.E784*, p.E863K, p.F290I, p.F336V, p.F414L, p.F414S, p.F509fs*1, p.F640fs*11, p.F731C, p.F731L, p.F731del, p.F734L, p.F751L, p.F751fs*28, p.F752C, p.F752L, p.F752del, p.F772I, p.F772fs*8, p.F827fs*4, p.F851fs*2, p.F851fs*3, p.F868V, p.F902del, p.F902fs*4, p.F909C, p.G110R, p.G112G, p.G223*, p.G234R, p.G26*, p.G26V, p.G287fs*29, p.G289fs*27, p.G332*, p.G332fs*11, p.G334fs*11, p.G413S, p.G511*, p.G511R, p.G512R, p.G532G, p.G542G, p.G543A, p.G543C, p.G543V, p.G543fs*108, p.G550R, p.G590fs*61, p.G646fs*?, p.G685E, p.G685R, p.G699D, p.G699S, p.G707V, p.G707fs*72, p.G728R, p.G762>AMG, p.G869S, p.G869fs*12, p.G890D, p.G890fs*24, p.H506fs*145, p.I407S, p.I407T, p.I493fs*158, p.I655N, p.I705F, p.I705S, p.I705T, p.I780T, p.I898T, p.K217T, p.K468R, p.K56N, p.K577*, p.K632fs*19, p.K680R, p.K721R, p.K766fs*?, p.K826R, p.K829*, p.K829I, p.K829R, p.K841Q, p.K844E, p.L188I, p.L282L, p.L300P, p.L373P, p.L422fs*6, p.L547H, p.L547P, p.L594fs*57, p.L723fs*56, p.L737F, p.L737H, p.L737R, p.L754R, p.L773I, p.L773P, p.L773R, p.L805*, p.L819P, p.L889P, p.L901R, p.L905L, p.M315fs*1, p.M513I, p.M548I, p.M682fs*23, p.M761I, p.M880V, p.N501S, p.N501T, p.N552fs*97, p.N717N, p.N717S, p.N797Y, p.N838D, p.N879D, p.P106R, p.P186P, p.P256fs*59, p.P264fs*?, p.P307R, p.P307S, p.P431S, p.P569_A572del, p.P5P, p.P625fs*26, p.P718L, p.P718R, p.P76S, p.P799R, p.P804S, p.P849R, p.P871L, p.P896L, p.P896P, p.P904A, p.P904L, p.Q110fs*14, p.Q110fs*52, p.Q153*, p.Q237*, p.Q485H, p.Q485fs*166, p.Q515*, p.Q527H, p.Q573_A575delQAA, p.Q606*, p.Q606K, p.Q615*, p.Q656fs*49, p.Q678*, p.Q696fs*9, p.Q816*, p.Q842H, p.Q886E, p.R114K, p.R143*, p.R143Q, p.R149W, p.R181H, p.R19W, p.R209H, p.R320*, p.R38H, p.R46Q, p.R478Q, p.R478W, p.R484W, p.R488fs*?, p.R50L, p.R598*, p.R635G, p.R635P, p.R635Q, p.R635W, p.R659H, p.R676R, p.R676W, p.R688S, p.R720C, p.R720P, p.R729Q, p.R729W, p.R736C, p.R736H, p.R749C, p.R749fs*29, p.R749fs*30, p.R771*, p.R771G, p.R771L, p.R771Q, p.R790S, p.R792C, p.R792H, p.R803S, p.R803fs*4, p.R803fs*5, p.R803fs*?, p.R836W, p.R882?, p.R882C, p.R882G, p.R882H, p.R882L, p.R882P, p.R882R, p.R882S, p.R887I, p.R899H, p.S105R, p.S160S, p.S297S, p.S304S, p.S312F, p.S352N, p.S393S, p.S535>YDDDGYQS, p.S663L, p.S669C, p.S689N, p.S714C, p.S714P, p.S770*, p.S770L, p.S770P, p.S770W, p.S770fs*12, p.S775fs*8, p.S775fs*?, p.S837*, p.S878P, p.T137R, p.T475I, p.T503A, p.T503fs*148, p.T671A, p.T834I, p.T835M, p.T835T, p.T835_K844del, p.V132V, p.V258M, p.V399A, p.V48V, p.V510fs*36, p.V563M, p.V563V, p.V567del, p.V636M, p.V649fs*13, p.V665G, p.V675V, p.V690G, p.V716D, p.V716F, p.V716I, p.V758del, p.V778fs*2, p.V785M, p.V895M, p.V897D, p.W297*, p.W305*, p.W305fs*?, p.W306*, p.W314*, p.W327G, p.W330*, p.W440*, p.W581*, p.W581C, p.W581G, p.W581R, p.W581fs*31, p.W753G, p.W795C, p.W860R, p.W893*, p.W893C, p.W893L, p.W893R, p.W893S, p.Y436fs*9, p.Y448fs*25, p.Y533C, p.Y592*, p.Y623*, p.Y623fs*29, p.Y660C, p.Y724C, p.Y724Y, p.Y735C, p.Y735N, p.Y735fs*44, p.Y793S, p.Y874C"
"DNMT3B","Q9UBC3","DNA (cytosine-5)-methyltransferase 3B","DNA Methyl Transferases (DNMTs)","NA","Nucleus","PF00855, PB000343, PB000829, PF00145, PB000071","0045633, 0047802, 0037717","c.1006G>C, c.1040G>A, c.1088G>A, c.1102A>C, c.1125C>T, c.1138C>T, c.1139G>A, c.113T>C, c.1183G>A, c.1193G>A, c.1202C>T, c.1209C>G, c.1228C>T, c.1231G>A, c.1243C>A, c.1249C>T, c.1253-1G>T, c.1261G>A, c.1318_1319insG, c.131C>T, c.1320_1321insGC, c.1347C>A, c.1352_1353insGG, c.1353delG, c.1371A>C, c.1382G>A, c.1386C>T, c.1447G>A, c.1454G>A, c.1478C>T, c.14C>G, c.151T>C, c.1532G>A, c.154A>C, c.158C>T, c.1591C>T, c.1603G>A, c.1609C>T, c.1613G>A, c.1633C>T, c.1634G>A, c.1641G>A, c.1647C>A, c.1675-2A>T, c.1712G>A, c.1716G>C, c.1718G>T, c.1727G>A, c.1750A>T, c.1753G>A, c.1755G>A, c.1801T>C, c.1834G>A, c.1841G>T, c.1846G>A, c.1879G>A, c.1881C>T, c.1935G>A, c.1941C>T, c.1952G>A, c.2020G>A, c.204+1G>A, c.2043C>T, c.2048G>A, c.2072C>T, c.2115C>T, c.2116G>A, c.211A>G, c.2132C>A, c.2152C>T, c.2155G>T, c.2156T>C, c.2157G>T, c.2197C>T, c.219T>C, c.2209G>T, c.222C>T, c.2232G>T, c.2236G>A, c.2240T>C, c.2272G>A, c.2304A>G, c.2340G>A, c.2349G>T, c.234T>C, c.2417A>G, c.2449G>T, c.2481G>T, c.248A>G, c.2526C>T, c.263C>T, c.274C>T, c.285G>A, c.310C>T, c.317G>A, c.342_343GG>TT, c.343G>A, c.364C>T, c.438G>A, c.43G>A, c.445C>T, c.460G>T, c.536G>T, c.540G>A, c.557delC, c.561C>A, c.584G>T, c.59C>T, c.685G>A, c.687G>A, c.723C>G, c.738G>T, c.779G>C, c.809C>G, c.813+5G>A, c.813G>A, c.846G>A, c.891C>A, c.895C>T, c.896G>A, c.96C>T, c.97G>A, c.998T>C","p.?, p.A154S, p.A241A, p.A336P, p.A395T, p.A421T, p.A585A, p.A585T, p.A612T, p.C403W, p.C651Y, p.D33N, p.D627D, p.D627N, p.D706N, p.D73D, p.D758N, p.D78D, p.D817Y, p.D83G, p.E115K, p.E271E, p.E451fs, p.E483K, p.E674K, p.E806G, p.F462F, p.F549L, p.G15S, p.G179V, p.G347D, p.G411R, p.G511D, p.G614V, p.G647G, p.G705G, p.G737C, p.G74G, p.I584F, p.I747T, p.K441fs*150, p.L146L, p.L282L, p.L333S, p.L38P, p.L449L, p.L454fs*136, p.L768L, p.L842L, p.P187P, p.P44L, p.P691L, p.P718S, p.P88L, p.Q415K, p.Q547Q, p.Q783H, p.Q827H, p.R104*, p.R106Q, p.R114>?, p.R122C, p.R149W, p.R299*, p.R299Q, p.R363H, p.R368R, p.R380*, p.R380Q, p.R398H, p.R410*, p.R417*, p.R440fs, p.R461H, p.R485Q, p.R531C, p.R537W, p.R538H, p.R545C, p.R545H, p.R571Q, p.R572S, p.R573L, p.R576Q, p.R683H, p.R733*, p.R744S, p.R92W, p.R95R, p.S195I, p.S20L, p.S270C, p.S297S, p.S32S, p.S51P, p.S52R, p.S53L, p.S711*, p.S780S, p.T180T, p.T401I, p.T457T, p.T493M, p.T5S, p.T71A, p.V229M, p.V229V, p.V535I, p.V616M, p.V645V, p.V719A, p.V719L, p.V719V, p.V746M, p.W246C, p.W260S, p.Y188fs*4, p.Y375Y, p.Y601H, p.Y681Y"
"DOT1L","Q8TEK3","Histone-lysine N-methyltransferase,  H3 lysine-79 specific","Histone Methyl Transferases (HMTs)","Lysine Methyl Transferases (KMT)","Nucleus","PF08123","0041593","c.1002C>T, c.1031G>A, c.1042G>T, c.1057G>A, c.1096G>T, c.1108G>A, c.1129G>T, c.1135G>A, c.114C>T, c.1225C>T, c.1232G>A, c.1238G>A, c.1251G>A, c.1288C>T, c.1291A>G, c.1311C>T, c.1316_1318AGA>CCG, c.1320C>T, c.137A>G, c.1404G>A, c.1406G>A, c.1407G>T, c.1466-1G>T, c.146C>T, c.1536G>T, c.1565A>G, c.1575C>T, c.1585G>C, c.159C>A, c.1609C>G, c.160G>A, c.1617G>A, c.1648A>C, c.1668G>A, c.166G>T, c.175G>A, c.1773G>A, c.1776C>A, c.1777C>T, c.177T>G, c.1845G>A, c.186C>A, c.188A>G, c.1909T>G, c.1947G>A, c.1963G>T, c.1990C>G, c.1999G>T, c.202T>C, c.2033C>T, c.2043C>T, c.2128G>A, c.2169C>T, c.2211G>T, c.2328G>C, c.2343G>A, c.2406G>A, c.2462G>C, c.2515C>T, c.2526_2527AG>TT, c.2544+5G>T, c.2636T>C, c.2659A>T, c.2710G>A, c.2744A>G, c.2803G>T, c.2818G>A, c.2931C>T, c.2945G>C, c.3031C>T, c.3102C>A, c.3104C>G, c.3146_3147insCA, c.3155G>T, c.3339C>T, c.3422C>T, c.3425C>A, c.343T>A, c.3509G>A, c.3542C>T, c.3609A>C, c.3645G>A, c.3772G>A, c.3779C>T, c.3912C>T, c.3950C>T, c.399C>G, c.409G>A, c.4294G>A, c.4317C>T, c.4328G>T, c.4412G>C, c.4499C>T, c.4622C>T, c.4849G>A, c.493+1G>T, c.493G>T, c.552C>T, c.583G>A, c.585G>A, c.618G>A, c.687G>A, c.691C>T, c.736G>A, c.742G>T, c.798C>T, c.829T>C, c.838A>C, c.852G>C, c.917C>T, c.965T>G","p.?, p.A1142D, p.A1432T, p.A1541V, p.A195A, p.A195T, p.A353T, p.A370T, p.A529P, p.A54T, p.A591A, p.A678V, p.A935S, p.A940T, p.C637G, p.C723C, p.D1258N, p.D1304D, p.D62E, p.D667Y, p.E248*, p.E348*, p.E377*, p.E379K, p.E46G, p.E56*, p.E655*, p.E710K, p.E915G, p.F1034L, p.F277L, p.F68L, p.G1052V, p.G137R, p.G1443V, p.G1471A, p.G165C, p.G184G, p.G246S, p.G366C, p.G821A, p.G842>?, p.H437H, p.I266I, p.I38I, p.K1203N, p.K550Q, p.K649K, p.L1439L, p.L284F, p.L322R, p.L334L, p.L525L, p.L53L, p.L592L, p.L781L, p.L879P, p.M206I, p.M417I, p.N280H, p.N522S, p.P1215P, p.P1260L, p.P133P, p.P49L, p.P664A, p.P776P, p.Q430*, p.Q439_T440>PP, p.Q468Q, p.Q512H, p.Q537E, p.Q539Q, p.Q737H, p.Q839*, p.R1011W, p.R1170Q, p.R229R, p.R231*, p.R344H, p.R409C, p.R411H, p.R413H, p.R469Q, p.R469R, p.R593C, p.R681R, p.S1035*, p.S1181F, p.S1500F, p.S615S, p.S802S, p.S887C, p.S982T, p.T1051fs*18, p.T1141I, p.T1317I, p.T306M, p.T431A, p.T440T, p.T977T, p.V1113V, p.V1617I, p.V556V, p.V59I, p.V59V, p.V904M, p.Y115N, p.Y63C"
"EHMT1","Q9H9B1","Histone-lysine N-methyltransferase EHMTs1","Histone Methyl Transferases (HMTs)","Lysine Methyl Transferases (KMT)","Nucleus and Chromosome","PB003620, PB003400, PF00023, PF12796, PF12796, PF05033, PF00856","0048228, 0053922","c.1012G>A, c.1014G>A, c.1027G>A, c.1067G>A, c.1074G>T, c.112G>A, c.114T>C, c.1161G>A, c.116C>A, c.1182A>C, c.120G>A, c.1284G>T, c.1348G>A, c.1378G>A, c.1557G>T, c.1642C>T, c.1649G>A, c.1689C>G, c.1700G>T, c.176G>A, c.1777G>A, c.1796G>A, c.182C>T, c.1848C>T, c.1854G>A, c.1858G>A, c.1908C>T, c.1920G>A, c.1939C>G, c.1A>G, c.2004G>A, c.2015G>A, c.2025G>A, c.2094G>A, c.20C>T, c.2102C>T, c.2182+1G>A, c.2182+7G>T, c.2188_2189GG>AA, c.2237T>G, c.2246C>T, c.2293G>T, c.2296G>A, c.2297C>T, c.2299A>G, c.230A>T, c.2333C>T, c.2398C>A, c.2416G>A, c.241G>A, c.244G>A, c.2619+1G>A, c.2648C>T, c.264C>G, c.2707G>A, c.2710G>T, c.2725G>A, c.2759G>A, c.2761T>C, c.285C>G, c.2913G>T, c.2992G>A, c.3003G>T, c.3042C>T, c.3043G>A, c.3045G>C, c.3068G>A, c.3095T>C, c.3103G>A, c.3149G>A, c.3231G>A, c.3283G>A, c.3368A>T, c.3402C>T, c.3409C>T, c.3417A>C, c.3425A>G, c.3425A>T, c.3433G>T, c.3439G>A, c.3450C>T, c.3529G>C, c.3558G>T, c.35C>T, c.3641G>T, c.3669C>T, c.3677G>T, c.3692A>G, c.36A>G, c.3737C>T, c.3743A>C, c.38G>C, c.485C>A, c.531G>A, c.581G>A, c.745G>T, c.755C>T, c.761T>C, c.801G>T, c.868C>G, c.886A>G, c.94G>A, c.950C>T, c.988G>T","p.?, p.A1077A, p.A1095T, p.A1134A, p.A1246V, p.A12A, p.A12V, p.A162D, p.A252V, p.A32T, p.A338A, p.A338T, p.A38A, p.A38T, p.A39E, p.A593T, p.A61V, p.A636A, p.A749V, p.A766T, p.A766V, p.A806T, p.A883V, p.A903T, p.C1014C, p.C599Y, p.D1035N, p.D1145Y, p.D1147N, p.D1150D, p.D343N, p.D81N, p.D82N, p.D909N, p.E1001D, p.E1123V, p.E1139D, p.E428D, p.E450K, p.F1223F, p.F563L, p.G13A, p.G330C, p.G567V, p.G672E, p.G730K, p.G765C, p.H290D, p.H77L, p.I95M, p.K1231R, p.K296E, p.K394N, p.K40K, p.L267L, p.L519F, p.L746R, p.L800M, p.M1V, p.N767D, p.P177P, p.P647A, p.P701L, p.P778L, p.Q1186H, p.Q1248P, p.Q358H, p.R1023K, p.R1050H, p.R1137*, p.R1214L, p.R1226L, p.R194Q, p.R356H, p.R548W, p.R550H, p.R59Q, p.R675R, p.R920H, p.R971S, p.S317L, p.S387S, p.S618S, p.S698S, p.S7L, p.T616T, p.T640T, p.T668T, p.V1015M, p.V1015V, p.V1032A, p.V1177L, p.V249F, p.V254A, p.V460I, p.V620M, p.V88V, p.V904L, p.V998M, p.Y1142C, p.Y1142F, p.Y921H"
"EHMT2","Q96KQ7","Histone-lysine N-methyltransferase EHMTs2","Histone Methyl Transferases (HMTs)","Lysine Methyl Transferases (KMT)","Nucleus and Chromosome","PB009355, PB004963, PF12796, PF12796, PF12796, PF05033, PF00856","0048228, 0053922","c.1034delA, c.1348G>A, c.1465G>T, c.1471C>A, c.1635G>T, c.1687C>G, c.1854T>G, c.1861G>A, c.1897G>C, c.1932G>A, c.194C>A, c.1971C>A, c.1979A>G, c.1983C>T, c.2011+4A>T, c.2113C>T, c.2218C>T, c.231G>T, c.232G>A, c.2421G>A, c.2549A>G, c.2617C>T, c.2818G>A, c.2876C>T, c.2927G>C, c.3054C>A, c.317G>A, c.3330C>A, c.3395G>A, c.3409G>A, c.3476G>T, c.356C>T, c.3601G>C, c.50C>A, c.613A>G, c.663C>A, c.733C>T, c.781G>A, c.845G>A, c.92G>C, c.931G>C, c.943G>T, c.980C>T, c.995A>C","p.?, p.A1137T, p.A17D, p.C976S, p.D332A, p.E1201Q, p.E261K, p.E311Q, p.E315*, p.E450K, p.E545D, p.E633Q, p.E77D, p.F1110L, p.G661G, p.G78R, p.G940S, p.H491N, p.H850R, p.I205V, p.K345fs*9, p.L618L, p.L705L, p.N1018K, p.P563A, p.Q660R, p.R106Q, p.R1132Q, p.R245C, p.R282H, p.R31T, p.R644R, p.R740C, p.R807R, p.R873C, p.S119F, p.S327L, p.S65*, p.S657S, p.T221T, p.T959M, p.V489F, p.V621M, p.W1159L"
"ELP3","B4DKA4","Elongator Complex protein 3","Histone Acetyl Transferases (HATs)","Type B Histone Acetyl Transferases","NA","PF04055, PF00583","0048596, 0048674","c.1098G>C, c.109G>A, c.1106T>G, c.1142_1143insAGTGG, c.1211G>C, c.1348C>A, c.1384C>T, c.1385G>A, c.1390G>A, c.1411A>G, c.1440T>C, c.1620G>A, c.18A>C, c.198T>A, c.206G>A, c.409G>T, c.442A>T, c.505G>A, c.508A>T, c.518C>T, c.533C>T, c.538G>T, c.559C>T, c.635T>A, c.658A>G, c.658A>T, c.771C>T, c.824A>G, c.831C>T, c.903C>T, c.904delA, c.906_906+3delAgta, c.954_955insC, c.957T>C, c.959delC","p.?, p.A137S, p.D257D, p.D37N, p.E180*, p.E464K, p.F301F, p.I220F, p.I220V, p.I369S, p.I471V, p.K275R, p.K6N, p.L212H, p.L321fs*2, p.L450I, p.M170L, p.N382fs*4, p.P178L, p.P319P, p.P540P, p.P66P, p.Q366H, p.R187*, p.R404T, p.R462C, p.R462H, p.R69H, p.S277S, p.S480S, p.T148S, p.T173M, p.T302fs*14, p.T320fs*11, p.V169M"
"EP300","Q09472","Histone acetyltransferase p300","Histone Acetyl Transferases (HATs)","Type A Histone Acetyl Transferases","Nucleus and Cytoplasm","PB015526, PF02135, PF02172, PF00439, PF06001, PF08214, PF00569, PF02135, PF09030","0053605, 0046608, 0040367, 0040011, 0037431, 0053608","c.(4025)ins18, c.1019A>T, c.1049A>G, c.1099_1100CC>TT, c.1136T>C, c.1138A>G, c.1145G>A, c.1169T>G, c.1189C>T, c.1190G>A, c.1206C>T, c.1244T>C, c.1268A>C, c.1335_1336GG>TT, c.1335_1337delGGG, c.1393G>T, c.13G>T, c.1405G>A, c.1426C>T, c.1436A>C, c.1501_1502insG, c.1519A>G, c.1521C>T, c.1529-2A>G, c.1540A>G, c.1543G>T, c.1551T>A, c.1595T>G, c.1608C>T, c.1623-(43)del3, c.1636G>A, c.1651C>T, c.1666A>G, c.1702C>T, c.1738C>T, c.1739G>A, c.1759C>T, c.1766A>G, c.1768G>C, c.1770C>T, c.1777C>T, c.1778C>A, c.1781C>T, c.1783C>T, c.1784C>T, c.1796C>A, c.1810C>G, c.1811G>A, c.181delA, c.1839G>C, c.1854C>G, c.1879-1G>A, c.187C>T, c.1881G>A, c.188A>G, c.1891C>G, c.18G>A, c.1906A>G, c.1927G>A, c.1927G>T, c.1936G>C, c.193C>T, c.197C>T, c.1991T>G, c.2059C>T, c.206G>T, c.2077A>G, c.2090G>A, c.2124A>G, c.2132_splice, c.2182C>T, c.2245A>G, c.2282A>G, c.2299C>T, c.2405C>T, c.2437C>T, c.2461C>T, c.2462A>G, c.2470C>T, c.2480T>C, c.2482C>T, c.2485C>T, c.2498C>T, c.2512C>T, c.2518C>A, c.251T>C, c.2523_2524CC>TT, c.2546T>C, c.2567_2569delCAA, c.256C>T, c.257G>A, c.2590C>T, c.2620C>T, c.2647A>G, c.2662C>T, c.2671A>C, c.2692C>T, c.2707G>T, c.2743C>T, c.2773C>A, c.2777delC, c.2779_2780insC, c.2789C>T, c.2820T>G, c.2840T>C, c.2845G>T, c.2872A>G, c.2897_2897delC, c.2914C>G, c.2921A>G, c.2957A>T, c.2977C>T, c.2983G>T, c.2995G>C, c.3031G>T, c.3038A>G, c.3039A>G, c.3040G>T, c.3041A>G, c.3073G>T, c.3117G>A, c.3124G>A, c.3142+5G>A, c.3143_3590del448, c.3163C>T, c.3233C>T, c.3240_3241CC>TT, c.3245A>G, c.3262-2A>G, c.3270T>A, c.3284G>T, c.3284_3285insC, c.3302C>T, c.3338A>T, c.3355G>A, c.3358G>T, c.3366G>T, c.3377A>G, c.3391T>A, c.3410G>T, c.3416A>G, c.3442_3447delGTCTTT, c.3548G>A, c.3560G>A, c.3591_3728del138, c.3602G>A, c.3641C>A, c.3653A>G, c.3671+1G>A, c.3671_splice, c.3684A>C, c.3685G>T, c.3701G>T, c.3701_3702insA, c.3728+4A>C, c.3729-2A>T, c.3731T>G, c.3742_3743delAC, c.376A>G, c.378G>A, c.3803C>T, c.3810C>T, c.3831G>T, c.3841C>T, c.3842G>A, c.3853G>T, c.3857A>G, c.3875-2A>G, c.3900C>T, c.3934C>T, c.3977T>C, c.3996C>T, c.39C>G, c.4009C>T, c.4011A>T, c.4025+(28)del3, c.4025+1G>A, c.4048G>A, c.4051G>T, c.4066C>T, c.40A>C, c.4114T>C, c.4123G>C, c.4130A>G, c.4154G>A, c.4154G>T, c.4172_splice, c.4173-2A>G, c.4186T>C, c.4187C>G, c.4189T>C, c.4189T>G, c.4193T>C, c.4195G>A, c.4195G>T, c.419C>T, c.4227G>C, c.4239_4240insT, c.4240T>G, c.4241A>G, c.4244A>C, c.4286+1G>T, c.4287-1G>C, c.4287-2A>T, c.4287_splice, c.4310C>T, c.4313G>A, c.4319C>T, c.4336T>A, c.4352A>C, c.4352A>G, c.4352A>T, c.4355C>A, c.4355C>T, c.4356T>C, c.4364A>G, c.4365G>C, c.4372_4377delCCCAAG, c.4377_4388del12, c.4385_4389delGACTG, c.4391A>T, c.4397G>T, c.4399T>A, c.4399T>C, c.4400A>G, c.4401_4402insA, c.4402_4402delA, c.4408delA, c.4433G>A, c.444G>A, c.4453-3C>G, c.4453_splice, c.4454A>T, c.4454_4454delA, c.4461_4462insT, c.4467_4468insG, c.4468G>C, c.4492G>A, c.4508A>C, c.4512C>T, c.4513G>T, c.4517G>T, c.4518T>C, c.4519G>A, c.4527G>T, c.4558C>G, c.4561G>C, c.4578G>C, c.4607A>G, c.4617+1G>A, c.4636_4636delA, c.4636delA, c.465C>G, c.4662G>C, c.4708A>G, c.4709A>G, c.4710A>G, c.4710A>T, c.4751T>G, c.478C>T, c.4795C>A, c.4795C>T, c.4796G>A, c.4874A>T, c.4879C>T, c.4880G>A, c.4880G>T, c.4880delG, c.4886C>T, c.4893C>T, c.4916T>C, c.4925C>T, c.4933C>A, c.4933C>T, c.4949C>A, c.4949C>T, c.4955T>C, c.495G>A, c.4981C>T, c.498C>A, c.4994G>A, c.49A>G, c.5014G>T, c.5030_5036delTGGAGAC, c.5038C>T, c.5039G>A, c.5056_5057delTG, c.5061+2T>A, c.5061_splice, c.5095delA, c.5099delA, c.5162C>T, c.5173C>T, c.5187_5187delT, c.5188delT, c.5189C>T, c.5193C>T, c.5195G>A, c.5217C>G, c.5218C>T, c.5261C>A, c.5279A>G, c.5317C>T, c.5318G>A, c.5331C>T, c.5332G>T, c.5346C>A, c.5364C>G, c.5368T>G, c.542G>T, c.5441G>A, c.5485C>T, c.550C>T, c.5553T>C, c.5564C>T, c.5585A>C, c.5587C>T, c.5597C>T, c.5620C>G, c.5633C>A, c.5638C>T, c.5640C>A, c.5693A>G, c.5705C>T, c.5710C>T, c.5711A>C, c.579C>T, c.5807C>T, c.5842T>A, c.5848A>G, c.5850G>T, c.5860_5861insTTG, c.5862C>T, c.5875A>G, c.5956C>G, c.6004C>G, c.6012G>T, c.6013C>T, c.6022T>C, c.6023C>T, c.6067C>T, c.6123C>G, c.6174C>G, c.6187T>C, c.6226G>T, c.6250T>G, c.6262C>T, c.6289C>G, c.6367G>T, c.6375C>A, c.6427G>A, c.644_654del11, c.6475G>T, c.6489C>T, c.6523A>C, c.6523A>G, c.6574_6585del12, c.6584A>G, c.6597A>G, c.6626_6637delACCAGTTCCAGC, c.6633C>A, c.6643C>A, c.6645A>C, c.6662C>A, c.6662C>T, c.6751G>A, c.6754G>T, c.6772C>T, c.6775G>A, c.6783G>A, c.6802C>A, c.6819T>G, c.6883C>A, c.6892C>T, c.6907C>T, c.6916C>G, c.6923G>A, c.6950G>T, c.6951G>A, c.6963_6964insC, c.6964_6964delC, c.6964delC, c.6969C>G, c.6969C>T, c.6970_6971insC, c.7060G>A, c.7073C>T, c.7079A>G, c.7100C>T, c.7109A>T, c.7121C>A, c.7177C>G, c.726_729+1delTAAGg, c.746A>G, c.769T>G, c.835G>A, c.841T>A, c.871_871delA, c.880G>A, c.89G>T, c.906_splice, c.923C>T, c.924G>A, c.936G>T, c.942C>T, c.95-2A>G, c.965G>T, c.980C>T, c.986C>G, c.?","p.(1409)ins6, p.2209_2213NQFQQ>K, p.?, p.A1268V, p.A1350T, p.A13A, p.A1437V, p.A1490P, p.A1490fs*3, p.A1498T, p.A1629V, p.A1721V, p.A1902V, p.A1936V, p.A2076S, p.A2143T, p.A2251T, p.A2259T, p.A2354T, p.A327V, p.A469T, p.A536A, p.A590A, p.A590P, p.A599D, p.A627A, p.A903S, p.A966fs, p.C1183Y, p.C1201Y, p.C1372R, p.C1385F, p.C1385Y, p.C1438Y, p.C1686fs*1, p.C1782*, p.C1790G, p.C382Y, p.D1119N, p.D1120Y, p.D1218G, p.D1399N, p.D1399Y, p.D1485V, p.D1485_splice, p.D1485fs, p.D1507N, p.D1625V, p.D1628fs*81, p.D1729fs, p.D618E, p.E1011*, p.E1013E, p.E1013G, p.E1014*, p.E1014G, p.E1025*, p.E1113V, p.E1229*, p.E1285*, p.E1351*, p.E1505*, p.E1521Q, p.E1526D, p.E1536G, p.E1672*, p.E1687_splice, p.E2252*, p.E2360G, p.E465*, p.E546K, p.E643*, p.E643K, p.E646Q, p.E995*, p.E999Q, p.F1090L, p.F1244C, p.F1270F, p.F1504F, p.F1948I, p.F2084V, p.F2211L, p.G1042R, p.G1375R, p.G1429_splice, p.G1506G, p.G1506V, p.G1777G, p.G1778W, p.G181V, p.G2123W, p.G2159*, p.G216fs*2, p.G30V, p.G314G, p.G322V, p.G446C, p.G446del, p.G515*, p.G69V, p.G711_splice, p.G949*, p.H1377R, p.H1415P, p.H1451L, p.H1451P, p.H1451R, p.H1954>LD, p.H1954H, p.H2125Q, p.H2324fs*29, p.H2324fs*55, p.H402H, p.H631D, p.H828Y, p.I1048fs*30, p.I1739M, p.I61fs*55, p.I849T, p.I947T, p.K1228N, p.K1277N, p.K1468fs, p.K1488fs*1, p.K14Q, p.K1546fs, p.K1554N, p.K1570E, p.K1570K, p.K1570N, p.K1570R, p.K1760R, p.K17E, p.K291fs, p.K350R, p.K423T, p.K636E, p.L1398P, p.L1409F, p.L1520V, p.L1584R, p.L1631L, p.L1639P, p.L1788L, p.L2041L, p.L2058L, p.L2303F, p.L2393V, p.L415P, p.L587F, p.L827P, p.L84S, p.L940L, p.M126I, p.M126V, p.M1470fs*26, p.M1470fs*3, p.M1652T, p.M165I, p.M1959V, p.M2175L, p.M2175V, p.M302_splice, p.M379T, p.M514V, p.M532R, p.M556V, p.M664R, p.M693V, p.M749V, p.N1126S, p.N1286S, p.N1547fs*17, p.N155K, p.N166K, p.N1700fs*9, p.N193N, p.N2370I, p.N249S, p.N517K, p.P1039P, p.P1078L, p.P1081S, p.P1337P, p.P1337S, p.P1440L, p.P1452H, p.P1452L, p.P1452P, p.P1460_K1461delPK, p.P1460_L1463delPKRL, p.P1855L, p.P1863S, p.P1866L, p.P1880P, p.P1880S, p.P1986A, p.P2097A, p.P2163P, p.P2199P, p.P2221L, p.P2221Q, p.P2322fs, p.P2323P, p.P2358L, p.P2367L, p.P308L, p.P308P, p.P367F, p.P551S, p.P593H, p.P593S, p.P595L, p.P595S, p.P687S, p.P708P, p.P802L, p.P840T, p.P842S, p.P864S, p.P888S, p.P925L, p.P925T, p.P927fs*19, p.P930L, p.P972A, p.Q1082R, p.Q1455H, p.Q1455R, p.Q1464L, p.Q160*, p.Q1661*, p.Q1725*, p.Q1740*, p.Q184*, p.Q1862P, p.Q1874E, p.Q1898R, p.Q1904*, p.Q1904P, p.Q2002E, p.Q2004H, p.Q2005*, p.Q2023*, p.Q2192_Q2195delQQQQ, p.Q2195R, p.Q2210_Q2213del, p.Q2215H, p.Q2215K, p.Q2258*, p.Q2261Q, p.Q2268K, p.Q2295K, p.Q2298*, p.Q2306E, p.Q2321fs, p.Q312H, p.Q340L, p.Q476*, p.Q479P, p.Q501fs*12, p.Q589R, p.Q63*, p.Q63R, p.Q65*, p.Q761R, p.Q767*, p.Q813*, p.Q821*, p.Q821R, p.Q824*, p.Q829*, p.Q874*, p.Q898*, p.Q974*, p.Q974R, p.Q986L, p.Q993*, p.R1055*, p.R1137L, p.R1187H, p.R1234I, p.R1234fs, p.R1281*, p.R1281Q, p.R1312*, p.R1356*, p.R1391_splice, p.R1462fs, p.R1478H, p.R1599C, p.R1599H, p.R1599S, p.R1627L, p.R1627Q, p.R1627W, p.R1645*, p.R1645R, p.R1665H, p.R1680C, p.R1680H, p.R1731R, p.R1732H, p.R1773Q, p.R1773W, p.R1814Q, p.R1829C, p.R1950G, p.R1950S, p.R2088W, p.R2308H, p.R2317L, p.R2317R, p.R397*, p.R397Q, p.R568W, p.R580*, p.R580Q, p.R604G, p.R604Q, p.R613R, p.R728W, p.R838C, p.R86*, p.R86Q, p.R883G, p.R915C, p.S1095I, p.S1095fs, p.S1214Y, p.S1396C, p.S1396P, p.S1642F, p.S1650F, p.S1650Y, p.S1730F, p.S1730fs*4, p.S1754*, p.S2008F, p.S2008P, p.S2063P, p.S2374Y, p.S281T, p.S507G, p.S507S, p.S697N, p.S833L, p.S958G, p.T1101I, p.T1224_splice, p.T1248fs*15, p.T1300T, p.T1332T, p.T140I, p.T148T, p.T1851T, p.T1878N, p.T329R, p.T380A, p.T594M, p.T66I, p.T858del, p.T891P, p.T928fs*21, p.V1148_F1149delVF, p.V1326A, p.V1677fs*30, p.V2273V, p.V279I, p.V294I, p.V390G, p.V5L, p.V6V, p.W1122C, p.W1466L, p.W1509C, p.Y1131N, p.Y1139C, p.Y1198_L1243del, p.Y1397D, p.Y1397H, p.Y1414C, p.Y1414D, p.Y1414fs*3, p.Y1446N, p.Y1467C, p.Y1467H, p.Y1467N, p.Y1467fs, p.Y1503S, p.Y257D"
"EZH1","Q92800","Histone-lysine N-methyltransferase EZH1","Histone Methyl Transferases (HMTs)","Lysine Methyl Transferases (KMT)","Nucleus","PB008232, PF11616, PB017256, PB017256, PB007590, PF00856","0048183, 0050913","c.1003A>G, c.1015C>A, c.1112C>T, c.1123G>A, c.1147A>G, c.1243G>T, c.1250C>A, c.1283C>T, c.1311T>C, c.1327C>T, c.1402-1G>T, c.1434C>A, c.1546A>G, c.1586G>A, c.1637A>T, c.1693A>G, c.16C>T, c.1724A>C, c.1735C>T, c.1785G>A, c.1794G>T, c.1875G>T, c.1898_1899delTG, c.1909G>A, c.1919C>T, c.1964G>A, c.1964G>C, c.2054T>A, c.2056C>T, c.2057G>A, c.2074G>T, c.2116G>C, c.2122C>T, c.2160C>T, c.2161G>A, c.2163A>G, c.2165A>G, c.2165A>T, c.2211C>T, c.2220C>T, c.270G>A, c.366G>A, c.389G>A, c.390C>T, c.426A>T, c.451A>T, c.484G>C, c.484G>T, c.599G>A, c.62C>A, c.642G>C, c.74G>A, c.807T>C, c.859C>T, c.965A>G, c.966G>T, c.973G>T, c.97C>A, c.985G>A","p.?, p.A375T, p.A415S, p.A437A, p.C130C, p.C130Y, p.D706H, p.E142D, p.E162*, p.E162Q, p.E325*, p.E329K, p.E637K, p.E721E, p.E721K, p.E722G, p.E722V, p.G200E, p.G720G, p.I151F, p.I478I, p.I685N, p.I740I, p.K214N, p.K322N, p.K322R, p.K546M, p.K598N, p.L269L, p.L339I, p.M122I, p.P417Q, p.P428L, p.P6S, p.P90P, p.Q33K, p.R25Q, p.R287W, p.R443*, p.R529H, p.R579*, p.R655H, p.R655P, p.R686*, p.R686Q, p.R708W, p.S21Y, p.S371F, p.S640F, p.T335A, p.T383A, p.T516A, p.T565A, p.V633fs*8, p.V692L, p.W595*, p.W625C, p.Y575S, p.Y737Y"
"EZH2","Q15910","Histone-lysine N-methyltransferase EZH2","Histone Methyl Transferases (HMTs)","Lysine Methyl Transferases (KMT)","Nucleus","PB008232, PF11616, PB017256, PB011744, PB017256, PB002306, PB007590, PF00856","0048183, 0050913","c.1012G>C, c.101G>T, c.1029C>G, c.1033G>A, c.1034C>A, c.1036G>A, c.1040G>A, c.1060C>T, c.1072C>T, c.1100G>A, c.1119_1120insC, c.1135G>C, c.1135G>T, c.1175_1176delAA, c.118A>T, c.119G>T, c.1200_1203delAGAA, c.1201G>T, c.1212_1216delGAAGA, c.1216_1219delAAAG, c.1221T>C, c.1283A>C, c.1315G>A, c.1318_1319insG, c.1345C>T, c.1352_1353insGG, c.1381_1382insTA, c.1382G>A, c.13G>T, c.1436C>A, c.1477C>T, c.1487A>G, c.1505+1G>T, c.1505G>A, c.1513_1513delG, c.1525A>G, c.1525A>T, c.1526G>C, c.1546+1G>A, c.1559A>C, c.1588C>A, c.1610G>A, c.1613C>T, c.1634A>C, c.1642_1643insT, c.1657C>G, c.1657C>T, c.1667C>G, c.1672+2_1673+3insCCT, c.1682G>A, c.1689G>T, c.1691_1691delG, c.1694C>T, c.1697G>A, c.1698C>T, c.1712G>A, c.1718C>T, c.1728C>G, c.172C>T, c.1730C>T, c.1741G>A, c.1742C>T, c.1768T>A, c.1774_1777delACTT, c.179G>A, c.17A>T, c.1807C>A, c.182A>G, c.184C>A, c.184C>T, c.185A>G, c.1872T>G, c.1876G>A, c.187C>T, c.1880C>A, c.188_189insA, c.1907C>T, c.1911G>A, c.1919A>G, c.191G>T, c.1920T>A, c.1931C>G, c.1936T>A, c.1936T>C, c.1937A>C, c.1937A>G, c.1937A>T, c.1947+39_1947+42delATAC, c.1966_1966delG, c.1967C>T, c.1968T>C, c.1969G>C, c.1978G>C, c.1983_1983delA, c.1990G>A, c.1990G>T, c.1991A>C, c.1991A>G, c.1991A>T, c.1992T>A, c.1992T>G, c.1992_1997delTAAATA, c.2002T>A, c.2004C>T, c.2020T>G, c.2022G>A, c.2024A>G, c.2025C>A, c.2029G>C, c.2033T>G, c.2035G>A, c.2045C>G, c.2045C>T, c.2050C>T, c.2051G>A, c.2054_2054delA, c.2058T>C, c.2068C>T, c.2069G>A, c.2075C>T, c.2078A>C, c.2078A>T, c.2079T>A, c.2079T>C, c.2080C>T, c.2083T>C, c.2085G>A, c.2110G>C, c.2136G>A, c.2137A>G, c.2138T>C, c.2139A>G, c.2143_2143delA, c.2152_2153delAA, c.2159C>T, c.216_217delTT, c.2173G>A, c.2177A>T, c.2178G>T, c.2180_2182TGT>GG, c.2187_2188insT, c.2191T>G, c.2193C>T, c.2195+1G>A, c.2199C>A, c.2226_2227insAAAACC, c.2228_2229insGCCCCG, c.2230_2231insTGCAT, c.2231_2232insTGCAT, c.2232_2233insATC, c.2233G>A, c.233G>A, c.247-2A>G, c.305A>G, c.324_324delC, c.328G>A, c.341G>A, c.3467G>A, c.3553A>G, c.3697G>A, c.3797C>T, c.387T>A, c.394C>T, c.397T>C, c.4001C>T, c.403G>A, c.410C>G, c.4174G>C, c.4223C>A, c.434T>C, c.434T>G, c.434_435TC>AT, c.435C>A, c.435C>T, c.444_445insGAA, c.446T>A, c.449T>C, c.450_450delA, c.451A>C, c.475G>A, c.484+13C>T, c.484G>T, c.4894G>C, c.492G>T, c.507A>C, c.512T>C, c.542A>G, c.552T>C, c.555C>T, c.574G>A, c.575A>G, c.576T>C, c.619C>A, c.619C>T, c.620G>A, c.620G>C, c.620G>T, c.621A>G, c.625+1G>A, c.625+1G>T, c.638G>A, c.65_66delAG, c.686C>T, c.697G>T, c.703_703G>AA, c.710A>T, c.721A>C, c.727A>C, c.727A>G, c.729-2delA, c.730T>C, c.730T>G, c.731A>G, c.736G>T, c.73C>T, c.745G>A, c.747A>G, c.754C>G, c.755T>C, c.755_756insC, c.75A>T, c.763G>A, c.764C>T, c.786_787insC, c.791T>G, c.797G>A, c.804T>C, c.849G>A, c.862C>T, c.863G>A, c.864A>G, c.867T>C, c.890A>G, c.898T>C, c.919A>G, c.926A>G, c.933_933T>GGCATA, c.949G>A, c.949G>T, c.949_950delGA, c.951A>G, c.954_954delA, c.958C>T, c.965A>G, c.981T>G, c.982C>T, c.983A>G, c.?, c.?_?ins?","p.?, p.?fs*?, p.A1334V, p.A255T, p.A255V, p.A345D, p.A345T, p.A505fs*9, p.A581T, p.A581V, p.A627E, p.A656A, p.A656V, p.A656fs*19, p.A682G, p.A682V, p.A692V, p.A720V, p.C289C, p.C300R, p.C548fs*2, p.C571Y, p.C576W, p.C590S, p.C606Y, p.C668C, p.C668S, p.D1632H, p.D184D, p.D185D, p.D192D, p.D192G, p.D192N, p.D233Y, p.D407D, p.D439N, p.D657H, p.D664A, p.D664E, p.D664G, p.D664N, p.D664V, p.D664Y, p.D677H, p.D730fs*1, p.E1392Q, p.E148_L149insE, p.E162*, p.E169D, p.E22fs*14, p.E237V, p.E242*, p.E246*, p.E249E, p.E249K, p.E317*, p.E317E, p.E317K, p.E317fs*29, p.E338Q, p.E346K, p.E379*, p.E379Q, p.E392fs*7, p.E401*, p.E401fs*22, p.E451fs, p.E549*, p.E725K, p.E726D, p.E726V, p.E745K, p.E745fs*>9, p.F145C, p.F145F, p.F145L, p.F145S, p.F145Y, p.F171S, p.F670C, p.F678C, p.G110R, p.G135R, p.G159R, p.G164G, p.G235fs*11, p.G254fs*6, p.G266E, p.G395fs*3, p.G564fs*111, p.G5W, p.G660R, p.G686G, p.G743_I744insPR, p.H129Q, p.H297R, p.H530N, p.H694Y, p.I109fs*1, p.I150T, p.I264R, p.I327M, p.I713M, p.I713T, p.I713V, p.I715fs*25, p.I744_E745insI, p.I744fs*>10, p.K151Q, p.K241Q, p.K243E, p.K243Q, p.K307E, p.K318fs, p.K405fs*2, p.K406fs*17, p.K496R, p.K61R, p.K634E, p.K665_Y666del, p.K685fs*12, p.K6M, p.K718fs*12, p.L101P, p.L149Q, p.L252P, p.L252V, p.L320L, p.L343L, p.L449F, p.L603M, p.L674L, p.L674V, p.L727fs*13, p.M1185V, p.N102S, p.N152fs*15, p.N263fs*8, p.N268N, p.N309S, p.N322S, p.N428T, p.N520T, p.N640K, p.N640S, p.N675K, p.N675S, p.N693I, p.N693K, p.N693N, p.N693T, p.P132S, p.P1408H, p.P493S, p.P563P, p.P577L, p.P636L, p.Q328*, p.Q328R, p.Q545P, p.Q553*, p.Q553E, p.Q58*, p.Q62*, p.Q62K, p.Q62R, p.R114K, p.R1156Q, p.R207*, p.R207L, p.R207P, p.R207Q, p.R207R, p.R213H, p.R25*, p.R25R, p.R288*, p.R288Q, p.R288R, p.R347Q, p.R34L, p.R354C, p.R358C, p.R440fs, p.R461H, p.R461fs*3, p.R502Q, p.R509*, p.R509G, p.R509T, p.R561H, p.R566H, p.R566R, p.R63*, p.R64M, p.R64fs*18, p.R684C, p.R684H, p.R690C, p.R690H, p.R712R, p.R78H, p.S1266F, p.S229L, p.S367N, p.S380*, p.S40C, p.S40I, p.S479Y, p.S537N, p.S538L, p.S556*, p.S565F, p.S624S, p.S644*, p.S695P, p.S695S, p.S73fs*8, p.S76*, p.T137R, p.T283T, p.T374fs*3, p.T393M, p.T573I, p.T592fs*82, p.V1233M, p.V626M, p.V637A, p.V637V, p.V662fs*13, p.V679M, p.V704L, p.V742_G743insKT, p.W60*, p.Y133H, p.Y181C, p.Y244C, p.Y244D, p.Y244H, p.Y311fs*1, p.Y646?, p.Y646C, p.Y646F, p.Y646H, p.Y646N, p.Y646S, p.Y731*, p.Y731D, p.Y731Y, p.Y733*, p.fs?"
"FBXO10","Q9UK96","F-box only protein 10","Histone Methyl Transferases (HMTs)","Type 1 Protein Arginine Methyl Transferases (PRMTs)","Cytoplasm","PF12937, PF13229, PF05048","0049244, 0054423, 0048970, 0049244, 0048970","c.1017G>T, c.1054G>T, c.1062C>T, c.1099G>T, c.1159G>T, c.116G>A, c.1170G>A, c.1254G>A, c.1298G>A, c.1329C>T, c.1335C>T, c.1400G>A, c.1451G>C, c.1454G>A, c.14G>T, c.1520A>G, c.1607T>C, c.1662G>A, c.1730G>A, c.1759G>A, c.1766G>A, c.1790G>A, c.1829G>T, c.1877G>T, c.1881G>T, c.1929C>T, c.1930G>A, c.1993G>A, c.2009T>A, c.2089G>A, c.2112G>A, c.2136C>T, c.2149C>T, c.2170G>A, c.2173G>C, c.2191C>T, c.2259C>T, c.2289C>A, c.230A>G, c.2392G>T, c.23T>C, c.2473C>T, c.2474G>A, c.2541G>T, c.2546G>A, c.2552A>T, c.2556G>A, c.2581C>T, c.2588G>A, c.2588G>T, c.2614A>G, c.2616C>A, c.2619C>A, c.2624A>T, c.2723C>T, c.2768C>A, c.2800C>T, c.2857A>C, c.300A>G, c.320G>A, c.33G>A, c.394G>C, c.423C>T, c.483G>T, c.558A>T, c.656G>A, c.679A>G, c.695A>G, c.711C>T, c.734delA, c.939C>T","p.A644T, p.A763A, p.C484S, p.D132H, p.D352Y, p.D712D, p.E339D, p.E367*, p.E697K, p.E725Q, p.F445F, p.G219D, p.G387C, p.G443G, p.G587S, p.G589D, p.G5V, p.G610V, p.G626V, p.G798C, p.H232R, p.H731Y, p.H753H, p.H851L, p.I313I, p.I872I, p.I872V, p.I873I, p.K418K, p.K554K, p.K847N, p.L100L, p.L161F, p.L390L, p.L670Q, p.L8S, p.N237N, p.N245fs*12, p.N507S, p.P186P, p.Q77R, p.Q875L, p.Q934*, p.R107Q, p.R433H, p.R467Q, p.R485Q, p.R577H, p.R597H, p.R717W, p.R825Q, p.R825W, p.R849Q, p.R861W, p.R863H, p.R863L, p.S354S, p.S39N, p.S852S, p.S923Y, p.S953R, p.T227A, p.T908M, p.V536A, p.V627V, p.V665I, p.V724I, p.W11*, p.W704*, p.Y141Y, p.Y643Y"
"GTF3C4","Q9UKN8","General transcription factor 3C polypeptide 4","Histone Acetyl Transferases (HATs)","Type B Histone Acetyl Transferases","Nucleus","PF12657, PF12660","0049440","c.1013G>T, c.1027C>T, c.1139A>G, c.1140T>C, c.1220C>T, c.1291G>A, c.1468G>A, c.1527G>C, c.1560G>A, c.1612G>A, c.1616T>G, c.1660C>G, c.1669T>G, c.1758G>C, c.1832C>T, c.1841_1842insG, c.1870G>C, c.1880C>A, c.1937A>C, c.1944C>A, c.1979G>A, c.1980A>G, c.1999G>A, c.2028C>T, c.2123C>T, c.2129G>A, c.2160A>G, c.2176A>G, c.2276G>A, c.2347T>G, c.2405-1G>C, c.2410G>A, c.2437C>T, c.2446T>C, c.2456C>A, c.258C>T, c.399C>T, c.400G>A, c.409A>G, c.428A>C, c.490T>A, c.507G>A, c.522C>T, c.697C>A, c.779A>G, c.819T>C, c.878C>T, c.883G>A, c.976C>T, c.977G>A","p.?, p.A134T, p.A431T, p.A490T, p.C174C, p.D538N, p.D804N, p.E520E, p.E624Q, p.E646A, p.E667K, p.E720E, p.F133F, p.F164I, p.F816L, p.G338V, p.G660E, p.G660G, p.I676I, p.I86I, p.K137E, p.L233I, p.L343F, p.L539*, p.L557V, p.L783V, p.N616fs*3, p.P293L, p.P554A, p.P648P, p.P708L, p.P813S, p.Q143P, p.Q260R, p.Q509H, p.Q586H, p.R326*, p.R326Q, p.R710H, p.R759H, p.S273S, p.S407F, p.S611L, p.S627Y, p.S819Y, p.T726A, p.V295I, p.W169*, p.Y380C, p.Y380Y"
"HATs1","O14929","Histone acetyltransferase type B catalytic Subunit","Histone Acetyl Transferases (HATs)","Type A Histone Acetyl Transferases","Nucleus and Cytoplasm","PF10394, PB003675","0035638","c.1007G>T, c.1034C>T, c.1035C>A, c.1035C>T, c.1053C>G, c.106A>C, c.1172T>C, c.1176C>T, c.1207C>T, c.152T>C, c.249G>A, c.24G>T, c.272A>T, c.275C>T, c.294C>A, c.319G>T, c.341T>G, c.417C>T, c.502T>C, c.535C>T, c.550T>C, c.554T>G, c.569G>C, c.592A>G, c.605T>G, c.692C>G, c.717T>G, c.758G>A, c.75delC, c.835T>G, c.861C>A, c.905G>A, c.922G>T, c.949G>C, c.951A>G, c.975G>T","p.A317A, p.A317P, p.A345A, p.A345V, p.A92V, p.C168R, p.D287E, p.E8D, p.F139F, p.F185C, p.F202C, p.F51S, p.G253D, p.G308*, p.I114S, p.I391T, p.K325N, p.K36Q, p.L83L, p.N98K, p.P231R, p.Q179*, p.Q403*, p.R198G, p.R302Q, p.R336L, p.S190T, p.S239R, p.S279A, p.S392S, p.V107F, p.W184R, p.Y25fs*1, p.Y351*, p.Y91F"
"HDAC1","Q13547","Histone Deacetylases 1","Histone Deacetylases (HDACs)","HDAC Class I","Nucleus","PF00850, PB015628","0043894","c.101G>A, c.1090C>T, c.1094G>A, c.1108C>T, c.1135G>T, c.1162G>A, c.1188G>C, c.1191C>T, c.1192G>A, c.1264G>A, c.1291C>T, c.1292G>A, c.1323G>T, c.1335_1336delAG, c.1360_1362delGAG, c.1363G>A, c.1381G>A, c.1397_1399delAGG, c.1422-2A>T, c.1422G>A, c.1426A>C, c.183T>A, c.199T>C, c.206G>A, c.229C>T, c.232T>C, c.235A>G, c.240T>C, c.258G>C, c.281-2A>T, c.356_splice, c.418C>T, c.468C>T, c.49+1G>C, c.495_splice, c.50-2A>G, c.504G>A, c.570G>A, c.607G>A, c.629A>G, c.748G>A, c.74G>A, c.74G>C, c.767C>T, c.81C>G, c.839-2A>G, c.844G>A, c.87A>C, c.895G>T, c.907T>C, c.917G>T, c.921C>T, c.932G>A, c.966G>T","p.?, p.A119_splice, p.A256V, p.A282T, p.A388T, p.A61A, p.C311Y, p.D210G, p.D397D, p.D422N, p.E203K, p.E250K, p.E396D, p.E398K, p.E446fs*2, p.E455K, p.E455del, p.E455delE, p.E461K, p.E468del, p.E468delE, p.E86D, p.G25A, p.G25E, p.G27G, p.G299*, p.G474G, p.H140Y, p.I156I, p.I79V, p.K165_splice, p.K441N, p.K476Q, p.L370F, p.N307N, p.P29P, p.Q168Q, p.Q364*, p.R306L, p.R34Q, p.R365Q, p.R431C, p.R431H, p.R77C, p.R80R, p.S69N, p.S78P, p.T190T, p.T322T, p.V379F, p.Y303H, p.Y67H"
"HDAC10","Q969S8","Histone Deacetylases 10","Histone Deacetylases (HDACs)","HDAC Class IIB","Nucleus and Cytoplasm","PF00850","0054863, 0035837","c.1009C>G, c.1033A>C, c.1075C>T, c.1082-1G>T, c.1131G>A, c.1231C>G, c.1301C>T, c.1365G>T, c.1414delG, c.1460C>T, c.1464A>G, c.1525G>A, c.1595delG, c.1626C>G, c.1634C>G, c.1657G>A, c.274G>A, c.336G>A, c.337C>T, c.546C>G, c.558C>G, c.5G>A, c.750C>T, c.782C>T, c.818G>A, c.833C>T","p.?, p.A250A, p.A434V, p.A487V, p.A488A, p.A92T, p.D186E, p.D472fs*4, p.E455D, p.F542L, p.G273E, p.G2E, p.G533fs*18, p.G553S, p.L113L, p.L182L, p.Q112Q, p.Q337E, p.Q359*, p.R377R, p.R411G, p.S261L, p.S345R, p.S545C, p.T278M, p.V509M"
"HDAC11","Q96DB2","Histone Deacetylases 11","Histone Deacetylases (HDACs)","HDAC Class IV","Nucleus","PF00850","0054863","c.1019C>T, c.139A>C, c.197delC, c.233G>A, c.285delC, c.288C>T, c.291C>A, c.447C>T, c.448G>A, c.44G>A, c.468G>A, c.489+1G>C, c.503G>A, c.538C>A, c.560G>T, c.617G>A, c.638G>A, c.657C>G, c.66G>A, c.672G>T, c.67C>T, c.68G>A, c.716A>G, c.716A>T, c.729G>C, c.753C>T, c.781G>A, c.793G>C, c.827C>T, c.900C>A, c.931A>G, c.955C>G, c.955C>T, c.967G>T, c.970C>A","p.?, p.A156A, p.A276V, p.D261N, p.E224D, p.E239G, p.E239V, p.G149G, p.G150R, p.G187V, p.G265R, p.G323W, p.I219M, p.I311V, p.K243N, p.L180I, p.L319L, p.L319V, p.L324I, p.N47H, p.P22P, p.P251P, p.P340L, p.P96P, p.P97P, p.R15H, p.R168H, p.R206H, p.R213H, p.R23C, p.R23H, p.R78H, p.S67fs*45, p.T300T, p.V98fs*14"
"HDAC2","Q92769","Histone Deacetylases 2","Histone Deacetylases (HDACs)","HDAC Class I","Nucleus and Cytoplasm","PF00850, PB015628","0043894","c.1062A>T, c.1111C>A, c.1213A>G, c.1225C>T, c.1227A>G, c.1229C>T, c.1240C>T, c.126G>T, c.1273G>C, c.1276G>T, c.1364_1365delAG, c.1366G>A, c.1375_1376insA, c.1375delA, c.13C>T, c.1409A>G, c.1464C>T, c.146C>T, c.1507C>T, c.150C>A, c.1641A>C, c.1657_1657delA, c.193A>G, c.207C>T, c.231A>G, c.232C>T, c.243_245delCAG, c.245_246insCAG, c.284-2A>G, c.300A>C, c.303C>T, c.304C>G, c.315_315delA, c.315_316insA, c.321C>A, c.323_324delTT, c.325G>C, c.348C>T, c.392G>A, c.413delG, c.453C>A, c.459_463delCGTTA, c.461T>C, c.467C>T, c.498-1G>T, c.498G>C, c.502C>T, c.514C>T, c.523G>A, c.542G>T, c.562T>G, c.601A>G, c.641_splice, c.694G>A, c.716A>C, c.73_75delTAT, c.744G>A, c.761C>T, c.769G>A, c.782A>C, c.82G>C, c.82G>T, c.835G>T, c.842-10_842-8delctt, c.859C>T, c.875T>G, c.884C>T, c.941C>A","p.81_82insS, p.?, p.A156V, p.A214_splice, p.A254V, p.A257T, p.A410V, p.A50A, p.D175N, p.D426Y, p.D456N, p.E109Q, p.E279*, p.E425Q, p.E455fs*7, p.E547D, p.F108fs*1, p.F151L, p.F188V, p.F292C, p.G100G, p.G101G, p.G116G, p.G138fs*28, p.G181V, p.G232R, p.G28C, p.G28R, p.H168Y, p.H470R, p.H69H, p.K105fs, p.K166N, p.K201E, p.K239T, p.K248K, p.L107L, p.L354F, p.L371I, p.L42F, p.L77L, p.M65V, p.P102A, p.P295L, p.P488P, p.P49L, p.P5S, p.Q261P, p.R131H, p.R172W, p.R287C, p.R405G, p.R409*, p.R409R, p.R414W, p.R503*, p.R78W, p.S81del, p.T314K, p.T459fs*4, p.T459fs*>30, p.T553fs, p.V154A, p.Y153fs*1, p.Y25delY"
"HDAC3","O15379","Histone Deacetylases 3","Histone Deacetylases (HDACs)","HDAC Class I","Cytoplasm and Nucleus","PF00850","0043894","c.1006G>T, c.1010C>G, c.1012C>T, c.1027A>G, c.1033C>T, c.1041G>T, c.1060_splice, c.1075A>G, c.1150C>T, c.1168A>G, c.1170_1171TG>CA, c.1189G>T, c.1199C>A, c.1232A>G, c.1261G>T, c.132G>T, c.155A>G, c.221G>A, c.268G>A, c.272G>A, c.273C>T, c.277G>A, c.295G>A, c.313T>C, c.314C>T, c.316C>T, c.328G>A, c.334C>T, c.362A>C, c.420+1G>T, c.443A>G, c.476+10C>A, c.510C>T, c.526G>C, c.567G>A, c.571T>C, c.608T>C, c.610G>A, c.643C>T, c.68C>G, c.704G>T, c.71T>C, c.746G>T, c.748_757delATCCTGAGGG, c.750G>A, c.793C>T, c.7A>G, c.804_804delC, c.820C>T, c.838G>A, c.901C>T, c.902G>T, c.915C>G, c.949G>T, c.980-1G>T, c.980-3A>T, c.988G>A","p.?, p.A110T, p.A336S, p.A337G, p.D170D, p.D391N, p.D421Y, p.D93N, p.E204K, p.E317*, p.E330K, p.E347D, p.E397*, p.G176R, p.G91D, p.G91G, p.G99R, p.I250fs, p.K121T, p.K343E, p.K3E, p.K44N, p.L112L, p.L338F, p.L384F, p.M24T, p.N148S, p.N359D, p.N411S, p.P23R, p.P400H, p.Q52R, p.R106C, p.R215C, p.R235L, p.R249L, p.R265*, p.R274*, p.R301*, p.R301L, p.R305R, p.R345C, p.S105L, p.S105P, p.S191P, p.S268fs, p.S74N, p.T189T, p.T250T, p.T390A, p.V203A, p.V280I, p.V90I, p.Y354_splice"
"HDAC4","P56524","Histone Deacetylases 4","Histone Deacetylases (HDACs)","HDAC Class IIA","Nucleus and Cytoplasm","PF12203, PB007669, PB001421, PB009687, PB016322, PF00850, PF09757","0054863","c.1043C>T, c.1065G>A, c.1088C>T, c.1096-1G>T, c.1100C>T, c.1118C>T, c.1144C>A, c.1167delC, c.1199C>T, c.1237C>G, c.1243C>T, c.1342C>T, c.1495C>G, c.1512G>A, c.1534A>C, c.1544C>T, c.1548G>A, c.1555G>T, c.155G>A, c.158_159TG>AT, c.1603C>A, c.160G>A, c.1612G>A, c.1628G>T, c.1633C>T, c.1641G>C, c.1654G>A, c.1671G>T, c.1733C>T, c.1751G>T, c.1759G>C, c.1867G>T, c.1868G>A, c.1921G>A, c.2042G>A, c.204G>A, c.2083C>T, c.2102_2103delTC, c.2106C>T, c.2110C>T, c.2111G>A, c.2116G>A, c.2147C>T, c.2150A>G, c.2175G>A, c.2177A>G, c.2180C>A, c.2180C>G, c.2180_2181CC>TT, c.2191C>T, c.2209A>C, c.2223G>A, c.2229C>T, c.2238C>A, c.2263G>T, c.2272A>G, c.2288A>G, c.2297A>T, c.2303C>T, c.2306G>A, c.2306G>T, c.2321C>T, c.2432G>T, c.2450C>A, c.2451C>T, c.2518G>A, c.253C>G, c.2577C>T, c.2613C>T, c.2635G>A, c.2652C>T, c.2660G>T, c.2664C>G, c.2689G>T, c.2701C>T, c.2703_2703delC, c.2703delC, c.2750C>T, c.2751G>C, c.2781G>T, c.2784G>T, c.2788T>A, c.2800G>A, c.2801A>G, c.2828T>C, c.2837A>G, c.2855-8C>A, c.2874G>T, c.2916C>T, c.2950G>A, c.2988G>T, c.3006A>T, c.3017A>G, c.3031G>A, c.3037G>T, c.3038C>T, c.3043C>T, c.3064G>A, c.3073+1G>A, c.3073_splice, c.307C>T, c.312C>T, c.3165G>A, c.319C>A, c.3228G>T, c.3238G>T, c.346C>T, c.347A>G, c.373C>G, c.395G>A, c.412C>T, c.414C>T, c.420G>T, c.442C>G, c.481G>T, c.490+1G>A, c.500C>T, c.503G>A, c.516G>C, c.524T>G, c.541A>G, c.553G>T, c.554C>T, c.578A>C, c.590G>A, c.591C>T, c.592G>A, c.599G>A, c.602A>G, c.637C>T, c.657C>T, c.659G>T, c.703G>A, c.705C>T, c.721C>T, c.724A>G, c.765G>A, c.766C>T, c.776A>G, c.802delC, c.809G>T, c.818A>G, c.847C>T, c.850C>T, c.851C>T, c.876C>G, c.882C>T, c.883G>A, c.898C>T, c.928G>A, c.936G>A, c.942C>T, c.973G>A, c.975G>T, c.992A>G","p.?, p.A1011T, p.A1013S, p.A1013V, p.A167V, p.A185S, p.A185V, p.A235A, p.A235T, p.A295T, p.A312A, p.A325A, p.A325T, p.A373V, p.A515V, p.A552T, p.A706T, p.A743A, p.A768V, p.A774V, p.A984T, p.C292W, p.D198N, p.D273G, p.D54N, p.D840N, p.D934G, p.D934N, p.E1002D, p.E1022K, p.E1076D, p.E1080*, p.E140D, p.E519*, p.E538K, p.E587Q, p.E68E, p.E717G, p.E879K, p.E996D, p.F746L, p.F871F, p.F888L, p.G161C, p.G220V, p.G390fs*8, p.G623C, p.G623D, p.G755W, p.G769E, p.G769V, p.G811V, p.G887V, p.G897C, p.H104H, p.H193P, p.H331R, p.H766L, p.I701fs*35, p.K172N, p.K259R, p.K737Q, p.K958N, p.L175*, p.L241F, p.L256L, p.L268fs*13, p.L413V, p.L535M, p.L53H, p.L928L, p.L943P, p.L972L, p.M504I, p.M902fs*55, p.N181D, p.N314N, p.N726S, p.N763S, p.P284L, p.P284S, p.P300S, p.P363L, p.P545S, p.P578L, p.P727H, p.P727L, p.P727R, p.P884P, p.P901S, p.P901fs, p.P917L, p.P917P, p.Q1006R, p.Q103*, p.Q107K, p.Q116*, p.Q116R, p.Q125E, p.Q213*, p.Q382K, p.Q415*, p.Q499E, p.Q547H, p.Q557H, p.Q731*, p.Q85E, p.R1015C, p.R132Q, p.R138C, p.R138R, p.R148G, p.R200H, p.R242G, p.R255R, p.R270L, p.R283C, p.R448W, p.R516R, p.R52H, p.R543L, p.R681K, p.R695W, p.R702R, p.R704C, p.R704H, p.S1025_splice, p.S168N, p.S197N, p.S197S, p.S219S, p.S294S, p.S348L, p.S400L, p.S512R, p.S584I, p.S716L, p.S741S, p.S758G, p.S817S, p.S817Y, p.S930T, p.T1055T, p.T355T, p.T367M, p.T725T, p.V310I, p.V641M, p.V927V, p.Y201C, p.Y859Y, p.Y946C"
"HDAC5","Q9UQL6","Histone Deacetylases 5","Histone Deacetylases (HDACs)","HDAC Class IIA","Nucleus and Cytoplasm","PF12203, PB005344, PB016322, PF00850","0054863","c.1013T>A, c.1038C>T, c.1074C>T, c.1140C>A, c.1181C>T, c.1265C>T, c.1322A>T, c.1328C>T, c.1402C>T, c.1427G>A, c.1444C>T, c.1448C>T, c.1479G>A, c.1686C>A, c.1696_1697insG, c.1700G>A, c.1717_1718insC, c.1722G>T, c.1747C>G, c.1748A>G, c.1749G>T, c.1789G>A, c.178C>T, c.1838C>T, c.1871C>A, c.2079G>A, c.2093G>A, c.2129G>A, c.2142C>A, c.2161A>G, c.2220C>G, c.2234C>G, c.2306-1G>A, c.2330C>T, c.2501C>T, c.2594T>C, c.2639C>T, c.2727+1G>A, c.2763C>T, c.2793delC, c.2796T>C, c.2935A>G, c.2947T>G, c.3028G>A, c.3127G>A, c.3132G>A, c.3154G>A, c.3183G>A, c.3263C>T, c.3330-2A>G, c.370C>T, c.420G>A, c.51G>A, c.588G>T, c.604G>A, c.622C>T, c.846G>A, c.850C>A, c.918G>T, c.923C>T, c.924G>A, c.927C>T","p.?, p.A1010T, p.A1043T, p.A1088V, p.A613V, p.A624D, p.A777V, p.A834V, p.A880V, p.C698Y, p.E1052K, p.E140E, p.E566fs*15, p.E574D, p.E597K, p.F983V, p.G202S, p.G306G, p.G567E, p.H441L, p.I714I, p.I740M, p.I932I, p.I932fs*14, p.K196N, p.K693K, p.L124L, p.L17L, p.L282L, p.L346L, p.L493L, p.L865P, p.N921N, p.P208S, p.P358P, p.Q468*, p.Q583E, p.Q583H, p.Q583R, p.R284S, p.R476H, p.R482W, p.R573fs*8, p.R60W, p.R710Q, p.S308L, p.S308S, p.S309S, p.S394L, p.S422F, p.S443F, p.S745C, p.T483M, p.T721A, p.T979A, p.V1044V, p.V1061V, p.V338D, p.V380V, p.V562V"
"HDAC6","Q9UBN7","Histone Deacetylases 6","Histone Deacetylases (HDACs)","HDAC Class IIB","Nucleus and Cytoplasm","PF00850, PF00850, PF02148","0054863, 0054863, 0053934","c.1072G>A, c.1102C>T, c.1121C>T, c.1155C>G, c.1168G>A, c.1182C>T, c.1183G>A, c.1194G>A, c.11C>T, c.1246C>T, c.1298C>T, c.1308G>T, c.133C>T, c.134C>A, c.1374C>T, c.1381G>A, c.1422G>A, c.144G>A, c.1514A>C, c.1519A>G, c.1522T>C, c.1527G>C, c.1529T>C, c.1585C>T, c.1646G>C, c.1657A>C, c.1682G>A, c.1688G>C, c.1698T>G, c.1699G>C, c.1699G>T, c.1703C>A, c.1716C>T, c.1728C>T, c.1751G>A, c.1756G>T, c.1761C>T, c.1763G>A, c.1765C>A, c.1776T>A, c.1791_splice, c.1806T>A, c.1834G>A, c.1834G>T, c.1849G>A, c.1867T>C, c.1888G>A, c.1924C>T, c.1973A>T, c.1974C>A, c.2012T>G, c.2076C>A, c.2086G>A, c.208G>A, c.2116A>G, c.2122C>T, c.2126G>A, c.2162G>A, c.216A>G, c.2242C>A, c.2244G>T, c.2247_2247delG, c.2247delG, c.2272G>A, c.2273G>T, c.2274T>C, c.2278G>A, c.2309C>T, c.2370C>T, c.2409A>C, c.2483G>A, c.2512A>C, c.2513A>G, c.2513_splice, c.2518G>C, c.2532A>G, c.2562G>A, c.2605A>T, c.2609G>A, c.2611G>T, c.265G>T, c.2800C>T, c.2829C>T, c.2837C>G, c.2892G>T, c.2917G>C, c.297C>T, c.3040G>A, c.3040G>T, c.3049G>A, c.3074C>T, c.3092_3092delC, c.3129G>T, c.317C>G, c.3181G>A, c.3203C>T, c.3244G>A, c.3318T>C, c.333G>A, c.3344A>G, c.3367_3368CC>GT, c.337C>G, c.3399T>A, c.3436C>T, c.3451G>A, c.3463C>T, c.3469A>G, c.3509A>G, c.3512C>T, c.3542C>T, c.3566A>G, c.356T>C, c.3606C>A, c.3624G>T, c.3636C>T, c.388T>A, c.400C>T, c.41G>A, c.439C>T, c.477G>T, c.533C>T, c.546_547delCT, c.552C>A, c.59C>G, c.619A>T, c.649G>A, c.658A>G, c.671G>T, c.700G>A, c.707G>T, c.846G>T, c.853C>A, c.855C>T, c.891C>T, c.899G>A, c.923C>A, c.92C>T, c.943C>T, c.98G>A, c.991G>A","p.A1106A, p.A1181V, p.A1202A, p.A184A, p.A184fs*18, p.A217T, p.A234T, p.A331T, p.A358T, p.A374V, p.A390T, p.A48A, p.A586S, p.A592A, p.A602A, p.A612S, p.A612T, p.A617T, p.A630T, p.A760T, p.A770V, p.A946G, p.C1133*, p.C572C, p.C587C, p.C99C, p.D567H, p.D567Y, p.E1017K, p.E1061K, p.E436D, p.E461K, p.E597_splice, p.E840Q, p.E871*, p.F297F, p.F566L, p.F576F, p.F623L, p.G1014R, p.G1014W, p.G1082R, p.G1208G, p.G224V, p.G300D, p.G385G, p.G394G, p.G584D, p.G692G, p.G696S, p.G70R, p.G751fs*16, p.G758G, p.G758S, p.G758V, p.G844G, p.G973R, p.H1115R, p.H113D, p.H1170R, p.H368Y, p.H658L, p.H658Q, p.I1157V, p.I507V, p.I510T, p.K553Q, p.K838Q, p.K838R, p.K838_splice, p.K854K, p.L1146F, p.L119P, p.L147L, p.L508L, p.L589M, p.L671R, p.L749fs, p.L934L, p.M159I, p.M207L, p.N706D, p.P106R, p.P1123V, p.P1171L, p.P1212P, p.P178L, p.P20R, p.P285P, p.P285T, p.P308H, p.P416S, p.P433L, p.P45H, p.P45S, p.P708S, p.P748P, p.P748T, p.P803P, p.Q1043H, p.Q505P, p.Q72Q, p.Q964H, p.R111R, p.R1155C, p.R134W, p.R14Q, p.R236L, p.R282S, p.R315W, p.R33Q, p.R509R, p.R529C, p.R549P, p.R561H, p.R588H, p.R642W, p.R709H, p.R721H, p.R828H, p.R870Q, p.S1025L, p.S1068F, p.S130T, p.S220G, p.S31L, p.S398S, p.S458S, p.S563T, p.S568Y, p.S790S, p.T1031fs, p.T4I, p.T869S, p.V1151I, p.V395I, p.V89L, p.V943V, p.W474*, p.Y1189C"
"HDAC7","Q8WUI4","Histone Deacetylases 7","Histone Deacetylases (HDACs)","HDAC Class IIA","Nucleus and Cytoplasm","PB005922, PB006473, PB010173, PB012058, PB016322, PF00850","0054863","c.1005C>G, c.1023C>T, c.1024G>A, c.1027C>T, c.1028G>T, c.1064G>T, c.1074A>C, c.1129C>T, c.1152C>T, c.1187A>G, c.1201C>T, c.1232C>T, c.1260G>C, c.127G>A, c.141+7_141+8insG, c.1626G>C, c.1639C>T, c.1660C>T, c.1672C>T, c.1700T>A, c.1830G>T, c.1856G>C, c.188A>G, c.1937C>G, c.1945G>A, c.1963C>T, c.198G>A, c.2105T>G, c.2137G>A, c.2153_2155delTCT, c.2238+10T>C, c.233-1G>A, c.2343C>T, c.2356G>A, c.2422G>A, c.2435G>T, c.2472G>A, c.2476C>A, c.2549A>G, c.2550C>G, c.2550C>T, c.2554T>C, c.2612G>A, c.2683T>C, c.2698C>T, c.269C>T, c.2704G>A, c.315C>G, c.383C>T, c.385A>G, c.389T>G, c.425G>A, c.464C>T, c.494C>A, c.497_498insA, c.536A>G, c.616G>A, c.652G>A, c.71G>A","p.?, p.A206T, p.A335A, p.A649T, p.A786T, p.A808T, p.A902T, p.A90V, p.D850D, p.D850E, p.D850G, p.E342K, p.E396G, p.E63G, p.F718delF, p.G218S, p.G619A, p.G713S, p.G812V, p.G871D, p.H384H, p.K167fs*35, p.K179R, p.L130R, p.L567H, p.L66L, p.L702R, p.M129V, p.P165H, p.P542P, p.Q610H, p.Q826K, p.R24H, p.R343L, p.R343W, p.R355L, p.R377C, p.R401W, p.R547C, p.R554W, p.R558W, p.R655C, p.R900C, p.S128F, p.S142N, p.S155F, p.S358S, p.S852P, p.T341T, p.T411I, p.T646S, p.T824T, p.V105V, p.V420V, p.V43M, p.V781V, p.W895R"
"HDAC8","Q9BY41","Histone Deacetylases 8","Histone Deacetylases (HDACs)","HDAC Class IIA","Nucleus and Cytoplasm","PF00850, PB015628","0043894","c.1047G>A, c.1057C>T, c.1106T>A, c.118A>G, c.132G>T, c.146C>T, c.259G>T, c.304T>C, c.384C>T, c.407A>G, c.431C>G, c.456T>C, c.463C>G, c.480G>T, c.492A>C, c.506T>G, c.516T>A, c.522C>T, c.551_splice, c.567C>G, c.592G>A, c.667C>T, c.669_669delG, c.67G>T, c.733G>T, c.817C>A, c.86A>T, c.91C>T, c.932C>T, c.937C>T","p.A144G, p.A49V, p.C102R, p.D128D, p.D29V, p.D87Y, p.E23*, p.E245*, p.F152F, p.F169C, p.F189L, p.G184_splice, p.I172I, p.I369N, p.L155V, p.L160L, p.L31L, p.L44F, p.M40V, p.N136S, p.P273T, p.R164R, p.R223W, p.R223fs, p.R313*, p.R353W, p.T311M, p.T349T, p.V198M, p.Y174Y"
"HDAC9","Q9UKV0","Histone Deacetylases 9","Histone Deacetylases (HDACs)","HDAC Class IIA","Nucleus","PF12203, PF00850","0054863","c.1006G>T, c.102G>T, c.1036G>C, c.1041G>A, c.105C>A, c.1073C>T, c.1074G>A, c.1096C>T, c.1103C>T, c.1106G>C, c.1128G>A, c.114C>A, c.1203T>C, c.1216G>T, c.1218A>G, c.1225C>T, c.1226G>A, c.122T>A, c.1253G>T, c.1270C>G, c.1278C>T, c.1334G>A, c.1344C>A, c.1348A>G, c.1351C>T, c.1352G>A, c.1367C>A, c.1382C>G, c.138G>A, c.1398C>A, c.1428G>T, c.1448A>C, c.1476G>A, c.1494G>A, c.1522G>T, c.1527G>A, c.1541G>A, c.1541G>T, c.1551G>A, c.1551G>C, c.1551G>T, c.1569G>A, c.1587C>A, c.1589C>T, c.1594A>C, c.1594A>G, c.1600A>T, c.1613T>A, c.1644G>C, c.1661_1667delCAGTGGA, c.1699G>T, c.1720T>C, c.1728A>T, c.172C>A, c.1749G>A, c.1761G>A, c.1766C>G, c.1766C>T, c.1791G>A, c.1791G>T, c.1801G>C, c.1825G>C, c.1830C>T, c.183G>T, c.1846C>T, c.1864C>T, c.1874C>A, c.1882C>T, c.1883G>A, c.1916C>T, c.1934T>C, c.1946G>T, c.1948G>A, c.1963A>T, c.1988G>A, c.199G>A, c.1A>G, c.2045G>A, c.2057G>A, c.2057G>T, c.2070G>A, c.2074G>T, c.2093C>T, c.2113T>C, c.2116G>T, c.213G>A, c.219G>T, c.2213G>T, c.2215-2A>T, c.2222G>C, c.2227A>G, c.2235G>A, c.230G>T, c.2312G>A, c.2322+1G>T, c.2323-1G>T, c.234G>A, c.2350G>T, c.2354A>G, c.2356C>T, c.2358C>G, c.2379_2380GG>TT, c.2383delT, c.2401G>T, c.2404G>T, c.2412C>T, c.2466+1G>T, c.2469T>G, c.2493G>A, c.2494C>T, c.2514C>A, c.2539C>T, c.2540G>A, c.2557T>G, c.255G>T, c.2566G>T, c.2586G>A, c.2600T>A, c.2636G>A, c.2684+2T>C, c.2698C>A, c.273G>T, c.2770C>A, c.2776C>A, c.277C>A, c.2789A>C, c.2795C>T, c.2813A>T, c.2819C>T, c.2823G>T, c.2866G>T, c.2883C>G, c.28G>A, c.2909C>A, c.291A>C, c.2921C>T, c.2976G>A, c.3080G>C, c.3090G>T, c.3108_3109insT, c.3116C>A, c.3120G>T, c.3123C>A, c.3128T>A, c.3129A>T, c.3136G>T, c.3138T>C, c.3170+1G>A, c.3178G>A, c.3193G>T, c.33G>A, c.365G>A, c.435A>C, c.448C>A, c.460C>T, c.486C>T, c.487A>C, c.49G>A, c.513C>T, c.542C>T, c.54G>C, c.553C>A, c.57G>T, c.628C>A, c.652C>T, c.678C>T, c.67C>A, c.68C>A, c.748G>T, c.798A>G, c.830G>T, c.847A>G, c.918G>A, c.933C>T, c.949G>T, c.961C>A, c.963G>T, c.978C>A, c.984T>G","p.?, p.A1039D, p.A1041A, p.A346P, p.A508S, p.A517A, p.A523A, p.A587A, p.A597A, p.A625E, p.A639V, p.A802S, p.A970D, p.A974V, p.C649F, p.D1046D, p.D1046Y, p.D162D, p.D250Y, p.D317Y, p.D38E, p.D556fs*46, p.D601H, p.D823E, p.E1065*, p.E145D, p.E19D, p.E266E, p.E406*, p.E406E, p.E476D, p.E509E, p.E567*, p.E67K, p.E692*, p.E73D, p.E85D, p.E862E, p.E956*, p.F574L, p.F795fs*14, p.F853V, p.G1027A, p.G1060S, p.G17S, p.G277V, p.G336W, p.G369A, p.G418V, p.G514E, p.G514V, p.G706C, p.G738V, p.G771E, p.G784C, p.G856C, p.G879D, p.H185N, p.H401H, p.H785R, p.H786Q, p.H786Y, p.H938L, p.K11K, p.K61N, p.K930T, p.K941N, p.K97N, p.L1030F, p.L1040L, p.L1043L, p.L1043Q, p.L150I, p.L154L, p.L18L, p.L218F, p.L321L, p.L321M, p.L46L, p.L498L, p.L645P, p.L690L, p.L867H, p.L926I, p.L93I, p.L961L, p.M1V, p.M306I, p.M34I, p.M793_G794>IW, p.N226N, p.N283D, p.N450D, p.P23H, p.P23T, p.P328P, p.P35P, p.P366S, p.P368L, p.P376P, p.P426P, p.P448P, p.P456H, p.P616S, p.P622S, p.P838P, p.P900T, p.P924T, p.P992P, p.Q210K, p.Q424E, p.Q483P, p.Q576H, p.Q58K, p.Q71Q, p.Q78Q, p.Q831Q, p.Q832*, p.Q91H, p.R122H, p.R311R, p.R409*, p.R409Q, p.R445H, p.R451*, p.R451Q, p.R628C, p.R628H, p.R663Q, p.R682Q, p.R686L, p.R686Q, p.R77L, p.R847C, p.R847H, p.S171S, p.S347S, p.S492S, p.S529R, p.S532G, p.S532R, p.S534C, p.S589C, p.S589F, p.S610S, p.S698F, p.S741T, p.T163P, p.T181M, p.T326T, p.T358M, p.T358T, p.T461R, p.T530I, p.T583T, p.T655S, p.T743A, p.T804T, p.T932M, p.T940M, p.V1037fs*25, p.V10M, p.V41D, p.V466V, p.V538E, p.V548V, p.V609L, p.V650I, p.V801F, p.W745*, p.Y705H"
"HIF1AN","Q9NWT6","Hypoxia-inducible factor 1-alpha inhibitor","Histone Demethylasess (HDMs)","Jumonji (JmjC family)","Nucleus and Cytoplasm","PF13621","0047105","c.1035G>T, c.121C>G, c.139C>G, c.177+8G>A, c.229G>A, c.249G>T, c.254T>C, c.281G>A, c.284C>A, c.300C>A, c.321G>A, c.367A>G, c.376C>A, c.376C>T, c.384C>A, c.384C>T, c.385G>C, c.390G>A, c.399G>A, c.426G>A, c.436C>A, c.441G>A, c.478A>C, c.484T>G, c.522G>T, c.574G>T, c.577G>T, c.625C>G, c.651C>G, c.672C>T, c.69C>T, c.747C>T, c.880A>C, c.914G>T, c.916A>G, c.926C>A, c.933A>C, c.946G>T","p.?, p.A95D, p.D77N, p.E130E, p.E142E, p.E192*, p.E83D, p.F100L, p.F128F, p.F128L, p.F162V, p.F224F, p.G193*, p.H126N, p.H126Y, p.I217M, p.I306V, p.I85T, p.K107K, p.K311N, p.K345N, p.L146M, p.L23L, p.M123V, p.M160L, p.N294H, p.P309H, p.P41A, p.Q133Q, p.Q147Q, p.Q174H, p.Q209E, p.Q47E, p.R305I, p.S94N, p.V129L, p.V316L, p.Y249Y"
"HINFP","Q9BQA5","Histone H4 transcription factor","NA","","Nucleus","PB003308, PB017110, PF13465, PF13894, PF00096, PF00096","0052279, 0052279, 0045110, 0045110","c.1001G>A, c.1015G>T, c.1037A>C, c.1053C>T, c.1067G>A, c.1118C>T, c.1139+1G>A, c.1140-1G>T, c.1168C>T, c.1191G>C, c.1211A>G, c.1220G>A, c.1345G>C, c.137G>A, c.1406A>T, c.1409C>G, c.1496G>A, c.1535C>T, c.187G>T, c.208G>C, c.210A>G, c.246C>T, c.265C>A, c.26G>A, c.376C>T, c.384C>A, c.444G>T, c.453A>C, c.559C>T, c.562G>T, c.565C>T, c.619A>T, c.660C>G, c.676C>T, c.69C>T, c.721G>C, c.758A>G, c.771C>T, c.812G>A, c.829C>T, c.846G>T, c.854A>C, c.907C>T, c.949G>T, c.963C>T, c.965G>A, c.96C>A","p.?, p.C257C, p.D351D, p.E151D, p.E188*, p.E241Q, p.E317*, p.E397D, p.E449Q, p.E63*, p.E70E, p.E70Q, p.F321F, p.F32L, p.G339*, p.G46D, p.G499E, p.H128Q, p.H189Y, p.H89N, p.K285T, p.K346T, p.L303L, p.L82L, p.M207L, p.N253S, p.P126S, p.P373L, p.P512L, p.Q226*, p.Q404R, p.Q469L, p.R148R, p.R187*, p.R220R, p.R271H, p.R277C, p.R282R, p.R334H, p.R356Q, p.R390W, p.R407Q, p.R9Q, p.S23S, p.S322N, p.T470S"
"HR","O43593","Lysine-specific demethylase hairless","Histone Demethylasess (HDMs)","Jumonji (JmjC family)","Nucleus","PB015350, PB016670, PF02373","0047105","c.1010G>A, c.1064C>A, c.1078G>T, c.109C>A, c.1141C>T, c.1146A>T, c.1157G>T, c.1186G>A, c.11_11delC, c.1200C>T, c.1212G>A, c.1219C>A, c.1222C>T, c.1240G>A, c.125G>A, c.1289G>A, c.1305T>C, c.1318G>A, c.1327C>A, c.1358C>T, c.1457G>A, c.1552C>T, c.1587G>T, c.1592A>C, c.170C>T, c.1711C>T, c.1764C>T, c.1830C>T, c.1898G>A, c.1934C>T, c.2047A>G, c.2060G>A, c.2172C>T, c.2179C>T, c.2181C>A, c.2218G>T, c.2220T>A, c.2240G>A, c.2258G>A, c.226C>T, c.2289G>T, c.2297C>T, c.2311T>C, c.2321G>A, c.2333T>C, c.2340C>T, c.2375G>T, c.2386C>T, c.2410C>T, c.2419C>T, c.2446C>T, c.2568G>A, c.2678C>T, c.2699C>T, c.2776C>T, c.2779C>T, c.2876G>A, c.2889C>T, c.2961G>C, c.2986C>T, c.2988G>A, c.2989C>T, c.3012G>T, c.3013C>T, c.3033C>T, c.3039G>C, c.3053A>G, c.3061G>A, c.3107C>G, c.3165C>G, c.317G>A, c.317G>T, c.3183C>T, c.3197G>A, c.321G>A, c.3335G>T, c.3345G>A, c.3401T>C, c.3406G>A, c.3421delC, c.3444C>G, c.345C>G, c.364C>T, c.371C>A, c.394C>T, c.417G>T, c.4196G>A, c.4387C>T, c.4468C>T, c.466C>T, c.518delC, c.523C>T, c.549G>A, c.5507G>A, c.604C>T, c.6122G>C, c.682_682delC, c.708C>T, c.730G>T, c.742C>T, c.765G>T, c.783T>G, c.835C>G, c.850C>T, c.868C>T, c.880C>T, c.8839C>T, c.883G>T, c.901G>A, c.904C>T, c.908G>A, c.?","p.A1011A, p.A295S, p.A355D, p.A414T, p.A588A, p.A645V, p.A740A, p.A740S, p.A766V, p.A893V, p.A900V, p.C115W, p.C261W, p.C963C, p.D1021N, p.D1061D, p.D531A, p.E1115E, p.E244*, p.E360*, p.E440K, p.E529D, p.F435F, p.F780F, p.G301S, p.G337D, p.G396S, p.G724G, p.H1018R, p.H1055Q, p.H175Y, p.H228fs, p.H236H, p.H284Y, p.H302Y, p.H37N, p.H381Y, p.H727Q, p.H727Y, p.H997Y, p.K1004N, p.K139N, p.K550_W557>HR, p.K683E, p.L1013L, p.L1141fs*38, p.L1148L, p.L771L, p.L926F, p.M255I, p.M778T, p.P107P, p.P124H, p.P173fs*9, p.P183P, p.P404P, p.P4fs, p.P57L, p.P816S, p.P996P, p.P996S, p.Q763H, p.Q796*, p.Q987H, p.R1005C, p.R1066H, p.R106L, p.R106Q, p.R1112I, p.R122C, p.R132W, p.R1399H, p.R1463C, p.R1490C, p.R156*, p.R1836H, p.R202C, p.R2041P, p.R248W, p.R279G, p.R290C, p.R2947C, p.R294C, p.R303Q, p.R386L, p.R407R, p.R408C, p.R42Q, p.R430Q, p.R443S, p.R486Q, p.R518W, p.R571C, p.R633Q, p.R687Q, p.R747H, p.R753H, p.R76W, p.R774H, p.R792L, p.R804C, p.R807C, p.R856R, p.R927C, p.R959H, p.S1036*, p.S453L, p.T382T, p.T610T, p.V1134A, p.V1136I, p.V400V"
"HSPBAP1","Q96EW2","HSPB1-associated protein 1","Histone Demethylasess (HDMs)","Jumonji (JmjC family)","Cytoplasm","PF13621","0050303","c.1000G>A, c.103G>T, c.1056G>T, c.1333G>A, c.1342A>G, c.1361C>T, c.1370A>C, c.1409T>C, c.1410G>A, c.191C>T, c.217C>T, c.218G>A, c.315C>T, c.341C>T, c.342A>T, c.419C>T, c.424C>A, c.438G>A, c.4G>C, c.58G>C, c.719C>A, c.719C>T, c.773A>G, c.820G>C, c.845G>T, c.866G>A, c.902C>T, c.91G>T, c.93G>T, c.989C>T, c.999T>C","p.A240E, p.A240V, p.A2P, p.D334N, p.E20Q, p.E274Q, p.E31*, p.E31D, p.E35*, p.E352D, p.E445K, p.F333F, p.I448V, p.L142I, p.N105N, p.P114L, p.P114P, p.P301L, p.Q457P, p.R282L, p.R289H, p.R73*, p.R73Q, p.S330F, p.S64L, p.T140I, p.T454M, p.V146V, p.V470A, p.V470V, p.Y258C"
"ING1","Q9UK53","Inhibitor of growth protein 1","Histone Modification Reader","NA","Nucleus","PB000837, PF12998, PB000578, PB005262, PB017132, PB010552, PF00628, PB013810","0050473","c.1108G>A, c.112_113insT, c.1169C>A, c.1184A>G, c.1199G>T, c.154G>T, c.157G>A, c.165C>A, c.202C>T, c.242G>A, c.253G>A, c.274G>A, c.305G>A, c.310G>T, c.325_326insC, c.334C>T, c.345G>A, c.435C>T, c.475C>A, c.484G>A, c.485G>C, c.502C>T, c.505G>A, c.512G>A, c.514G>A, c.514G>T, c.520G>T, c.576C>T, c.586C>T, c.609C>T, c.625G>A, c.625G>T, c.630C>G, c.657C>A, c.668G>A, c.674G>A, c.678C>T, c.679G>T, c.688G>T, c.700G>A, c.703T>C, c.705G>A, c.705G>T, c.740C>A, c.740G>A, c.763A>T, c.767G>A, c.770G>A, c.770delG, c.823G>A, c.859A>C, c.923A>C, c.993_994delGC","p.A115A, p.A162T, p.A172S, p.A172T, p.A174S, p.A192A, p.C226C, p.C256Y, p.D169N, p.D227Y, p.D275N, p.D370N, p.D52Y, p.D53N, p.E209*, p.E209K, p.E230*, p.E234K, p.E259fs*>21, p.G104C, p.G171D, p.G225D, p.G85S, p.K255*, p.K287Q, p.K331fs, p.L38fs, p.N308T, p.N55K, p.P112S, p.P145P, p.P210P, p.P247H, p.P390H, p.R102H, p.R159S, p.R162P, p.R168W, p.R196*, p.R203R, p.R223H, p.R247Q, p.R257Q, p.R400L, p.R68W, p.R81Q, p.S109fs, p.S219S, p.V92M, p.W235*, p.W235C, p.W235R, p.Y395C"
"ING2","Q9H160","Inhibitor of growth protein 2","Histone Modification Reader","NA","Nucleus","PF12998, PB017132, PB010552, PF00628, PB013810","0050473, 0047811","c.116_117CC>TT, c.200A>G, c.202G>A, c.266C>T, c.278G>C, c.325G>T, c.39C>T, c.412G>C, c.445T>C, c.457C>A, c.469A>T, c.605C>T, c.610G>C, c.679G>A, c.758G>A, c.759G>C, c.759G>T, c.760T>C, c.819delA","p.A138P, p.A13A, p.A89V, p.E109*, p.E204Q, p.E68K, p.G227R, p.K275fs*>6, p.P202L, p.P39L, p.R153S, p.S149P, p.S93T, p.T157S, p.W253*, p.W253C, p.Y254H, p.Y67C"
"ING3","Q9NXR8","Inhibitor of growth protein 3","Histone Modification Reader","NA","Nucleus","PF12998, PB000578, PB005262, PB017132, PB010552, PF00628, PB013810","0050473, 0041569","c.1027C>T, c.1124G>T, c.1154G>T, c.1160A>C, c.118G>C, c.219G>T, c.243G>T, c.337G>T, c.368C>A, c.399G>T, c.475G>T, c.49G>T, c.503C>T, c.528G>A, c.542A>C, c.557-2A>T, c.557-4A>G, c.563G>A, c.593A>G, c.608A>T, c.630_641del12, c.668G>C, c.706A>G, c.728G>A, c.72A>T, c.739A>C, c.809G>C, c.85G>A, c.872C>A, c.966A>T, c.967T>A, c.96G>T","p.?, p.A113S, p.D159Y, p.D17Y, p.D29N, p.E24D, p.E40Q, p.G223A, p.G375V, p.H387P, p.K181T, p.L322F, p.L73F, p.N198S, p.N203I, p.P343S, p.Q81H, p.R188Q, p.R243Q, p.R270T, p.S123Y, p.S168F, p.S247R, p.S291*, p.S323T, p.T176T, p.T236A, p.V133V, p.V32V, p.W385L, p.Y211_G214delYNIG"
"ING4","Q9UNL4","Inhibitor of growth protein 4","Histone Modification Reader","NA","Nucleus","PF12998, PB005262, PB017132, PB010552, PF00628","0050473","c.118G>A, c.12G>C, c.251A>G, c.295C>T, c.307G>T, c.308A>G, c.309C>T, c.316C>T, c.349G>A, c.376A>T, c.395G>A, c.446C>T, c.460C>A, c.494G>A, c.498-2A>T, c.505G>C, c.586A>C, c.595C>T, c.604C>T, c.628G>A, c.629G>T, c.658T>C, c.660G>A, c.695C>A, c.700G>A, c.705A>T, c.730G>C","p.?, p.A40T, p.D103D, p.D103G, p.D103Y, p.E117K, p.E169Q, p.E244Q, p.G210S, p.G210V, p.G234R, p.G4G, p.K235N, p.L199F, p.P154T, p.P232H, p.Q202*, p.Q84R, p.R106C, p.R132Q, p.R165H, p.R99W, p.S126C, p.S149L, p.T196P, p.W220*, p.W220R"
"ING5","Q8WYH8","Inhibitor of growth protein 5","Histone Modification Reader","NA","Nucleus","PF12998, PB017132, PB010552, PF00628","0050473","c.137C>T, c.155C>T, c.292C>T, c.305C>T, c.322G>A, c.333G>A, c.388+6T>A, c.40A>G, c.425G>A, c.427C>T, c.553G>A, c.637C>A, c.679T>C","p.?, p.A102V, p.A46V, p.E108K, p.E185K, p.G142D, p.H213N, p.I14V, p.L111L, p.R143*, p.R98*, p.T52M, p.W227R"
"INO80","Q9ULG1","INO80 Complex Subunit A","Chromatin Modellers","INO80 Complex","Nucleus","PF13892, PF00176, PB018422, PB000062, PF00271, PB008129, PB016799","0051485, 0051486","c.10G>C, c.1316A>G, c.1320G>T, c.1363G>A, c.1366G>A, c.1403C>A, c.1448C>A, c.1530G>A, c.1540T>G, c.1701G>A, c.1721C>A, c.1771C>G, c.1786C>T, c.1799G>T, c.1888A>T, c.1940A>C, c.1954G>C, c.1964A>G, c.1990C>A, c.1991G>A, c.2040C>T, c.2044A>G, c.2087A>G, c.2164G>A, c.2182G>A, c.2185G>T, c.2189A>G, c.2262A>G, c.2280G>C, c.2322A>G, c.2324A>G, c.236C>T, c.2372C>A, c.241C>T, c.2448T>G, c.2559C>T, c.2575A>G, c.2671C>T, c.2691T>C, c.2698G>C, c.269C>A, c.2788C>T, c.2801C>T, c.2818C>T, c.285A>G, c.2909C>G, c.2918T>C, c.2998C>T, c.3046C>T, c.3163C>T, c.3175G>T, c.3226C>A, c.3295G>A, c.3461C>T, c.3481G>A, c.348C>T, c.3507C>A, c.3518T>G, c.3530G>A, c.3550A>G, c.3555C>A, c.3601A>T, c.3635G>A, c.3703C>T, c.3711A>G, c.3721A>C, c.3723G>C, c.3762C>T, c.3788A>T, c.3813C>G, c.3814G>A, c.3817G>A, c.3841C>T, c.3896G>A, c.3899_3900insT, c.3935A>G, c.3995C>T, c.411G>T, c.4123G>A, c.4136A>G, c.4137C>T, c.4140G>A, c.4183C>T, c.4198C>T, c.4221C>T, c.4322C>T, c.4324A>G, c.4363G>T, c.43G>A, c.4429G>A, c.445delG, c.4478A>G, c.4523C>T, c.452A>G, c.453T>C, c.4573C>A, c.458G>T, c.485G>A, c.523A>C, c.526A>T, c.685delA, c.707C>T, c.727C>T, c.769G>A, c.781C>T, c.792G>T, c.81G>A, c.887A>C, c.928-3C>G, c.934C>T, c.946A>T, c.959G>A","p.?, p.A1059S, p.A1161T, p.A1441V, p.A1477T, p.A455T, p.A483E, p.A934V, p.C816W, p.D1099N, p.D1271E, p.D1312G, p.D1379D, p.D1379G, p.D257N, p.D652H, p.D728N, p.E1263V, p.E1272K, p.E1273K, p.E1375K, p.E137D, p.E149fs*74, p.E15K, p.E440D, p.E456K, p.E4Q, p.E722K, p.E729*, p.E754E, p.E760D, p.E900Q, p.F116F, p.F1254F, p.F514V, p.F853F, p.F973S, p.G1455C, p.G600V, p.H312Y, p.H696R, p.H940Y, p.I1169I, p.K1241N, p.K1241Q, p.K1300fs*14, p.K1442E, p.K176*, p.K264N, p.K296T, p.K316*, p.L1076M, p.L1173R, p.L1185L, p.L1235L, p.L596L, p.L774L, p.L81F, p.L891F, p.M1380I, p.N1184D, p.N151N, p.N151S, p.N730S, p.P1055S, p.P1400S, p.P1525T, p.P261S, p.P591A, p.Q1493R, p.Q439R, p.Q510Q, p.Q647P, p.Q655R, p.R1000C, p.R1016*, p.R1177Q, p.R1212H, p.R1237R, p.R1281W, p.R1299Q, p.R1395*, p.R162Q, p.R229fs*45, p.R243C, p.R27R, p.R320Q, p.R664H, p.R664S, p.R859G, p.R930C, p.S1154L, p.S1332L, p.S1508L, p.S153I, p.S175R, p.S236F, p.S468*, p.S574*, p.S630C, p.S791Y, p.S79L, p.S897S, p.S90Y, p.S970C, p.T1201S, p.T680T, p.T682A, p.T95T, p.V1407V, p.W567*, p.Y775C"
"INO80B","Q9C086","INO80 Complex Subunit B","Chromatin Modellers","INO80 Complex","Nucleus ","PF04795, PF04438","NA","c.1029G>T, c.187G>A, c.213-1G>C, c.251C>T, c.25G>A, c.337G>A, c.360A>G, c.411G>A, c.439delG, c.457G>T, c.465G>T, c.469G>C, c.46G>T, c.481C>T, c.589G>T, c.63A>T, c.72G>T, c.876G>C, c.896C>G, c.910C>A, c.92A>T, c.996_997insGC","p.?, p.A9T, p.D113N, p.D153Y, p.E147fs*40, p.E157Q, p.E197*, p.G16C, p.G21G, p.G63R, p.K155N, p.K24N, p.K31M, p.P120P, p.P292P, p.P299R, p.P304T, p.P333fs*>12, p.Q137Q, p.R161W, p.S84L, p.T343T"
"INO80C","Q6PI98","INO80 Complex Subunit C","Chromatin Modellers","INO80 Complex","Nucleus","PF08265","NA","c.19A>T, c.25G>C, c.276C>T, c.303_305delGAA, c.32C>G, c.333C>A, c.344A>C, c.369C>G, c.371A>C, c.511C>T, c.526G>T, c.563C>T, c.564G>T, c.575C>T, c.77G>T, c.82T>C, c.9G>A","p.A3A, p.A9P, p.D124A, p.D176Y, p.E115A, p.G92G, p.I111I, p.I7F, p.K101delK, p.N123K, p.P192L, p.R171W, p.S26I, p.S28P, p.T11S, p.T188M, p.T188T"
"INO80D","Q53TQ3","INO80 Complex Subunit D","Chromatin Modellers","INO80 Complex","Nucleus ","PF13891, PB003663, PB017820, PB019771, PF13891, PB014282","NA","c.1012G>T, c.1180G>T, c.119C>A, c.1225_1226insA, c.1225delA, c.1258A>T, c.1342C>T, c.1355G>A, c.1359C>T, c.1413C>T, c.1467G>C, c.1485G>A, c.1552G>C, c.1591G>A, c.15C>T, c.1600G>A, c.1600G>C, c.1639G>T, c.1640C>A, c.1681G>A, c.16T>C, c.1787G>T, c.1826G>C, c.183G>C, c.1840G>C, c.1895G>C, c.1987A>T, c.2018G>C, c.2128C>A, c.2130A>G, c.2214C>A, c.2254G>T, c.2307C>A, c.2324T>C, c.2331C>T, c.2362C>T, c.2387C>G, c.2429C>A, c.2444C>T, c.2613C>T, c.2631G>T, c.2668C>T, c.2683A>G, c.275C>G, c.275delC, c.338_340delCTT, c.347C>A, c.370G>C, c.53C>A, c.545C>T, c.555C>T, c.578G>A, c.57C>G, c.608C>T, c.640C>T, c.659G>C, c.684A>T, c.694G>C, c.849G>A, c.883C>T, c.88G>A, c.964G>T, c.985A>T","p.A182V, p.A322S, p.A547D, p.A547S, p.A5A, p.A752S, p.D394Y, p.D518H, p.D531N, p.E232Q, p.E338*, p.E534K, p.E534Q, p.E561K, p.F185F, p.F6L, p.G30R, p.G596V, p.G609A, p.G614R, p.G777G, p.H295Y, p.I329L, p.I738I, p.I895V, p.K420*, p.L283L, p.L489L, p.L775P, p.L788F, p.M409fs*3, p.M409fs*5, p.N19K, p.P116H, p.P18H, p.P214S, p.P228P, p.P453P, p.P495P, p.P890S, p.P92R, p.P92fs*23, p.Q710K, p.Q710Q, p.Q877H, p.R448C, p.R452Q, p.R632P, p.R673T, p.S113delS, p.S193N, p.S471S, p.S796C, p.S810Y, p.S871S, p.T203I, p.T40N, p.T663S, p.T769T, p.T815M, p.V124L, p.V61V, p.W220S"
"INO80E","Q8NBZ0","INO80 Complex Subunit E","Chromatin Modellers","INO80 Complex","Nucleus ","NA","NA","c.12G>T, c.28G>C, c.299C>T, c.303delG, c.34delA, c.366C>A, c.370_371GG>CA, c.407C>T, c.418C>T, c.425C>A, c.478C>T, c.492C>T, c.526delC, c.55A>G, c.584G>T, c.608T>C, c.621G>T, c.624_625insC, c.625_626delCC, c.625delC","p.A122A, p.D10H, p.D178fs*8, p.G103fs*28, p.G124>?, p.G195V, p.K14fs*5, p.K19E, p.K207N, p.L203P, p.P100L, p.P140S, p.P142H, p.P164P, p.P211fs*16, p.P4P, p.R160W, p.S136F, p.T212fs*16, p.T212fs*3"
"JARID2","Q92833","Protein Jumonji","Histone Demethylasess (HDMs)","Jumonji (JmjC family)","Nucleus","PB000728, PB000223, PF02375, PF01388, PB001459, PF02373, PF02928","0049275, 0047105","c.1029G>A, c.1100C>G, c.1147A>G, c.114G>T, c.1155A>T, c.1158C>G, c.1160G>A, c.1164A>C, c.1179C>T, c.1188G>A, c.1250C>T, c.1265_1266insG, c.1266delG, c.1267G>T, c.1274G>A, c.1364C>T, c.1389G>T, c.1412G>A, c.141G>T, c.1443G>A, c.1456A>T, c.146C>T, c.147G>A, c.1487G>A, c.148G>A, c.1497G>A, c.1499A>C, c.1502G>A, c.1509G>A, c.1523C>T, c.1557C>T, c.1577C>G, c.1617G>A, c.1617G>T, c.1649G>T, c.1670T>G, c.1722C>T, c.1727C>T, c.1732C>T, c.1770_1770delC, c.1770delC, c.1786C>T, c.1787G>T, c.1792G>A, c.1817G>A, c.1858C>T, c.2020C>T, c.2022_2023insA, c.2069C>A, c.2078G>A, c.2091G>A, c.209G>T, c.2148C>G, c.2166G>T, c.2167G>C, c.2178G>T, c.2197C>T, c.2218C>T, c.2228A>T, c.2258G>A, c.2260T>C, c.2262C>T, c.2263G>T, c.2275G>T, c.2289C>T, c.231G>T, c.2399A>G, c.2448+1G>C, c.246G>T, c.2479C>T, c.2507G>C, c.2543A>G, c.255A>C, c.258C>A, c.2596G>A, c.2621G>A, c.2634A>C, c.2657C>T, c.2662C>T, c.2664T>C, c.2674C>A, c.269C>G, c.2719G>A, c.2768T>C, c.2806C>A, c.280G>C, c.2856T>C, c.2884G>A, c.288T>C, c.2952+2T>A, c.2956T>C, c.2957C>A, c.2960C>T, c.2993A>G, c.2996G>T, c.3001G>C, c.3005_3006insG, c.3006G>A, c.3010A>G, c.3041C>T, c.304G>A, c.3059G>A, c.3112A>C, c.3205G>A, c.3210_3210delA, c.3249C>G, c.3279G>A, c.3287G>A, c.3305C>A, c.3358G>A, c.3364G>A, c.3382A>G, c.3505G>C, c.3527G>A, c.3567T>G, c.3577G>A, c.357G>A, c.3622G>A, c.3641C>G, c.3661C>T, c.366G>T, c.3682G>A, c.3704C>T, c.3728C>A, c.412delC, c.453G>T, c.466G>A, c.468T>C, c.490C>T, c.491G>A, c.497C>A, c.502G>T, c.515G>T, c.538C>A, c.553G>T, c.560A>C, c.572A>G, c.581A>T, c.643A>C, c.651delA, c.698G>A, c.718A>C, c.718A>G, c.719A>T, c.71C>T, c.733G>T, c.734A>G, c.736G>A, c.782G>C, c.79C>T, c.815C>T, c.837G>A, c.880C>T, c.898C>T, c.982G>A","p.?, p.A1070fs, p.A1083A, p.A1102D, p.A1120T, p.A1235V, p.A168S, p.A246T, p.A272V, p.A396A, p.A463A, p.A49A, p.A49V, p.A690D, p.A85A, p.C1020Y, p.C836S, p.D156D, p.D156N, p.D194V, p.D94H, p.D962N, p.E102K, p.E1069K, p.E1208K, p.E187A, p.E191G, p.E245*, p.E245G, p.E50K, p.E598K, p.E722D, p.E726D, p.E755*, p.E800G, p.F754F, p.F754L, p.F923S, p.G1122R, p.G423W, p.G471D, p.G550V, p.G70V, p.G759W, p.G763G, p.G866S, p.G874D, p.G907S, p.H716Q, p.H740Y, p.H888H, p.H888Y, p.H998R, p.I1189M, p.I557S, p.I574I, p.I590fs, p.I952I, p.K1128E, p.K151N, p.K217fs*90, p.K240E, p.K240I, p.K240Q, p.K385N, p.K388N, p.K38N, p.K486*, p.K500T, p.K82N, p.L1093L, p.L393L, p.L481L, p.L674F, p.L697L, p.L892I, p.N383D, p.N743I, p.P1214R, p.P122P, p.P139fs*168, p.P367R, p.P499P, p.P592fs*57, p.P878P, p.P936T, p.P987L, p.Q1002Q, p.Q1003fs*25, p.Q119Q, p.Q180K, p.Q47H, p.Q77H, p.Q848R, p.R1096H, p.R1176Q, p.R1221C, p.R164*, p.R164Q, p.R233Q, p.R261P, p.R27W, p.R294W, p.R300W, p.R387H, p.R425Q, p.R425fs*36, p.R425fs*99, p.R496K, p.R501Q, p.R578C, p.R596L, p.R596W, p.R606Q, p.R620C, p.R693Q, p.R733C, p.R753H, p.R827*, p.R999M, p.S1004G, p.S1014F, p.S1038R, p.S1243*, p.S166Y, p.S172I, p.S24L, p.S279S, p.S417L, p.S455L, p.S519S, p.S526C, p.S539S, p.S576L, p.S86S, p.S886L, p.S90C, p.S96S, p.S986P, p.S986Y, p.T215P, p.T343T, p.T386T, p.T503T, p.T508M, p.V1001L, p.V1169L, p.V1193I, p.V1228M, p.V185F, p.V328I, p.V723L, p.W677fs*133"
"JMJD1C","Q15652","Probable JmjC domain-containing Histone demethylation protein 2C","Histone Demethylasess (HDMs)","Jumonji (JmjC family)","Nucleus","PB002770, PB017329, PB016501, PB019453, PB014856, PB015350, PB016670, PB016202, PF02373","0047105, 0053820","c.1000T>G, c.1035C>T, c.1060G>C, c.1116G>T, c.1189C>T, c.1254A>C, c.125G>A, c.127C>T, c.129C>A, c.139G>A, c.1418G>A, c.1478C>T, c.1489G>A, c.151G>A, c.157G>A, c.1717C>T, c.1765T>G, c.1848G>T, c.1956T>C, c.2000C>A, c.2104A>T, c.2126C>G, c.2147C>T, c.2173C>G, c.2206A>G, c.2222G>T, c.2342T>C, c.2350C>T, c.2371G>A, c.2419C>T, c.2422C>T, c.2441C>T, c.2477A>T, c.2528A>G, c.2559C>G, c.2596C>A, c.263G>T, c.2731G>A, c.2743C>A, c.2814_2819delAGGTTT, c.2816_2821delGTTTAG, c.2830A>G, c.284G>A, c.2873C>A, c.2935C>A, c.299G>A, c.3004G>T, c.3005A>T, c.300C>T, c.3031C>A, c.308C>G, c.3109G>A, c.3229G>A, c.3249G>T, c.3326G>A, c.3338G>C, c.3418G>T, c.3457T>G, c.345T>G, c.349T>G, c.358+1G>T, c.3585A>C, c.3604T>C, c.361A>C, c.3647C>A, c.3694A>G, c.3699C>T, c.3703G>A, c.3716T>A, c.3761T>G, c.3801G>T, c.3976A>C, c.3999G>T, c.4031A>C, c.4043A>C, c.4083G>T, c.4156G>T, c.4178A>C, c.4202G>T, c.4292A>G, c.4299G>T, c.4415A>G, c.4444G>A, c.4446T>G, c.445C>T, c.4471C>G, c.4483T>C, c.4517G>T, c.4547G>T, c.4619+1G>T, c.4697G>T, c.4729G>A, c.4765A>G, c.4774G>A, c.4795A>T, c.4835C>T, c.4882G>A, c.4890T>C, c.4920C>T, c.4987+2T>G, c.4993G>T, c.5006G>C, c.5050A>G, c.5051T>C, c.5052G>A, c.5189T>C, c.5224C>A, c.5294C>T, c.5308T>C, c.5357A>G, c.5364delA, c.5374G>A, c.5376A>C, c.5495T>C, c.5497C>T, c.5520A>G, c.5550C>G, c.5563T>C, c.5565T>C, c.5571_5572insCAATG, c.5643A>G, c.5678A>G, c.5737A>C, c.5759T>C, c.5866G>A, c.5912C>T, c.591C>A, c.5990A>T, c.6119G>A, c.612A>G, c.6171A>T, c.6193C>T, c.6198G>C, c.6212T>A, c.6214C>T, c.628A>T, c.6303A>G, c.6329T>G, c.6332A>T, c.6361C>A, c.6411C>G, c.644G>A, c.6569A>T, c.6583A>G, c.6584A>G, c.6705C>A, c.6784C>A, c.6860T>C, c.686delA, c.6894G>C, c.689G>A, c.722T>C, c.735G>A, c.781C>T, c.787G>A, c.850C>T, c.859C>G, c.890C>G, c.892A>G, c.934C>A, c.964G>C, c.9T>C","p.?, p.A1235T, p.A1612V, p.A1850A, p.A1971V, p.A47T, p.A53T, p.A814V, p.A911T, p.C1630C, p.D1386Y, p.D1482E, p.D1482N, p.D1592N, p.D1628N, p.D2137E, p.D354H, p.D497N, p.E1002*, p.E1002V, p.E1037K, p.E1577K, p.E1665*, p.E1786G, p.E1789fs*45, p.E1792D, p.E1792K, p.E1881E, p.E2057D, p.E2101E, p.E2298D, p.E263K, p.E791K, p.E826V, p.F1153V, p.F1254C, p.F334V, p.G1077R, p.G1506V, p.G1858fs*20, p.G204G, p.G939_L940delGL, p.H2065Y, p.H2235Q, p.H573Y, p.H652H, p.H843R, p.I1589V, p.I1920T, p.I944V, p.K1267N, p.K1333N, p.K1344T, p.K1348T, p.K1361N, p.K1393T, p.K1433N, p.K229fs*13, p.K418N, p.K736E, p.L1239*, p.L1832S, p.L1833L, p.L1840L, p.L2066F, p.L2121I, p.L2262I, p.L312I, p.L589V, p.L807F, p.M1083I, p.M1684I, p.M1684T, p.M1684V, p.M1730T, p.M241T, p.M372I, p.N121H, p.N1326H, p.N1472S, p.N1893S, p.N1913H, p.N1997I, p.N210Y, p.N2195D, p.N2195S, p.N298D, p.P1011T, p.P103R, p.P1742T, p.P1765L, p.P197P, p.P261S, p.P284S, p.P287A, p.P667Q, p.P716L, p.P725A, p.P866T, p.Q1491E, p.Q2190L, p.Q616H, p.Q784*, p.Q808*, p.Q915K, p.R1109H, p.R1113T, p.R1401I, p.R149*, p.R1516I, p.R2040K, p.R2072C, p.R230Q, p.R397*, p.R42Q, p.R43C, p.R43R, p.R473Q, p.R741I, p.R853R, p.R88I, p.R95K, p.R979S, p.S100N, p.S100S, p.S117A, p.S1195S, p.S1202P, p.S1216*, p.S1232G, p.S1495P, p.S1566I, p.S1770P, p.S245S, p.S345S, p.S702C, p.S709C, p.T1233T, p.T1599S, p.T297S, p.T493I, p.T958K, p.V1140L, p.V1640V, p.V1956M, p.V2071E, p.V2110G, p.V2287A, p.V322L, p.V3V, p.V51I, p.V781A, p.W1669S, p.W215*, p.Y115*, p.Y1431C, p.Y1855H, p.Y1855Y, p.Y2111F"
"JMJD4","Q9H9V9","JmjC domain-containing protein 4","Histone Demethylasess (HDMs)","Jumonji (JmjC family)","NA","PB000958, PF13621","0047105","c.100G>A, c.1021C>T, c.1029G>A, c.1030C>G, c.1032G>C, c.1136A>C, c.1172C>T, c.1183C>T, c.1258C>T, c.1276G>A, c.1289C>T, c.1295C>T, c.1351C>T, c.240G>C, c.242A>G, c.277G>T, c.293A>G, c.499G>T, c.529A>G, c.546C>T, c.621G>A, c.638A>G, c.674C>T, c.714C>A, c.719G>T, c.750G>C, c.843C>G","p.A225V, p.A391V, p.A426T, p.A430V, p.D213G, p.E167*, p.E34K, p.E81G, p.G250G, p.G93C, p.I238I, p.L182L, p.L281L, p.L343L, p.L395F, p.N379T, p.N98S, p.P432L, p.Q344E, p.Q344H, p.Q451*, p.R177G, p.R240L, p.R341C, p.R420C, p.S80S, p.W207*"
"JMJD6","Q6NYC1","Bifunctional arginine demethylase and lysyl-hydroxylase JMJD6","Histone Demethylasess (HDMs)","Jumonji (JmjC family)","Nucleus","PB007417, PF02373","0047105","c.1029C>T, c.1121G>T, c.1136C>T, c.1176C>T, c.130-1G>A, c.184C>T, c.185G>A, c.185G>T, c.224C>T, c.22C>A, c.239C>A, c.307G>A, c.386C>T, c.413G>A, c.444_445insA, c.463T>G, c.518G>T, c.540A>G, c.548G>A, c.559C>A, c.588G>T, c.651C>T, c.711T>A, c.724C>T, c.775C>A, c.813G>C, c.865G>A, c.877A>G, c.912G>T, c.944T>G","p.?, p.A289T, p.A75V, p.D149fs*10, p.D392D, p.E103K, p.F155V, p.G138D, p.G183E, p.G304G, p.H187N, p.I315S, p.L217L, p.N237K, p.N293D, p.P129L, p.P180P, p.Q259K, p.R173M, p.R242W, p.R374M, p.R62L, p.R62Q, p.R62W, p.R8S, p.S343S, p.S80Y, p.T379M, p.W196C, p.W271C"
"JMJD7","P0C870","JmjC domain-containing protein 7","Histone Demethylasess (HDMs)","Jumonji (JmjC family)","NA","PF13621","0047105","c.1003G>C, c.1009_1023del15, c.1044+1G>A, c.1078C>T, c.1094G>A, c.1153G>A, c.1223G>A, c.1246G>A, c.1250G>A, c.127C>T, c.1356G>A, c.1399-5T>G, c.1452C>T, c.1467C>T, c.1612C>T, c.1625C>A, c.1643C>T, c.1674C>T, c.1723C>T, c.1736C>A, c.1761delA, c.1825C>T, c.1855G>A, c.1880G>C, c.188C>T, c.1903C>T, c.1916C>T, c.199T>C, c.208C>T, c.2094C>T, c.2107C>T, c.2127C>T, c.212A>G, c.2146C>A, c.2207A>G, c.2304G>T, c.2305G>C, c.2382G>T, c.2425C>A, c.2482C>A, c.2494C>G, c.2575C>T, c.2587C>T, c.2684C>T, c.2688C>A, c.2757C>T, c.2799C>T, c.2888C>A, c.313C>T, c.316C>T, c.321G>A, c.333C>T, c.33C>G, c.384G>A, c.403C>A, c.428T>G, c.513G>A, c.53C>T, c.607C>T, c.755G>A, c.778C>T, c.784T>C, c.785_786insT, c.790C>T, c.799G>A, c.814C>T, c.815C>T, c.816G>A, c.889G>A, c.937G>C, c.954C>T, c.989C>T","p.?, p.A171A, p.A18V, p.A330V, p.A335P, p.A484A, p.A548V, p.A639V, p.A63V, p.C408Y, p.C558C, p.D297N, p.D313H, p.E267K, p.E337_E341del, p.E619K, p.F111F, p.F489F, p.F896L, p.G417D, p.H809N, p.L107L, p.L135M, p.L143R, p.L452L, p.L575F, p.L635F, p.L716M, p.L828M, p.L859L, p.P272S, p.P579Q, p.P703S, p.P70S, p.P832A, p.P895L, p.Q360*, p.Q609*, p.Q768H, p.R105C, p.R106C, p.R203W, p.R252H, p.R260C, p.R264W, p.R365H, p.R43W, p.R538W, p.R863W, p.S11R, p.S262P, p.S542Y, p.S627T, p.S709S, p.S933S, p.S963Y, p.T272M, p.T272T, p.T318T, p.T590fs*4, p.T919T, p.V128V, p.V263fs*5, p.V385I, p.V416M, p.V769L, p.W67R, p.W794C, p.Y698Y, p.Y71C, p.Y736C"
"JMJD8","Q96S16","JmjC domain-containing protein 8","Histone Demethylasess (HDMs)","Jumonji (JmjC family)","Extracellular Vesicular Exosome","PF13621, PB018361","0047105","c.316delG, c.789+1G>A, c.884C>T, c.910A>G, c.911T>C","p.?, p.A106fs*62, p.I304T, p.I304V, p.P295L"
"KAT2A","Q92830","Histone acetyltransferase KAT2A","Histone Acetyl Transferases (HATs)","Type A Histone Acetyl Transferases","Nucleus","PB010717, PB000268, PF06466, PF13508, PF00439","0046608, 0046177","c.1148C>A, c.1181-33_1186del39, c.1197G>A, c.1237G>A, c.1264G>T, c.1306C>T, c.1345C>T, c.1400C>G, c.1442C>T, c.1455C>T, c.1486C>T, c.1527G>A, c.1577T>C, c.1598G>A, c.1627G>A, c.1745C>A, c.1778A>T, c.1852G>A, c.1935C>T, c.1973G>A, c.1993T>C, c.2022C>T, c.2042G>A, c.2088C>T, c.2097C>T, c.2129G>C, c.2236-24_2236-2del23, c.2249C>T, c.2281G>A, c.2353C>T, c.2364G>T, c.2414G>A, c.2415C>T, c.2457C>T, c.2495G>C, c.359G>A, c.370A>G, c.375C>A, c.398G>A, c.471C>T, c.509A>G, c.511C>T, c.531G>T, c.595T>G, c.628C>T, c.751C>T, c.753G>A, c.756G>C, c.762delG, c.930C>T","p.?, p.A399A, p.A485A, p.A618T, p.A750V, p.C120Y, p.D422Y, p.E761K, p.F199V, p.F696F, p.G413R, p.G699G, p.G710A, p.G832A, p.H157H, p.H593L, p.I674I, p.K124E, p.L210L, p.L436F, p.M254fs*166, p.N125K, p.N170S, p.P383H, p.Q252H, p.R133H, p.R171*, p.R251R, p.R251W, p.R310R, p.R449C, p.R496C, p.R533H, p.R658H, p.R681H, p.R785C, p.R805H, p.R805R, p.S481L, p.S665P, p.S819S, p.T467S, p.T509T, p.T582N, p.V177V, p.V526A, p.V543I, p.V788V, p.Y645Y"
"KAT2B","Q92831","Histone acetyltransferase KAT2B","Histone Acetyl Transferases (HATs)","Type A Histone Acetyl Transferases","Nucleus","PF06466, PF13508, PF00439","0046608, 0046177","c.1029C>T, c.1044-1G>A, c.1060G>T, c.1102G>A, c.1155C>A, c.1188C>A, c.1260A>G, c.1331G>A, c.1368G>A, c.1387G>A, c.1388A>G, c.1396G>A, c.1425G>A, c.1469G>A, c.1483G>T, c.1492G>A, c.1525A>G, c.1536G>T, c.1560C>A, c.1560C>T, c.1594G>T, c.1607G>A, c.1622+1G>T, c.1622+2T>C, c.1623-2A>G, c.1651G>A, c.1700G>C, c.1730C>T, c.1757G>T, c.1774C>T, c.1853A>G, c.1873G>T, c.1907A>T, c.1972G>A, c.1981G>A, c.2011delA, c.2027G>T, c.2044C>T, c.2045G>A, c.212G>T, c.2137C>A, c.2205C>T, c.2261G>T, c.2368G>A, c.2378A>T, c.2381G>A, c.256C>G, c.275A>G, c.299G>A, c.313T>C, c.331_332insG, c.369C>T, c.392G>A, c.409C>T, c.430+4A>C, c.457G>A, c.458T>C, c.544G>T, c.568C>T, c.636G>T, c.669+6A>C, c.718G>T, c.760C>T, c.871G>A, c.871G>T, c.938G>A, c.991A>G","p.?, p.A123A, p.A466T, p.A790T, p.C100Y, p.D182Y, p.D368N, p.D463G, p.D463N, p.D551N, p.E240*, p.E354*, p.E456E, p.E495*, p.E532*, p.E625*, p.E658K, p.E92G, p.G420G, p.G567A, p.G586V, p.G71V, p.H592Y, p.I385I, p.I735I, p.K112fs*4, p.K212N, p.K331E, p.K509E, p.K618R, p.K672fs*2, p.L190L, p.L343L, p.L475L, p.L512L, p.N520K, p.N520N, p.P713T, p.P86A, p.Q793L, p.R137W, p.R254C, p.R313H, p.R444Q, p.R490H, p.R536Q, p.R676I, p.R682*, p.R682Q, p.R754I, p.R794Q, p.S105P, p.S131N, p.T577I, p.V153A, p.V153M, p.V291L, p.V291M, p.V498M, p.V661I, p.Y396*, p.Y636F"
"KAT5","Q92993","Histone acetyltransferase KAT5","Histone Acetyl Transferases (HATs)","Type A Histone Acetyl Transferases","Nucleus and Cytoplasm","PF11717, PF01853","0046883, 0050533","c.1019G>C, c.1115A>T, c.1128G>T, c.1132G>A, c.1153G>T, c.1211T>C, c.1245C>G, c.1257C>A, c.1282G>A, c.130delT, c.1330C>T, c.1383G>A, c.1414A>C, c.1423A>G, c.1456G>A, c.1539C>T, c.1585G>A, c.181C>G, c.328A>G, c.359G>A, c.375G>A, c.384+2T>G, c.493C>G, c.498G>A, c.540G>A, c.545G>A, c.593delC, c.629G>A, c.730C>T, c.757C>T, c.813C>T, c.911G>A, c.956G>T, c.975G>T, c.983G>A, c.984C>G","p.?, p.C44fs*22, p.D378N, p.D529N, p.E125E, p.E325D, p.E376D, p.E486K, p.G271G, p.G415G, p.G461G, p.I419I, p.I472L, p.I513I, p.L404P, p.L444F, p.L61V, p.N475D, p.P166P, p.P199fs*47, p.Q165E, p.R120H, p.R182Q, p.R210H, p.R244C, p.R253*, p.R304H, p.R319L, p.R328H, p.R328R, p.R340P, p.T110A, p.T180T, p.V385L, p.V428M, p.Y372F"
"KAT6A","Q92794","Histone acetyltransferase KAT6A","Histone Acetyl Transferases (HATs)","Type B Histone Acetyl Transferases","Nucleus","PB019382, PF00628, PF01853, PB006470","0053259, 0050474, 0051371, 0050474","NA","NA"
"KAT6B","Q8WYB5","Histone acetyltransferase KAT6B","Histone Acetyl Transferases (HATs)","Type B Histone Acetyl Transferases","Nucleus","PB019382, PF00538, PF00628, PB003178, PB001728, PF01853, PB006470","0053259, 0050474, 0049992, 0050417, 0050474","NA","NA"
"KAT7","O95251","Histone acetyltransferase KAT7","Histone Acetyl Transferases (HATs)","Type B Histone Acetyl Transferases","Nucleus","PF01530, PF01853","0053259, 0042508","NA","NA"
"KAT8","Q9H7Z6","Histone acetyltransferase KAT8","Histone Acetyl Transferases (HATs)","Type B Histone Acetyl Transferases","Nucleus and Chromosome","PF11717, PF01853","0053259, 0050533","NA","NA"
"KDM1A","O60341","Lysine-specific Histone demethylase 1A","Histone Demethylasess (HDMs)","Lysine Specific Demethylases (KSD)","Nucleus","PF04433, PF01593","0053857, 0052200, 0053858","c.1045C>G, c.1088C>A, c.1176C>T, c.1207G>A, c.1251T>C, c.1266C>T, c.1272C>T, c.1399G>T, c.1433A>G, c.1501G>A, c.1522C>G, c.1610C>T, c.1658T>C, c.1665G>T, c.1846C>T, c.1874A>C, c.1926C>T, c.1981G>A, c.1995A>G, c.2031G>A, c.2106C>T, c.21G>T, c.2317T>G, c.2409A>G, c.2410A>G, c.2427G>A, c.2455C>T, c.2471G>A, c.2513C>T, c.251A>G, c.2537C>T, c.2584C>T, c.34G>T, c.35C>T, c.454C>A, c.515C>T, c.577+5G>T, c.599A>G, c.754G>C, c.775G>A, c.812G>T, c.847A>G, c.852C>T, c.902T>G, c.926C>G, c.928G>T, c.959T>G","p.?, p.A12S, p.A12V, p.A363D, p.A537V, p.A7A, p.A838V, p.A846V, p.C642C, p.E252Q, p.E259K, p.E403K, p.E467*, p.E501K, p.E625A, p.F284F, p.F320C, p.F422F, p.F702F, p.G310C, p.G824E, p.H508D, p.I804V, p.K478R, p.L349V, p.L553P, p.N283D, p.P152T, p.P665P, p.P803P, p.Q200R, p.Q616*, p.Q84R, p.R271L, p.R677R, p.R819*, p.R862C, p.S172L, p.S309*, p.S417S, p.S773A, p.S809S, p.V301G, p.V392V, p.V424V, p.V661I, p.W555C"
"KDM1B","Q8NB78","Lysine-specific Histone demethylase 1B","Histone Demethylasess (HDMs)","Lysine Specific Demethylases (KSD)","Nucleus","PF07496, PB002756, PF01593","0053857, 0035331, 0052200","c.1064C>T, c.1065A>G, c.1075G>A, c.1096-1G>T, c.1166A>C, c.1203G>T, c.120G>A, c.1233G>A, c.1242G>A, c.1322G>T, c.1376G>A, c.1426G>A, c.1447G>A, c.1458C>T, c.1459G>A, c.1559A>G, c.1614G>A, c.1618_1689+1268del1340, c.1631G>A, c.1638C>A, c.1639T>C, c.1720A>G, c.1728A>G, c.1740C>T, c.1765G>A, c.185G>C, c.230G>A, c.287T>G, c.312G>T, c.34G>T, c.369C>T, c.371A>C, c.409C>T, c.417G>T, c.466G>A, c.470T>C, c.502C>T, c.507C>T, c.543C>T, c.54G>A, c.562C>T, c.617G>T, c.639C>T, c.640G>A, c.682G>T, c.751-1G>T, c.861C>T, c.862C>T, c.863G>A, c.89C>A, c.953T>C, c.996C>A","p.?, p.A12S, p.A30E, p.A355A, p.A355V, p.A487T, p.A546A, p.A576A, p.A589T, p.C169C, p.C213C, p.C62S, p.D359N, p.E124A, p.E156K, p.E40E, p.F332L, p.F96C, p.G228C, p.G287G, p.G483R, p.G544E, p.G580G, p.G77D, p.I157T, p.K104N, p.K414K, p.L411L, p.M318T, p.P137S, p.P188S, p.P18P, p.Q389P, p.Q401H, p.R168*, p.R206L, p.R288*, p.R288Q, p.R459Q, p.S441I, p.T123T, p.T181T, p.T574A, p.V214I, p.V476M, p.V486V, p.V538V, p.W139C, p.Y520C, p.Y547H"
"KDM2A","Q9Y2K7","Lysine-specific demethylase 2A","Histone Demethylasess (HDMs)","Jumonji (JmjC family)"," Nucleus","PF02373, PB011167, PF02008, PB009841, PF00646, PB009355, PB006618","0047105, 0037738, 0050474","c.1016G>A, c.1063C>T, c.1126G>A, c.1307G>A, c.1469C>T, c.1480-1G>T, c.1552A>C, c.1582C>T, c.1702C>T, c.1715G>A, c.1725A>C, c.1764C>T, c.1820G>A, c.1851A>T, c.1905T>C, c.207G>T, c.2104C>A, c.2124C>T, c.2192delC, c.2198G>A, c.2206G>C, c.2239G>A, c.2258G>A, c.2259C>T, c.2320C>T, c.2334C>A, c.2379G>T, c.2380A>C, c.2405C>T, c.2416C>T, c.2422A>G, c.2495delC, c.2501G>A, c.2559delG, c.2636A>G, c.267G>A, c.2715C>G, c.2781G>A, c.2878A>G, c.2879G>A, c.2880T>C, c.28T>C, c.2987G>A, c.3009C>G, c.3014C>T, c.3058C>T, c.3126C>G, c.3133C>T, c.3136C>T, c.3169C>T, c.3170G>A, c.3208G>A, c.3284C>G, c.3307+2T>G, c.3349C>T, c.3351C>T, c.3369G>A, c.3401G>A, c.3423C>G, c.350A>C, c.410G>A, c.438C>A, c.443T>G, c.46G>T, c.611T>C, c.62G>A, c.662G>T, c.667C>T, c.668A>G, c.70G>T, c.713C>T, c.729delG, c.731A>G, c.894delT, c.975C>T, c.984C>T, c.990T>C","p.?, p.A238V, p.A490V, p.C588C, p.C708C, p.D1070N, p.D24Y, p.D747N, p.E376K, p.F148C, p.F328F, p.F635F, p.G16C, p.G436E, p.G855fs*24, p.H223R, p.H223Y, p.I1141M, p.I794L, p.K117T, p.K518Q, p.K575N, p.K793N, p.K808E, p.K927K, p.L1003L, p.L1046L, p.L1123L, p.L146L, p.L300fs*10, p.L702M, p.L905L, p.N778K, p.N879S, p.P528S, p.P806S, p.P89P, p.Q355*, p.R1020W, p.R1045W, p.R1057C, p.R1057H, p.R1117C, p.R1117R, p.R1134Q, p.R137Q, p.R21H, p.R325R, p.R339H, p.R568*, p.R572Q, p.R607Q, p.R69R, p.R733Q, p.R733fs*4, p.R753H, p.R753R, p.R774W, p.R834H, p.R834fs*3, p.S1095C, p.S617S, p.S960G, p.S960N, p.S960S, p.S996N, p.T1005I, p.T1042T, p.T802M, p.V204A, p.V736L, p.W221L, p.Y10H, p.Y244C, p.Y244fs*50, p.Y330Y"
"KDM2B","Q8NHM5","Lysine-specific demethylase 2B","Histone Demethylasess (HDMs)","Jumonji (JmjC family)","Nucleus","PF13621, PF02008, PF00646, PB009355, PB006618, PB001421","0047105, 0037738, 0050474","c.1027G>T, c.1114C>T, c.1150G>T, c.1161C>G, c.1273_1274CC>AG, c.1309G>A, c.1313A>G, c.1335C>T, c.1343C>T, c.1376C>T, c.1557G>A, c.155A>T, c.1576C>T, c.1639G>A, c.1666G>A, c.1703_1705delAGA, c.1704G>A, c.1711_1713delAAG, c.1724G>A, c.1755G>C, c.1775A>G, c.1810C>A, c.1903C>T, c.1998A>G, c.199G>T, c.204C>T, c.2063G>T, c.2131G>A, c.2158G>C, c.2170_2171delTG, c.2304C>A, c.2305G>T, c.2361G>T, c.2362C>A, c.2391C>T, c.2400G>A, c.2461T>A, c.2491C>T, c.2584C>A, c.2587G>T, c.2609G>A, c.2736C>A, c.2746G>A, c.2777C>T, c.2857T>C, c.285C>A, c.317G>A, c.329G>A, c.345G>A, c.365C>G, c.393G>T, c.39G>T, c.401C>T, c.450G>T, c.521C>T, c.752G>A, c.788G>A, c.806G>A, c.814A>G, c.967A>T, c.980G>C","p.A519A, p.A556T, p.A711T, p.A95A, p.C263Y, p.C269Y, p.C327S, p.C724fs*14, p.D547N, p.D720H, p.D769Y, p.D863Y, p.D916N, p.E115E, p.E150D, p.E343*, p.E52V, p.E568E, p.E592G, p.E67*, p.F953L, p.G384C, p.G68G, p.G797G, p.H438R, p.I912I, p.K131N, p.K571delK, p.L387L, p.L585L, p.L604M, p.L768L, p.L787L, p.L862M, p.M272V, p.M323L, p.P174L, p.P425>?, p.P448L, p.P666P, p.P788T, p.R106Q, p.R110K, p.R251Q, p.R372C, p.R526W, p.R575H, p.R635C, p.R831W, p.R870Q, p.S122C, p.S459L, p.S688I, p.S926F, p.T134I, p.V13V, p.V437M, p.W800*, p.W821R, p.Y445Y"
"KDM3A","Q9Y4C1","Lysine-specific demethylase 3A","Histone Demethylasess (HDMs)","Jumonji (JmjC family)","Nucleus and Cytoplasm","PB017027, PB006147, PB003525, PB007111, PB014772, PB015350, PB016670, PB016202, PF02373","0047105, 0053909","c.1000C>T, c.1091G>A, c.1122G>A, c.1351_1358delAATGCACC, c.1400G>A, c.1401T>C, c.1429T>G, c.1432G>T, c.1438C>T, c.1439G>T, c.1468A>C, c.1559T>A, c.1560C>T, c.1582G>A, c.1595A>T, c.1663C>T, c.1664G>A, c.16G>T, c.187G>T, c.1974T>C, c.2012A>G, c.2143C>T, c.2188G>T, c.2219C>A, c.2229G>A, c.224G>T, c.2279T>G, c.2288A>G, c.2421C>T, c.2422G>C, c.2486G>A, c.2491A>C, c.2533A>C, c.255G>A, c.2591C>T, c.2626C>T, c.2627C>A, c.2628C>G, c.2628C>T, c.2640C>T, c.2647G>A, c.2656C>A, c.2703G>T, c.2778G>A, c.277A>C, c.2848C>T, c.2876A>G, c.2948A>C, c.2951A>C, c.3001G>T, c.3097C>T, c.3203A>C, c.3205A>T, c.3267C>G, c.329delA, c.3307G>A, c.3371C>G, c.3490_3491insT, c.3561A>G, c.3639T>C, c.3661C>T, c.366A>C, c.3685C>G, c.3685C>T, c.3747T>C, c.376G>A, c.3851C>A, c.3896T>C, c.3915A>G, c.3933G>A, c.441G>A, c.448A>G, c.44G>T, c.505G>T, c.52C>A, c.559G>C, c.561C>A, c.614A>G, c.672C>T, c.70G>A, c.713T>A, c.727G>T, c.784C>T, c.863C>A, c.956C>T, c.993delA, c.99G>A","p.A1103T, p.A478S, p.A730S, p.A743A, p.A807A, p.C364Y, p.C467C, p.C467Y, p.D187E, p.D187H, p.D24N, p.E1001*, p.E1165fs*1, p.E1187E, p.E169*, p.E528K, p.G126R, p.G6*, p.G808R, p.G883S, p.H1249H, p.H715Y, p.H983P, p.I1069F, p.I150V, p.I333fs*18, p.I845L, p.K122N, p.K1305K, p.K490Q, p.K763R, p.K901N, p.K984T, p.L1311L, p.L147L, p.L18I, p.L238Q, p.L477V, p.L520H, p.L520L, p.L760R, p.N1068T, p.N1089K, p.N224N, p.N451fs*8, p.N671S, p.N831H, p.N880N, p.N93H, p.N959S, p.P288H, p.P334S, p.P876H, p.P876P, p.P876S, p.Q110fs*5, p.Q1229*, p.Q1229E, p.Q205R, p.Q374Q, p.Q532L, p.R1033C, p.R1221C, p.R15M, p.R262C, p.R480*, p.R480L, p.R555C, p.R555H, p.R75I, p.R85R, p.R886R, p.R926R, p.R950C, p.S1124C, p.S1284*, p.S740Y, p.S829N, p.T319I, p.T864I, p.V1299A, p.V243F, p.V63L, p.V658V, p.W33*, p.Y1213Y"
"KDM3B","Q7LBC6","Lysine-specific demethylase 3B","Histone Demethylasess (HDMs)","Jumonji (JmjC family)","Nucleus","PB019299, PB006147, PB003525, PB007111, PB014856, PB015350, PB016670, PB016202, PF02373","0047105, 0050054","c.1177C>T, c.1178C>T, c.1179T>C, c.1192G>A, c.1228C>A, c.1355G>A, c.1361G>C, c.1374G>T, c.1376G>A, c.1378G>A, c.1399C>A, c.1445C>A, c.1447T>G, c.1449G>C, c.1458A>G, c.1489G>A, c.1497G>A, c.1553A>G, c.1554C>A, c.1573T>C, c.1577T>G, c.1609A>C, c.1633G>C, c.1664delA, c.1667C>T, c.1698A>G, c.1789T>A, c.1794G>C, c.1804delA, c.1894G>C, c.1918T>C, c.1961C>T, c.1966G>T, c.2054C>A, c.2080A>G, c.2181G>A, c.2218A>T, c.2255T>G, c.2256G>T, c.2299delA, c.2301C>T, c.2302G>A, c.2318C>G, c.2340G>A, c.2345_2346insG, c.2351C>A, c.235T>C, c.236G>T, c.237G>A, c.2404C>T, c.2479delC, c.247C>T, c.248A>G, c.2493G>A, c.249T>C, c.2543A>G, c.2544T>C, c.2597C>A, c.2611C>A, c.2623C>A, c.2624T>C, c.2689C>T, c.2743C>T, c.277G>A, c.2813G>A, c.2813G>T, c.2817C>A, c.2860C>T, c.2890A>G, c.2927C>T, c.294G>T, c.3003C>T, c.3013G>C, c.3046+1G>A, c.3073C>T, c.3076G>T, c.3082C>T, c.3090_3091insTA, c.3118A>G, c.3119A>G, c.3149T>C, c.3158G>T, c.3193C>T, c.3194G>A, c.3238T>C, c.3340G>A, c.3363A>C, c.3385C>T, c.340A>T, c.3489T>C, c.350G>T, c.350_351GG>AT, c.3519A>G, c.3560G>A, c.3691C>T, c.3749A>G, c.3791C>T, c.3820T>G, c.3848C>T, c.3881G>A, c.3886C>A, c.3899G>T, c.3911T>A, c.3929A>G, c.3933A>G, c.3939A>G, c.4110G>T, c.4212C>A, c.4249G>C, c.4249G>T, c.4253C>T, c.4272C>T, c.4330G>T, c.4346G>T, c.4347G>C, c.436C>T, c.4378C>T, c.4382A>G, c.4398C>T, c.4433G>T, c.4435C>T, c.4483C>T, c.4583C>G, c.4619T>C, c.4626C>T, c.4693G>C, c.4731C>T, c.4739G>T, c.4808T>G, c.4828C>A, c.4864G>A, c.4888C>T, c.4917G>T, c.4934A>T, c.4946A>G, c.4975C>T, c.4976G>A, c.5025G>T, c.5051C>T, c.5065C>T, c.5096A>C, c.5143C>T, c.5257G>A, c.5274G>A, c.532G>T, c.577C>T, c.654T>C, c.671C>T, c.712G>A, c.714G>A, c.722C>T, c.723G>A, c.841G>T, c.853C>T, c.855G>C, c.900G>C, c.910G>A, c.952G>A, c.961C>T, c.963A>G","p.?, p.A1114T, p.A1264V, p.A1283V, p.A1622T, p.A1753T, p.A497T, p.A656S, p.C1031fs*51, p.C1053F, p.D1310G, p.D1444Y, p.D1461G, p.D1565H, p.D1645V, p.D1649G, p.D518E, p.D518G, p.D555fs*10, p.D782fs*11, p.E1005Q, p.E1250G, p.E1639D, p.E238E, p.E238K, p.E318K, p.E460K, p.E499E, p.E545Q, p.E632Q, p.E93K, p.F1050S, p.F1274V, p.F1466F, p.F526C, p.F640L, p.F939L, p.G1026C, p.G1163G, p.G1300V, p.G1478V, p.G1580V, p.G281W, p.G304R, p.G452D, p.G459E, p.G486G, p.H1689Y, p.H83H, p.H83R, p.H83Y, p.I114F, p.I1313M, p.I1404I, p.I1577I, p.I1603S, p.I694V, p.K1121N, p.K1699T, p.K300N, p.K831K, p.L1001L, p.L1080L, p.L1296I, p.L1304H, p.L1424L, p.L1758L, p.L410M, p.L467M, p.L483F, p.L483V, p.L525L, p.L875M, p.L875P, p.M1540T, p.M598I, p.N1040D, p.N1040S, p.N1542N, p.N767N, p.N767fs*28, p.N848N, p.N848S, p.P1173P, p.P1528R, p.P1610T, p.P1684L, p.P393L, p.P393P, p.P393S, p.P482H, p.P780P, p.P866H, p.P897S, p.Q1231*, p.Q1479*, p.Q1675H, p.Q827fs*8, p.R1025C, p.R1028W, p.R1065C, p.R1065H, p.R1129*, p.R1187K, p.R1294Q, p.R1449M, p.R1449S, p.R1460W, p.R146W, p.R1495*, p.R1630*, p.R1659C, p.R1659H, p.R1715C, p.R193*, p.R285R, p.R285W, p.R321*, p.R321R, p.R454P, p.R802*, p.R871R, p.R915C, p.R938H, p.R938L, p.R954C, p.S1418L, p.S224F, p.S241L, p.S241S, p.S458S, p.S537R, p.S556L, p.S566S, p.S597T, p.S654F, p.S685Y, p.S727S, p.S773*, p.S784*, p.S964G, p.S976F, p.T1311T, p.T602fs*9, p.T740S, p.V1370V, p.V1417F, p.V1417L, p.V178F, p.V218V, p.V398M, p.V752G, p.V752V, p.V768I, p.W117L, p.W117Y, p.W79*, p.W79L, p.W79R, p.W98C"
"KDM4A","O75164","Lysine-specific demethylase 4A","Histone Demethylasess (HDMs)","Jumonji (JmjC family)","Nucleus ","PF02375, PB008394, PF02373, PB014467, PF13831, PF13832, PB005109, PB002825","0047105, 0052883, 0054623, 0050472, 0050467","c.1043C>T, c.1199G>A, c.1258C>A, c.1276G>A, c.1283C>T, c.1303G>A, c.1429G>A, c.144T>C, c.1495C>T, c.1529C>G, c.157T>G, c.1602A>T, c.1626C>T, c.1672G>C, c.1684A>T, c.1699G>A, c.1702G>A, c.1790G>A, c.1873A>G, c.1903G>T, c.1935G>C, c.1940G>A, c.1944T>A, c.1984G>T, c.2035C>T, c.2138C>T, c.2231G>A, c.2294G>A, c.2308delG, c.2362G>T, c.2363C>T, c.2474G>A, c.2484+2T>C, c.2513A>G, c.2516G>T, c.2570A>T, c.259A>G, c.2613C>A, c.2728A>G, c.2733C>T, c.2778C>A, c.2843G>C, c.3030T>C, c.3038G>T, c.3041T>C, c.3073C>T, c.3087T>A, c.3094G>A, c.3182C>T, c.328C>T, c.337G>A, c.352G>A, c.352G>T, c.356G>A, c.383A>G, c.412G>A, c.429G>A, c.454C>T, c.4G>A, c.520C>A, c.606T>C, c.673+7T>C, c.676delT, c.716G>A, c.795A>G, c.83G>A, c.866C>T, c.8C>T, c.955G>A, c.962T>C","p.?, p.A1061V, p.A2T, p.A435T, p.A567T, p.A568T, p.A635S, p.A662S, p.A770fs*2, p.A788S, p.A788V, p.D871E, p.E1032K, p.E113K, p.E118*, p.E118K, p.E426K, p.E477K, p.E558Q, p.F202F, p.F227fs*16, p.G138S, p.G265G, p.H857L, p.I1029I, p.I87V, p.K143K, p.K838R, p.K910E, p.L1010L, p.L420M, p.L499F, p.L542L, p.N128S, p.N911N, p.P174T, p.P348L, p.P648P, p.Q645H, p.Q679*, p.R1013I, p.R1025C, p.R110C, p.R119Q, p.R152W, p.R239H, p.R400Q, p.R534R, p.R562W, p.R597H, p.R647Q, p.R744Q, p.R765Q, p.R825H, p.R839I, p.S28N, p.S3F, p.S510C, p.S713L, p.S948T, p.T289I, p.T428M, p.T625A, p.T926T, p.V1014A, p.V319M, p.V321A, p.V48V, p.W53G"
"KDM4B","O94953","Lysine-specific demethylase 4B","Histone Demethylasess (HDMs)","NA","Nucleus","PF02375, PB008394, PF02373, PB014467, PF13831, PF13832, PB005109, PB002825, PB012059","0047105, 0052883, 0054623, 0037717, 0050475","c.1001A>C, c.1036C>T, c.1046C>T, c.104T>A, c.1059C>A, c.1074G>T, c.1125G>A, c.1171C>T, c.1172C>T, c.1296G>A, c.1302C>T, c.1322G>A, c.1375T>G, c.1474C>A, c.1523T>C, c.1524C>T, c.153G>A, c.1579C>T, c.1590C>T, c.161G>T, c.1625A>T, c.1626G>T, c.1631A>G, c.1656G>T, c.1712C>T, c.1715G>T, c.1768C>T, c.1832G>A, c.1851G>C, c.1867C>A, c.1903G>A, c.192C>T, c.1950C>T, c.1960C>T, c.1991C>T, c.2053G>A, c.2077T>C, c.210G>A, c.2138C>T, c.2201C>T, c.2204C>G, c.2208C>T, c.2221G>A, c.2225C>A, c.2240C>G, c.2324G>A, c.2374G>A, c.240G>A, c.254A>G, c.2556C>T, c.2557G>A, c.2655C>T, c.2661C>T, c.2680G>A, c.2736+7G>A, c.2845G>A, c.2889T>C, c.2933C>T, c.2957G>T, c.3125C>T, c.3170C>A, c.3223A>G, c.343T>G, c.392C>T, c.489C>T, c.537C>G, c.590G>A, c.60A>T, c.689G>T, c.705C>T, c.709G>A, c.729G>A, c.736A>G, c.73T>C, c.768C>T, c.874T>G, c.877G>A, c.886C>T, c.93C>T, c.988T>C","p.?, p.A1057D, p.A237T, p.A293T, p.A349V, p.A434A, p.A664V, p.A685T, p.A70A, p.A792T, p.A885A, p.C235C, p.C852C, p.D64D, p.D650D, p.D894N, p.E552D, p.E635K, p.E741K, p.E949K, p.F115V, p.F179L, p.F25L, p.F292V, p.F459V, p.G230V, p.G441E, p.G572V, p.G736G, p.G887G, p.H544R, p.I246V, p.I256I, p.I35K, p.K334T, p.M243I, p.P131L, p.P20P, p.P353P, p.P391L, p.P391S, p.P492T, p.P51P, p.P527S, p.P623T, p.P654S, p.P713L, p.P742Q, p.P963P, p.Q542H, p.Q542L, p.Q85R, p.R163R, p.R296W, p.R346W, p.R375R, p.R432R, p.R590W, p.R611Q, p.R617R, p.R775H, p.R986L, p.S1075G, p.S197N, p.S735C, p.S747C, p.S80S, p.S978F, p.T1042M, p.T571M, p.T734I, p.V508A, p.V508V, p.V853M, p.W358C, p.W54L, p.Y31Y, p.Y330H, p.Y530Y, p.Y693H"
"KDM4C","Q9H3R0","Lysine-specific demethylase 4C","Histone Demethylasess (HDMs)","Jumonji (JmjC family)","Nucleus","PF02375, PB008394, PF02373, PB014467, PB013227, PF13831, PF13832, PB005109, PB002825, PB010616","0047105, 0052883, 0054623, 0050463","c.1050A>G, c.1115+1G>T, c.1136C>T, c.1148C>A, c.1186G>A, c.1233G>C, c.1260G>A, c.1301C>T, c.1320G>T, c.1392A>T, c.1439T>A, c.145G>C, c.1492G>A, c.1494G>T, c.1497A>T, c.1520G>C, c.1557G>C, c.155C>T, c.1589G>C, c.1602C>A, c.1614C>T, c.1715G>A, c.173G>T, c.1766A>T, c.180C>T, c.1841C>T, c.1868C>T, c.1869G>A, c.1888G>T, c.1932C>T, c.1936G>T, c.1948C>T, c.1987G>A, c.2025C>T, c.2029A>G, c.2034G>A, c.2083G>T, c.2104C>T, c.2131G>T, c.2137A>C, c.2156C>G, c.2160G>A, c.2167G>A, c.2182+8G>A, c.2249C>T, c.2250G>A, c.2293C>T, c.2301A>G, c.2303C>T, c.2343G>A, c.2344G>C, c.2352A>G, c.2352A>T, c.2356C>T, c.2372C>T, c.2380A>G, c.2386A>G, c.2412G>A, c.2425-2A>T, c.2547G>A, c.2608G>A, c.2640C>T, c.2651C>T, c.2661G>A, c.2767C>T, c.2778C>T, c.286G>T, c.2885T>C, c.2939G>C, c.300G>T, c.3054G>T, c.3059G>C, c.3107C>T, c.3108C>T, c.3120C>A, c.3124A>G, c.3125C>A, c.3146A>C, c.362G>A, c.375G>T, c.389T>C, c.408A>T, c.472G>A, c.492A>G, c.513G>T, c.519A>T, c.640C>T, c.658C>T, c.659G>A, c.681_682insT, c.690A>T, c.753A>G, c.802G>A, c.802G>T, c.843delT, c.845A>T, c.84G>A, c.851G>T, c.886G>T, c.90C>A, c.921+1G>C","p.?, p.A1036A, p.A1036V, p.A136A, p.A614V, p.A630S, p.A646S, p.A719G, p.A750A, p.A750V, p.A781A, p.C60C, p.D396N, p.E164E, p.E171D, p.E268*, p.E268K, p.E28E, p.E498D, p.E498K, p.E519D, p.E663K, p.E695*, p.E784D, p.E784E, p.E849E, p.F281fs*35, p.G1018G, p.G284V, p.G538G, p.G711*, p.H644H, p.I464I, p.I480K, p.I796V, p.I926I, p.I962T, p.K125N, p.K411N, p.K499N, p.K720K, p.L650L, p.L765F, p.N282I, p.N30K, p.P214S, p.P230P, p.P350P, p.P383H, p.P52L, p.P702S, p.P791L, p.P923S, p.Q1049P, p.Q589L, p.Q767Q, p.Q804Q, p.R100S, p.R1020T, p.R121H, p.R220*, p.R220Q, p.R572H, p.R58I, p.R786*, p.R980T, p.S231fs*7, p.S434F, p.S530T, p.S534R, p.S678S, p.S713R, p.S880S, p.T1042A, p.T1042N, p.T379I, p.T623M, p.T623T, p.T677A, p.T768M, p.T794A, p.T884M, p.T887T, p.V130A, p.V158I, p.V173V, p.V251V, p.V296F, p.V420V, p.V440V, p.V49L, p.V675V, p.V723I, p.V782L, p.V870M, p.V96L, p.W507S, p.Y1040*"
"KDM4D","Q6B0I6","Lysine-specific demethylase 4D","Histone Demethylasess (HDMs)","Jumonji (JmjC family)","Nucleus","PF02375, PB008394, PF02373","0047105","c.1010A>G, c.1012C>T, c.1048C>T, c.1117G>T, c.1124G>T, c.1130T>A, c.1175G>A, c.1178G>T, c.1181G>A, c.1182G>C, c.1289G>C, c.12G>T, c.1347C>A, c.1378C>T, c.140G>A, c.1449T>A, c.1451C>T, c.1459G>A, c.1542T>A, c.186C>T, c.190G>A, c.244C>T, c.263A>G, c.271delA, c.304C>T, c.355G>A, c.358G>T, c.367C>T, c.368G>C, c.370A>T, c.386G>A, c.473G>T, c.564G>C, c.613C>T, c.640G>T, c.673C>T, c.681C>A, c.708G>C, c.771T>G, c.798G>A, c.79G>A, c.79G>T, c.827C>T, c.868G>A, c.951G>T, c.95A>C, c.995G>A","p.A227A, p.A290T, p.A483A, p.A514A, p.D120Y, p.D32A, p.D64N, p.E119K, p.E27*, p.E27K, p.E487K, p.G158V, p.G373C, p.G394E, p.G394G, p.G449G, p.G47D, p.H205Y, p.K124*, p.K337R, p.K93fs*4, p.L377H, p.L460L, p.M4I, p.N257K, p.P276L, p.P350S, p.Q266Q, p.Q88R, p.R102C, p.R123*, p.R123P, p.R129H, p.R225C, p.R236R, p.R332H, p.R338C, p.R375I, p.R392H, p.R82W, p.S393I, p.S430T, p.S484L, p.T188T, p.T62T, p.V214L, p.V317V"
"KDM5A","P29375","Lysine-specific demethylase 5A","Histone Demethylasess (HDMs)","Jumonji (JmjC family)","Nucleus","PF02375, PF01388, PF00628, PB006766, PF02373, PF02928, PF08429, PF00628, PB000113, PB012821, PB011260","0047105, 0046063, 0050474, 0050473, 0050470","c.-123C>T, c.1024G>A, c.1052C>T, c.1076G>T, c.1115A>C, c.1124C>G, c.1214T>C, c.1268C>T, c.1282C>T, c.1288A>G, c.1303G>A, c.1406C>A, c.1406C>T, c.1456G>A, c.1475T>G, c.1528G>T, c.1578T>C, c.1588C>T, c.1609G>A, c.1658A>G, c.1696T>A, c.1703G>A, c.1776G>C, c.1778C>T, c.1790A>C, c.1808G>A, c.1810C>T, c.1817G>T, c.1835C>T, c.1864G>T, c.1883A>G, c.1902G>A, c.1906T>C, c.190G>C, c.1912G>T, c.1917G>T, c.1943G>A, c.1958T>C, c.1963C>G, c.1969-6_1969-2deltttca, c.1991_1993delAAG, c.1999G>C, c.2022G>A, c.2033_2044del12, c.2034A>G, c.2049T>C, c.2059G>A, c.2086C>T, c.2155C>T, c.2161C>A, c.2216A>G, c.224A>G, c.2274_2274delA, c.227G>A, c.2296A>T, c.2345G>A, c.2379C>A, c.2454G>T, c.2473G>T, c.2531G>A, c.2542_splice, c.2628G>A, c.2639T>C, c.2662C>T, c.2678G>A, c.2716G>T, c.2718A>C, c.2758G>A, c.2758G>T, c.2763C>T, c.2775G>C, c.2815G>C, c.2821G>A, c.2826G>A, c.2908A>T, c.2928C>A, c.2946G>T, c.3005G>A, c.3016G>A, c.3037-1G>C, c.3037-31_3038del33, c.3041G>A, c.3076T>A, c.3083C>T, c.3091C>T, c.313C>G, c.3151C>T, c.3197C>G, c.31G>C, c.3205A>G, c.3219G>T, c.3230_3231insC, c.3235G>A, c.3270G>A, c.3278T>C, c.3311A>G, c.333G>A, c.3365A>G, c.3398G>A, c.339A>C, c.3413T>C, c.3470G>A, c.3493A>G, c.349C>A, c.3503A>G, c.3515G>T, c.3568C>T, c.3590A>C, c.3597_3597delA, c.3597_3598insA, c.3597delA, c.3601T>C, c.3619G>T, c.3649C>T, c.3660G>T, c.367_splice, c.3685C>T, c.3686T>C, c.3693A>G, c.3697C>T, c.3710C>T, c.3715C>T, c.3721C>T, c.3747G>A, c.3766T>C, c.3781C>T, c.3786G>T, c.3844C>T, c.3982G>A, c.3989C>T, c.402C>A, c.4031A>T, c.4048C>T, c.4148C>T, c.4150G>A, c.4170G>A, c.417G>A, c.4208C>A, c.4208C>T, c.4211C>A, c.4221G>T, c.4250G>T, c.4261C>T, c.4282C>T, c.4283G>A, c.4300G>A, c.4357C>T, c.4366G>A, c.4395C>A, c.4400G>A, c.4415C>A, c.4468G>T, c.4470+6G>T, c.4478G>T, c.4499A>C, c.4527G>A, c.4537C>T, c.4538G>A, c.4544A>G, c.4619A>T, c.466T>C, c.469C>G, c.4760_4761insA, c.4773A>C, c.4796G>T, c.4848A>C, c.491G>T, c.4932_4933TC>CG, c.4933C>T, c.498C>G, c.4994A>G, c.5000C>T, c.5040T>A, c.5042A>T, c.5121C>A, c.512T>G, c.537+1G>A, c.541G>A, c.544C>T, c.551C>T, c.570A>C, c.645G>A, c.659G>A, c.659G>T, c.692G>A, c.703G>C, c.713A>C, c.735G>A, c.744T>A, c.790C>T, c.796C>T, c.797G>A, c.820G>A, c.851G>A, c.871G>T, c.878T>C, c.88A>G, c.920A>C, c.955C>G, c.95delC, c.965G>A, c.973C>T, c.984T>C",", p.?, p.A1006T, p.A1028V, p.A11P, p.A1616A, p.A1680A, p.A274T, p.A342T, p.A351V, p.A510S, p.A622S, p.A678A, p.A687T, p.A941T, p.C322Y, p.C636R, p.C683C, p.D1079N, p.D1104G, p.D1122G, p.D1344V, p.D1465E, p.D1665G, p.D486N, p.D628G, p.D920N, p.D920Y, p.E111E, p.E1207*, p.E1384K, p.E1490*, p.E1681V, p.E190D, p.E235Q, p.E435K, p.E638*, p.E64Q, p.E664delE, p.E667Q, p.E825*, p.E906*, p.E906D, p.E939Q, p.F1707L, p.F526F, p.F566I, p.G1014D, p.G1172V, p.G1200fs*9, p.G1599V, p.G245G, p.G284D, p.H319D, p.I1138T, p.I1165V, p.I123_splice, p.I492S, p.K113N, p.K1168R, p.K1199fs, p.K1407N, p.K1500T, p.K1509K, p.K1540M, p.K1587fs, p.K1591N, p.K238T, p.K307T, p.K430E, p.K758fs, p.K982N, p.L1026M, p.L105V, p.L117M, p.L1229F, p.L1229P, p.L1233F, p.L1249L, p.L1453F, p.L157V, p.L166L, p.L171R, p.L293P, p.L592F, p.L639F, p.L888F, p.L925L, p.M1390I, p.M634I, p.M766L, p.M876I, p.M880T, p.M942I, p.N372T, p.N848_splice, p.P1190S, p.P1237L, p.P1241S, p.P1421S, p.P1645A, p.P1645S, p.P1667L, p.P184L, p.P215P, p.P325S, p.P328P, p.P32fs*34, p.P423L, p.P469L, p.P469Q, p.P530S, p.P593L, p.P721T, p.Q1197P, p.Q1262H, p.Q1515R, p.Q182*, p.Q597P, p.Q655E, p.Q75R, p.R1002Q, p.R1031C, p.R1051W, p.R1090R, p.R1133Q, p.R1157H, p.R1217W, p.R1220S, p.R1239W, p.R1261W, p.R1282C, p.R1350*, p.R1417M, p.R1428*, p.R1467Q, p.R1513Q, p.R1513W, p.R164I, p.R220H, p.R220L, p.R264*, p.R266*, p.R266Q, p.R359L, p.R428W, p.R568H, p.R603Q, p.R604C, p.R606M, p.R648Q, p.R674R, p.R680_C683delRTTC, p.R696W, p.R719C, p.R76H, p.R782Q, p.R818R, p.R844Q, p.R893Q, p.S1066C, p.S1201P, p.S1330F, p.S1383F, p.S1403F, p.S1403Y, p.S1404Y, p.S1428N, p.S1493I, p.S156P, p.S231N, p.S375C, p.S612L, p.S970C, p.S976R, p.T1069A, p.T1078fs*12, p.T134T, p.T1472K, p.T30A, p.T793T, p.V1073V, p.V1093A, p.V1231V, p.V1328M, p.V1434M, p.V1456I, p.V181M, p.V248V, p.V291F, p.V405A, p.V537I, p.V653A, p.V921V, p.W1256R, p.W139*, p.Y553C, p.Y739C"
"KDM5B","Q9UGL1","Lysine-specific demethylase 5B","Histone Demethylasess (HDMs)","Jumonji (JmjC family)","Nucleus","PF02375, PF01388, PF00628, PB006766, PF02373, PF02928, PF08429, PF00628, PB000113, PB011260, PF00628","0047105, 0046063, 0050474, 0050473, 0050473","c.1993G>T, c.2321C>T, c.2632C>A, c.2943_2944insG, c.4658G>C, c.4715A>G","p.A774V, p.E665*, p.F982fs*32, p.K1572R, p.L878I, p.R1553T"
"KDM5C","P41229","Lysine-specific demethylase 5C","Histone Demethylasess (HDMs)","Jumonji (JmjC family)","Nucleus","PF02375, PF01388, PF00628, PB006766, PF02373, PF02928, PF08429, PF00628, PB000113, PB012821","0047105, 0046063, 0050474, 0050470","c.1006G>C, c.1074G>C, c.1104C>T, c.1133G>T, c.1156G>C, c.1377A>C, c.1395A>T, c.1396G>T, c.142C>T, c.1493A>G, c.1494G>T, c.1497G>A, c.1518G>T, c.1524_1532delCTCAGCCTT, c.1536C>G, c.1546G>C, c.1553A>G, c.1586G>A, c.1600T>C, c.1606G>T, c.1661C>A, c.1688_1689insT, c.1719C>A, c.1720A>G, c.1726C>G, c.1737T>C, c.1741G>A, c.1771G>A, c.1772G>A, c.1775A>T, c.179_180delTG, c.1810G>A, c.1840G>T, c.1853G>A, c.1861G>T, c.1927T>C, c.1928C>T, c.1933G>T, c.1935_1936GG>CT, c.1937A>T, c.1973T>C, c.1984delC, c.2005_2007delGAG, c.2023C>T, c.2041C>T, c.2062-2A>T, c.2100C>A, c.2109T>C, c.2138C>T, c.2150C>T, c.2189G>T, c.2198A>C, c.2206delG, c.2266C>A, c.2289G>T, c.2296C>T, c.230C>T, c.2350G>T, c.2392G>T, c.2412delG, c.2437C>T, c.248T>C, c.2516G>T, c.2559C>T, c.2662_2663insCC, c.272A>T, c.2735G>A, c.2758C>T, c.2761C>G, c.2764delC, c.276C>A, c.2777A>G, c.2798A>C, c.2806C>T, c.2941G>A, c.2949G>A, c.2955G>A, c.3076C>T, c.3148delG, c.3158G>A, c.3160C>A, c.3176G>T, c.3177G>T, c.3226_3227insCGACAGG, c.3227_3228insACC, c.3316G>A, c.3329C>G, c.3385_3386insT, c.3460G>T, c.3497G>A, c.352-4_367del20, c.3534G>T, c.3546C>A, c.3563G>C, c.3635G>T, c.3640G>A, c.3642_3643delGT, c.3660C>G, c.3664T>C, c.3666T>C, c.3691C>A, c.3757C>A, c.3820G>A, c.3869_3874delGCCGCG, c.3874G>A, c.388A>T, c.4008_4009insA, c.4213G>C, c.4219delG, c.4247A>G, c.4255A>G, c.4260G>A, c.4270C>T, c.4286C>T, c.4304G>A, c.4451G>A, c.4468G>T, c.4579G>A, c.471C>T, c.472G>A, c.483T>G, c.503A>T, c.535C>T, c.536G>A, c.643A>T, c.64G>A, c.661G>T, c.663A>G, c.67G>C, c.690T>C, c.693_696delAGAG, c.753G>C, c.760G>T, c.769C>G, c.781+1_781+11delcggaagaaagg, c.782-1G>C, c.807delC, c.840_841insGATG, c.865A>T, c.898C>G, c.938G>A, c.963+2T>C, c.999G>A","p.?, p.A1106T, p.A1292T, p.A22T, p.A614S, p.A77V, p.C1188S, p.C368C, p.C512W, p.C618Y, p.C730F, p.D1050fs*5, p.D1129fs*75, p.D1407fs*5, p.D254Y, p.D336H, p.D621Y, p.D703D, p.D736fs*28, p.E1154*, p.E1274K, p.E1405Q, p.E1490*, p.E1527K, p.E158K, p.E221*, p.E221E, p.E232fs*1, p.E23Q, p.E386Q, p.E465D, p.E466*, p.E516Q, p.E592V, p.E645*, p.E645_E646>D*, p.E646V, p.E669delE, p.E784*, p.E798*, p.E926G, p.E933A, p.E981K, p.E985E, p.F92L, p.G1053D, p.G1290_R1291delGR, p.G333G, p.G529D, p.G536W, p.G591E, p.G591R, p.G604S, p.G839V, p.G912E, p.H300D, p.H518R, p.H579H, p.H733P, p.I1419V, p.K130*, p.K289*, p.K459N, p.K498N, p.K498R, p.K91I, p.L1026F, p.L1054I, p.L1076_T1077insP, p.L1076fs*56, p.L1220L, p.L257V, p.L358L, p.L564fs*58, p.L576V, p.L658P, p.L662fs*102, p.L700L, p.L756I, p.L763L, p.L83P, p.L853L, p.L921V, p.M251I, p.M506I, p.N1416S, p.N230N, p.N574D, p.P1231T, p.P1253T, p.P1429L, p.P48S, p.P554H, p.P573P, p.Q1424*, p.Q168L, p.Q675*, p.Q813*, p.Q920*, p.Q922fs*13, p.R1059L, p.R1059R, p.R1166H, p.R1212L, p.R1337fs*10, p.R1435H, p.R179C, p.R179H, p.R215*, p.R313Q, p.R378L, p.R681*, p.R766W, p.R805fs*11, p.R888fs*48, p.R936C, p.S1110*, p.S1178S, p.S1182S, p.S1222P, p.S1222S, p.S1484N, p.S509_F511delSAF, p.S643F, p.S643P, p.S717L, p.T270fs*2, p.T713M, p.V1214M, p.V1216fs*83, p.V161V, p.V281fs*10, p.V499V, p.V581M, p.V60fs*14, p.W1420*, p.W534R, p.W983*, p.Y157Y"
"KDM5D","Q9BY66","Lysine-specific demethylase 5D","Histone Demethylasess (HDMs)","Jumonji (JmjC family)","Nucleus","PF02375, PF01388, PF00628, PB006766, PF02373, PF02928, PF08429, PF00628, PB000113, PB012821","0047105, 0046063, 0050474, 0050473","c.1363G>A, c.1380G>A, c.1508G>T, c.1513A>G, c.1577G>T, c.1734G>A, c.2165C>T, c.2302C>T, c.2374C>T, c.2434G>T, c.2694G>T, c.2905C>T, c.3009G>A, c.3052G>C, c.3206G>T, c.3229C>A, c.341G>A, c.3492A>G, c.3585G>C, c.376G>A, c.379G>T, c.3864G>A, c.3903G>A, c.3997A>G, c.4042G>T, c.4177C>T, c.4235C>A, c.4255C>T, c.4299G>C, c.4325G>A, c.469T>A, c.476G>A, c.550G>T, c.800delC, c.934-1G>T","p.?, p.A1018P, p.A127S, p.A460A, p.E126K, p.E1348*, p.E184*, p.E455K, p.G526V, p.I505V, p.K1333E, p.L1003L, p.L1077I, p.L1393F, p.L898L, p.P1164P, p.P1412H, p.P267fs*5, p.Q1301Q, p.Q578Q, p.R1069I, p.R1419C, p.R1433R, p.R1442Q, p.R159H, p.R768*, p.R792C, p.R969C, p.S114N, p.S722F, p.V1288V, p.V812L, p.W1195C, p.W503L, p.Y157N"
"KDM6A","O15550","Lysine-specific demethylase 6A","Histone Demethylasess (HDMs)","Jumonji (JmjC family)","Nucleus","PB002066, PF13414, PF13181, PF13431, PF13414, PB000604, PB002513, PB000972, PF02373","0047105, 0051253, 0049644","c.1007A>G, c.1077_1078insG, c.1105C>T, c.1112C>T, c.113_113delC, c.1166C>T, c.1178G>A, c.117delC, c.1213C>T, c.1246C>T, c.1268G>T, c.1364_1365insG, c.1444G>A, c.1460T>G, c.1482G>A, c.1509C>G, c.1528-1G>C, c.1531A>T, c.1547_1548insA, c.1555C>T, c.1580A>C, c.1581_splice, c.1599G>A, c.1616C>G, c.162-1G>A, c.1621C>T, c.1655G>A, c.1663C>T, c.1777C>T, c.1787delA, c.1789C>T, c.1793_1794delTA, c.1808C>A, c.1819G>A, c.1823C>A, c.1834C>T, c.1852C>A, c.1861A>G, c.1861C>T, c.1877C>A, c.1946_1947delAT, c.1996G>C, c.1999C>T, c.1_1923del1923, c.1_225del225, c.1_4206del4206, c.2007C>T, c.2019C>T, c.2029C>T, c.2030A>G, c.2052_2053insA, c.2076G>A, c.2090delA, c.2104_2105insA, c.2112_2121del10, c.2122G>T, c.2124A>G, c.2180G>A, c.2185C>T, c.2242C>T, c.226-6delt, c.226_384del159, c.226_654del429, c.226_875del650, c.2289C>T, c.2293G>T, c.2311G>C, c.2311G>T, c.2312G>A, c.2313T>C, c.2313T>G, c.2319A>G, c.2324C>G, c.240T>C, c.2419A>G, c.2443G>A, c.2456_2457insT, c.2529C>A, c.2531T>A, c.2587C>T, c.2588A>G, c.2599A>T, c.2599G>T, c.2654_2663del10, c.2657C>A, c.267A>G, c.2702G>A, c.2705A>G, c.2712_2717TAAAAA>TAAAAAA, c.2713delA, c.2717_2718insA, c.2743C>T, c.2776_2777TC>T, c.2777delC, c.2832+1G>A, c.2833-1G>A, c.2833-2A>G, c.2839G>T, c.2857_2858delTT, c.2880T>G, c.2889G>C, c.2897C>G, c.2911C>T, c.2929C>A, c.2930T>C, c.2938_2938+1GG>TT, c.2959A>T, c.2960A>G, c.2964G>C, c.2966T>A, c.2985T>G, c.2995G>T, c.2997A>C, c.3002G>T, c.3004A>G, c.300T>C, c.3014delT, c.3022_3050del29, c.3050A>C, c.3052A>T, c.3060C>T, c.3111G>A, c.3115C>G, c.311T>G, c.3120C>T, c.3144_3144+3delAgta, c.3154G>T, c.3154_3155insA, c.3172A>G, c.3182C>G, c.3189_3196delTGAATCTA, c.3199A>G, c.319G>A, c.3209+3delAAGTCATT, c.3220A>G, c.3241C>T, c.3253G>A, c.3317T>C, c.3317T>G, c.3336C>T, c.3337G>A, c.3338_3339insGTCGT, c.3341C>A, c.3341C>T, c.3351_3353delTCT, c.3356T>C, c.3397C>T, c.339A>G, c.3416delC, c.3419G>A, c.3434G>A, c.3445_3446delAA, c.3452A>G, c.3460G>A, c.3470T>A, c.3472A>C, c.3479G>T, c.3487C>T, c.3493G>A, c.349C>T, c.3517T>A, c.3520_3521insT, c.3536_3548+1delACTTCTGTGAAAAg, c.353G>A, c.3540C>A, c.355T>C, c.3571G>T, c.3571_3571delC, c.3578G>A, c.3579G>A, c.3582G>A, c.3598C>T, c.3614T>G, c.3634C>T, c.3638G>A, c.3646G>T, c.3668G>A, c.3675_3676insT, c.3677_3678insT, c.3681G>A, c.3717G>T, c.371C>T, c.3725G>T, c.3736+1G>A, c.3737-2A>G, c.3737-6_3737-5deltc, c.3763C>T, c.3768C>G, c.378C>G, c.3799A>G, c.3809T>C, c.3835C>T, c.3836G>A, c.3837A>G, c.384+1G>T, c.3841C>T, c.3859A>T, c.385_654del270, c.3866T>A, c.3879-1G>A, c.3892G>A, c.389C>A, c.3904C>T, c.3919C>T, c.3929T>C, c.3930C>A, c.3940G>T, c.3945_3946insA, c.394_394delT, c.3961G>T, c.3991C>T, c.4001G>A, c.4005+1G>T, c.4005+2T>G, c.4006-1G>A, c.4009G>T, c.4028T>G, c.4034delC, c.4037A>G, c.4043T>G, c.4074C>A, c.4097_4098insA, c.4098_4098delA, c.4117G>T, c.4124T>C, c.4129C>T, c.4134_4138CAAAA>CAAAAA, c.4138_4139insA, c.4161_4162delTG, c.4176+1G>A, c.4176+1G>C, c.4177-1G>A, c.4205G>C, c.4238G>A, c.428A>G, c.439C>T, c.443+6T>C, c.444_564del121, c.450_451insA, c.494G>A, c.49G>T, c.502G>T, c.514C>T, c.515G>A, c.516A>G, c.560T>G, c.564G>C, c.571C>T, c.576A>G, c.617A>C, c.618_619+2delAAgt, c.646G>T, c.649A>G, c.654+2T>G, c.655-1G>A, c.711T>G, c.736delT, c.738A>G, c.781G>C, c.792C>T, c.799A>T, c.832G>T, c.869_870insT, c.894delG, c.902A>G, c.943G>C, c.959C>T, c.963G>A, c.975-1G>T, c.975T>C, c.994A>T, c.997C>A, c.997C>T, c.998A>G","p.*1402S, p.0, p.0?, p.?, p.A1008fs*7, p.A1040A, p.A1115fs*7, p.A1298T, p.A130D, p.A152fs*9, p.A17S, p.A371V, p.A389V, p.A482T, p.A626E, p.A666P, p.C1334Y, p.C1358*, p.C1413Y, p.C960W, p.D1216Y, p.D261H, p.D336G, p.E1052*, p.E1064fs*4, p.E107K, p.E1154K, p.E1316fs*17, p.E1337*, p.E168*, p.E206A, p.E216*, p.E278*, p.E315Q, p.E947*, p.E999*, p.E999D, p.F1180L, p.F132fs, p.F1343C, p.F953fs*25, p.G100G, p.G1085R, p.G1140E, p.G1145D, p.G1160V, p.G1191C, p.G1223D, p.G1242V, p.G1314*, p.G1321W, p.G1366fs, p.G1373W, p.G291fs*22, p.G325G, p.G673G, p.G708*, p.G708G, p.G727D, p.G765*, p.G771C, p.G771D, p.G771G, p.G771R, p.G89G, p.G904fs, p.H1081Y, p.H597Y, p.H649fs, p.H702fs*28, p.I1020I, p.I1157K, p.I1267V, p.I1289N, p.I598fs*6, p.I995M, p.K1018*, p.K1058E, p.K1287*, p.K188N, p.K867*, p.K987*, p.K987R, p.L1005fs*43, p.L104R, p.L1106P, p.L1106R, p.L1119P, p.L1119delL, p.L113L, p.L1200F, p.L1310L, p.L1310P, p.L1348R, p.L1375P, p.L187*, p.L192L, p.L237L, p.L246L, p.L246fs*4, p.L416F, p.L487*, p.L533L, p.L669L, p.L773L, p.L844H, p.L977I, p.L977P, p.L988F, p.L989*, p.M1270T, p.M1380fs*9, p.M494I, p.M885fs*10, p.N1017T, p.N1149fs*1, p.N1151S, p.N1158H, p.N332Y, p.N596fs*3, p.N621D, p.N697fs*18, p.N902S, p.N906fs*31, p.N906fs*5, p.P1139fs*19, p.P1191fs, p.P405S, p.P603H, p.P608H, p.P618T, p.P748S, p.P963P, p.P966R, p.Q1037Q, p.Q1039E, p.Q1133*, p.Q117*, p.Q1212*, p.Q1281*, p.Q1302*, p.Q1377*, p.Q147*, p.Q191*, p.Q301R, p.Q333*, p.Q333K, p.Q333R, p.Q369*, p.Q517fs*9, p.Q527P, p.Q527_splice, p.Q541*, p.Q555*, p.Q593*, p.Q667*, p.Q677*, p.Q677R, p.Q692Q, p.Q729*, p.Q863*, p.Q863R, p.Q915*, p.R1001L, p.R1054fs*5, p.R1074G, p.R1163C, p.R118K, p.R1213Q, p.R1255W, p.R1279*, p.R1279Q, p.R1279R, p.R1307W, p.R1331*, p.R165Q, p.R172*, p.R172Q, p.R172R, p.R393Q, p.R511*, p.R519*, p.R612*, p.R621C, p.R901K, p.R971C, p.S1061*, p.S1114*, p.S1114L, p.S124F, p.S267C, p.S38fs, p.S40fs*2, p.S456fs*29, p.S539C, p.S552N, p.S763S, p.S775*, p.S819fs, p.S843R, p.S886Y, p.S926fs, p.S926fs*11, p.T1002A, p.T1067A, p.T1345fs*11, p.T217A, p.T264T, p.T320I, p.T360fs*4, p.T705fs*7, p.T807A, p.V1112V, p.V1113I, p.V1165I, p.V1205G, p.V300fs*25, p.V503V, p.V607M, p.V815I, p.V867F, p.W1174fs*6, p.W1193*, p.W1194*, p.W1227*, p.W1227fs*24, p.W1239C, p.W321*, p.W423L, p.W684fs, p.Y1173N, p.Y119H, p.Y1225fs, p.Y1256*, p.Y126*, p.Y1346C, p.Y1378fs, p.Y1387fs*1, p.Y143C, p.Y80Y"
"KDM6B","O15054","Lysine-specific demethylase 6B","Histone Demethylasess (HDMs)","Jumonji (JmjC family)","Nucleus","PB005108, PB000972, PB000972, PF02373","0047105, 0052670","c.1033G>A, c.113G>A, c.117C>T, c.1196G>C, c.1231C>T, c.1245G>A, c.1259C>A, c.1297T>C, c.1336C>T, c.1383G>A, c.1408C>G, c.1410A>C, c.1417T>C, c.1433G>A, c.1531delC, c.1587G>A, c.1603G>A, c.161C>A, c.1756C>T, c.1941C>T, c.1955delC, c.2010C>G, c.2016delT, c.2059G>A, c.2154C>T, c.2194C>G, c.2222delC, c.2253_2255delCAC, c.2253_2258delCACCAC, c.2412C>G, c.2426_2427CC>TT, c.2446T>G, c.2635G>T, c.275C>G, c.2776G>A, c.2881G>A, c.2950C>T, c.2982G>C, c.3078G>A, c.312A>G, c.3195G>A, c.3245C>T, c.3295delC, c.3309G>C, c.3409C>A, c.3466C>T, c.3498G>A, c.3503C>A, c.3507G>T, c.3520G>C, c.3530C>T, c.355T>C, c.3727G>A, c.3737G>A, c.3761A>G, c.3828C>T, c.3999C>A, c.4036G>A, c.4055C>T, c.410G>C, c.4186T>G, c.4301C>T, c.4384G>A, c.4432T>G, c.4522G>A, c.4667G>A, c.4669G>A, c.4695C>A, c.4729G>A, c.4819C>T, c.4858G>T, c.577G>A, c.643T>G, c.644C>T, c.650C>T, c.686G>A, c.723C>T, c.74C>T, c.752_753insACCACC, c.753_761delACCACCACC, c.789A>C, c.803T>A, c.881G>A, c.96G>A, c.978C>T, c.985C>T","p.A1352V, p.A1557T, p.A25V, p.A879S, p.C1478G, p.C473R, p.D1254G, p.D1333E, p.E1026E, p.E1174Q, p.E1346K, p.E1577K, p.E1620*, p.E345K, p.E687K, p.E926K, p.E961K, p.F1396V, p.G137A, p.G1565G, p.G193R, p.G326G, p.G647G, p.G718G, p.H1137N, p.K1101fs*3, p.K1169N, p.L1103L, p.L268Q, p.L329L, p.L461L, p.L670L, p.L732V, p.L804L, p.P104P, p.P1065P, p.P1082L, p.P1168Q, p.P1177L, p.P217L, p.P241P, p.P262_P264delPPP, p.P263P, p.P264_L265insPP, p.P32P, p.P415P, p.P420H, p.P470A, p.P470P, p.P529P, p.P54H, p.Q654fs*46, p.R1156*, p.R1246H, p.R1556Q, p.R1607W, p.R229Q, p.R294H, p.R38H, p.R411W, p.R446W, p.R478H, p.R513fs*69, p.R586W, p.R984W, p.S119P, p.S215A, p.S215L, p.S399T, p.S39S, p.S433P, p.S809F, p.S92C, p.T1276T, p.T1434M, p.T676fs*24, p.T743fs*39, p.T761_T762delTT, p.T762delT, p.V1166V, p.V1243M, p.V1462M, p.V1508I, p.V535M, p.V994V, p.Y816D"
"KDM7A","Q6ZMT4","Lysine-specific demethylase 7A","Histone Demethylasess (HDMs)","Jumonji (JmjC family)","Nucleus","PB003779, PF00628, PF02373, PB018122, PB013686","0047105, 0050470","NA","NA"
"KDM8","Q8N371","Lysine-specific demethylase 8","Histone Demethylasess (HDMs)","Jumonji (JmjC family)","Nucleus","PF13621","0050303","NA","NA"
"KMT2A","Q03164","Histone-lysine N-methyltransferase 2A","Histone Methyl Transferases (HMTs)","Lysine Methyl Transferases (KMT)","Nucleus","PB011202, PF02008, PB003525, PB004447, PF00628, PF00628, PF13771, PF05964, PF05965, PF00856","0048183, 0050474, 0050470, 0047674, 0050472","NA","NA"
"KMT2B","Q9UMN6","Histone-lysine N-methyltransferase 2B","Histone Methyl Transferases (HMTs)","Lysine Methyl Transferases (KMT)","Nucleus","PB004963, PB002901, PB011202, PF02008, PB003525, PB003418, PB004447, PF00628, PF00628, PB006332, PF13771, PF05964, PF05965, PF00856","0041233, 0050474, 0050474, 0037717","NA","NA"
"KMT2C","Q8NEZ4","Histone-lysine N-methyltransferase 2C","Histone Methyl Transferases (HMTs)","Lysine Methyl Transferases (KMT)","Nucleus","PF13771, PF00628, PF00628, PB006766, PB014139, PB019991, PB016694, PF13771, PF05964, PF05965, PF00856","0041233, 0050474, 0050474, 0050474, 0050470, 0037717, 0050474, 0035973","NA","NA"
"KMT2D","O14686","Histone-lysine N-methyltransferase 2D","Histone Methyl Transferases (HMTs)","Lysine Methyl Transferases (KMT)","Nucleus","PF13771, PF00628, PB015591, PF00628, PF00628, PB006766, PB003953, PB004150, PB003049, PB006617, PB004299, PB001156, PB008040, PB005160, PF13771, PF05964, PF05965, PF00856","0041233, 0050474, 0050474, 0050470, 0050474, 0050474, 0035973","NA","NA"
"KMT2E","Q8IZD2","Histone-lysine N-methyltransferase 2E","Histone Methyl Transferases (HMTs)","Lysine Methyl Transferases (KMT)","Nucleus","PF00628, PB005381, PF00856, PB007713, PB019601, PB019470, PB007010, PB013611","0048183, 0050470","NA","NA"
"MBD1","Q9UIS9","Methyl-CpG-binding domain protein 1","NA","","Nucleus and Chromosome","PF01429, PF02008, PF02008, PF02008, PB012306, PB009691","0049847","c.1003_1010delAACCGCAA, c.1020C>A, c.1037G>A, c.1075A>G, c.1087G>A, c.1090G>T, c.1105C>T, c.1123C>T, c.1147-2A>G, c.1151G>T, c.1211G>A, c.1212T>C, c.1216C>T, c.1303A>G, c.1327G>C, c.1361C>G, c.1367T>G, c.1409C>T, c.1414C>T, c.141T>G, c.1429A>T, c.1522G>T, c.1556C>T, c.1558G>A, c.1584+1G>A, c.1614G>A, c.1644G>T, c.1700G>T, c.173A>G, c.1758T>C, c.181C>A, c.181C>T, c.187G>A, c.233C>T, c.302G>C, c.309G>A, c.327G>T, c.335delC, c.336G>A, c.392+1G>A, c.423_424delAG, c.455C>T, c.496C>T, c.49C>T, c.506G>A, c.529G>A, c.53G>A, c.54C>T, c.562T>A, c.572G>T, c.596C>T, c.640C>T, c.648C>T, c.64C>T, c.65G>A, c.685C>T, c.686G>T, c.742C>T, c.833T>C, c.863C>T, c.880C>T, c.908C>T, c.928C>T, c.961G>A","p.?, p.A340A, p.A443P, p.C188S, p.C191F, p.D143fs*29, p.D586D, p.D58G, p.D63N, p.E508*, p.G101A, p.G177R, p.G363R, p.G364C, p.G567V, p.K109N, p.K359E, p.K538K, p.K548N, p.L216L, p.L456R, p.L61F, p.L61I, p.M278T, p.N335fs*57, p.P112P, p.P112fs*73, p.P199L, p.P288L, p.P294S, p.P303L, p.P310S, p.P470L, p.P472S, p.P519L, p.P78L, p.Q103Q, p.R166W, p.R169K, p.R17C, p.R18H, p.R18R, p.R214C, p.R229L, p.R229W, p.R22C, p.R22H, p.R248C, p.R346Q, p.R369C, p.R375C, p.R384L, p.R404H, p.R404R, p.R406*, p.T152M, p.T435A, p.T454S, p.T477S, p.V321I, p.V47V, p.V520I"
"MBD2","Q9UBB5","Methyl-CpG-binding domain protein 2","Chromatin Modellers","Component of NURD/Mi2/CHD Complex","Nucleus","PF01429, PF14048","0049847","c.1062A>G, c.1167A>G, c.1179G>A, c.1190A>G, c.1201A>C, c.1207A>G, c.392C>T, c.410G>C, c.441_442insA, c.549T>G, c.586T>C, c.592G>T, c.624C>G, c.657G>A, c.665_668delAACA, c.676C>T, c.677G>A, c.703G>C, c.797A>C, c.830A>C, c.865G>T, c.889G>T","p.A389A, p.D397G, p.E297*, p.F208L, p.G137A, p.G198*, p.G235R, p.G289*, p.I403V, p.K222fs*17, p.K266T, p.M401L, p.Q219Q, p.Q277P, p.R149fs*37, p.R226*, p.R226Q, p.S131L, p.S183R, p.S393S, p.T354T, p.Y196H"
"MBD3","O95983","Methyl-CpG-binding domain protein 3","Chromatin Modellers","Component of NURD/Mi2/CHD Complex","Nucleus ","PF01429, PF14048","0049847","c.129C>A, c.192C>A, c.193C>T, c.198G>A, c.19G>A, c.260A>G, c.261C>T, c.302T>C, c.345T>G, c.36G>A, c.372G>C, c.384G>A, c.409-3C>T, c.595G>A, c.677G>A, c.688G>T, c.729G>A, c.736G>C, c.738C>T, c.751G>T, c.802G>A","p.?, p.A199T, p.D246D, p.D246H, p.E230*, p.E268K, p.E7K, p.F43L, p.F64L, p.I115M, p.K124N, p.L243L, p.N87N, p.N87S, p.P12P, p.Q128Q, p.R226K, p.R65C, p.T66T, p.V101A, p.V251L"
"MBD4","O95243","Methyl-CpG-binding domain protein 4","NA","Jumonji (JmjC family)","Nucleus","PB005417, PF01429, PB005032, PF00730","0048358, 0049847","c.1019A>G, c.104+1G>T, c.1048G>A, c.1056T>C, c.1074C>T, c.1132C>T, c.1168_1169AG>TT, c.1211T>C, c.1217G>A, c.1264T>C, c.1298A>G, c.1319C>A, c.1325G>A, c.1377T>C, c.1387A>G, c.139G>A, c.1418T>G, c.1419G>A, c.142G>T, c.1448A>T, c.1475G>C, c.1480G>A, c.1483G>C, c.1501G>C, c.1516C>G, c.1519G>A, c.1532_1534delTTC, c.1534C>T, c.1554G>T, c.1666G>A, c.1694A>C, c.1709T>C, c.217C>T, c.240A>G, c.247C>T, c.326A>G, c.368C>A, c.392A>G, c.393T>C, c.404C>A, c.501A>G, c.546C>A, c.58G>A, c.61A>G, c.729T>A, c.745G>A, c.752G>T, c.797C>A, c.896C>A, c.906G>C, c.976G>T","p.?, p.A494T, p.D350N, p.D495H, p.E326*, p.E48*, p.E483V, p.E501Q, p.F352F, p.G249R, p.G47R, p.G507S, p.I243I, p.I358I, p.I404T, p.K340R, p.K433R, p.K518N, p.K565T, p.L167L, p.L459L, p.L506V, p.L511delL, p.L570P, p.M473I, p.M473R, p.N131N, p.N131S, p.P440H, p.Q73*, p.R251M, p.R378C, p.R390>?, p.R406Q, p.R442Q, p.R492T, p.R512W, p.R83C, p.S123*, p.S135Y, p.S182R, p.S266Y, p.T21A, p.T299N, p.T463A, p.T80T, p.V20I, p.V302V, p.V556M, p.Y109C, p.Y422H"
"MCRS1","Q96EZ8","microspherule protein 1","Chromatin Modellers","Component of NURD/Mi2/CHD Complex","Nucleus","PF13325, PF00498","0038313","c.1016_1017GG>AA, c.1034G>T, c.1042+1G>T, c.1087C>T, c.1091G>A, c.1103G>A, c.1121G>A, c.1125+1G>T, c.112G>C, c.1237G>A, c.1245C>A, c.1264C>T, c.1267C>T, c.1291C>T, c.1316G>A, c.1360G>A, c.136C>T, c.1389C>T, c.1402G>C, c.1406C>A, c.186C>A, c.197A>G, c.210C>T, c.217G>T, c.287G>A, c.340C>A, c.391C>T, c.539C>T, c.546G>T, c.676G>A, c.67G>C, c.842C>G, c.865_866insC, c.865_866insG, c.895G>C, c.8G>A, c.928C>G, c.928C>T, c.988C>T","p.?, p.A463A, p.A469D, p.D23H, p.D289fs*8, p.D299H, p.E226K, p.E38Q, p.E468Q, p.E73*, p.F415L, p.F70F, p.G364D, p.G413S, p.K66R, p.P114T, p.P431S, p.R131C, p.R182R, p.R310*, p.R310G, p.R330W, p.R363W, p.R368Q, p.R374H, p.R3H, p.R422*, p.R423W, p.R439H, p.R46*, p.R96H, p.S345I, p.S62S, p.T180I, p.T281R, p.V454I, p.W339>?"
"MECP2","P51608","Methyl-CpG-binding protein 2","NA","","NA","PF01429","0049847","c.1002A>G, c.1014C>A, c.1025C>T, c.1047C>A, c.1060C>T, c.1079C>T, c.121G>A, c.1259G>C, c.1309C>G, c.1316C>T, c.1327G>C, c.1346delA, c.1358G>T, c.1431C>T, c.148G>A, c.218C>T, c.250C>T, c.253C>T, c.254G>A, c.27G>T, c.359A>G, c.393C>G, c.419C>T, c.427G>A, c.438C>T, c.461A>G, c.50A>G, c.526C>T, c.593G>C, c.666C>T, c.755G>A, c.818G>T, c.82T>G, c.834C>T, c.870G>A, c.892G>T, c.894G>C, c.909C>G, c.911A>G, c.980C>A","p.A131A, p.A140V, p.A278A, p.A439V, p.A443P, p.A50T, p.A73V, p.D154G, p.D17G, p.E143K, p.E290E, p.E298*, p.E298D, p.F28V, p.G146G, p.G252D, p.G273V, p.G41S, p.I303M, p.K304R, p.K334K, p.K449fs*33, p.P176S, p.P342L, p.Q437E, p.R198T, p.R354C, p.R420T, p.R453L, p.R84W, p.R85C, p.R85H, p.R9S, p.S349R, p.S360L, p.S477S, p.T327N, p.T338T, p.V222V, p.Y120C"
"MGEA5","O60502","Bifunctional protein NCOAT","Histone Acetyl Transferases (HATs)","Type B Histone Acetyl Transferases","Nucleus and Cytoplasm","PF07555, PB000355, PB015148","0052139, 0049804","c.1075T>A, c.1121A>G, c.1196-1G>A, c.1321G>T, c.1345A>T, c.1391C>A, c.1470G>A, c.1504G>A, c.1564A>G, c.1718C>T, c.1756C>T, c.1898A>G, c.1955C>T, c.1990C>T, c.2023G>T, c.2090G>A, c.2143T>C, c.2200G>T, c.2224T>G, c.2273G>T, c.2286C>T, c.2325C>T, c.2387C>T, c.2453A>G, c.2453A>T, c.2476G>A, c.2504T>C, c.2522C>A, c.2537A>G, c.2553A>G, c.2584G>T, c.2620C>T, c.264G>T, c.2692G>T, c.2740C>T, c.388G>T, c.406G>A, c.429C>G, c.4G>T, c.577C>T, c.581C>T, c.628G>A, c.836A>T, c.909C>T, c.917G>A, c.940C>G, c.986C>T","p.?, p.A136T, p.A194V, p.A329V, p.A490A, p.A862S, p.D279V, p.D502N, p.D675Y, p.D846G, p.E130*, p.E210K, p.E734*, p.E818G, p.E818V, p.E826K, p.E898*, p.F835S, p.G441*, p.G697E, p.G758V, p.G775G, p.H193Y, p.I143M, p.L303L, p.L359I, p.L742V, p.L762L, p.N633S, p.P314A, p.P464H, p.P573L, p.R306Q, p.R586*, p.R664C, p.R874W, p.R914W, p.S522G, p.S652F, p.S796F, p.S841Y, p.T449S, p.V2L, p.V851V, p.W88C, p.Y374C, p.Y715H"
"MINA","Q8IUF8","Bifunctional lysine-specific demethylase and histidyl-hydroxylase MINA","Histone Demethylasess (HDMs)","Jumonji (JmjC family)","Nucleus","PF08007","NA","c.1018C>T, c.1019C>G, c.1020T>C, c.1025C>T, c.1147-1G>T, c.1153G>A, c.1164G>T, c.1235_1236delAG, c.1354G>A, c.1362C>A, c.1365C>T, c.1373_1390del18, c.1393T>C, c.141G>A, c.212C>A, c.243C>T, c.271A>T, c.29G>T, c.346G>T, c.369G>T, c.379G>T, c.402G>A, c.406C>T, c.523G>C, c.535delC, c.549C>T, c.61C>T, c.627C>G, c.631G>C, c.642G>A, c.809A>G, c.849C>T, c.850G>C, c.857T>C, c.859C>T, c.866G>A, c.86G>T","p.*465Q, p.?, p.A385T, p.D116Y, p.D127Y, p.D270G, p.D283D, p.E214E, p.E412fs*20, p.E458_V463delECLIQV, p.F81F, p.G175R, p.G289D, p.G29V, p.H179fs*48, p.K388N, p.L286S, p.L455L, p.P340P, p.P340R, p.P340S, p.P71H, p.Q123H, p.Q136*, p.Q21*, p.R287W, p.S10I, p.S342F, p.S454S, p.S47S, p.S91C, p.T134T, p.V183V, p.V211L, p.V284L, p.V452I, p.Y209*"
"MTA1","Q13330","Metastasis-associated protein MTA1","Chromatin Modellers","Component of NURD/Mi2/CHD Complex","Nucleus and Cytoplasm","PF01426, PF01448, PB017016, PB003763, PF00320, PB011869","0052261","c.1000G>A, c.1069C>G, c.1105G>A, c.1114G>A, c.1123G>T, c.112G>A, c.1139C>T, c.113_114insG, c.117G>T, c.1182G>C, c.1193C>T, c.1243C>T, c.1246C>T, c.1252G>A, c.1259G>C, c.1271G>T, c.1315G>C, c.133T>C, c.1353C>A, c.1427C>T, c.1471C>T, c.1607C>T, c.1691C>T, c.1706C>T, c.1804C>T, c.1828G>A, c.1850C>A, c.1898G>A, c.1944G>A, c.1956C>T, c.1972T>C, c.2034G>C, c.212C>T, c.2143G>T, c.225delG, c.268C>A, c.33C>T, c.34G>A, c.355G>A, c.36C>G, c.403G>A, c.427C>T, c.602C>T, c.603G>A, c.630C>T, c.653G>T, c.701G>A, c.723C>T, c.730G>C, c.772C>T, c.883C>A, c.888C>T, c.909T>A, c.943-2A>G, c.97-1G>C, c.978C>A","p.?, p.A119T, p.A201A, p.A201V, p.A244P, p.A418T, p.A536V, p.A569V, p.A71V, p.C420S, p.D334N, p.D652D, p.D715Y, p.D76fs*8, p.E135K, p.E394D, p.E39D, p.E39fs*32, p.E439Q, p.F296F, p.F45L, p.F658L, p.G375C, p.G610R, p.H451Q, p.I210I, p.K678N, p.L258F, p.L295I, p.L416F, p.M648I, p.P357A, p.P602S, p.P617Q, p.P90T, p.R143W, p.R218L, p.R234Q, p.R415C, p.R491C, p.R633H, p.S241S, p.T380M, p.T398I, p.T476M, p.T564M, p.V12I, p.V12V, p.V369I, p.V372I, p.V38M, p.W424L, p.Y11Y, p.Y303*, p.Y326*"
"MTA2","O94776","Metastasis-associated protein MTA2","Chromatin Modellers","Component of NURD/Mi2/CHD Complex","Nucleus","PF01426, PF01448, PB017016, PB003763, PF00320, PB011869","0052261, 0045592, 0048088","c.1017-1G>A, c.1068G>A, c.1142G>A, c.1151C>G, c.122A>C, c.1232A>G, c.1255-2A>G, c.1298G>A, c.1321G>A, c.1375A>G, c.1382T>C, c.139C>T, c.1409G>T, c.1442G>A, c.1453C>T, c.1463C>T, c.1493G>A, c.1507G>A, c.1567G>T, c.1664_1665insG, c.1678C>T, c.1746G>C, c.1782G>A, c.1843G>C, c.1846C>A, c.1850G>A, c.1936C>T, c.1994T>A, c.222G>C, c.256C>A, c.299C>T, c.307C>T, c.311G>A, c.325A>G, c.337G>T, c.339G>T, c.373G>T, c.406G>A, c.421C>T, c.435C>T, c.479G>A, c.534C>T, c.656A>C, c.694-1G>C, c.790G>A, c.809C>T, c.82G>C, c.848A>G, c.866A>G, c.910G>T","p.?, p.A270V, p.A441T, p.A488V, p.A503T, p.A615P, p.D125Y, p.D289G, p.D523Y, p.E113*, p.E113D, p.E264K, p.E28Q, p.E411G, p.G104E, p.G145G, p.G582G, p.G74G, p.H219P, p.I556fs*8, p.K41T, p.L141F, p.L461P, p.L616I, p.M356I, p.P384R, p.P485S, p.Q594Q, p.R103W, p.R160H, p.R470M, p.R47W, p.R481Q, p.R498Q, p.R560W, p.R617Q, p.R646W, p.R86R, p.S433N, p.T100I, p.T109A, p.T459A, p.V136M, p.V178V, p.V304F, p.V665D, p.W381*, p.Y283C"
"MTA3","Q9BTC8","Metastasis-associated protein MTA3","Chromatin Modellers","Component of NURD/Mi2/CHD Complex","Nucleus","PF01426, PF01448, PB017016, PB003763, PF00320, PB011869","0052261, 0048088, 0045592","c.1039C>T, c.1052C>T, c.1083T>C, c.108C>T, c.1098C>G, c.1106A>T, c.1113G>A, c.1130G>A, c.1156C>T, c.1215T>G, c.1275G>T, c.1300G>C, c.1374A>G, c.143G>A, c.1441C>G, c.1457C>G, c.1468C>T, c.1525+8G>T, c.235A>G, c.273C>G, c.405C>G, c.409G>A, c.417A>G, c.477C>T, c.496G>C, c.53C>A, c.552A>T, c.557delG, c.55A>G, c.579T>C, c.709G>A, c.729A>C, c.735C>T, c.752C>A, c.816A>T, c.851delA, c.918_919insA, c.922G>C, c.994A>T","p.?, p.A237T, p.A251D, p.D137N, p.D159D, p.E166Q, p.E308Q, p.E425D, p.E434Q, p.G36G, p.I193I, p.I307fs*2, p.I405M, p.K285fs*19, p.L91L, p.N361N, p.P184P, p.P347S, p.P458P, p.Q369L, p.Q371Q, p.Q386*, p.Q481E, p.R243S, p.R377K, p.R48Q, p.R490W, p.S139S, p.S186fs*12, p.S18Y, p.S19G, p.S245S, p.S272S, p.S332C, p.S351F, p.T366T, p.T486S, p.T79A, p.V135V"
"NAT10","Q9H0A0","N-acetyltransferase 10","Histone Acetyl Transferases (HATs)","Type B Histone Acetyl Transferases","Nucleus","PB011700, PF08351, PF05127, PF13718, PF13725","NA","c.1039C>A, c.1084C>T, c.1253G>T, c.1271C>T, c.1306G>A, c.1349C>T, c.1354G>A, c.1529T>C, c.1539T>C, c.154C>T, c.1599C>T, c.1684C>T, c.1710T>C, c.1735-6_1735-5CC>TT, c.1744G>A, c.1760G>A, c.188T>C, c.1990_1991CT>TC, c.2026G>A, c.2032G>T, c.2036G>A, c.2052C>T, c.2054T>C, c.2077C>T, c.210G>T, c.2110G>A, c.2179G>T, c.2224G>A, c.2233T>G, c.2253G>T, c.2254C>T, c.2266G>T, c.2321G>T, c.2340C>T, c.2392A>T, c.2428C>T, c.2530G>A, c.2540G>A, c.2544C>G, c.2551C>G, c.2588A>T, c.25C>T, c.2709G>A, c.2738C>A, c.2797C>T, c.2811+5G>T, c.2863C>A, c.2888A>G, c.2942C>T, c.2982G>A, c.3032G>C, c.3032G>T, c.3042G>T, c.3068G>A, c.3073A>G, c.308G>A, c.336G>A, c.454C>T, c.54A>G, c.605A>G, c.612C>G, c.61C>T, c.633C>T, c.637G>A, c.682C>G, c.68G>T, c.709G>T, c.753G>T, c.822G>T, c.828G>A, c.907G>T, c.908C>T, c.94C>T, c.999G>C","p.?, p.A303S, p.A303V, p.A436T, p.A452T, p.A844T, p.A913D, p.D202G, p.D513D, p.D756Y, p.E237*, p.E582K, p.E676K, p.E704K, p.G418V, p.G727*, p.G742R, p.I685T, p.I848M, p.K1014N, p.K1025E, p.K112K, p.K274N, p.K70N, p.L204L, p.L228V, p.L251F, p.L276L, p.L333L, p.L347I, p.L570L, p.L63P, p.L664>?, p.L752F, p.L851V, p.L933F, p.L955M, p.P562S, p.P693S, p.P981L, p.Q863L, p.R1011I, p.R1011T, p.R1023Q, p.R103H, p.R152W, p.R21W, p.R23I, p.R32*, p.R362*, p.R52W, p.R587H, p.R774L, p.R798W, p.R810W, p.R847H, p.R9*, p.R994R, p.S211S, p.S424F, p.S679N, p.S745A, p.S780S, p.T450M, p.T751T, p.V18V, p.V213I, p.V510A, p.V678F, p.V684V, p.V903V, p.Y533Y, p.Y963C"
"NCOA1","Q15788","Nuclear receptor coactivator 1","Histone Acetyl Transferases (HATs)","Type B Histone Acetyl Transferases","Nucleus","PF00989, PF14598, PF08832, PF08815, PB010879, PF07469, PF07469","0048579, 0053766, 0048579, 0038629","c.1018G>A, c.1054C>T, c.1067C>T, c.1068T>C, c.1102C>T, c.1117C>T, c.1130C>A, c.113A>G, c.1153C>A, c.1170C>T, c.118A>C, c.122A>C, c.1259G>A, c.1283G>A, c.1331C>G, c.1355A>G, c.1395T>A, c.1421C>A, c.1442T>C, c.1458C>T, c.1475A>T, c.1538C>T, c.157A>G, c.1582A>G, c.1664C>G, c.1684A>G, c.1758A>G, c.1761G>T, c.1769C>G, c.1800C>G, c.184G>T, c.1853G>T, c.189A>C, c.1948A>G, c.1984G>T, c.2003C>T, c.2045C>T, c.2064A>C, c.2074C>T, c.2079_2080CT>TC, c.2088G>T, c.2092A>C, c.218C>T, c.2227T>G, c.2270A>C, c.2271G>T, c.2274A>C, c.2296C>A, c.2298G>C, c.2304G>T, c.2323G>C, c.2465A>G, c.2474C>T, c.2481G>A, c.2509G>T, c.2517G>A, c.252A>G, c.253C>T, c.2570C>T, c.2586T>C, c.2588C>T, c.2599_splice, c.2606C>A, c.2659G>A, c.2659G>C, c.2668C>T, c.2692G>A, c.2697A>G, c.26C>T, c.2712A>T, c.2713G>A, c.2725A>C, c.2728A>G, c.2736A>G, c.2743G>T, c.2753G>A, c.2754T>C, c.277G>A, c.2797C>A, c.2879T>C, c.2887_splice, c.2888G>T, c.2894G>A, c.2899G>A, c.2911G>C, c.291A>G, c.2936C>T, c.2946G>A, c.3045A>C, c.3059C>A, c.3086G>A, c.3143C>T, c.3144G>A, c.3163C>T, c.3217C>T, c.321A>G, c.3226A>G, c.333C>A, c.3364C>T, c.337G>T, c.3392G>C, c.346C>A, c.354+2T>C, c.3558G>A, c.3602G>A, c.3625A>G, c.3715C>T, c.3724G>A, c.3751C>A, c.3797C>A, c.3824C>T, c.3866C>T, c.3891T>A, c.3914C>T, c.391G>T, c.3987G>T, c.3995A>G, c.4044G>T, c.4060G>C, c.4066-1G>C, c.4069A>C, c.4077C>G, c.409T>G, c.4117T>C, c.412G>C, c.4137_4138delAG, c.4147_4148GG>TT, c.4164A>G, c.4184A>T, c.4212C>T, c.4216G>T, c.4263G>A, c.4265C>T, c.4321G>A, c.466G>A, c.483C>A, c.565C>T, c.574A>G, c.611C>A, c.65C>T, c.67C>T, c.76A>C, c.770C>T, c.771G>A, c.836C>T, c.841A>G, c.871T>G, c.896T>G, c.898T>G, c.907C>G, c.909G>T, c.917A>G, c.92C>T, c.986G>A","p.(=), p.?, p.A1289V, p.A340T, p.A825V, p.A839A, p.A857V, p.A898T, p.C918C, p.C918Y, p.D1395V, p.D1406Y, p.D837Y, p.D887H, p.D887N, p.D93N, p.D967N, p.E1242K, p.E1354Q, p.E1380fs*15, p.E138Q, p.E1441K, p.E306G, p.E587D, p.E696D, p.E757A, p.E757D, p.E822G, p.E84E, p.E905K, p.E915*, p.E971Q, p.F299C, p.F300V, p.F486F, p.G113*, p.G131W, p.G1383L, p.G1404G, p.G662C, p.G963V, p.G963_splice, p.G965E, p.H161Q, p.H368Y, p.I1076V, p.I107M, p.I481T, p.I650V, p.I899M, p.I909L, p.K1015N, p.K41T, p.K586K, p.K63N, p.K688N, p.K758N, p.L116I, p.L291V, p.L766L, p.L766M, p.L768L, p.L827L, p.L933I, p.L960P, p.L982L, p.M1209V, p.M1348I, p.N1332S, p.N1357H, p.N40H, p.N452S, p.N528D, p.N53D, p.N600K, p.P1048L, p.P1048P, p.P1186P, p.P1239S, p.P1251T, p.P1359P, p.P204Q, p.P23S, p.P352S, p.P356L, p.P356P, p.P373S, p.P869H, p.P890S, p.Q1329H, p.Q1388Q, p.Q303E, p.Q303H, p.Q38R, p.Q492L, p.Q85*, p.Q912Q, p.R1029Q, p.R1055*, p.R1073W, p.R1122*, p.R1131T, p.R1201H, p.R189*, p.R281G, p.R329K, p.R385R, p.R420H, p.R562G, p.R618I, p.R692W, p.R867_splice, p.S111S, p.S1266Y, p.S1275F, p.S1297R, p.S1373P, p.S137A, p.S1422L, p.S192G, p.S22L, p.S279F, p.S428N, p.S444*, p.S465R, p.S474Y, p.S513L, p.S555C, p.S590*, p.S668F, p.S682L, p.S698R, p.S743A, p.S863F, p.S904S, p.S910G, p.S97S, p.S9F, p.T1020K, p.T1305M, p.T1421T, p.T257M, p.T257T, p.T26P, p.T31M, p.T377N, p.T73I, p.T862T, p.T979M, p.V156I, p.V390V, p.V62L, p.V775L"
"NCOA3","Q9Y6Q9","Nuclear receptor coactivator 3","Histone Acetyl Transferases (HATs)","Type B Histone Acetyl Transferases","Nucleus and Cytoplasm","PF00989, PF14598, PB009106, PF08832, PB014009, PF08815, PB010879","0053766, 0048579, 0048579, 0035101","c.1058G>T, c.1076A>T, c.107G>A, c.1110G>C, c.1112+7A>T, c.1114G>T, c.1132C>T, c.1160T>C, c.1210T>C, c.122A>G, c.1234C>G, c.1285A>C, c.1323A>G, c.1373A>C, c.1385delA, c.1395delC, c.1401A>C, c.1453C>T, c.1496C>A, c.1496C>T, c.1497T>C, c.1522G>A, c.1560C>A, c.1563_1564delCT, c.1601G>A, c.1616C>T, c.1625C>T, c.1643T>G, c.1655C>T, c.1696G>T, c.1698T>C, c.1711C>T, c.1778T>A, c.1813G>T, c.1816G>T, c.1835C>A, c.1855_1855delA, c.1921C>T, c.1931C>G, c.1970C>T, c.2023G>T, c.2066T>C, c.208G>A, c.20A>G, c.210G>A, c.2110G>A, c.212delT, c.2154C>T, c.2178G>T, c.221A>C, c.2222T>C, c.226G>T, c.2338G>C, c.234_235GA>AT, c.2410C>T, c.241C>A, c.2429C>T, c.2517G>A, c.256+2T>C, c.2561G>A, c.256_splice, c.2673G>A, c.2677G>C, c.2701A>C, c.2759G>A, c.2768C>A, c.2786G>T, c.279T>C, c.2808C>G, c.2828G>A, c.2872A>G, c.2983G>A, c.3047C>G, c.3082C>T, c.3100C>A, c.3148G>A, c.3178C>T, c.3212A>C, c.3272A>C, c.3313G>A, c.3335G>T, c.3357G>A, c.3370G>T, c.3379C>T, c.3389_3413del25, c.3417G>A, c.347T>G, c.3492A>T, c.3512G>T, c.3565C>G, c.3568G>T, c.3569C>A, c.3593C>G, c.3594T>A, c.3595_3596insCTG, c.3611C>T, c.3632A>T, c.3676G>A, c.3733_3735delATG, c.3741_3749delGCAGCAGCA, c.3756G>A, c.3757_3762delCAGCAA, c.3759G>A, c.3760_3762delCAA, c.3762A>G, c.3763_3765delCAG, c.3763_3777delCAGCAGCAGCAGCAG, c.3765G>A, c.3771G>A, c.3783G>A, c.3784_3792delCAGCAGCAA, c.3786G>A, c.3786_3787insCAA, c.3787_3792delCAGCAA, c.3789G>A, c.3790_3792delCAA, c.3790_3804delCAACAGCAACAGCAA, c.3792A>G, c.3799C>G, c.3801G>T, c.3805_3813delCAGCAACAG, c.3840C>T, c.3881G>A, c.3889G>C, c.3910G>A, c.3938C>A, c.4010C>T, c.4016G>T, c.4057G>T, c.4084A>G, c.4140G>A, c.4140G>T, c.4172G>A, c.4213A>G, c.426A>T, c.436C>T, c.438A>G, c.487G>A, c.493G>A, c.493G>T, c.526T>C, c.52C>T, c.552A>G, c.56A>G, c.580A>C, c.625G>A, c.637G>A, c.644C>T, c.774A>T, c.781C>T, c.857G>A, c.857_858insA, c.864C>T, c.930G>A, c.949C>T, c.955T>G, c.977G>A, c.981T>C, c.989_989delC, c.993A>G, c.995T>C, c.996A>G","p.1276_1277insQ, p.?, p.A1190E, p.A1190S, p.A1200_G1201insA, p.A1204V, p.A1297P, p.A1304T, p.A1353S, p.A213T, p.A508T, p.A606S, p.A70A, p.A70T, p.A995T, p.D1105N, p.D165N, p.D165Y, p.D359V, p.D566D, p.D566Y, p.D718D, p.D893H, p.D93D, p.E1050K, p.E1071A, p.E163K, p.E209K, p.E372*, p.E41G, p.E704K, p.E74A, p.E780Q, p.F1280F, p.G1112V, p.G1119G, p.G1124*, p.G1294E, p.G310G, p.G326D, p.G534E, p.G605W, p.G675W, p.G86_splice, p.G943E, p.H1127Y, p.H327H, p.I387T, p.I79L, p.I958V, p.K1091T, p.K19R, p.K619fs, p.L1034M, p.L1060F, p.L116R, p.L548W, p.L571L, p.L593H, p.L689P, p.L72fs*1, p.L741P, p.L804F, p.L839L, p.M1139I, p.M1247delM, p.M1362V, p.M1405V, p.M891I, p.N458T, p.N462fs*2, p.N7S, p.N936K, p.P1028S, p.P1198P, p.P1198R, p.P1313Q, p.P215L, p.P261S, p.P331P, p.P378S, p.P412A, p.P467P, p.P467fs*15, p.P499H, p.P499L, p.P499P, p.P552L, p.P612H, p.P641S, p.P923Q, p.Q1131fs*1, p.Q1189E, p.Q1211L, p.Q1252Q, p.Q1253Q, p.Q1254Q, p.Q1254delQ, p.Q1255Q, p.Q1255delQ, p.Q1257Q, p.Q1261Q, p.Q1262Q, p.Q1263Q, p.Q1264Q, p.Q1267E, p.Q1267H, p.Q1274_Q1276delQQQ, p.Q1276del, p.Q1380H, p.Q1380Q, p.Q146*, p.Q146Q, p.Q370H, p.Q726H, p.Q81K, p.QQ1275del, p.QQQ1272del, p.QQQ1274del, p.QQQQQ1269del, p.QQQQQ1270del, p.R1171I, p.R1339I, p.R18C, p.R258S, p.R286K, p.R317C, p.R353L, p.R36Q, p.R485C, p.R854Q, p.R929I, p.S1016C, p.S1337L, p.S1391N, p.S176P, p.S287fs*8, p.S288S, p.S404P, p.S429R, p.S441S, p.S520R, p.S521fs, p.S539F, p.S542L, p.S644*, p.S657F, p.S810F, p.S901R, p.T1164T, p.T142T, p.T184T, p.T194P, p.T330fs, p.V1226I, p.V332A, p.V332V, p.V76L, p.W920*, p.Y319D"
"NFRKB","Q6P4R8","Nuclear factor related to kappa-B-binding protein","Chromatin Modellers","INO80 Complex","Nucleus","PF14465, PB018306","NA","c.1007delA, c.104G>A, c.1081_1082CC>TT, c.109C>T, c.1105G>A, c.1153G>A, c.1158-10C>T, c.1224A>G, c.1299G>A, c.1302A>T, c.135A>G, c.1391G>C, c.1428C>A, c.144A>C, c.1515G>A, c.1577T>C, c.1582C>T, c.1607G>A, c.1626G>T, c.1632G>A, c.169G>T, c.1730G>A, c.1766G>T, c.1770G>T, c.1804G>A, c.1805T>C, c.180G>T, c.1825C>T, c.1831G>A, c.1835C>T, c.1912G>C, c.1922G>A, c.1929+7C>T, c.1940T>A, c.1982C>T, c.2005C>T, c.2028T>C, c.2037G>A, c.2112delA, c.2142T>C, c.2180C>G, c.2297C>T, c.2313C>T, c.2373A>G, c.2440G>A, c.2557C>T, c.2630_2631insCAGT, c.2724T>C, c.2774C>T, c.2910C>T, c.2932T>C, c.3163A>G, c.3168C>T, c.321T>G, c.3220A>C, c.3244G>T, c.3270C>T, c.3335C>T, c.3346G>A, c.3439G>C, c.3440G>A, c.3448C>T, c.3487G>A, c.3512C>A, c.3546A>T, c.3547G>T, c.3558C>T, c.355A>T, c.3641_3642delCT, c.3665G>A, c.3714C>A, c.372C>A, c.3823C>T, c.3853C>T, c.3908C>T, c.43G>A, c.505-1G>T, c.524G>T, c.599G>A, c.610C>T, c.680-8G>C, c.735G>A, c.748C>T, c.749G>A, c.76G>C, c.776G>T, c.800C>T, c.817G>A, c.817G>T, c.900G>A, c.908T>G","p.?, p.A1056A, p.A1082S, p.A369T, p.A611T, p.A612V, p.A814T, p.D15N, p.D273N, p.D273Y, p.D638H, p.E26Q, p.E385K, p.E505E, p.E542D, p.E57*, p.E590D, p.E60D, p.F124L, p.F476L, p.F970F, p.G1090G, p.G1147E, p.G1147R, p.G1183*, p.G1222D, p.G35D, p.G45G, p.G577D, p.H1150Y, p.H676H, p.I119F, p.K1074Q, p.K336fs*13, p.K704fs*8, p.L1275F, p.L303W, p.L408L, p.L978L, p.M878fs*40, p.N1238K, p.P245P, p.P300P, p.P361L, p.P434P, p.P661L, p.P727R, p.P853S, p.P908P, p.R1285C, p.R175L, p.R200Q, p.R204C, p.R250C, p.R250H, p.R259L, p.R37C, p.R464P, p.R48S, p.R528W, p.R536H, p.R544R, p.R589L, p.R609W, p.R669*, p.R679R, p.S1055G, p.S107R, p.S1171Y, p.S1214fs*42, p.S1303F, p.S433S, p.S641N, p.S714S, p.S766L, p.S771S, p.S791S, p.S925F, p.T1112M, p.T1182T, p.T1186T, p.T267M, p.V1116M, p.V1163M, p.V526A, p.V602A, p.V602I, p.V647E"
"NSD1","Q96L73","Histone-lysine N-methyltransferase,  H3 lysine-36 and H4 lysine-20 specific","Histone Methyl Transferases (HMTs)","Lysine Methyl Transferases (KMT)","Nucleus and Chromosome","PF00855, PB007228, PB019816, PF00628, PF00855, PF00856, PB007563, PB002825","0048228, 0047802, 0047119, 0050474, 0050473, 0050473","c.1001G>A, c.1019G>T, c.1025G>A, c.111C>A, c.1176C>T, c.11C>A, c.1236+2T>C, c.1290G>A, c.12C>T, c.1319G>A, c.1446T>C, c.1452A>G, c.1457C>G, c.1471G>A, c.1483G>A, c.1492C>T, c.1544A>T, c.1589C>T, c.1618G>T, c.1634C>T, c.1641C>T, c.1766C>G, c.1810C>T, c.1832G>T, c.1837C>A, c.1895G>A, c.1925C>T, c.1954A>G, c.1964G>A, c.1968_1969delAG, c.1990G>A, c.2007C>T, c.2015C>T, c.2016A>T, c.2049G>A, c.205T>C, c.2105C>A, c.2170G>A, c.2183T>C, c.2203G>A, c.2254_2254delT, c.2297C>T, c.2418A>C, c.2428T>C, c.2445C>T, c.2503G>T, c.2517G>A, c.252A>G, c.2551G>C, c.2554A>T, c.255G>A, c.2620G>T, c.2717A>C, c.2796C>G, c.2802C>A, c.2821C>T, c.2822G>A, c.2850A>G, c.2851G>T, c.2903A>G, c.290T>A, c.2919G>C, c.2944_2944delG, c.295G>A, c.2981C>T, c.2989G>T, c.29G>T, c.3010G>T, c.3032G>C, c.3043_3044delTG, c.3055C>T, c.3058A>G, c.3091C>T, c.3100T>G, c.3108C>G, c.3161G>C, c.3187A>G, c.3196G>T, c.3197C>T, c.3205C>T, c.3286C>T, c.3331G>T, c.3363A>C, c.3366T>G, c.3380T>G, c.3388G>C, c.339C>T, c.3430G>A, c.3468_3469insA, c.3484C>T, c.3512G>A, c.3535G>T, c.3564G>C, c.3598C>T, c.3639A>G, c.3697C>T, c.3698delG, c.3706G>A, c.3742G>A, c.3747G>T, c.3810G>T, c.3817C>T, c.3835A>C, c.3920A>C, c.3959G>A, c.3965G>A, c.4001C>A, c.4085G>C, c.4163A>C, c.4187C>T, c.4189C>G, c.4192+1G>T, c.4289G>C, c.4328A>G, c.434C>T, c.4366G>T, c.4411C>T, c.4412G>A, c.4421A>C, c.4450_4450delA, c.4467T>C, c.4497G>T, c.4552G>T, c.4569C>T, c.4585delA, c.4603C>T, c.460G>C, c.4621C>G, c.4642-1G>C, c.4707G>T, c.4760G>A, c.4766_splice, c.4774A>G, c.4781T>G, c.4849G>T, c.4856G>A, c.4871C>A, c.4878T>G, c.4919G>C, c.4961C>G, c.4966+2T>C, c.4966G>T, c.4978C>T, c.5014G>T, c.5027C>A, c.5028T>C, c.5036C>G, c.5043C>A, c.5130C>A, c.5139C>T, c.5145A>G, c.5171C>G, c.5177C>A, c.5177C>T, c.5238T>G, c.5254delA, c.5319G>C, c.5332C>T, c.5356_5360delAAGAT, c.5369A>G, c.5392_5392delT, c.5423A>G, c.5432G>A, c.5458G>A, c.5502_5503insA, c.5532G>C, c.5604A>G, c.5617A>G, c.5668T>C, c.5691T>G, c.5692A>T, c.5719A>G, c.5740C>T, c.5785G>T, c.578G>A, c.5818C>A, c.5854C>T, c.5856G>T, c.5887delA, c.5900T>G, c.5910G>C, c.5912A>G, c.5918G>A, c.5951G>A, c.5951G>T, c.5956C>T, c.5957G>A, c.5982T>G, c.5996_5997TC>GT, c.6020T>C, c.6022G>A, c.6032C>T, c.6050G>A, c.605G>A, c.6085A>G, c.6116G>A, c.6118G>A, c.611A>G, c.6152-2A>C, c.6187C>G, c.6199A>G, c.6224C>A, c.6259-1G>C, c.6298_6300delAAG, c.6336A>G, c.6371G>A, c.6380C>T, c.641C>T, c.6430G>A, c.6430G>T, c.6519_6521delCTT, c.6542C>G, c.6542C>T, c.6560G>C, c.6576C>T, c.6588_6589GG>AA, c.6595C>T, c.6603T>A, c.6620C>A, c.6653T>C, c.6679C>T, c.6700A>G, c.6738G>T, c.6794C>T, c.6795C>T, c.6803C>T, c.6817T>G, c.6850G>C, c.6879A>G, c.6898G>A, c.6999C>A, c.7033G>T, c.7055G>T, c.709delA, c.7104C>G, c.7130A>C, c.7224C>T, c.722G>T, c.7258C>T, c.7259C>G, c.7260T>C, c.7280C>T, c.729A>G, c.7317G>A, c.7322C>T, c.7332G>A, c.7337C>A, c.7391G>A, c.7443G>A, c.7487G>A, c.7489C>A, c.7523G>A, c.757C>A, c.7607C>T, c.7735C>G, c.7769C>T, c.7852G>A, c.7875G>T, c.7897C>T, c.7900G>T, c.7908C>G, c.7980G>A, c.812T>C, c.816C>T, c.820A>C, c.959A>G, c.97G>A","p.?, p.A1036A, p.A1066S, p.A1066V, p.A1676A, p.A1676D, p.A1837fs*10, p.A2127V, p.A2144S, p.A2144T, p.A2268V, p.A2300T, p.A2368A, p.A2427V, p.A2536V, p.A2634S, p.A495T, p.A547A, p.A735T, p.C1015fs, p.C113C, p.C1619Y, p.C1640S, p.C1710*, p.C1713C, p.C1897W, p.C193Y, p.C2124Y, p.C2273G, p.C2508Y, p.C342Y, p.C810R, p.C815C, p.D1004Y, p.D1111Y, p.D1456Y, p.D1489D, p.D1672Y, p.D1790G, p.D2008N, p.D2197N, p.D2408D, p.D482D, p.D851H, p.D99N, p.E1130Q, p.E1144K, p.E1179*, p.E1248K, p.E1270D, p.E1388A, p.E1499D, p.E154Q, p.E1569D, p.E1617*, p.E1715E, p.E1773D, p.E1970D, p.E2112E, p.E2284Q, p.E243E, p.E2481E, p.E484E, p.E491K, p.E657fs*2, p.E664K, p.E724K, p.E85E, p.E874*, p.F1034V, p.F1594C, p.F1798fs, p.F1967C, p.F2174del, p.F2192F, p.F392F, p.F669F, p.F97Y, p.G1362A, p.G1430A, p.G1518C, p.G1589_splice, p.G1656C, p.G1929W, p.G1973D, p.G202D, p.G2496D, p.G33S, p.G540W, p.G835C, p.G951*, p.G982fs, p.G997C, p.H1096Y, p.H1808R, p.H515L, p.I1122M, p.I1213M, p.I1681I, p.I1873V, p.I1907V, p.I2007T, p.I2218T, p.I274L, p.I652V, p.I806I, p.I852L, p.K1121N, p.K1249N, p.K1279Q, p.K1307T, p.K1484fs, p.K1753fs*10, p.K1786fs*3, p.K1898*, p.K1964fs*5, p.K204R, p.K2067E, p.K2102delK, p.K2377T, p.K320R, p.K683K, p.K906T, p.K968R, p.L1127R, p.L1234fs*1, p.L1541V, p.L1999R, p.L2063V, p.L2293L, p.L2439L, p.L2497M, p.L253I, p.L2636L, p.L271S, p.L613M, p.L839L, p.M1531fs*43, p.N1020D, p.N1443S, p.N1746K, p.N238fs*23, p.N272N, p.N932K, p.P1397A, p.P1523P, p.P1624Q, p.P1726H, p.P1726L, p.P1868P, p.P2011L, p.P2075Q, p.P2207H, p.P2227S, p.P2333P, p.P2420P, p.P2420R, p.P2420S, p.P2441L, p.P2590L, p.P530L, p.P702H, p.Q1069*, p.Q1474P, p.Q1940K, p.Q2246H, p.Q2444Q, p.Q2579E, p.Q2660Q, p.Q430Q, p.Q973H, p.R1019C, p.R1031*, p.R1054T, p.R10I, p.R1159fs*11, p.R1162C, p.R1171H, p.R1188S, p.R1200W, p.R1233W, p.R1273C, p.R1320Q, p.R1322Q, p.R1471*, p.R1471Q, p.R1535C, p.R1587H, p.R1660C, p.R1778*, p.R1811Q, p.R1844S, p.R1914C, p.R1952R, p.R1952W, p.R1984L, p.R1984Q, p.R1986C, p.R1986H, p.R2017Q, p.R2039H, p.R2187P, p.R2199C, p.R2352I, p.R241I, p.R2464H, p.R2633W, p.R334H, p.R340M, p.R440Q, p.R498*, p.R604*, p.R611L, p.R632Q, p.R941C, p.R941H, p.S1011T, p.S1334Y, p.S1654C, p.S1679*, p.S1724C, p.S1890P, p.S2181C, p.S2181F, p.S2201S, p.S2265F, p.S2265S, p.S37S, p.S486C, p.S589C, p.S642F, p.S655N, p.S752fs, p.S766L, p.S994F, p.T1063A, p.T1396M, p.T145I, p.T1592A, p.T1626T, p.T1994T, p.T2029A, p.T214I, p.T2234A, p.T2446N, p.T4N, p.T4T, p.T545M, p.T672I, p.T672T, p.V1236I, p.V1820M, p.V2040I, p.V2345F, p.V2618I, p.V728A, p.V84V, p.V934V, p.V950V, p.W2625C, p.Y1971C, p.Y69H"
"PHF2","O75151","Lysine-specific demethylase PHF2","Histone Demethylasess (HDMs)","Jumonji (JmjC family)","Nucleus ","PB003779, PF00628, PF02373, PB018122, PB003847","0047105, 0050470","c.1000G>A, c.1084C>G, c.1087T>C, c.110T>C, c.1196C>A, c.1204C>A, c.1261G>C, c.1327G>T, c.1329+1G>A, c.1330-1G>A, c.1345G>A, c.1353G>A, c.1368C>T, c.136G>A, c.1415C>T, c.1419G>A, c.141A>T, c.1468delA, c.1477A>G, c.1498C>A, c.1524C>A, c.1559C>T, c.159T>C, c.1613C>A, c.1616C>T, c.1645G>A, c.1699G>A, c.170A>G, c.1724C>T, c.1726delA, c.1740T>G, c.1774C>T, c.185T>C, c.1883C>T, c.1901A>C, c.1950C>G, c.1977C>T, c.1981G>A, c.2080A>T, c.2088G>C, c.2099C>T, c.209A>G, c.2193T>C, c.2281G>A, c.2303T>G, c.2401A>G, c.2436G>T, c.2459C>T, c.2488G>A, c.2545G>A, c.2562C>T, c.2563G>A, c.2610C>T, c.2614G>A, c.2620G>A, c.2667T>C, c.2676G>T, c.2682G>T, c.2683delA, c.2700C>T, c.2730C>T, c.2736A>G, c.2764C>T, c.2800C>T, c.281G>A, c.2833-3A>G, c.2850_2851insA, c.2850_2851insAA, c.2899T>G, c.2949A>T, c.2961C>A, c.2961_2962ins15, c.2963_2964ins15, c.296C>T, c.2986A>T, c.3038C>T, c.304G>A, c.3089G>A, c.310G>C, c.3118A>G, c.3161G>A, c.3162G>T, c.3240G>A, c.324G>A, c.325C>T, c.372C>T, c.386T>C, c.443A>G, c.448G>A, c.548G>A, c.549C>T, c.573C>T, c.615C>T, c.639G>T, c.720C>T, c.824C>T, c.833T>C, c.837C>G, c.848G>A, c.849C>A, c.851G>T, c.854G>A, c.936C>T, c.952+10G>T, c.996C>T","p.?, p.A399D, p.A538D, p.A567T, p.A628V, p.A661T, p.A761T, p.A820V, p.A830T, p.A849T, p.C240C, p.C53C, p.D148G, p.D46N, p.D731D, p.D855N, p.D872N, p.D874N, p.D900D, p.E102K, p.E150K, p.E421Q, p.E443*, p.E549K, p.F205F, p.F332F, p.F363L, p.F659F, p.F870F, p.F889F, p.G1030D, p.G334R, p.H57R, p.I278T, p.I47I, p.K213N, p.K492fs*6, p.K634T, p.K696N, p.K70R, p.K894N, p.L402I, p.L62S, p.L650L, p.L768R, p.L934L, p.M801V, p.N191N, p.N576fs*39, p.P1013L, p.P109S, p.P451P, p.P472L, p.P473P, p.P500T, p.P508P, p.P575L, p.P700L, p.P912P, p.P983P, p.P99L, p.Q1080Q, p.Q362E, p.Q812H, p.R1054Q, p.R1054R, p.R283H, p.R283R, p.R285Q, p.R592*, p.R694W, p.R892R, p.R896fs*64, p.R922C, p.R94Q, p.S183N, p.S183S, p.S275L, p.S279S, p.S539L, p.S954fs*7, p.S954fs*9, p.S967A, p.T1040A, p.T124T, p.T312T, p.T493A, p.T520M, p.T987T, p.T987_P988insPASTT, p.T996S, p.T996_S997insTPAST, p.V104L, p.V108V, p.V129A, p.V37A, p.V449I, p.V456V, p.V580V, p.V854V, p.V910V, p.W284L"
"PHF8","Q9UPP1","Histone lysine demethylase PHF8","Histone Demethylasess (HDMs)","Jumonji (JmjC family)","Nucleus","PB003779, PF00628, PF02373, PB018122, PB005629, PB003847","0047105, 0050470","c.1003_1004delTT, c.1029G>T, c.102T>C, c.1092T>G, c.1126C>A, c.1140C>T, c.1141G>A, c.1141G>C, c.1148G>A, c.1231G>A, c.1246C>T, c.1260C>T, c.1279G>A, c.1337A>G, c.1465G>A, c.1537G>A, c.160G>T, c.1626+1G>A, c.1660G>T, c.1666G>T, c.1708G>T, c.1732A>G, c.1733C>T, c.1834G>C, c.1897A>G, c.1918C>T, c.196C>T, c.2011G>C, c.2020A>T, c.2046T>C, c.2071A>G, c.2080C>A, c.2083C>T, c.2090C>T, c.2108delG, c.2130C>T, c.2222C>G, c.2318G>A, c.2357G>T, c.2358G>C, c.2365G>A, c.2444-1C>T, c.2444-1G>A, c.2524C>A, c.2576C>T, c.2593C>T, c.2667A>C, c.267A>G, c.2700G>A, c.2746A>T, c.2798C>T, c.281G>C, c.2845C>A, c.2904C>T, c.2937G>C, c.2949C>T, c.2992C>T, c.3070C>A, c.325A>C, c.376C>A, c.384G>A, c.428C>A, c.428C>T, c.455-20_455-1del20, c.455-2A>G, c.489C>A, c.508A>G, c.525T>C, c.57C>T, c.620C>T, c.632G>A, c.664G>C, c.6C>T, c.708C>T, c.78C>T, c.809G>A, c.873G>A, c.922_923GG>AA, c.941C>A, c.988T>G","p.?, p.A2A, p.A513T, p.A570S, p.A697V, p.C26C, p.C34C, p.D554Y, p.D556Y, p.D612H, p.D671H, p.E222Q, p.E411K, p.E54*, p.E789K, p.F175F, p.F19F, p.F330V, p.F364L, p.G308K, p.G381R, p.G381S, p.G489S, p.G703fs*126, p.H416Y, p.I420I, p.I633V, p.I691V, p.L1024M, p.L126M, p.L128L, p.L236L, p.L335fs*4, p.L376M, p.L682L, p.L694M, p.L695F, p.L900L, p.L949I, p.L979F, p.M170V, p.M291I, p.M674L, p.N109H, p.P207L, p.P314H, p.P842T, p.P859L, p.Q343H, p.Q446R, p.Q889H, p.R211Q, p.R270H, p.R380R, p.R383Q, p.R640W, p.R66C, p.R773H, p.R865W, p.R89R, p.R94T, p.R968R, p.R983R, p.R998C, p.S741C, p.S933L, p.T143I, p.T143N, p.T163T, p.T578A, p.T578M, p.T710T, p.T916S, p.V427I, p.W786C, p.W786L"
"PRDM2","Q13029","PR domain zinc finger protein 2","Histone Methyl Transferases (HMTs)","Lysine Methyl Transferases (KMT)","Nucleus","PB002602, PB013260, PF00856, PF13894, PF00096, PF13894, PF13894, PF13894, PF13894","0048228, 0052279, 0052279, 0050784, 0045249","c.1042G>C, c.1082C>A, c.1184G>A, c.121C>T, c.1220G>A, c.1221A>C, c.1225G>T, c.1227G>A, c.1229G>A, c.127G>A, c.1387G>A, c.1409C>A, c.1415T>G, c.1497A>G, c.1519G>A, c.1627G>T, c.164A>C, c.1655A>C, c.1794A>G, c.1887G>A, c.1913A>G, c.1925C>T, c.1999C>G, c.2001T>C, c.2020A>G, c.2104_2105insCTC, c.2108_2109insACC, c.2240G>T, c.2248C>A, c.2337C>T, c.2338G>T, c.2362G>A, c.2387G>T, c.2390C>A, c.2392C>T, c.2445_2452delTAGCAGTG, c.2506G>T, c.2533G>A, c.2535A>G, c.2675T>C, c.2692G>A, c.2694C>T, c.2726G>T, c.2772T>A, c.2809A>G, c.2827G>T, c.2862C>A, c.2883G>A, c.2900C>A, c.2996C>A, c.3021C>T, c.3045C>A, c.3108C>T, c.3123G>A, c.3173C>A, c.3238G>A, c.3244T>A, c.3312A>C, c.3369_3371delTGT, c.3376_3378delGTT, c.338T>C, c.3481C>T, c.348G>A, c.3502G>A, c.3564G>T, c.3595G>C, c.3615T>G, c.3632G>A, c.3772G>A, c.3832T>A, c.3838A>G, c.3850G>T, c.3889A>T, c.3989C>T, c.3993C>T, c.403G>A, c.4047C>G, c.4094C>T, c.4168_4169delGG, c.4183C>T, c.4239G>A, c.4241C>A, c.4241C>T, c.4270delA, c.4324C>T, c.4333G>A, c.4420G>A, c.4421C>T, c.4423G>A, c.4444C>T, c.4458_4459insA, c.4459delA, c.4507G>T, c.4567A>C, c.4584G>T, c.4598A>G, c.4618delG, c.4639C>T, c.4665G>A, c.4686G>A, c.4702C>T, c.4768A>G, c.4798T>C, c.4842G>C, c.4910T>C, c.4919A>C, c.4936delG, c.4942C>T, c.4975G>T, c.4983G>C, c.5000_5001delAG, c.5010C>T, c.5038T>C, c.5048G>A, c.5055G>A, c.5060G>A, c.5082G>T, c.5145C>A, c.672G>A, c.722C>A, c.773C>T, c.81G>A, c.831T>A, c.831_832insGAA, c.832_834delGAA, c.834A>T, c.846A>T, c.847_849delGAT, c.849_850delTG, c.852T>A, c.904G>A, c.980C>A","p.A1080T, p.A1474T, p.A1474V, p.A1475T, p.A1503S, p.A1659S, p.A1685A, p.A258V, p.A463T, p.A642V, p.C1007C, p.C395Y, p.D1284Y, p.D1445N, p.D277E, p.D283fs*2, p.D284E, p.D287delD, p.D552A, p.D780Y, p.D924E, p.D943Y, p.E1104D, p.E1199Q, p.E1258K, p.E135K, p.E1667fs*34, p.E278D, p.E282D, p.E282_D283insE, p.E282delE, p.E302K, p.E348Q, p.E409*, p.E409E, p.E507K, p.E543*, p.E845E, p.E845K, p.F1637S, p.F1715L, p.G1188G, p.G1390fs*14, p.G1540fs*24, p.G43S, p.G788R, p.G836C, p.G898G, p.G898S, p.G909V, p.H1349Q, p.I1280V, p.I598M, p.K1523Q, p.K1533R, p.K1590E, p.K1640T, p.K55T, p.K638R, p.L113S, p.L116L, p.L1661F, p.L629L, p.L667L, p.L667V, p.L750I, p.L892P, p.L961L, p.M1041I, p.N1205K, p.N1426fs*3, p.P1036P, p.P1161S, p.P1482S, p.P1547S, p.P1568S, p.P1648S, p.P1648fs*14, p.P1694P, p.P224P, p.P27P, p.P361Q, p.P703_A704insP, p.P797H, p.P798S, p.P954P, p.P967H, p.Q1442*, p.Q1528H, p.Q1555Q, p.R1211Q, p.R1395*, p.R1614S, p.R1683H, p.R1687Q, p.R407Q, p.R407R, p.R410Q, p.R41W, p.R499R, p.S1058Y, p.S1082T, p.S1278T, p.S1297C, p.S1413S, p.S1414*, p.S1414L, p.S1562S, p.S1600P, p.S1670S, p.S327*, p.S470Y, p.S747I, p.S779S, p.S796I, p.S816fs*17, p.S999Y, p.T1015T, p.T1330I, p.T1331T, p.T1365M, p.T241N, p.T674A, p.T937A, p.V1126delV, p.V1168M, p.V1490fs*6, p.V1490fs*74, p.V472G, p.Y1680H"
"PRDM9","Q9NQV7","Histone-lysine N-methyltransferase PRDM9","Histone Methyl Transferases (HMTs)","Lysine Methyl Transferases (KMT)","Nucleus and Chromosome","PF01352, PF09514, PB003219, PB002602, PB013260, PB003219, PB010245, PF13465, PB008588, PB011295, PF13465, PF13465, PF13465, PF13465, PF13465, PF13465, PF13465, PB011295, PF13465, PF13465, PB011295, PF13465, PB008588, PF13465","0050784, 0050784, 0050784, 0050784, 0050784, 0050784, 0052279, 0044637, 0041233","c.100T>C, c.1011G>A, c.1014G>T, c.101A>G, c.1030T>C, c.1032C>T, c.1034G>A, c.1034G>T, c.104T>A, c.1050C>T, c.1068G>T, c.1075G>A, c.1078G>A, c.1083C>A, c.1093C>A, c.110A>G, c.1119G>A, c.1125A>T, c.1142G>A, c.1148C>G, c.1162C>T, c.1168T>C, c.121G>A, c.1222G>A, c.122C>A, c.1242G>A, c.1248C>A, c.1284G>T, c.1289C>A, c.1290C>A, c.129G>T, c.1311G>T, c.1315C>T, c.1326A>T, c.1327G>A, c.1337G>A, c.1340G>A, c.1344T>C, c.1364A>G, c.1365G>T, c.1372G>T, c.1377G>A, c.1377G>T, c.1383A>T, c.1387T>G, c.1389G>A, c.1398G>T, c.1402T>C, c.1404G>A, c.1413G>T, c.1424C>A, c.1432A>C, c.144A>C, c.1453G>A, c.1457G>T, c.1465G>T, c.1468G>T, c.1474A>C, c.1475G>A, c.1488A>C, c.1499C>A, c.1501_1502GG>TT, c.1505A>T, c.151T>C, c.1524C>A, c.153T>A, c.1544G>C, c.1548_1557del10, c.1567A>G, c.1568A>G, c.1589G>A, c.1594G>C, c.1602T>G, c.1631G>T, c.1634C>G, c.1644G>T, c.1675C>A, c.1678G>T, c.1682T>A, c.1686C>A, c.168G>T, c.1713G>A, c.171C>A, c.1745G>T, c.1746C>T, c.1749G>T, c.174T>A, c.1757G>T, c.1758G>T, c.1759C>A, c.1759C>T, c.1766T>A, c.1781T>A, c.1782C>A, c.1790C>G, c.1794C>A, c.1801_1802delAC, c.1802C>G, c.1821C>T, c.1834G>A, c.1843C>T, c.1855C>T, c.1886G>C, c.1890C>T, c.18C>T, c.194-1G>C, c.1959T>C, c.195T>C, c.1970G>C, c.198C>T, c.199A>G, c.19C>A, c.2001G>A, c.2011C>T, c.2023T>C, c.2058C>G, c.2075A>G, c.2077G>C, c.208C>T, c.2095C>T, c.209G>T, c.2114C>T, c.2126C>G, c.2138C>G, c.2148G>A, c.2179C>T, c.2184C>A, c.2190C>A, c.2198C>A, c.2208C>A, c.2209A>G, c.2226C>G, c.2233G>A, c.2235G>T, c.2240C>A, c.2241C>A, c.2244T>C, c.2255A>T, c.2259T>A, c.2264G>A, c.2273G>A, c.2275G>A, c.2290C>T, c.2295A>T, c.2298C>A, c.2311A>G, c.2313A>T, c.2315G>T, c.2317G>T, c.2319G>T, c.2338G>T, c.2340G>T, c.2358A>C, c.2373C>A, c.2379T>A, c.2389A>G, c.2399G>T, c.2408C>A, c.2424G>T, c.2436C>G, c.2440A>C, c.2469G>T, c.2476C>A, c.2478C>A, c.2479A>G, c.2480C>G, c.2496T>C, c.249C>T, c.2506G>A, c.2515C>A, c.2515C>T, c.2516G>A, c.2525G>A, c.2527A>G, c.2531A>C, c.2551C>A, c.2560C>T, c.2564C>A, c.2573A>T, c.2576C>A, c.2588G>A, c.2598G>A, c.25G>C, c.2627G>C, c.2651G>T, c.2664C>T, c.2665G>A, c.2672G>T, c.272C>A, c.275A>G, c.279A>T, c.27G>T, c.280G>T, c.281A>C, c.306A>G, c.307C>A, c.315G>T, c.31C>A, c.321C>T, c.337C>A, c.338G>A, c.338G>T, c.366G>A, c.367T>C, c.368C>A, c.379G>T, c.394G>C, c.394G>T, c.410C>T, c.415T>G, c.424delG, c.426A>C, c.428G>T, c.434C>A, c.44C>T, c.475A>C, c.478A>T, c.494C>G, c.497G>T, c.504A>T, c.505C>A, c.506T>C, c.507G>T, c.519G>A, c.537G>T, c.550C>T, c.551G>A, c.553G>T, c.561G>A, c.565C>T, c.569C>A, c.582C>A, c.586G>A, c.58C>T, c.593A>T, c.603T>C, c.627G>C, c.631T>G, c.638T>C, c.645C>T, c.654C>G, c.663C>A, c.664C>T, c.669A>T, c.66C>A, c.69+5G>T, c.696G>T, c.697G>T, c.721A>G, c.724C>A, c.726G>T, c.727C>A, c.730C>T, c.745G>T, c.752C>G, c.763C>A, c.765G>T, c.769G>A, c.782G>A, c.796G>A, c.799C>G, c.79G>T, c.7C>A, c.803C>A, c.827A>T, c.835C>T, c.836G>A, c.842C>A, c.847G>T, c.850G>A, c.882+1G>T, c.885C>A, c.888C>G, c.889A>T, c.900C>A, c.907G>T, c.909G>T, c.914T>A, c.920G>A, c.929A>C, c.931T>C, c.932C>A, c.936G>T, c.942C>A, c.949_950AG>TT, c.94T>A, c.953A>T, c.95C>A, c.967C>A, c.967C>T, c.98T>A","p.?, p.A107A, p.A122A, p.A137V, p.A142A, p.A142fs*26, p.A190E, p.A218A, p.A27S, p.A41E, p.A41T, p.A475D, p.C344C, p.C344R, p.C390R, p.C582C, p.C582F, p.C753*, p.C876S, p.D201D, p.D266N, p.D283Y, p.D359N, p.D443N, p.D759N, p.D92G, p.E127*, p.E132*, p.E132Q, p.E185*, p.E196K, p.E284K, p.E303*, p.E303D, p.E360K, p.E408K, p.E428D, p.E455D, p.E455G, p.E458*, p.E471D, p.E496D, p.E612K, p.E745D, p.E745K, p.E752V, p.E773*, p.E773D, p.E780*, p.E780D, p.E808D, p.E836K, p.E93D, p.E94*, p.E94A, p.E9D, p.E9Q, p.F211V, p.F35Y, p.F416L, p.F561Y, p.F589Y, p.G233W, p.G249W, p.G257R, p.G307E, p.G350G, p.G485R, p.G490*, p.G501F, p.G515A, p.G517fs*>375, p.G530E, p.G532R, p.G548G, p.G560C, p.G586G, p.G586V, p.G65G, p.G716G, p.G728G, p.G772V, p.G800V, p.G812G, p.G866G, p.G884V, p.H189Y, p.H388Y, p.H598Q, p.H630H, p.H686Q, p.H742Q, p.H766Q, p.H826N, p.H826Q, p.H854Y, p.I213T, p.I295I, p.I33K, p.K102K, p.K168N, p.K173K, p.K179N, p.K187K, p.K232N, p.K297*, p.K310T, p.K375N, p.K37R, p.K461N, p.K48N, p.K523E, p.K523R, p.K844T, p.K858M, p.L139V, p.L169L, p.L169M, p.L169P, p.L242L, p.L242M, p.L267V, p.L365M, p.L463L, p.L463V, p.L66L, p.L736L, p.L764F, p.L791L, p.L83L, p.M43I, p.N300K, p.N314K, p.N448N, p.N508K, p.N57K, p.N843D, p.P103T, p.P11T, p.P221P, p.P222S, p.P22P, p.P243T, p.P244S, p.P268Q, p.P383R, p.P3T, p.P430H, p.P430P, p.P442P, p.P607P, p.P747H, p.P747P, p.P803H, p.P859H, p.Q198L, p.Q209H, p.Q255H, p.Q255K, p.Q338H, p.Q414Q, p.Q437H, p.Q439*, p.Q502L, p.Q571Q, p.Q7K, p.Q823H, p.Q851K, p.R113H, p.R113L, p.R113S, p.R166I, p.R184*, p.R184Q, p.R20W, p.R279*, p.R279Q, p.R317>?, p.R323R, p.R323W, p.R337R, p.R345L, p.R345Q, p.R381K, p.R447H, p.R459R, p.R459S, p.R466S, p.R492K, p.R492R, p.R544M, p.R559R, p.R56S, p.R583S, p.R587R, p.R587W, p.R615W, p.R619W, p.R629T, p.R657T, p.R667R, p.R671W, p.R67G, p.R699W, p.R70*, p.R70L, p.R727W, p.R737G, p.R755Q, p.R758H, p.R765S, p.R786S, p.R839Q, p.R839R, p.R839W, p.R842H, p.R863K, p.R891M, p.S123*, p.S123P, p.S143I, p.S145*, p.S159R, p.S165*, p.S215S, p.S241G, p.S251*, p.S311P, p.S311Y, p.S32T, p.S32Y, p.S446N, p.S478R, p.S486I, p.S534R, p.S562R, p.S6S, p.S705L, p.S730R, p.S733*, p.S793R, p.S814R, p.S91Y, p.T15I, p.T160S, p.T223T, p.T281K, p.T296T, p.T500K, p.T545R, p.T597S, p.T601R, p.T603fs*15, p.T653T, p.T709S, p.T713R, p.T771A, p.T771T, p.T797A, p.T827A, p.T827R, p.T855K, p.V194V, p.V305E, p.V489L, p.V594D, p.V594V, p.V693L, p.V889I, p.W105C, p.W261*, p.W312C, p.W356C, p.W373*, p.W468*, p.W468R, p.W675R, p.Y276F, p.Y318F, p.Y34C, p.Y34H, p.Y361*, p.Y51*, p.Y51H, p.Y58*, p.Y692C, p.Y748Y, p.Y832Y, p.Y888Y"
"PRMT1","Q99873","Protein arginine N-methyltransferase 1","Histone Methyl Transferases (HMTs)","Type 1 Protein Arginine Methyl Transferases (PRMTs)","Nucleus and Cytoplasm","PF13847, PB009220, PB001639","0048629","c.1040G>A, c.182A>G, c.189C>T, c.19G>T, c.213C>T, c.243T>C, c.255C>T, c.273C>T, c.448C>T, c.449T>C, c.450C>A, c.464A>G, c.490G>A, c.594C>T, c.621C>T, c.630G>A, c.693G>A, c.699C>G, c.775G>T, c.858G>A, c.858G>T, c.873G>A, c.903G>A, c.913G>A, c.948C>T, c.949G>A, c.95C>G, c.975_977delCAC, c.987G>C","p.A207A, p.A259S, p.A317T, p.A85A, p.D164N, p.E210E, p.E305K, p.F198F, p.F63F, p.F81F, p.H61R, p.I233M, p.I91I, p.L150F, p.L150L, p.L150P, p.L329L, p.N316N, p.R347H, p.S32C, p.T286T, p.T291T, p.T326delT, p.V231V, p.V301V, p.V71V, p.V7L, p.Y155C"
"PRMT2","P55345","Protein arginine N-methyltransferase 2","Histone Methyl Transferases (HMTs)","Type 1 Protein Arginine Methyl Transferases (PRMTs)","Nucleus and Cytoplasm","PF14604, PF05185, PB009220","0048629, 0043854","c.1017C>T, c.1119G>A, c.1128G>T, c.1138C>T, c.1170G>T, c.1209G>A, c.1214T>C, c.1287C>T, c.1293C>T, c.222C>T, c.262G>A, c.27A>C, c.280G>A, c.287C>T, c.29G>T, c.301G>T, c.328-1G>T, c.400G>A, c.435C>A, c.476C>T, c.479G>T, c.48G>A, c.570C>T, c.576C>T, c.712G>A, c.801C>T, c.813C>G, c.833C>A, c.842T>G, c.850delT, c.857C>G, c.868T>C, c.902C>G, c.980G>A","p.?, p.A159V, p.E101*, p.E134K, p.E16E, p.E94K, p.F271L, p.F339F, p.F429F, p.G145G, p.G238R, p.G74G, p.I431I, p.M376I, p.M405T, p.N267N, p.P380S, p.R160L, p.R327H, p.R403R, p.R9S, p.S10I, p.S278Y, p.S286*, p.S286fs*9, p.S301C, p.T190T, p.T373T, p.T390T, p.T96M, p.V281G, p.V88M, p.Y192Y, p.Y290H"
"PRMT3","O60678","Protein arginine N-methyltransferase 3","Histone Methyl Transferases (HMTs)","Type 1 Protein Arginine Methyl Transferases (PRMTs)","Cytoplasm","PF06325, PB009220, PB001639","0048629, 0050596","c.1024G>T, c.1033delC, c.1035delT, c.1092T>C, c.1105G>A, c.1136G>T, c.1139T>C, c.1149G>T, c.1151A>C, c.118G>A, c.1217T>G, c.1245_1246insC, c.1271G>A, c.1277C>T, c.1299A>C, c.1304C>T, c.1347G>T, c.1366G>T, c.1388G>C, c.1414G>T, c.1438T>G, c.1477G>C, c.1537C>T, c.1556T>C, c.195A>G, c.204G>A, c.244C>T, c.275T>C, c.335C>T, c.346G>T, c.435C>T, c.570T>A, c.571C>T, c.609G>A, c.715C>T, c.716G>A, c.739A>T, c.745C>T, c.76G>T, c.772-1G>T, c.772G>A, c.794G>T, c.833C>T, c.834G>A, c.862G>T, c.916A>T, c.949C>T, c.952C>A, c.974T>C","p.?, p.A190A, p.A278A, p.A278V, p.A369T, p.C417fs*4, p.C424Y, p.C463S, p.D26Y, p.D342Y, p.D384A, p.D40N, p.D456Y, p.E116*, p.E288*, p.E433D, p.G265V, p.G472C, p.H317Y, p.H82Y, p.I247L, p.I306F, p.I380T, p.K68K, p.L318I, p.L345fs*24, p.L519P, p.L92P, p.P112L, p.P145P, p.Q191*, p.Q249*, p.R239*, p.R239Q, p.R379I, p.R513C, p.S203S, p.S435L, p.S65S, p.T364T, p.T426M, p.T449T, p.V258I, p.V325A, p.V406G, p.V493L, p.W383C, p.W480G, p.Y346fs*23"
"PRMT5","O14744","Protein arginine N-methyltransferase 5","Histone Methyl Transferases (HMTs)","Type 2 Protein Arginine Methyl Transferases (PRMTs)","Cytoplasm and Nucleus","PB018578, PB005239, PF05185, PF05185, PF05185","0048629","c.1006C>G, c.1007A>G, c.1042C>T, c.1096G>A, c.111G>T, c.1132G>C, c.1150C>T, c.115G>C, c.1199+1G>A, c.1204G>C, c.1223A>T, c.1396G>A, c.1407T>C, c.143C>T, c.1443C>A, c.145C>T, c.1543C>T, c.1582C>T, c.15G>T, c.1600C>T, c.1621C>T, c.1697-2A>G, c.1842G>T, c.1895C>T, c.1909C>A, c.190G>T, c.1A>G, c.206C>G, c.239C>T, c.23delG, c.260C>A, c.272G>A, c.298C>T, c.309C>T, c.327_328GG>TT, c.366C>A, c.496G>A, c.567G>A, c.614-1G>C, c.614-1G>T, c.646C>T, c.659G>A, c.734T>C, c.736C>T, c.73G>A, c.759C>T, c.856T>C, c.858C>A, c.888C>A, c.897C>A, c.955C>G, c.993C>A","p.?, p.A296A, p.A366T, p.A378P, p.A5A, p.D166N, p.D39H, p.E25K, p.E402Q, p.E408V, p.E614D, p.F122L, p.G37G, p.G466R, p.G64C, p.G8fs*13, p.H216Y, p.L246F, p.L253L, p.L299L, p.L319V, p.L637I, p.M1V, p.P331P, p.P48L, p.P515S, p.P528S, p.P541S, p.Q109>?, p.Q336E, p.Q336R, p.R100C, p.R220H, p.R348*, p.R384W, p.R49C, p.R534C, p.R91H, p.S103S, p.S632L, p.S69*, p.S87Y, p.T469T, p.T80M, p.V245A, p.W189*, p.Y286*, p.Y286H, p.Y481*"
"PRMT6","Q96LA8","Protein arginine N-methyltransferase 6","Histone Methyl Transferases (HMTs)","Type 1 Protein Arginine Methyl Transferases (PRMTs)","Nucleus","PF12847, PB009220","0048629","c.21C>T, c.253G>C, c.264A>G, c.286G>C, c.299A>G, c.316T>C, c.366C>T, c.384C>A, c.428A>C, c.441_442insT, c.46C>A, c.495C>A, c.49C>T, c.513C>T, c.531C>G, c.566C>T, c.569G>A, c.602G>T, c.705G>A, c.752C>T, c.763C>T, c.786G>A, c.787C>T, c.820C>T, c.823G>C, c.843G>A, c.875G>C, c.900C>A, c.903A>C, c.931G>T","p.A128A, p.A189V, p.A262A, p.D275H, p.D311Y, p.E143A, p.E281E, p.E85Q, p.E88E, p.E96Q, p.G122G, p.G165G, p.I177M, p.K301N, p.L16I, p.L171L, p.L263F, p.P255S, p.Q274*, p.R17W, p.R190Q, p.R201L, p.R292P, p.R7R, p.S106P, p.S251L, p.V235V, p.W149fs*>169, p.Y100C, p.Y300*"
"PRMT7","Q9NVM4","Protein arginine N-methyltransferase 7","Histone Methyl Transferases (HMTs)","Type 2 Protein Arginine Methyl Transferases (PRMTs)","Nucleus and Cytoplasm","PF06325, PB013426","0048629, 0048629","c.1058C>A, c.1139G>C, c.1144A>C, c.1168C>T, c.1201C>T, c.1246G>A, c.133-1G>T, c.134A>G, c.1359C>G, c.1372C>T, c.1460C>T, c.151G>T, c.1545C>T, c.1586G>A, c.1684G>C, c.1730C>G, c.1784G>A, c.1816G>C, c.1850A>G, c.1948T>A, c.1963G>T, c.1965C>G, c.2037C>T, c.2056A>G, c.2063C>T, c.226G>A, c.22G>A, c.245C>T, c.26A>G, c.324G>T, c.337A>T, c.409C>T, c.410G>A, c.439G>A, c.464C>T, c.507A>C, c.537C>T, c.553G>T, c.616G>A, c.640G>A, c.663C>T, c.701C>T, c.751G>A, c.794G>T, c.796C>T, c.959T>C, c.984G>T","p.?, p.A155V, p.A515A, p.A655A, p.A655S, p.A688V, p.A82V, p.A8T, p.C595Y, p.D147N, p.D251N, p.E108D, p.E169D, p.E562Q, p.F320S, p.G206R, p.G221G, p.G380A, p.G51C, p.G606R, p.G679G, p.G76R, p.I382L, p.N453K, p.N45S, p.N9S, p.P353H, p.P401S, p.P487L, p.P577R, p.R137C, p.R137H, p.R265M, p.R266W, p.R390*, p.R458W, p.R529Q, p.R686G, p.S113C, p.S234L, p.T179T, p.V185L, p.V214I, p.V328V, p.V416M, p.Y617C, p.Y650N"
"PRMT8","Q9NR22","Protein arginine N-methyltransferase 8","Histone Methyl Transferases (HMTs)","Type 1 Protein Arginine Methyl Transferases (PRMTs)","Cell Membrane and Cytoplasm","PF06325, PB009220, PB001639","0048629","c.1011G>T, c.1014C>T, c.1015G>A, c.1037T>C, c.1046G>A, c.104A>G, c.1059A>C, c.1066G>T, c.1067G>A, c.1079T>C, c.1102C>T, c.1107C>T, c.1144C>A, c.1146G>C, c.1180C>T, c.125C>T, c.127G>A, c.127G>T, c.154C>G, c.161G>A, c.166C>T, c.172C>T, c.261+1G>A, c.261+7T>C, c.286A>G, c.299G>A, c.319A>C, c.356G>T, c.377C>T, c.385G>A, c.386C>A, c.38G>T, c.394G>A, c.415G>A, c.420C>T, c.448G>C, c.462G>A, c.489C>A, c.51G>A, c.578A>G, c.597G>A, c.600G>C, c.600G>T, c.667G>A, c.686G>A, c.696G>T, c.707T>C, c.709C>T, c.711C>T, c.713G>A, c.716G>T, c.739A>G, c.740T>C, c.740T>G, c.743C>T, c.749T>C, c.750C>G, c.751C>A, c.751C>T, c.753G>T, c.756C>T, c.757G>A, c.762C>A, c.84delC, c.854C>T, c.855G>A, c.867G>A, c.898C>T, c.903C>A, c.914A>G, c.916G>A, c.937A>G","p.?, p.A129D, p.A129T, p.A132T, p.A17A, p.A254A, p.A306T, p.D252D, p.D369D, p.E150Q, p.E353D, p.G119V, p.G139R, p.G356E, p.G356W, p.H237H, p.H237Y, p.H305R, p.I140I, p.I236T, p.I250M, p.I250T, p.I313V, p.K107Q, p.K154K, p.K232N, p.L346P, p.L382L, p.L382M, p.M247R, p.M247T, p.M247V, p.M360T, p.N301K, p.P42L, p.P56S, p.Q337H, p.Q35R, p.Q52E, p.R100Q, p.R13M, p.R229K, p.R251R, p.R251W, p.R300C, p.R349Q, p.R368*, p.R394C, p.R58W, p.S126F, p.S289S, p.S31fs*35, p.S54N, p.T163T, p.T199T, p.T248I, p.T285M, p.T285T, p.T338T, p.T96A, p.V200V, p.V223M, p.V253M, p.V339I, p.V43L, p.V43M, p.W238*, p.W239L, p.Y193C"
"PRMT9","Q6P2P2","Putative protein arginine N-methyltransferase 9","Histone Methyl Transferases (HMTs)","Type 1 Protein Arginine Methyl Transferases (PRMTs)","Cytoplasm","PF07719, PF06325, PB008193, PB003736, PB007812","0048629, 0048629, 0054057","NA","NA"
"RBBP4","Q09028","Histone-binding protein RBBP4","Chromatin Modellers","Component of NURD/Mi2/CHD Complex","Nucleus","PF12265, PF00400, PF00400, PF00400, PF00400, PB016501, PF00400","0047761","c.1056G>T, c.1069G>A, c.1108C>A, c.1128G>T, c.1140C>T, c.1156G>A, c.116C>G, c.1175C>T, c.1186G>T, c.118C>G, c.1194C>T, c.143A>G, c.194G>A, c.245C>A, c.284C>T, c.316G>T, c.317G>C, c.33A>G, c.357C>A, c.481C>G, c.49A>T, c.51C>T, c.55G>A, c.596A>G, c.628G>T, c.736G>T, c.740C>A, c.740C>T, c.847C>T, c.935C>T, c.988G>A","p.A11A, p.A247D, p.A247V, p.A39G, p.A82D, p.A95V, p.D199G, p.D396Y, p.E19K, p.E330K, p.E352D, p.E357K, p.E386K, p.F380F, p.G106*, p.G106A, p.H370N, p.I119I, p.I17F, p.I17I, p.I398I, p.K376N, p.L40V, p.P161A, p.P283S, p.Q48R, p.R65Q, p.S312F, p.S392F, p.V210F, p.V246F"
"RBBP7","Q16576","Histone-binding protein RBBP7","Chromatin Modellers","Component of NURD/Mi2/CHD Complex","Nucleus","PF12265, PF00400, PF00400, PF00400, PF00400, PF00400","0047761","c.1015C>A, c.1019G>A, c.1020C>A, c.1024A>C, c.1076A>G, c.1098+4C>T, c.1132G>A, c.1159delT, c.1209+1G>T, c.1247C>T, c.142T>C, c.151G>A, c.232C>T, c.25G>T, c.308-1G>T, c.367G>A, c.382C>T, c.384T>C, c.43G>A, c.482-1G>C, c.501T>G, c.520G>A, c.539A>G, c.592G>A, c.609G>A, c.621C>T, c.634G>T, c.652G>T, c.707T>C, c.715G>C, c.75_77delGAA, c.781A>C, c.809C>T, c.820G>A, c.827A>G, c.83C>T, c.842A>G, c.889G>T, c.908G>A, c.934T>C, c.936C>T, c.937G>A, c.941C>A, c.958T>G, c.959delT, c.963+2T>C, c.98_109del12","p.?, p.A218S, p.A270V, p.D198N, p.D378N, p.D9Y, p.E123K, p.E212*, p.E239Q, p.E274K, p.E313K, p.E359G, p.E51K, p.F312F, p.F312L, p.F320V, p.F320fs*22, p.G174S, p.K25delK, p.L203L, p.L236P, p.L33_T36delLVMT, p.L78L, p.N167K, p.N207N, p.N276S, p.N281S, p.N342H, p.P28L, p.R128C, p.R128R, p.R303H, p.R339S, p.R340H, p.R340R, p.S314Y, p.T261P, p.T416M, p.V15I, p.V297L, p.W387fs*>39, p.W48R, p.Y180C"
"RING1","Q06587","E3 ubiquitin-protein ligase RING1","Ubiquitin Ligases","NA","Nucleus","PB013905, PF00097, PB009656, PB016466, PB000586, PB013488, PB006760, PB011743, PB006760","0050087","c.1004A>G, c.1017C>T, c.1055G>A, c.1112C>T, c.1121C>T, c.1166G>A, c.1169A>C, c.221T>C, c.234G>A, c.238G>T, c.263G>T, c.284G>A, c.293G>A, c.301C>T, c.313G>A, c.329T>G, c.368G>A, c.406G>A, c.436C>T, c.501A>C, c.511delG, c.512G>T, c.53T>G, c.593C>T, c.641G>A, c.646delG, c.735delC, c.743G>T, c.775G>T, c.777T>G, c.795G>C, c.898G>A, c.899C>G, c.933G>A, c.969C>T","p.A105T, p.A136T, p.A300G, p.A300T, p.A323A, p.A339A, p.A371V, p.E173fs*14, p.E335G, p.G171V, p.G214E, p.G217fs*68, p.G259C, p.G259G, p.G80W, p.I110S, p.K390T, p.L18R, p.P101S, p.P198L, p.P247fs*38, p.Q311Q, p.R123Q, p.R146C, p.R78R, p.R88L, p.R95Q, p.R98Q, p.S248I, p.S352N, p.T167T, p.T374M, p.V265V, p.V74A, p.W389*"
"RUVBL1","Q9Y265","RuvB-like AAA ATPase 1","Chromatin Modellers","INO80 Complex","Nucleus,  Cytoplasm,  Cell Membrane and Centrosome","PF06068","0036850","c.1026G>T, c.1099A>T, c.1107G>T, c.110C>T, c.1122C>T, c.114G>A, c.1235C>T, c.1249G>C, c.1272C>T, c.1291G>A, c.1361A>T, c.141G>T, c.241C>T, c.306C>T, c.349C>T, c.368G>T, c.405C>T, c.476T>G, c.490G>A, c.514-2A>T, c.514-3delt, c.51C>T, c.532G>T, c.551G>A, c.556G>T, c.634G>T, c.697G>T, c.72G>A, c.743C>T, c.744G>A, c.746G>A, c.794A>G, c.813C>G, c.928G>A, c.948C>A, c.979G>A","p.?, p.A164T, p.A248A, p.A248V, p.A417P, p.E178*, p.E186*, p.E212*, p.E233*, p.E310K, p.E342D, p.E431K, p.E47D, p.G38G, p.H316Q, p.I159R, p.I271M, p.I374I, p.K265R, p.L24L, p.L81L, p.P412L, p.Q369H, p.R117C, p.R123L, p.R184Q, p.R249Q, p.S17S, p.S37L, p.S424S, p.T367S, p.V135V, p.V327I, p.Y102Y, p.Y454F"
"RUVBL2","Q9Y230","RuvB-like 2","Chromatin Modellers","INO80 Complex","Nucleus,  Cytoplasm and Cell Membrane","PF06068","0037926","c.1235G>A, c.871C>T","p.G412D, p.R291W"
"SETD1A","O15047","Histone-lysine N-methyltransferase SETD1A","Histone Methyl Transferases (HMTs)","Lysine Methyl Transferases (KMT)","Nucleus and Chromosome","PF00076, PB014013, PB003781, PF11764, PF00856","0048183, 0047197","c.1046C>T, c.1056T>G, c.1072C>T, c.1104G>A, c.1109A>G, c.1123C>T, c.115G>A, c.1160C>T, c.1174delC, c.122G>A, c.1246G>A, c.1268A>T, c.1386A>T, c.1391C>T, c.1421A>G, c.1472G>T, c.1605G>A, c.1610G>T, c.1733C>T, c.1743C>T, c.1787C>T, c.1903C>T, c.1925C>T, c.1926_1927insC, c.1950T>A, c.1961C>T, c.1962G>A, c.196C>T, c.1992G>A, c.2031C>T, c.2035T>C, c.2040C>T, c.2049G>T, c.2065C>T, c.2115delC, c.2119C>T, c.2123G>C, c.2175C>G, c.217G>T, c.2187G>T, c.2233C>T, c.2234G>T, c.2290G>C, c.2296G>T, c.2323G>A, c.2358G>A, c.2435G>T, c.2456C>G, c.2537_2539delAGG, c.2665C>T, c.2690G>A, c.2741C>T, c.2753C>T, c.280A>G, c.2866C>T, c.2936A>G, c.2943C>T, c.2969G>A, c.3039G>A, c.3119G>C, c.3120_3134del15, c.3141C>G, c.3176A>G, c.3198G>A, c.3199G>T, c.3264G>C, c.3282G>T, c.3328G>A, c.3376delC, c.3394C>T, c.3441C>T, c.3449G>A, c.3460C>G, c.3532G>T, c.3537G>A, c.3557C>T, c.3575C>T, c.3576C>A, c.3643G>A, c.3761C>T, c.3800G>A, c.3862C>A, c.3883C>T, c.3927G>C, c.3927G>T, c.3992C>T, c.4218A>C, c.4240G>A, c.4245C>G, c.4254C>G, c.4312G>C, c.4337C>T, c.4347G>T, c.4372G>T, c.437G>C, c.4383C>T, c.4387A>G, c.4460G>A, c.4484G>T, c.452C>T, c.4651G>A, c.4676A>G, c.4712G>A, c.4739G>T, c.4819G>A, c.4838G>A, c.4915G>A, c.5026G>A, c.5029G>C, c.5069A>C, c.5072A>G, c.5080C>T, c.5082G>T, c.5086C>T, c.527G>A, c.576_577delTG, c.607A>T, c.609G>T, c.634G>T, c.639G>C, c.656G>T, c.674C>G, c.69C>T, c.700G>A, c.758G>T, c.764A>C, c.776C>T, c.789C>T, c.801C>A, c.814C>T, c.919G>T, c.929C>T, c.935G>A, c.967G>A","p.A1178S, p.A1215T, p.A1254V, p.A1414T, p.A1551T, p.A1607T, p.A225G, p.A323T, p.A368A, p.A387V, p.A725A, p.A819G, p.A918V, p.D1458Y, p.D1677H, p.D1690A, p.D255A, p.D307Y, p.D581D, p.D73Y, p.D981D, p.E1059G, p.E1066E, p.E1067*, p.E1110K, p.E1438Q, p.E212*, p.E416K, p.E474G, p.E645fs*1, p.E664E, p.E775K, p.E848delE, p.E979G, p.F263F, p.F680F, p.G1267E, p.G1639S, p.G535G, p.G537V, p.G708A, p.G708fs*95, p.G766*, p.H1295Y, p.H66Y, p.I23I, p.K1559R, p.K203*, p.K203N, p.K94E, p.L1696L, p.N1461N, p.N1691S, p.P1147P, p.P1154A, p.P1179P, p.P1186L, p.P1192L, p.P1192P, p.P1331L, p.P1406P, p.P1694P, p.P1694S, p.P272S, p.P393fs*104, p.P462P, p.P596L, p.P635S, p.P642L, p.P650P, p.P654L, p.P654P, p.P677P, p.P707S, p.P729P, p.P786P, p.P914L, p.Q358*, p.Q423L, p.Q683H, p.R1132C, p.R1150H, p.R1288S, p.R1418R, p.R1449R, p.R146P, p.R1487Q, p.R1495L, p.R1571Q, p.R1613H, p.R176Q, p.R219L, p.R253L, p.R312H, p.R375C, p.R41H, p.R491L, p.R689W, p.R745L, p.R745W, p.R812L, p.R889W, p.R897Q, p.R956C, p.R990Q, p.S1013S, p.S1040T, p.S1047S, p.S1054_S1058delSSSSS, p.S1128fs*134, p.S259F, p.S267S, p.S310F, p.S349L, p.S352S, p.S464F, p.S578F, p.S679P, p.T1088T, p.T1309T, p.T1446M, p.T1463A, p.T151M, p.T213T, p.V1094V, p.V1676M, p.V193fs*9, p.V234M, p.V39M, p.V764L, p.W1580L, p.Y1415*, p.Y370C"
"SETD1B","Q9UPS6","Histone-lysine N-methyltransferase SETD1B","Histone Methyl Transferases (HMTs)","Lysine Methyl Transferases (KMT)","Nucleus and Chromosome","PF00076, PB016372, PB014013, PB001554, PB000119, PB006823, PB000193, PB000958, PB002827, PB001367, PB000276, PB001075, PB000715, PB002347, PB000317, PB008902, PB011362, PB001677, PB001362, PB005614, PB001376, PB001367, PF11764, PF00856","0048183, 0047197, 0044554","c.1006A>C, c.119_120insT, c.1273delC, c.1738delG, c.1778G>C, c.1780G>A, c.1858G>A, c.1925G>A, c.1937G>A, c.1984A>T, c.1997T>G, c.2005C>T, c.2058C>T, c.2095G>A, c.2116C>T, c.2182T>A, c.2185C>T, c.2212G>A, c.2232C>T, c.2236C>T, c.2252G>A, c.2319_2320insA, c.2374G>A, c.2404T>G, c.365C>T, c.924G>A, c.946C>T, c.976G>A, c.978C>T","p.A326A, p.A326T, p.A620T, p.A738T, p.D580fs*8, p.E594K, p.E699K, p.E792K, p.F686F, p.F728I, p.F744F, p.K662*, p.L316F, p.L666R, p.P122L, p.Q427fs*11, p.Q775fs*4, p.R642H, p.R646H, p.R669W, p.R706C, p.R729W, p.R746C, p.S41fs*5, p.S593T, p.S751N, p.S802A, p.T308T, p.T336P"
"SETD2","Q9BYW2","Histone-lysine N-methyltransferase SETD2","Histone Methyl Transferases (HMTs)","Lysine Methyl Transferases (KMT)","Nucleus and Chromosome","PB018604, PF00856, PB003607, PB002796, PF00397, PF08236","0048183, 0038884, 0040938","c.1019A>T, c.1042G>T, c.1054A>T, c.1085A>G, c.1116delG, c.1147C>G, c.1171A>G, c.1184T>G, c.1191C>T, c.119C>A, c.122C>T, c.1240delA, c.1311delA, c.1313delA, c.1376C>G, c.1408A>T, c.1417A>T, c.1425A>C, c.1438G>A, c.1438G>T, c.1439A>G, c.1478C>G, c.1531G>T, c.1583delT, c.1598A>C, c.1625C>A, c.1643C>A, c.1661A>T, c.1678A>T, c.1688T>A, c.1689C>G, c.1690C>T, c.170C>A, c.1731G>A, c.1768A>C, c.1830T>G, c.1836A>C, c.1850_1853delTAGC, c.1852G>A, c.1870C>G, c.1899A>C, c.1951_1954delGATA, c.1958G>A, c.1981C>T, c.1995T>C, c.2026G>C, c.2028C>T, c.2062A>C, c.2141G>A, c.2142G>A, c.2143C>T, c.2144A>C, c.2217G>T, c.2246C>G, c.2246C>T, c.2266G>T, c.2267G>T, c.2268T>C, c.227A>G, c.2281C>G, c.2326G>A, c.2388C>T, c.23C>A, c.2425A>T, c.2455C>T, c.2456G>A, c.2593C>T, c.2635G>T, c.2637T>C, c.2653G>T, c.2659delT, c.2668T>G, c.2671G>T, c.2705A>C, c.2764A>C, c.2769A>G, c.2782G>A, c.2801C>G, c.2827G>T, c.2866C>T, c.2871G>A, c.2900C>T, c.2905_2906insA, c.2908T>G, c.2923G>T, c.2941G>T, c.2945+1G>C, c.2965C>T, c.2967A>G, c.2977C>T, c.2978G>A, c.2986T>C, c.2992T>C, c.2992T>G, c.2993G>A, c.2993G>C, c.2994T>A, c.3017G>C, c.3038G>T, c.3041G>T, c.3043G>T, c.3058C>T, c.3059G>A, c.3075A>T, c.3112A>C, c.3113A>G, c.3135G>A, c.3152T>C, c.3152T>G, c.3170A>G, c.3178G>A, c.3218T>G, c.3244G>A, c.3265C>T, c.327T>C, c.3298C>T, c.3321G>T, c.3337G>A, c.3337G>T, c.3338A>G, c.3340G>C, c.3349A>C, c.3352G>A, c.3364C>T, c.3365G>A, c.3365G>T, c.3371T>G, c.3376C>T, c.3377A>G, c.3382T>C, c.3383G>A, c.3384T>C, c.3392_3393delAT, c.3403C>A, c.3409-2A>G, c.3409T>A, c.3411G>T, c.3420C>T, c.3421G>T, c.3422G>A, c.3423A>G, c.3439T>G, c.3440T>C, c.3446C>A, c.344C>G, c.3456_3457insGAAG, c.3460C>T, c.3464C>T, c.3467G>A, c.3467G>T, c.3485A>T, c.3487T>C, c.3488A>G, c.3490C>T, c.3495C>G, c.3506+1G>A, c.3507-1G>C, c.3545G>T, c.3584G>C, c.3587C>T, c.3588A>G, c.3619C>T, c.3634-1G>A, c.3649G>T, c.3724A>G, c.3738_3739delGC, c.3757G>T, c.3769-1G>T, c.3769_3777del9, c.3769_3777delAACACACAC, c.3809G>A, c.3809G>T, c.3836G>A, c.3837G>A, c.3890T>A, c.3929delA, c.3936G>T, c.3937G>T, c.3968G>A, c.3970T>C, c.3976C>T, c.4017G>C, c.4037C>T, c.4055T>C, c.406G>A, c.4097A>T, c.40G>T, c.4172C>T, c.430G>A, c.4333A>T, c.4338_4340delACC, c.4376C>T, c.4381G>T, c.4398delA, c.4409delC, c.4462G>T, c.4510G>T, c.4526T>G, c.4537T>C, c.4539G>T, c.455T>A, c.4561C>T, c.4562G>C, c.4690A>T, c.4699C>T, c.4704T>A, c.4706_4707delAA, c.4721G>A, c.4736C>T, c.4775C>T, c.4817G>A, c.4841delC, c.4849G>T, c.4859A>G, c.4862T>A, c.4885_4885delC, c.494C>T, c.4G>T, c.5017T>C, c.5019T>A, c.5037T>C, c.5066C>A, c.5080G>C, c.5110C>G, c.5218delC, c.5256_5263delTGTCTTGC, c.5267_5271delTGCCG, c.5270_5271insA, c.5337A>G, c.5338C>T, c.5341C>T, c.5354C>T, c.5356G>T, c.5357C>G, c.5376A>G, c.5404G>T, c.5442A>C, c.5462C>T, c.5463C>G, c.5509C>T, c.5522T>C, c.5537C>G, c.5540_5555del16, c.5551A>G, c.5575C>G, c.5599G>T, c.5616C>T, c.5619_5626delGGATCTGC, c.5621A>G, c.5628_5629insC, c.5629_5635CCCCCCT>CCCCCCCT, c.5686C>T, c.5730-2A>T, c.5736T>G, c.5737C>G, c.5752A>G, c.5765C>T, c.5785G>A, c.5828A>T, c.5842-?_6186+?del?, c.5846C>T, c.5847G>A, c.584C>T, c.5877C>A, c.5879C>A, c.5905G>A, c.5923-2A>T, c.5960G>A, c.5975A>C, c.5987T>G, c.6020G>A, c.6032_6033insA, c.6058T>C, c.606G>A, c.6096_6097delTG, c.60A>C, c.6104delA, c.6145G>A, c.61A>C, c.649G>A, c.672C>A, c.688G>C, c.770T>C, c.774G>A, c.77G>T, c.789G>A, c.815T>G, c.820G>T, c.92_122del31","p.?, p.A109A, p.A1114P, p.A1196A, p.A1196V, p.A1758fs*11, p.A1786G, p.A1786S, p.A1821A, p.A1821V, p.A1846G, p.A1847fs*17, p.A459G, p.A618T, p.A879A, p.A879S, p.C1013F, p.C1128C, p.C1128R, p.C1128Y, p.C1182F, p.C224*, p.C397C, p.C996R, p.C998*, p.C998G, p.C998R, p.C998S, p.C998Y, p.D1082N, p.D1113G, p.D1113N, p.D1113Y, p.D1162V, p.D1366V, p.D144N, p.D1504Y, p.D1874G, p.D230H, p.D340V, p.D554V, p.D651fs*22, p.D676D, p.D676H, p.D885Y, p.E1015*, p.E1025D, p.E1217*, p.E1253*, p.E1313*, p.E136K, p.E14*, p.E1461*, p.E1488*, p.E1617*, p.E1929K, p.E1943V, p.E1969K, p.E2*, p.E20D, p.E274*, p.E348*, p.E475D, p.E480*, p.E480G, p.E480K, p.E533A, p.E612D, p.E739D, p.E891*, p.E975*, p.E981*, p.F1147S, p.F1147V, p.F1165L, p.F970V, p.G1014V, p.G1060S, p.G1118R, p.G1141*, p.G1141E, p.G1141G, p.G1156D, p.G1156V, p.G1339G, p.G2049R, p.G217R, p.G511C, p.G633G, p.G756C, p.G756G, p.G756V, p.G776R, p.G943W, p.H1100Y, p.H1126R, p.H1126Y, p.H1837Y, p.H2011fs*6, p.H2035fs*26, p.I1242V, p.I1297N, p.I1792M, p.I1996S, p.I617fs*33, p.K1057R, p.K1107N, p.K1117Q, p.K1445*, p.K1466fs*2, p.K1564*, p.K1569fs*17, p.K1620R, p.K1992T, p.K438fs*41, p.K688Q, p.K902T, p.K922Q, p.K923K, p.L1312F, p.L1352P, p.L1509R, p.L152*, p.L1621*, p.L1872L, p.L1873fs*50, p.L257P, p.L383V, p.L395W, p.L563H, p.L563L, p.L890V, p.M1124R, p.M258I, p.M263I, p.M577I, p.N1038H, p.N1038S, p.N1131fs*2, p.N1140N, p.N1257_H1259del, p.N1257_H1259delNTH, p.N1310fs*25, p.N1568K, p.N21H, p.N362S, p.N76S, p.P1154S, p.P1447delP, p.P1459L, p.P1470fs*33, p.P1592L, p.P165L, p.P1679P, p.P1689H, p.P1785L, p.P1814P, p.P1877fs, p.P1922L, p.P31fs*35, p.P967L, p.Q1045Q, p.Q1135K, p.Q1164*, p.Q1247fs*38, p.Q1326*, p.Q1567*, p.Q1704E, p.Q1740fs*5, p.Q1780*, p.Q1781*, p.Q1859E, p.Q1913E, p.Q564*, p.Q624E, p.Q661*, p.Q715*, p.Q715P, p.Q761E, p.Q865*, p.R1006T, p.R1020C, p.R1020H, p.R1089*, p.R1122C, p.R1122H, p.R1122L, p.R1195T, p.R1207C, p.R1270H, p.R1270L, p.R1323H, p.R1521*, p.R1521P, p.R1574Q, p.R1606Q, p.R1629fs*15, p.R1896*, p.R1987Q, p.R2007H, p.R26I, p.R470*, p.R473*, p.R560*, p.R653H, p.R809*, p.R819*, p.R819Q, p.R956*, p.R989*, p.R989R, p.R993*, p.R993Q, p.S115*, p.S1155L, p.S1346L, p.S1391F, p.S1579L, p.S1614fs*30, p.S1879fs*47, p.S1949L, p.S1949S, p.S195F, p.S1960Y, p.S202S, p.S352C, p.S373fs*15, p.S391G, p.S40*, p.S414fs*5, p.S41L, p.S493*, p.S542*, p.S548*, p.S57*, p.S590R, p.S749*, p.S749L, p.S887fs*4, p.S8Y, p.S934*, p.T1149N, p.T1851A, p.T1912T, p.T1918A, p.T1959T, p.V1051A, p.V1051G, p.V1073G, p.V1153fs*11, p.V1694L, p.V1753fs*13, p.V1756fs*11, p.V1779V, p.V1802F, p.V1841A, p.V1867F, p.V2033fs*9, p.V272G, p.V528fs*90, p.V665V, p.V928I, p.W1137C, p.W1137R, p.W1279*, p.W1324R, p.W1513C, p.W1513R, p.W714*, p.W957*, p.Y1163C, p.Y1163H, p.Y1673*, p.Y1673H, p.Y2020H, p.Y610*, p.Y796Y, p.Y969fs*1"
"SETD3","Q86TU7","Histone-lysine N-methyltransferase setd3","Histone Methyl Transferases (HMTs)","Lysine Methyl Transferases (KMT)","Nucleus","PF00856, PF09273","0040998, 0040997","c.1031G>T, c.1078G>A, c.1091C>T, c.1120G>T, c.1148_1149insT, c.1156C>T, c.1210G>A, c.1220G>A, c.1238A>T, c.1280G>A, c.1345A>G, c.1371T>C, c.1378C>T, c.1445C>T, c.1456C>T, c.1457G>A, c.1468C>T, c.1469G>T, c.1482G>A, c.1484A>G, c.1493C>T, c.1510G>T, c.1512G>C, c.1557C>T, c.1678C>T, c.1695C>A, c.1708C>G, c.1716A>C, c.174G>T, c.17G>A, c.197G>T, c.22A>C, c.275C>G, c.282G>T, c.295G>C, c.307G>T, c.374G>A, c.405A>C, c.41C>T, c.455T>C, c.567T>A, c.57T>C, c.584G>T, c.777C>T, c.78G>A, c.794G>T, c.808C>A, c.824A>G, c.838A>T, c.840C>T, c.842A>G, c.871G>A, c.954C>T","p.A360T, p.A404T, p.A482V, p.D275G, p.E103*, p.E291K, p.E374*, p.E494E, p.E495G, p.E504*, p.E504D, p.E58D, p.E94D, p.F189L, p.G66V, p.K135N, p.K449E, p.K8Q, p.L26L, p.L270M, p.L385fs*8, p.L457L, p.L519L, p.L570V, p.M152T, p.N281S, p.N318N, p.N413I, p.P259P, p.P498L, p.P560S, p.Q572H, p.R125Q, p.R195L, p.R265L, p.R386*, p.R407K, p.R460C, p.R486Q, p.R486W, p.R490C, p.R490L, p.R6Q, p.S344I, p.S565S, p.S92C, p.T14I, p.T19T, p.T280S, p.T280T, p.T364I, p.V99L, p.W427*"
"SETD4","Q9NVD3","SET domain-containing protein 4","Histone Methyl Transferases (HMTs)","Lysine Methyl Transferases (KMT)","NA","PF00856, PF09273","0040998","c.1243G>T, c.1255A>T, c.1259A>G, c.1259A>T, c.1269G>C, c.1288G>A, c.143C>T, c.148T>C, c.172A>G, c.210G>C, c.251_252CC>TT, c.269G>A, c.30G>A, c.373C>G, c.419C>T, c.41G>A, c.487A>G, c.53G>C, c.552T>A, c.610G>A, c.625G>A, c.629A>G, c.696G>A, c.6G>A, c.721G>T, c.739T>C, c.763G>A, c.772A>G, c.79G>T, c.890A>G, c.901+3T>A, c.94G>C, c.997G>A","p.?, p.E255K, p.E27*, p.E32Q, p.E415*, p.E420G, p.E420V, p.E430K, p.E70D, p.F184L, p.F247L, p.G18A, p.G333R, p.K423N, p.L125V, p.L232L, p.L50L, p.P140L, p.Q2Q, p.R10R, p.R14Q, p.R163G, p.R90Q, p.S48L, p.T258A, p.T419S, p.T58A, p.T84I, p.V204I, p.V209M, p.V241F, p.Y210C, p.Y297C"
"SETD5","Q9C0A6","SET domain-containing protein 5","Histone Methyl Transferases (HMTs)","Lysine Methyl Transferases (KMT)","NA","PF00856, PB007713","0048183","c.1011T>G, c.1028G>A, c.1040G>A, c.1042C>T, c.1072G>A, c.1094A>G, c.1186G>T, c.1299G>A, c.1300C>T, c.1360A>G, c.1434C>A, c.1465A>G, c.1503A>C, c.1548G>A, c.1559G>T, c.1684A>T, c.172C>G, c.1904C>A, c.1943C>T, c.2009G>T, c.2035T>C, c.2054G>A, c.2083A>G, c.2096C>A, c.2104C>A, c.2173G>T, c.217A>C, c.2192G>A, c.227A>G, c.2313C>A, c.2350C>T, c.2351G>A, c.2398G>A, c.2404C>T, c.2558G>T, c.2594_2617del24, c.2633C>G, c.2639G>A, c.26T>C, c.274-1G>T, c.2778A>G, c.2800G>A, c.2880G>A, c.2927G>A, c.294G>A, c.294G>T, c.2970_2971delCT, c.3041C>T, c.304G>A, c.3063A>G, c.3068G>C, c.3088delA, c.3092A>C, c.3095T>G, c.3115A>G, c.3129G>T, c.3288G>C, c.3292G>C, c.331C>T, c.333G>A, c.3363G>A, c.3422A>G, c.3432G>A, c.3486C>T, c.3559C>A, c.3605C>T, c.3609C>A, c.3685T>C, c.3686C>G, c.3687T>C, c.3803delC, c.3831T>C, c.3865C>T, c.3867G>T, c.388G>A, c.3891G>A, c.3926C>T, c.396G>C, c.3977A>T, c.4024G>C, c.440G>A, c.443A>G, c.457G>A, c.487A>G, c.500T>G, c.59G>T, c.606G>A, c.610C>T, c.628C>T, c.651G>T, c.68G>C, c.732T>C, c.746C>A, c.754A>C, c.756C>T, c.764C>A, c.785T>A, c.786G>A, c.787C>T, c.834G>A, c.84G>A, c.910T>G, c.948A>C","p.?, p.A1014V, p.A1309V, p.A249D, p.A635E, p.A771A, p.A800T, p.A878G, p.C304G, p.D130N, p.D153N, p.D365G, p.D725Y, p.D866_R873delDGHQTLVR, p.E102K, p.E1043D, p.E1098Q, p.E1121E, p.E202E, p.E358K, p.E396*, p.E501D, p.F1032C, p.F679L, p.G1297G, p.G1342R, p.G147D, p.G20V, p.G217G, p.G853V, p.G926G, p.G934S, p.I167S, p.I252I, p.I252L, p.I337M, p.I478I, p.K1031T, p.K1031fs*15, p.K1096N, p.K148R, p.K73Q, p.K76R, p.L1144L, p.L9P, p.M1039V, p.M695V, p.N163D, p.P1187T, p.P1277P, p.P58A, p.P648L, p.P702T, p.Q1326L, p.Q132H, p.Q316H, p.Q960Q, p.Q98H, p.Q98Q, p.R1023P, p.R111R, p.R111W, p.R1289R, p.R1289W, p.R204C, p.R210*, p.R263*, p.R343H, p.R347Q, p.R348W, p.R433R, p.R434W, p.R516R, p.R520L, p.R670L, p.R685H, p.R784*, p.R784Q, p.R802C, p.R880Q, p.R976Q, p.S1021S, p.S1162S, p.S1202F, p.S1203R, p.S1229C, p.S1229P, p.S1229S, p.S23T, p.S255*, p.S699*, p.S731N, p.S991fs*16, p.T1268fs*4, p.T244T, p.T454A, p.T489A, p.T562S, p.V262E, p.V262V, p.V278V, p.W28*, p.Y1141C"
"SETD6","Q8TBK2","N-lysine methyltransferase SETD6","Histone Methyl Transferases (HMTs)","Lysine Methyl Transferases (KMT)","Nucleus","PF00856, PF09273, PB003795","0040998, 0040997","c.1114G>A, c.1125C>T, c.1128G>C, c.1130C>T, c.1164G>C, c.1206C>T, c.1221delA, c.272C>T, c.491A>G, c.501C>T, c.508C>T, c.529G>T, c.551G>A, c.569A>C, c.625G>C, c.637G>C, c.639G>A, c.647C>G, c.730C>T, c.831A>G, c.891A>G, c.895T>G, c.901+2T>C, c.91C>T, c.941G>A, c.983G>A, c.987C>A","p.?, p.A297A, p.A329A, p.A91V, p.D177Y, p.E209Q, p.E213E, p.E213Q, p.E277E, p.E372K, p.G328E, p.H190P, p.I167I, p.L299V, p.L376L, p.P170S, p.R184H, p.R244W, p.R314H, p.R31W, p.S216C, p.S375S, p.T377M, p.T402T, p.T409fs*31, p.W388C, p.Y164C"
"SETD7","Q8WTS6","Histone-lysine N-methyltransferase SETD7","Histone Methyl Transferases (HMTs)","Lysine Methyl Transferases (KMT)","Nucleus and Chromosome","PF02493, PF02493, PF02493, PF02493, PF00856","0041233, 0038399","c.1026delC, c.1028G>T, c.1030A>G, c.1044A>C, c.1046C>T, c.142C>T, c.170G>T, c.209G>A, c.223A>T, c.244C>A, c.250G>T, c.255G>A, c.304G>T, c.344G>A, c.373G>A, c.419C>A, c.460G>A, c.477T>G, c.592T>C, c.607A>T, c.640G>A, c.644+2T>G, c.657T>C, c.684A>G, c.746G>A, c.763-2A>G, c.7A>C, c.874G>T, c.916G>A, c.934C>T, c.959G>A","p.?, p.A154T, p.A219A, p.A349V, p.D125N, p.D306N, p.E214K, p.E228E, p.E348D, p.F159L, p.G102W, p.G292*, p.G343V, p.G70D, p.G84C, p.K344E, p.K344fs*14, p.L82I, p.R115H, p.R249Q, p.R312C, p.R320H, p.R48W, p.S198P, p.S3R, p.S57I, p.T140N, p.T203S, p.T75S, p.T85T"
"SETD8","Q9NQR1","N-lysine methyltransferase SETD8","Histone Methyl Transferases (HMTs)","Lysine Methyl Transferases (KMT)","Nucleus and Chromosome","PF00856","0041233","c.1041C>A, c.1044G>A, c.199C>T, c.217G>A, c.219G>T, c.267C>T, c.283C>T, c.322G>A, c.403G>A, c.428C>T, c.524C>T, c.609G>A, c.677A>C, c.698C>T, c.712C>T, c.738C>T, c.759C>T, c.849-2A>T, c.849C>T, c.865G>C, c.874C>A, c.8G>A, c.930C>T, c.931G>T, c.943G>A, c.958C>A, c.963C>A, c.970C>A, c.981G>A","p.?, p.A108T, p.A135T, p.A327A, p.A89A, p.C283C, p.D311Y, p.E289Q, p.E73D, p.E73K, p.H246H, p.H310H, p.H347Q, p.I321I, p.K226T, p.L320I, p.P348P, p.R203R, p.R238W, p.R292S, p.R324R, p.R3K, p.R67C, p.R95*, p.S143L, p.T175M, p.T233I, p.T253T, p.V315I"
"SETD9","Q8NE22","SET domain-containing protein 9","Histone Methyl Transferases (HMTs)","Lysine Methyl Transferases (KMT)","NA","NA","0048273","NA","NA"
"SETDB1","Q15047","Histone-lysine N-methyltransferase SETDB1","Histone Methyl Transferases (HMTs)","Lysine Methyl Transferases (KMT)","Nucleus and Chromosome","PF01429, PF05033, PF00856","0048228, 0036316, 0043739","c.1028G>A, c.1069G>C, c.1141_splice, c.1180C>T, c.1226T>C, c.1232A>G, c.1280G>T, c.1315A>G, c.13C>T, c.1402_1403insC, c.1407C>A, c.1458G>A, c.1483C>T, c.1493C>A, c.1493C>G, c.1511C>A, c.1511C>G, c.1574C>T, c.1606G>T, c.1619C>T, c.1646C>G, c.1675C>T, c.1753C>T, c.1826G>A, c.1842G>A, c.1933C>G, c.1938C>T, c.2046C>T, c.2086G>A, c.2086G>C, c.2090T>C, c.2143A>G, c.2149G>A, c.214G>T, c.216A>T, c.2183G>T, c.2193C>T, c.2207G>A, c.2288C>G, c.2288C>T, c.2315A>C, c.232G>A, c.2343_2344insA, c.243C>A, c.2453G>A, c.2462A>G, c.2471C>T, c.2503A>G, c.2536G>T, c.2549G>A, c.2560T>G, c.2603A>C, c.2604A>T, c.2621_2621delC, c.268A>G, c.2740G>A, c.2767C>T, c.2779A>C, c.2782C>T, c.2812G>A, c.2844_2844delC, c.284T>C, c.2881delC, c.2901C>A, c.2913T>G, c.2920G>A, c.297C>T, c.3028delG, c.302C>G, c.3053G>A, c.3059A>C, c.3080C>G, c.3138C>T, c.3175C>G, c.3176G>A, c.3214G>T, c.3236_3237AG>TA, c.3269C>A, c.3281C>G, c.3347G>A, c.3364C>G, c.3380C>T, c.3447G>C, c.3458-2A>G, c.3484_3507delAAATCAACCCGAGGCTTTGCTCTT, c.3536C>T, c.3562G>A, c.3565G>C, c.3580C>T, c.3581G>A, c.3609C>T, c.3632A>T, c.3638A>T, c.3642T>G, c.3659G>A, c.3670-8A>T, c.3672C>A, c.3695T>G, c.3706T>C, c.3709G>A, c.370G>C, c.371A>G, c.3727C>T, c.3759-18_3759-2del17, c.3765C>G, c.3766C>T, c.3767G>A, c.3801C>T, c.3820G>A, c.3829C>A, c.395_399delTCCTC, c.541C>T, c.56C>T, c.607C>T, c.615G>C, c.707A>G, c.764C>T, c.769A>G, c.796G>A, c.80A>G, c.911A>G, c.912T>C, c.920A>T, c.942C>T, c.945G>A, c.950_splice, c.989G>A, c.99G>T","p.?, p.A1090D, p.A1127V, p.A255V, p.A266T, p.A536S, p.A824V, p.A874fs, p.C314C, p.C731C, p.D1046D, p.D1211V, p.D381_splice, p.D821G, p.E1011fs*19, p.E1020A, p.E1189Q, p.E124G, p.E124Q, p.E357Q, p.E696K, p.E696Q, p.E72*, p.E72D, p.E772A, p.E868A, p.E868D, p.E914K, p.E974K, p.F1236L, p.F646F, p.F854V, p.F99F, p.G1072*, p.G1188R, p.G1203G, p.G1274S, p.G728V, p.G846C, p.G850D, p.G938R, p.G967G, p.H1224Q, p.H181Y, p.H948fs, p.I1255M, p.I682I, p.I697T, p.K1079I, p.K1149N, p.K1213M, p.K257E, p.K411R, p.K715E, p.K835E, p.KSTRGFAL1162del, p.L1214L, p.L1277I, p.L205L, p.L317_splice, p.L33L, p.L409P, p.L645V, p.L81L, p.L95S, p.N236S, p.N782fs*7, p.P469P, p.P549R, p.P559S, p.P5S, p.P971P, p.Q1122E, p.Q27R, p.Q307L, p.Q486Q, p.R1018Q, p.R1059G, p.R1059Q, p.R1116Q, p.R1194C, p.R1194H, p.R1220H, p.R1243C, p.R1256Q, p.R1256W, p.R203*, p.R315R, p.R330H, p.R343H, p.R394W, p.R495*, p.R585*, p.R609Q, p.R614R, p.R736Q, p.R818H, p.R923W, p.R928W, p.S101C, p.S1027*, p.S1094C, p.S1179L, p.S19F, p.S427I, p.S468fs, p.S498C, p.S498Y, p.S504C, p.S504Y, p.S540L, p.S763C, p.S763F, p.S962fs*4, p.T439A, p.T525I, p.T90A, p.T927P, p.V1232G, p.V1237M, p.V132fs, p.V717I, p.V78I, p.Y1267Y, p.Y304C, p.Y304Y"
"SETDB2","Q96T68","Histone-lysine N-methyltransferase SETDB2","Histone Methyl Transferases (HMTs)","Lysine Methyl Transferases (KMT)","Nucleus and Chromosome","PF01429, PF05033, PF00856","0048228, 0036316","c.1075C>T, c.1126C>A, c.1172C>A, c.1173A>G, c.1185T>G, c.1196G>A, c.1245C>T, c.1268A>C, c.1397A>G, c.1510delA, c.158T>C, c.1621A>G, c.1634T>C, c.1636G>A, c.1663G>C, c.1704T>A, c.182delT, c.1877C>A, c.1930G>A, c.1959T>A, c.2017C>T, c.222A>C, c.268G>C, c.284C>T, c.28A>G, c.365T>A, c.414G>A, c.433C>A, c.508A>C, c.52G>A, c.546T>C, c.557C>T, c.603C>T, c.644A>C, c.665T>G, c.666T>A, c.676A>G, c.677C>A, c.695G>A, c.715G>T, c.833G>A, c.955C>T, c.956C>T, c.994_995delAA, c.99G>C","p.A186V, p.D18N, p.D546N, p.E239*, p.E555Q, p.E90Q, p.F222C, p.F222L, p.G644R, p.H145N, p.I395M, p.I61fs*8, p.K170Q, p.K423T, p.K74N, p.L122H, p.M506fs*24, p.M53T, p.N201N, p.N215T, p.N415N, p.N466S, p.P319L, p.P319S, p.P673S, p.Q33H, p.Q376K, p.R232Q, p.R278Q, p.R333fs*11, p.R359*, p.R399K, p.S138S, p.S182S, p.S541G, p.S626Y, p.S653R, p.S95F, p.T10A, p.T226A, p.T226N, p.T391K, p.T391T, p.T568T, p.V545A"
"SETMAR","Q53H47","Histone-lysine N-methyltransferase SETMAR","Histone Methyl Transferases (HMTs)","Lysine Methyl Transferases (KMT)","Nucleus and Chromosome","PF05033, PF00856, PB005810, PB011211, PB004892, PB012545, PF01498, PF01359, PB010046, PB004053, PB003712, PB004892","0048228","c.1006C>T, c.1149A>G, c.1228T>A, c.1243G>T, c.1368C>T, c.1387_1388insA, c.1516C>T, c.1517G>A, c.1601C>T, c.163C>A, c.1689C>T, c.1880T>G, c.1959C>T, c.1984G>A, c.344delT, c.419A>G, c.437C>T, c.442delA, c.450C>T, c.45G>A, c.460C>T, c.480G>A, c.4T>C, c.565G>A, c.637A>G, c.679G>A, c.774C>A, c.947G>C, c.96C>T","p.A15A, p.A662T, p.C32C, p.D189N, p.D415Y, p.E227K, p.E383E, p.F116fs*58, p.F2L, p.F627C, p.G150G, p.G150fs*24, p.G316A, p.H140R, p.I563I, p.L258L, p.L456L, p.L464fs*3, p.P160P, p.P55T, p.R154C, p.R336*, p.R506*, p.R506Q, p.S410T, p.T146M, p.T213A, p.T534I, p.V653V"
"SIRT1","Q96EB6","NAD-dependent protein Deacetylases sirtuin-1","Sirtuin ","HDAC Class I ","Nucleus,  Cytoplasm","PB005913, PB005189, PF02146, PB002214, PB008042","0047535","c.1021C>T, c.1105G>A, c.1135G>A, c.1147G>A, c.1178C>G, c.1208C>T, c.1220T>C, c.1236_1237insT, c.1260A>G, c.1282T>C, c.1294G>A, c.1399G>T, c.1423G>T, c.1439G>A, c.1466T>C, c.1484G>A, c.1547G>A, c.1558G>T, c.1646C>G, c.1646C>T, c.1828delA, c.1850C>T, c.1852G>A, c.1874C>T, c.1891G>A, c.1896G>T, c.1945C>T, c.1946G>A, c.1949A>G, c.1986A>T, c.2017A>G, c.2024G>A, c.2043G>C, c.2059G>A, c.2094C>T, c.2134G>A, c.2174A>G, c.2188G>T, c.2215G>T, c.441G>T, c.444C>T, c.477C>T, c.530C>T, c.547+1G>A, c.596G>A, c.703_703delA, c.713A>C, c.760_760delA, c.760delA, c.770T>G, c.809T>A, c.844C>A, c.845G>A, c.876T>A, c.877C>T, c.892G>C, c.943G>T, c.963C>T","p.?, p.A369T, p.A617V, p.A712T, p.A730S, p.D292E, p.D298H, p.D379N, p.D475Y, p.D739Y, p.E315*, p.E420E, p.E432K, p.E467*, p.E520*, p.E631K, p.E662D, p.E687K, p.E725G, p.F148F, p.F321F, p.F698F, p.G415fs*2, p.G480E, p.G495D, p.G618R, p.I256fs*2, p.I257R, p.I270K, p.K235fs, p.K238T, p.K254fs, p.L147L, p.L489S, p.M407T, p.N611fs*10, p.P293S, p.P393R, p.P403L, p.P625L, p.Q632H, p.Q681H, p.R199Q, p.R282H, p.R282S, p.R341C, p.R516Q, p.R649C, p.R649H, p.S159S, p.S549C, p.S549F, p.S673G, p.S675N, p.T177I, p.V383I, p.Y428H, p.Y650C"
"SIRT2","Q8IXJ6","NAD-dependent protein Deacetylases sirtuin-2","Sirtuin ","HDAC Class I ","Cytoplasm","PF02146, PB005353","0047535","c.1021C>A, c.1036C>T, c.1074G>A, c.1156G>T, c.1158G>C, c.125G>C, c.219C>A, c.226+8C>T, c.383C>T, c.419C>A, c.457C>T, c.529G>T, c.557C>T, c.568T>G, c.585C>T, c.586G>A, c.608A>G, c.654G>A, c.697G>A, c.718C>A, c.756G>A, c.803_804CC>TT, c.85G>A, c.948-2A>T, c.94G>A, c.951C>T","p.?, p.A186V, p.A32T, p.A358A, p.C195C, p.D317D, p.E203G, p.E386*, p.E386D, p.F190V, p.G177W, p.G29R, p.L252L, p.L341M, p.P128L, p.P140H, p.P240T, p.P268L, p.R153C, p.R346W, p.R42P, p.S73R, p.T218T, p.V196I, p.V233I"
"SIRT3","Q9NTG7","NAD-dependent protein Deacetylases sirtuin-3,  Mitochondrial","Sirtuin ","HDAC Class I ","Nucleus and Mitochondria","PF02146","0047535","c.1034G>A, c.1080G>T, c.1107C>T, c.1154A>C, c.1167G>T, c.1168G>A, c.1178A>G, c.1179G>A, c.120T>A, c.292G>A, c.322G>A, c.366G>T, c.399G>T, c.436delG, c.455G>A, c.45G>T, c.490C>A, c.540delT, c.561C>A, c.636_637insT, c.649C>A, c.659G>T, c.793G>T, c.856G>A, c.862A>G, c.872T>G, c.978T>G, c.996G>T","p.A108T, p.A146fs*127, p.D385A, p.E332D, p.E390K, p.F180fs*93, p.G220V, p.G265W, p.G369G, p.G98R, p.H187Q, p.H217N, p.I291S, p.K122N, p.K288E, p.K393K, p.K393R, p.L164M, p.L213fs*6, p.L40L, p.P326P, p.R133R, p.R345Q, p.R389R, p.S152N, p.V286I, p.V360V, p.W15C"
"SIRT4","Q9Y6E7","NAD-dependent protein Deacetylases sirtuin-4","Sirtuin ","HDAC Class II ","Mitochondria","PF02146","0047535","c.12C>T, c.146G>A, c.18G>T, c.239G>T, c.259C>A, c.260G>A, c.311G>A, c.404G>T, c.42C>T, c.451A>G, c.466C>T, c.467G>A, c.480C>T, c.488G>T, c.531C>T, c.533delG, c.547G>T, c.656C>T, c.68C>G, c.694G>A, c.718C>T, c.758C>T, c.759C>T, c.792+3A>G, c.843G>A, c.905C>A","p.?, p.A253A, p.A253V, p.A6A, p.C163F, p.E183*, p.G135V, p.G14G, p.G80V, p.K151E, p.L160L, p.P177P, p.P23R, p.P240S, p.P281P, p.R104Q, p.R156C, p.R156H, p.R49H, p.R87H, p.R87S, p.S302Y, p.S4S, p.T219I, p.V180fs*9, p.V232I"
"SIRT5","Q9NXA8","NAD-dependent protein deacylase sirtuin-5,  Mitochondrial","Sirtuin ","HDAC Class III","Cytoplasm,  Nucleus and Mitochondria","PF02146","0053226","c.130C>T, c.131G>A, c.247C>T, c.249G>T, c.284C>T, c.324C>T, c.356G>A, c.358G>A, c.405C>T, c.420G>A, c.440G>A, c.460C>T, c.4C>T, c.504T>C, c.576T>C, c.618G>C, c.657C>T, c.714G>C, c.716T>G, c.766C>G, c.787C>G, c.827C>T, c.851G>T, c.881G>A","p.A120T, p.E238D, p.G294E, p.H219H, p.L154F, p.L239R, p.P192P, p.P256A, p.P95L, p.Q140Q, p.Q263E, p.Q83*, p.Q83H, p.R119H, p.R147H, p.R2*, p.R206R, p.R284I, p.R44*, p.R44Q, p.S168S, p.T276M, p.V108V, p.V135V"
"SIRT6","Q8N6T7","NAD-dependent protein Deacetylases sirtuin-6","Sirtuin ","HDAC Class IV","Nucleus ","PF02146, PF02146","0047535","c.1002G>A, c.107A>T, c.137G>A, c.15C>T, c.23G>A, c.243G>T, c.246C>A, c.265G>T, c.346G>A, c.404delA, c.483C>T, c.73G>A, c.778G>T, c.789C>T, c.80C>G","p.A161A, p.A89S, p.D116N, p.D25N, p.E260*, p.E334E, p.E36V, p.F82L, p.G8E, p.K81N, p.N135fs*25, p.P27R, p.S46N, p.T263T, p.Y5Y"
"SIRT7","Q9NRC8","NAD-dependent protein Deacetylases sirtuin-7","Sirtuin ","HDAC Class IV","Nucleolus and Cytoplasm ","PF02146","0047535","c.1008G>A, c.1022T>G, c.1025C>G, c.1031C>T, c.1042C>T, c.1076C>G, c.1178G>A, c.1185A>C, c.14G>A, c.192G>T, c.233T>G, c.31C>T, c.359delG, c.414C>T, c.41C>T, c.426G>A, c.433C>G, c.499C>G, c.595G>A, c.613G>T, c.616C>T, c.617_618GG>TT, c.644C>T, c.700G>T, c.729G>A, c.762G>C, c.774C>A, c.790A>T, c.803G>T, c.869G>A, c.941A>C, c.952G>A, c.973G>A","p.A138A, p.A14V, p.A215V, p.A254A, p.A258A, p.A344V, p.D234Y, p.E142E, p.E325K, p.F341C, p.G121fs*20, p.G243G, p.G268V, p.G5D, p.I264F, p.K314T, p.K395N, p.P145A, p.Q167E, p.R11C, p.R206L, p.R206W, p.R290Q, p.R348C, p.R393H, p.R64R, p.S342*, p.S359W, p.V199I, p.V205L, p.V318I, p.V78G, p.W336*"
"SMARCA1","P28370","Probable global transcription activator SNF2L1","NA","","Nucleus","PF13892, PF00176, PB018422, PF00271, PB008129, PF09110, PF09111","0051485, 0051486, 0048555, 0041827, 0041825","c.1004G>A, c.1029G>A, c.103C>G, c.1050G>A, c.106G>A, c.1084T>C, c.1109C>A, c.1168-1G>C, c.1233G>C, c.1242G>T, c.1245T>G, c.126G>A, c.1299A>C, c.1384C>G, c.1455T>A, c.1458T>A, c.1462delA, c.1497_1498insA, c.1497_1500delAGAA, c.1498G>T, c.149C>A, c.149C>T, c.1530G>T, c.1572G>A, c.1574G>A, c.1594C>A, c.1639G>T, c.1675G>A, c.169_171delAAG, c.1714C>T, c.175-1delg, c.177A>C, c.1794A>T, c.1815+1G>A, c.1832T>G, c.183T>C, c.1852C>T, c.1860C>G, c.1900G>T, c.1957A>T, c.2128delA, c.2147G>T, c.2185T>G, c.2213A>T, c.2226G>T, c.224C>T, c.2257C>T, c.2312A>G, c.2351C>G, c.2359delC, c.2412T>C, c.2475T>C, c.2503A>T, c.2506G>A, c.2535G>A, c.2553delA, c.2557C>G, c.2580G>C, c.2590G>A, c.262-1G>C, c.2654G>A, c.2665G>T, c.2673C>A, c.267C>A, c.2685C>A, c.2713C>T, c.2716T>C, c.2728C>A, c.272G>A, c.2754A>T, c.2761C>T, c.2783G>A, c.2818-2A>C, c.2829C>A, c.2867C>A, c.2875G>T, c.2896G>A, c.2954A>G, c.2978G>A, c.2989C>T, c.2996G>T, c.2T>C, c.3030_3030+1insTG, c.3044G>A, c.386G>A, c.417T>G, c.433C>T, c.443G>A, c.446C>T, c.460G>T, c.468G>A, c.478G>A, c.490delA, c.513T>A, c.524C>A, c.530-1G>A, c.582G>A, c.583A>G, c.585C>A, c.608A>G, c.619G>T, c.639G>T, c.668G>A, c.686G>A, c.757C>T, c.758G>T, c.759A>G, c.76G>T, c.78C>T, c.794G>T, c.829G>T, c.886G>T, c.891_892insA, c.951G>T, c.962C>A, c.983G>A","p.?, p.A207S, p.A42A, p.A559T, p.A825A, p.A89A, p.C906R, p.D154Y, p.D26D, p.D26Y, p.D836N, p.D864N, p.E1011fs*10, p.E156E, p.E160K, p.E277*, p.E296*, p.E36K, p.E500*, p.E500fs*29, p.E547*, p.E634*, p.E771G, p.E845E, p.E966K, p.F171L, p.F362L, p.F620L, p.F729V, p.G213G, p.G223D, p.G265V, p.G486G, p.G889C, p.G959*, p.H462D, p.I139M, p.I195I, p.I195V, p.I415M, p.I611S, p.I653F, p.I804I, p.I835F, p.K317N, p.K411N, p.K414N, p.K433N, p.K499fs*12, p.K57delK, p.K59N, p.K851fs*33, p.L194L, p.L343L, p.L350L, p.L532M, p.L572L, p.L853V, p.M1T, p.M488fs*2, p.M710fs*6, p.M742I, p.N203S, p.P175H, p.P598P, p.P784R, p.Q35E, p.Q510H, p.Q738L, p.Q787fs*25, p.Q910K, p.Q918H, p.Q997*, p.R1015H, p.R129Q, p.R145C, p.R148H, p.R229Q, p.R253*, p.R253L, p.R253R, p.R328H, p.R335H, p.R525H, p.R618C, p.R716I, p.R753C, p.R885Q, p.R905C, p.R91Q, p.R921C, p.R928Q, p.R993Q, p.R999I, p.S298fs*14, p.S321Y, p.S370Y, p.S485R, p.S75F, p.S891S, p.T149I, p.T164fs*15, p.T50K, p.T50M, p.T956N, p.V61V, p.V895V, p.W524*, p.W860C, p.Y943*, p.Y985C"
"SMARCA4","A7E2E1","SWI/SNF related,  matrix associated,  actin dependent regulator of chromatin,  subfamily a,  member ","Chromatin Modellers","SWI/SNF Complex","Nucleus and Nucleolus","PF08880, PB014261, PF07529, PB014974, PF07533, PF00176, PF00271, PB008129, PF14619, PB017897, PF00439","0051485, 0051486, 0046608, 0054691","c.1058delC, c.1108C>T, c.1111G>A, c.1130G>A, c.1141C>T, c.1142G>A, c.1146T>C, c.1147C>T, c.1195A>T, c.1208A>G, c.1216G>A, c.1252C>T, c.130G>A, c.1352G>A, c.1367T>C, c.1419+5G>T, c.1420G>T, c.1426C>G, c.1426C>T, c.1427T>C, c.1428C>A, c.1458C>G, c.1481C>G, c.1489A>T, c.1519T>C, c.1525G>T, c.1540G>T, c.1558G>T, c.1562G>C, c.1567G>A, c.1590C>G, c.1593+2T>C, c.1615C>T, c.1627G>A, c.1630C>T, c.1631A>C, c.1663C>T, c.1666C>T, c.1674C>T, c.1677_1761del85, c.1683G>T, c.169delC, c.1733_1761+40del69, c.1750A>T, c.1756A>T, c.1757A>G, c.1761G>T, c.1781G>C, c.1812+1G>T, c.1813-2A>G, c.1839C>T, c.1842C>T, c.1860C>T, c.1915_1915delC, c.1917G>T, c.1917_1918GG>CT, c.1943+2T>G, c.1959G>A, c.1975G>T, c.2002-2A>G, c.2002_splice, c.2008G>T, c.200C>T, c.2011G>T, c.2022G>A, c.2057_2059delAGA, c.2059A>G, c.2074G>T, c.2080G>T, c.2082C>G, c.2108C>T, c.2184_2206del23, c.2184_2206delGCAGTCCTACTATGCCGTGGCCC, c.2198C>T, c.2207A>G, c.2220G>A, c.2222G>A, c.2260C>T, c.2290T>A, c.2290T>C, c.2294T>G, c.2298G>A, c.2300C>T, c.2322C>A, c.2322C>T, c.2334C>T, c.2336A>G, c.2337C>T, c.2338G>A, c.2351G>A, c.2357C>A, c.2357C>T, c.2376C>T, c.2402G>A, c.2427C>T, c.2432C>G, c.2438+1G>T, c.2439-1G>A, c.2440A>G, c.2441C>A, c.2441_2447delCGCTGTC, c.2444T>C, c.2450_2458delACTGGGCGT, c.2451C>G, c.2457G>A, c.2461G>A, c.2477_2477delC, c.2484C>G, c.2505+2T>C, c.2539C>T, c.254C>T, c.2578T>C, c.2581G>A, c.2617_splice, c.2620C>T, c.2635A>G, c.2642A>G, c.2644G>A, c.2651A>C, c.2653C>T, c.2654G>A, c.2654G>T, c.2655C>G, c.2658_2660delGAA, c.266G>A, c.2673C>G, c.2682G>A, c.2687T>A, c.2695A>G, c.2713C>T, c.2729C>T, c.2735C>A, c.2738C>A, c.2738C>T, c.2745G>C, c.2758G>A, c.2767G>C, c.2777A>T, c.2800A>T, c.2837C>T, c.2843C>T, c.2896C>T, c.2897G>T, c.2900G>A, c.2905C>T, c.2917C>T, c.2918G>A, c.2932C>T, c.2933G>A, c.2933G>T, c.2936G>T, c.2986A>T, c.2988delC, c.2989delA, c.3005C>T, c.302G>T, c.3046G>A, c.3056C>T, c.3067G>C, c.3082-1G>T, c.3092G>T, c.3099G>C, c.3125T>C, c.3146C>T, c.3147C>T, c.3157delC, c.3165C>T, c.3166G>T, c.3203G>A, c.3229C>T, c.322delC, c.3230G>T, c.3247G>T, c.3253_3269delCTTGATAGAATTCTTCC, c.3254_3270del17, c.326C>T, c.3278G>A, c.3293A>G, c.3304T>C, c.3306C>G, c.3315G>T, c.3324C>A, c.3324C>T, c.3325A>G, c.3348T>C, c.3356G>A, c.3373A>G, c.3374G>T, c.3379G>T, c.3380A>G, c.3403C>T, c.3404G>A, c.3424T>G, c.3436G>A, c.3469C>T, c.3475G>T, c.3475_3475delG, c.3475delG, c.3476G>T, c.3476delG, c.3478G>C, c.3481C>T, c.3484G>T, c.3485G>T, c.3488T>C, c.3490A>T, c.34C>T, c.3500C>T, c.3523G>A, c.3524A>G, c.3526A>T, c.3527G>A, c.3531C>A, c.3533G>A, c.3546+1G>T, c.3547-2A>G, c.355+1G>T, c.3553C>A, c.3557C>G, c.3557C>T, c.3566G>A, c.3572A>G, c.3574C>G, c.3574C>T, c.3575G>A, c.3584A>T, c.3586C>T, c.35C>T, c.3608G>A, c.3619G>A, c.3630_3632delGGA, c.3631G>A, c.3636G>C, c.363_364insC, c.3694G>A, c.3694G>T, c.3695G>A, c.3699G>A, c.3702C>A, c.3703G>T, c.3706C>T, c.3727C>T, c.3729_3730delGC, c.3744G>C, c.3745G>T, c.3760_3771delGAGGAGCAGGAT, c.3768_3769delGG, c.3770_3771insC, c.37C>T, c.3811T>C, c.3834A>G, c.3850G>A, c.3857_3858AG>CA, c.3967C>T, c.3968G>A, c.3993_3993delC, c.4007G>A, c.400G>A, c.4015G>T, c.4030C>T, c.4051G>A, c.4067G>A, c.4089_4090GG>TT, c.4090G>A, c.4105C>A, c.4113C>T, c.4148T>C, c.4158G>A, c.416C>T, c.4177G>A, c.4200C>T, c.4201G>A, c.4232G>A, c.4233G>A, c.4243C>T, c.4271C>T, c.4291G>T, c.4315A>C, c.4348G>T, c.4367C>T, c.4412A>G, c.4429C>T, c.4441G>T, c.4456A>C, c.4460C>A, c.4463C>T, c.4471C>T, c.4477G>T, c.4499C>G, c.451G>A, c.4559G>A, c.455delC, c.4582G>T, c.4591G>T, c.4602G>C, c.4606G>A, c.4615T>C, c.4617C>G, c.4617C>T, c.4635G>T, c.4636-1G>C, c.4640G>A, c.4698_4699GG>TT, c.4702G>A, c.4735G>T, c.4738G>T, c.4781A>G, c.4794_4795GG>TT, c.479A>G, c.4801C>T, c.4801G>A, c.4823G>A, c.4826A>G, c.4826T>C, c.4838G>A, c.4840G>T, c.4887T>C, c.4936G>A, c.513A>G, c.538C>T, c.589C>G, c.589C>T, c.590C>A, c.729delC, c.797C>T, c.802G>A, c.804_805insC, c.805_806delCC, c.805delC, c.809_810delCC, c.830C>A, c.853C>A, c.98G>A, c.991C>T, c.?, c.?_?del?","p.1598_1599KE>N*, p.?, p.A1002V, p.A1186G, p.A1186V, p.A1245fs*13, p.A1249S, p.A1500G, p.A1536T, p.A406T, p.A509S, p.A703V, p.A733V, p.A778A, p.A819A, p.A826fs, p.A923P, p.A948V, p.C891W, p.D1127G, p.D1127Y, p.D1175G, p.D1175N, p.D1177E, p.D1235Y, p.D1257fs*1, p.D1284N, p.D1351N, p.D1450Y, p.D1568N, p.D1601N, p.D1629D, p.D543N, p.D558D, p.D614D, p.D692Y, p.D694E, p.D694Y, p.D779D, p.D779G, p.D881G, p.E1023Q, p.E1056*, p.E1083*, p.E1211K, p.E1212D, p.E1212del, p.E1212delE, p.E1258fs*1, p.E1286A, p.E1339*, p.E1363_E1364>D*, p.E1364K, p.E1393K, p.E1401K, p.E1431*, p.E1481*, p.E1493*, p.E1528*, p.E1531*, p.E1579*, p.E1580*, p.E1609G, p.E1614*, p.E1646K, p.E371K, p.E403G, p.E474*, p.E514*, p.E520*, p.E523K, p.E659*, p.E668_splice, p.E670*, p.E671*, p.E740E, p.E780K, p.E821K, p.E861K, p.E882K, p.E920K, p.EEQD1254del, p.F1059fs*23, p.F1102L, p.F1116F, p.F1142V, p.F1234L, p.F1271L, p.F1539F, p.F1539L, p.F486L, p.G101V, p.G1031V, p.G1068D, p.G1146S, p.G1159V, p.G1159W, p.G1159fs, p.G1160R, p.G1162C, p.G1162V, p.G1232C, p.G1232D, p.G1232S, p.G151S, p.G33D, p.G44R, p.G594A, p.G784E, p.H1191R, p.H736R, p.H884P, p.H969Y, p.I1055I, p.I1400I, p.I355fs*56, p.I382I, p.I497F, p.I620I, p.I809I, p.I873_splice, p.I879V, p.I996F, p.K1033N, p.K1098R, p.K1332fs*26, p.K1386K, p.K1439Q, p.K1471R, p.K1566_E1567>N*, p.K399*, p.K584*, p.K586*, p.K586R, p.K687E, p.K689del, p.K887del, p.K934*, p.K997fs*22, p.L1042P, p.L1085fs, p.L1085fs*32, p.L1108L, p.L1161F, p.L1161fs*3, p.L1163P, p.L1383P, p.L1545L, p.L1609P, p.L180F, p.L456P, p.L476F, p.L476L, p.L476P, p.L476V, p.L530L, p.L639>?, p.L639L, p.L639fs, p.L728fs, p.L754F, p.L765R, p.L792L, p.L815P, p.M1105I, p.M1109V, p.M1233I, p.M272fs*31, p.N1164Y, p.N1486H, p.N774K, p.N774N, p.N817K, p.N926I, p.P1049L, p.P1049P, p.P109L, p.P109fs*194, p.P1278P, p.P12L, p.P12S, p.P1344S, p.P139L, p.P1424L, p.P1456L, p.P1487Q, p.P1488L, p.P153fs*150, p.P171P, p.P197A, p.P197H, p.P197S, p.P244fs*59, p.P269fs, p.P270fs*16, p.P277H, p.P285T, p.P653P, p.P674P, p.P811R, p.P913L, p.P913Q, p.P946L, p.Q1053fs*53, p.Q1185K, p.Q1195L, p.Q1196*, p.Q1236*, p.Q1248H, p.Q1534H, p.Q1594R, p.Q160R, p.Q331*, p.Q383*, p.Q418*, p.Q544*, p.Q544P, p.Q555*, p.Q556*, p.Q729fs*4, p.Q847*, p.Q915H, p.R1077*, p.R1077L, p.R1093Q, p.R1119H, p.R1125G, p.R1125M, p.R1135Q, p.R1135W, p.R1157W, p.R1189Q, p.R1192C, p.R1192G, p.R1192H, p.R1203H, p.R1243W, p.R1243fs, p.R1323C, p.R1323H, p.R1336H, p.R1356Q, p.R1369S, p.R13W, p.R1411Q, p.R1411R, p.R1415*, p.R1477W, p.R1491*, p.R1520H, p.R1547H, p.R1601W, p.R1608Q, p.R1613Q, p.R370C, p.R377H, p.R381*, p.R381Q, p.R451H, p.R521P, p.R539C, p.R741K, p.R801H, p.R874C, p.R885C, p.R885H, p.R885L, p.R885R, p.R89H, p.R905C, p.R966L, p.R966W, p.R967H, p.R973Q, p.R973W, p.R978*, p.R978L, p.R978Q, p.R979L, p.S1167L, p.S1176C, p.S1176N, p.S122fs*7, p.S1371S, p.S266L, p.S613S, p.S67F, p.S767F, p.S828S, p.S85L, p.T1019I, p.T494R, p.T58fs*36, p.T786I, p.T786N, p.T814A, p.T814K, p.T814fs, p.T894T, p.T899A, p.T910M, p.T912K, p.V1016M, p.V1207I, p.V134I, p.V268M, p.V268fs, p.V561V, p.V766V, p.V896E, p.W1178*, p.W764R, p.W818_Y820delWAY, p.Y507H, p.Y860H"
"SMARCA5","O60264","SWI/SNF-related matrix-associated actin-dependent regulator of chromatin subfamily A member 5","NA","","Nucleus","PF13892, PF00176, PB018422, PF00271, PB008129, PF09110, PF09111","0051485, 0051486, 0048555, 0041827, 0041825","c.1184G>A, c.1276C>A, c.1279A>G, c.1365A>G, c.1502G>A, c.1506A>G, c.1607A>C, c.1641A>C, c.1666A>G, c.1677G>A, c.1678C>T, c.1756G>A, c.1759C>A, c.1806C>G, c.1869G>T, c.190G>C, c.2022C>T, c.205A>C, c.2131G>A, c.2138A>C, c.2164A>C, c.2213G>A, c.2258G>A, c.2390G>T, c.2467G>A, c.2494G>C, c.2503G>T, c.2543G>T, c.2546A>C, c.2572G>A, c.2594T>C, c.2635G>T, c.263G>A, c.2677G>A, c.2707C>T, c.2736A>G, c.2858G>A, c.2871T>C, c.2882A>C, c.2899G>C, c.2907T>C, c.2921G>A, c.2942C>T, c.2953T>C, c.2985_2985+1insGT, c.2992C>A, c.3041A>G, c.3057G>C, c.3076C>T, c.3118G>A, c.3128G>T, c.3131G>A, c.3144G>T, c.362A>T, c.368G>T, c.377G>A, c.425G>A, c.430C>T, c.457G>A, c.458A>G, c.496A>G, c.500G>A, c.520+2T>C, c.799A>C, c.854C>T, c.893A>C, c.894A>C, c.949A>C","p.?, p.A1040T, p.A823T, p.C957C, p.D536A, p.D586N, p.D64H, p.D849A, p.E1014G, p.E1019D, p.E153G, p.E153K, p.E547D, p.E832Q, p.E835*, p.E858K, p.E879*, p.E893K, p.E967Q, p.E996fs*10, p.F985L, p.G1043V, p.G123V, p.G797V, p.I427V, p.I674I, p.I865T, p.K1048N, p.K121I, p.K298N, p.K298T, p.K317Q, p.K455K, p.K69Q, p.K722Q, p.K961T, p.L587I, p.M556V, p.M623I, p.N713T, p.P981L, p.Q903*, p.Q912Q, p.Q998K, p.R1026*, p.R1044Q, p.R126Q, p.R142Q, p.R144C, p.R167Q, p.R267R, p.R395Q, p.R426R, p.R501Q, p.R560C, p.R738K, p.R753H, p.R848I, p.R88Q, p.R953H, p.R974Q, p.T166A, p.T285I, p.T559T, p.V502V, p.V602V, p.V711I, p.V969V"
"SMARCC1","Q92922","SWI/SNF Complex Subunit SMARCC1","Chromatin Modellers","SWI/SNF Complex","Nucleus","PB001849, PB001566, PF04433, PF00249, PB000903, PB000276, PB000265, PB002122, PB014233","0052200, 0040338, 0050538","c.1075A>G, c.1108G>T, c.1141G>A, c.1165+1G>T, c.1176G>T, c.1180G>T, c.1197T>C, c.1205G>T, c.1364C>T, c.1367C>G, c.1371G>T, c.1385+4A>T, c.1472G>A, c.1495C>T, c.1497T>C, c.1535G>A, c.1545G>C, c.1554T>C, c.1561G>T, c.1657A>G, c.1687C>T, c.1696C>A, c.1708C>T, c.1714C>T, c.1805G>A, c.1840-3T>C, c.1847G>T, c.1926G>C, c.1928A>G, c.1928A>T, c.1929C>T, c.1954C>T, c.2016G>T, c.2021C>T, c.2040T>G, c.2059_2060CC>TT, c.2072C>T, c.2090G>A, c.2120A>T, c.2168C>T, c.2175C>T, c.2177G>T, c.2242T>C, c.2301C>G, c.2332G>C, c.2415T>A, c.2424A>C, c.2441_2444delAAAA, c.2472G>A, c.2490A>G, c.2518G>T, c.2530A>G, c.2531C>T, c.2541A>G, c.2551G>A, c.2607C>G, c.2669G>C, c.2682C>T, c.2759T>G, c.2840_2881del42, c.2860G>A, c.2883G>A, c.3010C>T, c.3131C>T, c.3147C>T, c.3181T>G, c.3213C>T, c.439C>G, c.443A>T, c.569G>A, c.760G>A, c.772A>G, c.781A>C, c.823_824delAT, c.828C>T, c.850G>A, c.852T>G, c.890G>A","p.?, p.A455V, p.A521S, p.A869A, p.A954T, p.D284E, p.D284N, p.D370Y, p.D394Y, p.D518D, p.D707V, p.D805E, p.D851N, p.E254K, p.E381K, p.E672D, p.E778Q, p.E840*, p.E847E, p.F276F, p.G402V, p.G616V, p.H1004Y, p.H570Y, p.I258V, p.I275fs*3, p.I920S, p.K261Q, p.K359E, p.K392N, p.K814fs*10, p.L1061V, p.L515F, p.L566I, p.L947_Q960del14, p.N1071N, p.N148I, p.N643I, p.N643N, p.N643S, p.P399P, p.P563S, p.P680P, p.P687F, p.P767P, p.Q808H, p.Q961Q, p.R147G, p.R190Q, p.R297H, p.R491Q, p.R499C, p.R499R, p.R512Q, p.R572*, p.R602H, p.R652C, p.R726L, p.R890T, p.S1044F, p.S456*, p.S674L, p.S691L, p.S697N, p.S723F, p.S748P, p.S830S, p.S894S, p.T1049T, p.T553A, p.T844A, p.T844I, p.V725V, p.V824V, p.W457C, p.W642C"
"SMARCC2","Q8TAQ2","SWI/SNF Complex Subunit SMARCC2","Chromatin Modellers","SWI/SNF Complex","Nucleus","PB001849, PF04433, PF00249, PB014233","0052200, 0040338, 0050538","c.1060G>C, c.1072C>T, c.1089A>G, c.1121G>A, c.1183G>A, c.1183G>C, c.1210G>A, c.1255G>T, c.1258C>T, c.1279C>T, c.1319C>A, c.1339C>T, c.1352A>T, c.1392C>A, c.1411G>C, c.1424T>C, c.1433A>T, c.1452C>T, c.1513G>A, c.1556G>A, c.1563C>G, c.1605T>C, c.1624G>C, c.165G>T, c.166T>G, c.1770+1G>A, c.1833+1G>C, c.1840G>A, c.1840G>T, c.1842A>G, c.1861A>C, c.1889G>A, c.1890C>T, c.1905C>T, c.1984C>T, c.2098T>C, c.215C>T, c.2204T>A, c.2211C>A, c.2263G>T, c.231G>C, c.2370C>G, c.2373C>T, c.2396A>G, c.2464G>C, c.2482A>C, c.253A>G, c.2563G>A, c.2573T>C, c.2586T>C, c.2590G>A, c.2596C>T, c.2701A>G, c.2703C>A, c.2703C>G, c.2736C>A, c.2736C>T, c.2751A>G, c.2752G>A, c.2762A>G, c.2839C>T, c.2883A>G, c.3022G>A, c.3043C>A, c.3063G>A, c.30delC, c.3120T>C, c.3128delC, c.3148C>T, c.3173C>A, c.3182T>C, c.3218T>G, c.3222G>A, c.3225T>G, c.322C>T, c.3274_3276delCCT, c.328G>A, c.3297T>C, c.3299G>A, c.3342T>C, c.3397C>T, c.3478G>A, c.3498C>T, c.3499G>T, c.3523G>A, c.3529G>C, c.356G>A, c.3618G>A, c.460G>A, c.571G>T, c.575G>A, c.595A>T, c.633-2A>T, c.734C>T, c.837T>C, c.880G>T, c.911C>G, c.920C>T, c.985C>T, c.987T>C, c.997G>T","p.?, p.A1074A, p.A1166A, p.A1167S, p.A1175T, p.A440D, p.A464A, p.A535A, p.A862A, p.A864T, p.C635C, p.D110N, p.D279D, p.D471H, p.E333*, p.E354Q, p.E395K, p.E395Q, p.E419*, p.E505K, p.E614*, p.E614E, p.E614K, p.E799G, p.E822Q, p.E855K, p.E918K, p.E921G, p.F1099F, p.F700L, p.G1008S, p.G1021G, p.G1075G, p.G1100D, p.G1160R, p.G154R, p.G294*, p.G374D, p.G404R, p.G755W, p.I901I, p.I901M, p.I901V, p.I912I, p.K199*, p.K828Q, p.K85E, p.L475P, p.L56V, p.L735Q, p.L858P, p.L866L, p.M1061T, p.N11fs*2, p.N451I, p.N621H, p.P1043fs*18, p.P1050S, p.P1058H, p.P1092delP, p.P1114P, p.P1133S, p.P307L, p.P358S, p.P427S, p.P447S, p.P72L, p.P77P, p.P961P, p.Q1015K, p.Q420*, p.Q478L, p.Q55H, p.Q662*, p.R108C, p.R119H, p.R192Q, p.R329C, p.R329R, p.R519Q, p.R630H, p.R630R, p.R917R, p.R947W, p.S304C, p.S737R, p.S791S, p.T1206T, p.T245I, p.T363T, p.T484T, p.T521T, p.T790T, p.V1040V, p.V1073G, p.V1177L, p.V191L, p.V542L"
"SMARCD1","Q96GM5","SWI/SNF-related matrix-associated actin-dependent regulator of chromatin subfamily D member 1","Chromatin Modellers","SWI/SNF Complex","Nucleus","PB013759, PB018876, PB018257, PB007929, PF02201, PB003130, PB013705","0044599","c.1054G>C, c.1203C>T, c.1241A>G, c.1315C>T, c.1351G>A, c.1360C>T, c.1368C>G, c.1396G>T, c.225G>A, c.249-1G>A, c.261G>T, c.331C>A, c.409A>G, c.413A>G, c.431G>A, c.431G>T, c.462T>C, c.524G>A, c.537T>G, c.582C>A, c.599C>T, c.610G>A, c.631G>A, c.703C>T, c.708G>A, c.722T>A, c.790C>T, c.80G>A, c.86G>T, c.879C>T, c.911T>C, c.915G>A, c.958C>T, c.974T>C","p.?, p.A154A, p.A451T, p.D179E, p.D352H, p.E204K, p.E466*, p.F194L, p.F401F, p.F456L, p.G211R, p.G27D, p.H293H, p.I137V, p.K138R, p.K87N, p.L111I, p.L304P, p.L325S, p.N414S, p.P236P, p.Q305Q, p.Q320*, p.Q75Q, p.R144L, p.R144Q, p.R175Q, p.R235W, p.R264*, p.R29L, p.R439*, p.R454*, p.S200F, p.V241E"
"SMARCD2","Q92925","SWI/SNF-related matrix-associated actin-dependent regulator of chromatin subfamily D member 2","Chromatin Modellers","SWI/SNF Complex","Nucleus","PB018257, PB007929, PF02201, PB003130, PB013705","0044599","c.1072G>A, c.107delC, c.1126_1128delGAG, c.1132G>A, c.1191G>C, c.1217C>T, c.1249C>T, c.1298delC, c.1312C>T, c.1323C>G, c.143G>A, c.143G>T, c.146C>A, c.185G>A, c.204G>A, c.293C>T, c.301C>T, c.331C>T, c.415C>T, c.491G>A, c.530G>A, c.659G>A, c.685G>A, c.700C>T, c.931C>T, c.938G>A, c.956T>C, c.964G>A","p.A322T, p.A378T, p.A68A, p.D358N, p.E376delE, p.F441L, p.G164E, p.G229S, p.M319T, p.P36fs*20, p.P433fs*19, p.P49H, p.P98L, p.Q101*, p.Q397H, p.R111W, p.R139W, p.R177Q, p.R220Q, p.R234W, p.R311*, p.R313H, p.R417C, p.R438*, p.R48L, p.R48Q, p.R62H, p.T406I"
"SMARCD3","Q6STE5","SWI/SNF-related matrix-associated actin-dependent regulator of chromatin subfamily D member 3","Chromatin Modellers","SWI/SNF Complex","Nucleus","PB018257, PB018876, PB007929, PF02201, PB003130, PB013705","0044599","c.1012G>A, c.1028C>T, c.1056G>T, c.1078A>T, c.1080C>T, c.1111_1113delGAG, c.1130G>A, c.1134+1G>T, c.1146G>A, c.1213G>T, c.1295G>A, c.1297C>T, c.1335C>T, c.1363delC, c.1392G>A, c.1402C>T, c.27delC, c.319C>A, c.412A>G, c.414G>A, c.424C>T, c.428A>C, c.463G>T, c.465G>A, c.465G>T, c.481G>C, c.486C>T, c.514C>T, c.521A>C, c.569C>A, c.579G>T, c.669C>T, c.670G>A, c.730G>A, c.740C>T, c.745C>T, c.800G>A, c.844A>G, c.844A>T, c.857C>A, c.932A>G, c.942G>T, c.981C>T, c.987C>T, c.992T>G","p.?, p.A155A, p.A155S, p.A343V, p.A445A, p.D161H, p.D223D, p.D244N, p.D338N, p.E174A, p.E311G, p.E352D, p.E371delE, p.G224S, p.G405C, p.K143T, p.K193N, p.M138I, p.M138V, p.N329N, p.P247L, p.Q107K, p.Q249*, p.Q314H, p.Q455fs*>16, p.R142W, p.R172W, p.R267H, p.R282G, p.R282W, p.R432H, p.R433W, p.R468C, p.S162S, p.S190Y, p.S286Y, p.S360C, p.S360S, p.S377N, p.S464S, p.T10fs*125, p.T382T, p.V327V, p.V331G"
"SMYD1","Q8NB12","Histone-lysine N-methyltransferase SMYD1","Histone Methyl Transferases (HMTs)","Lysine Methyl Transferases (KMT)","Cytoplasm and Nucleus","PF00856, PF01753","0040998","c.1010A>T, c.1022C>T, c.1032T>C, c.1054C>T, c.1055G>A, c.1074G>A, c.1086C>T, c.1098C>A, c.109C>T, c.1146-1G>T, c.1153T>A, c.1184C>T, c.1193G>C, c.1216G>A, c.1240G>A, c.1245G>A, c.1271T>C, c.1294C>T, c.1322G>A, c.1344A>G, c.1368C>A, c.1409C>A, c.1424C>T, c.1441C>G, c.185T>C, c.186C>G, c.186C>T, c.223G>A, c.227G>A, c.235C>A, c.24C>T, c.275C>G, c.277A>T, c.289G>T, c.320C>T, c.321G>A, c.335G>A, c.337C>A, c.341T>G, c.352G>T, c.358G>A, c.37A>G, c.38C>A, c.390C>T, c.418G>T, c.427G>A, c.429G>A, c.435G>T, c.438C>T, c.480G>A, c.486C>G, c.513G>A, c.522C>T, c.541G>C, c.550C>G, c.552C>T, c.575C>T, c.576C>T, c.579G>T, c.583G>A, c.654T>C, c.668C>A, c.719G>A, c.729_731delAGA, c.753C>T, c.779_795del17, c.820T>A, c.827G>A, c.829G>A, c.840_841insA, c.859C>T, c.868G>C, c.879C>G, c.888G>T, c.895C>G, c.898G>A, c.8T>G, c.910G>A, c.949G>A, c.958C>T, c.995G>T, c.996C>A, c.998G>A, c.99C>T","p.?, p.A107A, p.A107V, p.A192A, p.A192V, p.A223E, p.A344A, p.A366A, p.A395V, p.A406T, p.A475V, p.A92G, p.C274S, p.C276Y, p.C332*, p.C332F, p.D130D, p.D146D, p.D293E, p.D317N, p.D75N, p.E143E, p.E143K, p.E244delE, p.E260fs*8, p.E277K, p.E300K, p.E304K, p.E337V, p.F174F, p.F456L, p.G118C, p.G120R, p.G140W, p.G181R, p.G240D, p.G290R, p.G414R, p.G97W, p.I33I, p.I3R, p.I93F, p.K145N, p.K296N, p.L184L, p.L184V, p.L283fs*4, p.L287F, p.L424P, p.L448L, p.L62L, p.L62P, p.M415I, p.N218N, p.N8N, p.P160P, p.P341L, p.P432S, p.P470H, p.P481A, p.Q299E, p.Q79K, p.R113R, p.R320C, p.R333Q, p.R352Q, p.R352W, p.R37W, p.R398P, p.R441Q, p.R76H, p.S162R, p.S171S, p.S251S, p.S358S, p.S362S, p.T13A, p.T13N, p.V114G, p.V193V, p.V195I, p.W112*, p.Y385N"
"SMYD2","Q9NRG4","N-lysine methyltransferase SMYD2","Histone Methyl Transferases (HMTs)","Lysine Methyl Transferases (KMT)","Nucleus and Cytoplasm","PF00856, PF01753","0040998, 0054057","c.1113-2A>T, c.1143G>A, c.1215G>T, c.1249G>A, c.144G>T, c.179A>G, c.197G>T, c.203G>A, c.297C>A, c.300G>T, c.306C>A, c.354C>A, c.378A>T, c.380A>C, c.381A>G, c.408A>G, c.430G>A, c.493G>A, c.503A>T, c.506A>C, c.516C>T, c.559G>A, c.591G>A, c.612G>T, c.656G>T, c.65delG, c.699_700insGAG, c.749G>T, c.796G>A, c.849C>T, c.850G>T, c.870C>T, c.895C>T, c.916C>T, c.955G>A, c.957G>A, c.963C>T, c.997G>A","p.?, p.A197A, p.A23fs*84, p.A290A, p.C321C, p.C68Y, p.D168V, p.D284Y, p.E126D, p.E144K, p.E187K, p.E235_V236insE, p.E266K, p.E319E, p.E319K, p.E333K, p.E60G, p.G165R, p.G219V, p.G417S, p.G66V, p.I118I, p.K127K, p.K127T, p.L172L, p.L204F, p.L405L, p.N169T, p.N99K, p.P102P, p.R250I, p.R299C, p.R306W, p.R48R, p.S136S, p.S283S, p.V381V, p.W100C"
"SMYD3","Q9H7B4","Histone-lysine N-methyltransferase SMYD3","Histone Methyl Transferases (HMTs)","Lysine Methyl Transferases (KMT)","Nucleus and Cytoplasm","PF00856, PF01753, PB000417","0040998","c.1037G>T, c.1040G>A, c.1045C>A, c.1078G>C, c.1081G>T, c.1086C>T, c.127G>A, c.166G>A, c.167G>T, c.178G>T, c.21C>T, c.301C>T, c.368_369delCT, c.381T>C, c.391A>T, c.418C>T, c.423-1G>A, c.443G>T, c.450C>T, c.466G>T, c.505G>A, c.510C>A, c.52-1G>A, c.528C>T, c.531C>A, c.636+2T>C, c.643G>A, c.700_701insA, c.701T>G, c.724+1G>T, c.754G>T, c.75G>A, c.764G>A, c.795C>T, c.798C>G, c.79G>A, c.83G>A, c.840C>G, c.908T>C, c.920A>G, c.98G>T","p.?, p.A252S, p.C127C, p.C28Y, p.C362C, p.D150D, p.D169N, p.D215N, p.E27K, p.E360Q, p.E361*, p.E60*, p.F303S, p.G346V, p.G56R, p.G56V, p.H307R, p.H349N, p.I170I, p.I234S, p.I234fs*2, p.I266M, p.I280M, p.K25K, p.L176L, p.M131L, p.N265N, p.P140S, p.Q101*, p.R347K, p.R7R, p.S123fs*5, p.S148I, p.S255N, p.S33I, p.T177T, p.V156L, p.V43I"
"SMYD4","Q8IYR2","SET and MYND domain-containing protein 4","Histone Methyl Transferases (HMTs)","Lysine Methyl Transferases (KMT)","NA","PF13414, PF00856, PF01753","0048183, 0048699, 0052402, 0054057","c.1047C>T, c.1108C>T, c.1120A>G, c.1134C>T, c.1212C>T, c.1275C>A, c.1294A>T, c.1335C>G, c.1346C>T, c.142G>A, c.1451A>G, c.1473G>A, c.1577G>A, c.1597C>T, c.1642G>C, c.1672C>T, c.1801G>C, c.1891G>A, c.189G>C, c.190G>A, c.1929C>T, c.2021-1G>C, c.2064G>C, c.2119C>T, c.2209A>G, c.2309T>C, c.2326G>C, c.2338G>C, c.2364G>T, c.2370C>T, c.2390C>A, c.290A>G, c.338C>T, c.359G>A, c.442C>T, c.577C>T, c.608G>A, c.612C>T, c.676G>C, c.702C>A, c.722C>A, c.72G>T, c.742G>A, c.831G>A, c.832C>G, c.874G>A, c.923C>T, c.957C>T, c.982delG","p.?, p.A449V, p.A491A, p.A601P, p.D378D, p.D484G, p.D48N, p.D631N, p.D64N, p.D780H, p.E226Q, p.E328fs*25, p.E688D, p.G120D, p.G292R, p.G776R, p.H278D, p.H349H, p.H97R, p.I374V, p.I404I, p.K63N, p.L204L, p.L370F, p.L445L, p.M788I, p.P241H, p.P277P, p.P308L, p.P533S, p.P797H, p.Q24H, p.R148C, p.R193C, p.R526H, p.R558W, p.R707W, p.S113L, p.S203N, p.S234S, p.S319S, p.S643S, p.S737G, p.S790S, p.T432S, p.V248I, p.V425V, p.V548L, p.V770A"
"SMYD5","Q6GMV2","SET and MYND domain-containing protein 5","Histone Methyl Transferases (HMTs)","Lysine Methyl Transferases (KMT)","NA","PF00856","0048273, 0052402","c.108G>T, c.124A>T, c.196G>C, c.22C>T, c.233G>A, c.277C>A, c.280G>T, c.331G>T, c.380G>A, c.529G>A, c.616G>T, c.619G>C, c.69C>T, c.719A>C, c.734G>A, c.743G>A, c.759-1G>C, c.762G>T, c.76G>A, c.774_777delTGTC, c.841G>T, c.852G>A","p.?, p.A111S, p.A206S, p.C260fs*14, p.C78Y, p.D26N, p.D66H, p.E177K, p.E207Q, p.E254D, p.E281*, p.E284E, p.G94*, p.I42F, p.L93M, p.P23P, p.Q240P, p.Q36H, p.R127Q, p.R245H, p.R248H, p.R8W"
"SUV39H1","O43463","Histone-lysine N-methyltransferase SUV39H1","Histone Methyl Transferases (HMTs)","Lysine Methyl Transferases (KMT)","Nucleus","PF00385, PF05033, PF00856","0048228, 0036680","c.1042G>A, c.1065C>T, c.1114G>A, c.1133G>A, c.1138G>A, c.1153C>G, c.1183C>T, c.135C>A, c.159G>T, c.171G>T, c.21C>A, c.273G>A, c.354G>A, c.448G>A, c.57G>A, c.588delG, c.593C>T, c.614A>G, c.634C>T, c.649C>A, c.657C>G, c.69C>T, c.703C>T, c.706G>A, c.742T>G, c.771C>T, c.776G>A, c.837C>T, c.856C>T, c.85T>C, c.864G>T, c.875G>A, c.882C>T, c.909C>T, c.996G>C","p.A198V, p.A198fs*140, p.A348T, p.C23C, p.D380N, p.E150K, p.F248V, p.G257G, p.G294G, p.G7G, p.I219M, p.I355I, p.K53N, p.K91K, p.L118L, p.L19L, p.L217M, p.L385V, p.Q288H, p.Q57H, p.R212W, p.R235C, p.R259H, p.R286W, p.R292H, p.R378H, p.R395W, p.S29P, p.T279T, p.V236M, p.V332V, p.V372M, p.V45V, p.Y205C, p.Y303Y"
"SUV39H2","Q9H5I1","Histone-lysine N-methyltransferase SUV39H2","Histone Methyl Transferases (HMTs)","Lysine Methyl Transferases (KMT)","Nucleus, Chromosome and Centromere","PF00385, PF05033, PF00856","0048228, 0036680","c.148A>T, c.231G>A, c.260G>T, c.275G>A, c.29G>A, c.313C>G, c.313C>T, c.339C>T, c.363C>T, c.404A>G, c.423T>C, c.438T>C, c.445C>A, c.459T>A, c.507C>A, c.512C>G, c.563C>T, c.572C>T, c.587G>A, c.630G>A, c.638G>T, c.641T>C, c.659A>C, c.691G>A, c.712G>A, c.714C>A, c.776C>T, c.809A>G, c.827A>G, c.843T>C, c.861C>T, c.878G>A, c.92A>G, c.931G>T, c.967G>C, c.968A>G, c.968A>T","p.A146A, p.A259V, p.C141C, p.C169*, p.D135G, p.D238E, p.D238N, p.D311Y, p.D323G, p.D323H, p.D323V, p.E231K, p.G10E, p.G92E, p.I121I, p.I50L, p.K210K, p.L149I, p.L287L, p.L77L, p.M214T, p.N113N, p.N153K, p.N270S, p.N276S, p.N281N, p.P105A, p.P105S, p.Q31R, p.R196Q, p.R213I, p.R293Q, p.R87I, p.S171*, p.S191L, p.T188I, p.Y220S"
"SUV420H1","Q4FZB7","Histone-lysine N-methyltransferase SUV420H1","Histone Methyl Transferases (HMTs)","Lysine Methyl Transferases (KMT)","Nucleus and Chromosome","PB009850, PF00856, PB012159","0041233","c.1004G>C, c.1044A>C, c.1120C>G, c.1190C>A, c.1234A>T, c.1277C>T, c.1280C>G, c.1410C>T, c.1450C>A, c.1461T>G, c.1465C>T, c.1532G>T, c.1543A>G, c.161-1G>T, c.1615C>T, c.1655C>G, c.1657G>A, c.1673C>A, c.1706C>A, c.1707G>A, c.1721A>G, c.173C>T, c.1747C>A, c.1747C>G, c.181G>C, c.1836G>T, c.1844G>A, c.1850G>A, c.1891C>G, c.1907C>T, c.1918G>C, c.191G>A, c.1922C>T, c.193C>T, c.194G>A, c.1987G>T, c.2006C>T, c.2008C>A, c.2009C>T, c.2010T>C, c.2027C>T, c.2032G>C, c.2069G>C, c.2087_2088insA, c.2087_2089delAGA, c.2091_2093delGAG, c.2095C>T, c.2158_2159delCT, c.220G>A, c.2231G>T, c.2259C>T, c.2272T>C, c.2283G>A, c.2283G>T, c.2326A>G, c.2333A>G, c.2337C>T, c.2347C>T, c.2369C>T, c.2386C>T, c.2395_2396delGG, c.2416C>G, c.2418T>C, c.2482G>A, c.24G>T, c.2551C>T, c.2558C>T, c.2574G>C, c.257G>C, c.2618C>A, c.2627G>C, c.268G>A, c.271C>T, c.309C>T, c.310G>A, c.355T>G, c.381T>G, c.402G>T, c.40G>T, c.45G>C, c.47G>C, c.47G>T, c.489A>G, c.497A>G, c.560G>A, c.577A>T, c.581G>C, c.593T>G, c.659G>A, c.676T>G, c.706G>T, c.713A>T, c.714G>A, c.744C>T, c.745G>A, c.764C>T, c.772A>G, c.792G>A, c.798T>C, c.806C>T, c.83A>T, c.841delT, c.848C>T, c.904G>T, c.909T>G, c.911C>A, c.914G>A, c.947A>G, c.958G>A","p.?, p.A104T, p.A163A, p.A269V, p.A641V, p.A669V, p.A74T, p.C305Y, p.C801fs*3, p.D249N, p.D553N, p.D574G, p.D640H, p.D828N, p.D90N, p.E236*, p.E238E, p.E238V, p.E302*, p.E320K, p.E61Q, p.F119V, p.F127L, p.F281fs*11, p.G14C, p.G194A, p.G266G, p.G617E, p.H796Y, p.I303M, p.I779I, p.K258E, p.K348N, p.K612N, p.K697delK, p.K697fs*8, p.K761K, p.K761N, p.K776E, p.K778R, p.K8N, p.L198W, p.L226V, p.L470L, p.L484M, p.L720fs*2, p.L806L, p.L806V, p.L858F, p.N248N, p.N28I, p.N316S, p.N487K, p.N753N, p.P489S, p.P558Q, p.P583A, p.P583T, p.P631A, p.P636L, p.P670L, p.P670P, p.P670T, p.P851S, p.P853L, p.P91S, p.Q134H, p.Q374E, p.R15S, p.R16I, p.R16T, p.R187Q, p.R220Q, p.R335T, p.R412W, p.R511I, p.R515G, p.R539W, p.R615Q, p.R65C, p.R65H, p.R690T, p.R699*, p.R699delR, p.R783*, p.R876T, p.S103S, p.S193C, p.S255F, p.S283L, p.S304Y, p.S397Y, p.S426L, p.S427C, p.S552C, p.S58L, p.S64N, p.S676L, p.S744I, p.S790F, p.S86T, p.S873*, p.T569K, p.T569T, p.V663L, p.V678L, p.W264*, p.Y166C, p.Y758H"
"SUV420H2","Q86Y97","Histone-lysine N-methyltransferase SUV420H2","Histone Methyl Transferases (HMTs)","Lysine Methyl Transferases (KMT)","Nucleus and Chromosome","PF00856, PB018005, PB006511","0041233","c.106G>A, c.1192C>A, c.1231C>A, c.129G>T, c.133C>A, c.206C>T, c.284G>A, c.30A>G, c.311_312delGT, c.347T>G, c.356A>G, c.506G>A, c.56C>A, c.57C>A, c.612C>T, c.642A>G, c.651C>T, c.881G>C, c.9C>T","p.E10E, p.L204L, p.L398M, p.M116R, p.N119S, p.P3P, p.P411T, p.Q45K, p.R169Q, p.R294P, p.R43R, p.R95H, p.S104fs*29, p.T19N, p.T19T, p.T214T, p.T69M, p.V36I, p.Y217Y"
"TAF1","P21675","Transcription initiation factor TFIID Subunit 1","Histone Acetyl Transferases (HATs)","Type A Histone Acetyl Transferases","Nucleus","PF09247, PB010720, PF12157, PB001679, PB017883, PF15288, PF00439, PF00439","0046609, 0046608, 0043927","c.1024C>T, c.1028C>T, c.1041_1046delAGATAT, c.1042C>T, c.1094G>A, c.10G>A, c.1124C>A, c.1165G>T, c.1167G>A, c.1178G>A, c.124C>A, c.1259A>T, c.1272A>T, c.12C>A, c.1312C>T, c.1337G>T, c.1358G>A, c.1363_1364insC, c.1372C>A, c.1372C>G, c.1373T>C, c.1374T>C, c.1397C>T, c.1410T>C, c.1417G>A, c.1417G>C, c.1436G>A, c.1463C>T, c.1501A>G, c.1506G>T, c.1566T>C, c.1610A>G, c.1616G>A, c.1663-10C>G, c.1680A>T, c.1684A>T, c.1714_1730del17, c.1736G>T, c.1753G>A, c.1772A>G, c.1832A>G, c.1841A>C, c.1876G>A, c.1876G>T, c.1877G>A, c.1878T>C, c.1913G>A, c.1918C>A, c.1937delA, c.1946T>C, c.1949C>T, c.1951G>A, c.1952A>G, c.1953A>G, c.1954C>G, c.1988T>G, c.1993_1993delA, c.1997G>A, c.2003C>T, c.2011C>A, c.2012T>C, c.2023G>T, c.2032C>G, c.2038C>A, c.2039G>T, c.203G>A, c.2053G>A, c.2062G>T, c.2071A>G, c.2073G>A, c.2078A>G, c.2097G>T, c.2107G>C, c.2116G>A, c.2132A>G, c.218G>A, c.2235C>G, c.226A>G, c.2271G>T, c.2286C>A, c.2324A>T, c.2327T>G, c.2352G>A, c.2359C>T, c.2403G>A, c.2411G>A, c.2462G>A, c.2477G>A, c.247G>A, c.2486A>G, c.2494A>C, c.2508C>A, c.2527C>T, c.2528G>A, c.2548G>A, c.2553_2553delA, c.2560C>T, c.256G>T, c.2583G>A, c.2591G>A, c.2600T>G, c.2605C>T, c.2606G>A, c.2609G>A, c.2616G>A, c.2620G>A, c.2620G>T, c.2635A>G, c.2647G>T, c.2796G>T, c.2846G>A, c.2850G>T, c.2854G>A, c.2878G>T, c.2879G>T, c.2899A>G, c.2956T>G, c.2972C>A, c.2986C>T, c.2990G>A, c.2999T>C, c.3026A>C, c.3053G>A, c.3064C>G, c.3064C>T, c.3070G>A, c.3086G>A, c.3088C>T, c.3090A>C, c.3113G>C, c.3123G>C, c.3125C>G, c.3126G>T, c.3127C>T, c.3128G>A, c.3140T>C, c.3146G>A, c.3197G>T, c.3202C>T, c.3203G>A, c.3224+8G>A, c.3233A>C, c.3253A>G, c.3260G>T, c.3319A>C, c.3348G>T, c.3349C>A, c.334G>T, c.3353C>T, c.3359A>C, c.3362T>C, c.3376C>T, c.3377A>C, c.3392G>A, c.339C>T, c.3488G>A, c.3495C>T, c.3505C>T, c.3509A>G, c.3515G>A, c.3535T>C, c.3542G>A, c.3544T>C, c.3561A>G, c.356A>T, c.3580T>G, c.3592C>T, c.3650G>A, c.365G>A, c.3661C>T, c.3662G>A, c.3674G>A, c.3678G>T, c.3683G>A, c.368G>T, c.3694A>G, c.3698G>A, c.3705G>A, c.3707G>T, c.3730G>A, c.3734G>A, c.378G>T, c.380C>T, c.3824C>A, c.3837C>G, c.3852A>G, c.3862T>C, c.3881C>T, c.3890A>T, c.3940G>T, c.3944T>G, c.3960G>T, c.3989T>G, c.3998C>T, c.4031T>C, c.4036C>G, c.4062G>A, c.4111C>T, c.4127G>A, c.4154T>A, c.4186A>G, c.4225A>G, c.4247A>G, c.4248C>G, c.4277A>G, c.4291C>A, c.4303C>T, c.4324C>T, c.4324_4325insG, c.4437C>T, c.4450-3C>G, c.4475A>G, c.4494T>C, c.4505A>C, c.4517C>T, c.4523C>T, c.4531C>G, c.4532G>A, c.4538A>T, c.4561G>T, c.4577G>T, c.4580C>T, c.4581G>A, c.458G>T, c.4612C>G, c.4645G>A, c.4665+1G>A, c.472C>T, c.4734C>A, c.4761T>A, c.4780A>G, c.4808C>G, c.4819-2A>G, c.4877delT, c.488C>T, c.4898G>C, c.491G>A, c.4937C>A, c.4942G>T, c.4990G>T, c.5006A>T, c.5015C>A, c.501G>A, c.5027C>T, c.504G>T, c.5054T>G, c.5100G>T, c.5118G>A, c.5122C>A, c.5150T>C, c.5150T>G, c.5174A>C, c.5197G>A, c.5198A>G, c.5199A>C, c.5199A>G, c.5204A>C, c.5219C>A, c.5221A>G, c.5282_splice, c.530G>A, c.532G>T, c.5332A>C, c.5351G>T, c.5408A>G, c.5415G>A, c.551G>T, c.5522C>T, c.5527G>A, c.5536C>T, c.5544C>A, c.5557G>A, c.5590G>T, c.569C>A, c.644C>T, c.665A>C, c.670C>T, c.718C>T, c.728G>A, c.736G>T, c.797A>C, c.7C>A, c.86A>G, c.882C>T, c.889G>A, c.889_890insAGG, c.91G>A, c.94G>A, c.956C>G, c.969A>G, c.976T>C, c.983_988delTAGATA, c.988G>A","p.298_299insE, p.?, p.A1024T, p.A1294V, p.A1333V, p.A1354A, p.A1506V, p.A1527A, p.A1527V, p.A1761_splice, p.A297T, p.A31T, p.A456fs*4, p.A466V, p.A488V, p.A83T, p.A850T, p.C1066F, p.C1087F, p.C1182R, p.C1279W, p.C1288R, p.C1498C, p.C153F, p.C326R, p.C870Y, p.D112Y, p.D1170G, p.D119V, p.D1416E, p.D1416G, p.D1426G, p.D1502A, p.D1521Y, p.D1549N, p.D1648Y, p.D1669V, p.D29G, p.D330N, p.D420V, p.D675Y, p.D711G, p.DI348del, p.E1041D, p.E1078A, p.E1120A, p.E1126A, p.E1244K, p.E1297V, p.E1314*, p.E1443fs*14, p.E1492G, p.E1700D, p.E1725A, p.E1733D, p.E1733E, p.E1733G, p.E1733K, p.E1735A, p.E178*, p.E1805E, p.E1853K, p.E222A, p.E389*, p.E389E, p.E473K, p.E473Q, p.E502D, p.E560D, p.E651E, p.E651G, p.E651K, p.E685K, p.E703Q, p.E706K, p.E775V, p.E86*, p.E874*, p.E874K, p.E883*, p.F1047S, p.F663C, p.F762L, p.G1042G, p.G164E, p.G177D, p.G1784V, p.G184V, p.G1864W, p.G246*, p.G32R, p.G365D, p.G393D, p.G446V, p.G453D, p.G4G, p.G4S, p.G579V, p.G585R, p.G626C, p.G626D, p.G626G, p.G626S, p.G680V, p.G688*, p.G68D, p.G73E, p.G952R, p.G960C, p.G960V, p.H1371Y, p.H1848Q, p.H266P, p.H591R, p.I113I, p.I1330S, p.I1344T, p.I1409V, p.I1578I, p.I1741V, p.I328_K330>K, p.I470I, p.I851fs, p.K1009T, p.K1030N, p.K1187K, p.K1235K, p.K167K, p.K168N, p.K424N, p.K537R, p.K562*, p.K646fs*4, p.K665fs, p.K699N, p.K832Q, p.K967E, p.L1000P, p.L1117I, p.L1165L, p.L1315R, p.L1385Q, p.L1511V, p.L1626fs*6, p.L1717P, p.L1717R, p.L348L, p.L42I, p.L458I, p.L458L, p.L458P, p.L458V, p.L640I, p.L671I, p.L671P, p.L678V, p.L680I, p.L776*, p.L867R, p.M1107L, p.M1121T, p.M1396V, p.M649T, p.M691I, p.M691V, p.M757I, p.M879V, p.N1513I, p.N1594D, p.N745K, p.P1043S, p.P1346A, p.P158S, p.P163L, p.P1646H, p.P1841L, p.P215L, p.P224S, p.P375H, p.P3T, p.P438S, p.P668L, p.P787S, p.Q1116H, p.Q126H, p.Q1284Q, p.Q1320H, p.Q1538E, p.Q1706Q, p.Q1708K, p.Q1846*, p.Q323Q, p.Q611R, p.Q614P, p.Q652E, p.Q693R, p.Q784Q, p.Q829R, p.R1018H, p.R1022C, p.R1022G, p.R1029H, p.R1030C, p.R1038P, p.R1043H, p.R1049H, p.R1068C, p.R1068H, p.R1126W, p.R1131Q, p.R1163H, p.R1169C, p.R1172Q, p.R1181H, p.R1198W, p.R1217H, p.R1217Q, p.R1221*, p.R1221Q, p.R1225Q, p.R1226S, p.R1228Q, p.R122Q, p.R1232G, p.R1233Q, p.R1236M, p.R123I, p.R1245Q, p.R1376Q, p.R1431S, p.R1435C, p.R1442W, p.R1511H, p.R240C, p.R243H, p.R342C, p.R479H, p.R539Q, p.R638H, p.R666H, p.R804Q, p.R821Q, p.R826Q, p.R843Q, p.R843W, p.R854C, p.R864Q, p.R869C, p.R869H, p.R949H, p.R996C, p.R997H, p.S1042C, p.S1118L, p.S1508F, p.S1587R, p.S1633T, p.S1672Y, p.S1676F, p.S1740Y, p.S1778R, p.S190Y, p.S319C, p.S343F, p.S522S, p.S650F, p.S76G, p.S836S, p.T1085A, p.T1275N, p.T127M, p.T1479T, p.T1603R, p.T501A, p.T801T, p.T872T, p.T991K, p.V1664L, p.V1685G, p.V1843I, p.V950V, p.W1526L, p.W861*, p.W932C, p.Y1179H, p.Y1194D, p.Y1803C, p.Y294Y, p.Y572fs*100, p.Y986D"
"TET1","Q8NFU7","Methylcytosine dioxygenase TET1","NA","","Nucleus","PF02008, PB019346, PB016988, PF12851, PB012165","NA","c.1153C>T, c.1288C>A, c.1334C>G, c.1336C>T, c.1348C>G, c.1510C>T, c.1516A>C, c.1525C>T, c.1534A>G, c.1768C>T, c.1774_1775GG>TT, c.1792C>A, c.1981A>C, c.2003A>C, c.2052A>C, c.2276G>A, c.242G>A, c.2482C>T, c.2617G>A, c.2765G>T, c.2870C>T, c.3214C>T, c.32G>C, c.3319C>T, c.3386C>T, c.3429G>T, c.344T>C, c.3518G>A, c.3596G>A, c.3621T>G, c.3646T>G, c.3692A>G, c.3769G>T, c.3927T>A, c.4055C>G, c.4181A>C, c.4182T>A, c.4206C>A, c.4235C>A, c.4235C>T, c.4318C>A, c.4325C>T, c.4340C>T, c.4411T>A, c.4412A>G, c.4467_4467delA, c.4513C>T, c.4580T>C, c.4693G>T, c.4736G>A, c.4775G>T, c.4780C>T, c.4826_4826delA, c.4864C>T, c.4914G>T, c.49G>A, c.5118T>A, c.5132A>G, c.5143G>A, c.5222G>A, c.5300C>T, c.530A>C, c.5347C>A, c.5348G>A, c.5376C>A, c.5509G>T, c.5537C>T, c.558A>T, c.5614T>G, c.5650C>T, c.5656G>C, c.5794G>A, c.58_58delA, c.5950G>A, c.6067G>A, c.6127C>T, c.6223A>T, c.6382G>A, c.6386C>T, c.66_67insA, c.719C>A, c.793A>G, c.879A>T, c.919C>A, c.973T>C, c.985T>G, c.986T>C, c.986T>G","p.A1442V, p.A1447V, p.A1767V, p.A1837S, p.A2023T, p.A2129V, p.A445G, p.C1309*, p.C1579Y, p.D1715N, p.D17N, p.E1609fs, p.E1932K, p.E1984K, p.E293D, p.F1402L, p.F1872V, p.F329C, p.F329S, p.F329V, p.G1199E, p.G1565*, p.G1886R, p.G592L, p.G759D, p.H1706Q, p.H385Y, p.H504Y, p.K1143N, p.K20fs, p.K22fs, p.K668T, p.K684N, p.L1107F, p.L115P, p.L1440I, p.L1489fs, p.L1527P, p.N1394K, p.N1394T, p.N177T, p.N1792K, p.N2075Y, p.N265D, p.N661H, p.P1207P, p.P1594S, p.P1846L, p.P1884S, p.P240Q, p.P307T, p.P430T, p.P446S, p.P450A, p.P509S, p.P828S, p.P957L, p.Q1072*, p.Q1231R, p.Q1638H, p.Q186H, p.Q598K, p.R1173Q, p.R11T, p.R1505C, p.R1592I, p.R1622*, p.R1741H, p.R1783Q, p.R1783R, p.R2043C, p.R590*, p.R81H, p.R922I, p.S1129L, p.S1216A, p.S1412F, p.S1412Y, p.S325P, p.S506R, p.T1352S, p.T512A, p.V1257F, p.V2128I, p.V873I, p.Y1471C, p.Y1471N, p.Y1711C"
"TET2","Q6N021","Methylcytosine dioxygenase TET2","NA","","NA","PB016592, PB010428, PB016988, PF12851","NA","c.(1060_1062)insA, c.(1176_1179)insT, c.(1204_1206)insA, c.(1842_1844)insG, c.(1998_2001)insT, c.(2290_2292)insC, c.(3136_3138)insA, c.(3432_3434)insA, c.(3763_3765)insA, c.(3893_3897)delG, c.(4081_4082)G>A, c.(5187_5190)del1, c.1020_1020delC, c.1033_1036delAAGC, c.1037T>C, c.1037_1038insAGCT, c.1040C>T, c.1056C>A, c.1061C>A, c.1061C>G, c.1090_1091GG>T, c.110C>T, c.1110T>A, c.1118_1122delAAAAT, c.1137_1138TT>C, c.1147C>T, c.1154C>G, c.1157_1157delT, c.1160G>T, c.1196C>T, c.1219G>T, c.1219_1219delT, c.1226_1229delCTCC, c.1235C>T, c.1240C>T, c.1241A>T, c.1259C>G, c.1285G>A, c.1285_1285delC, c.1290_1291TT>G, c.1299A>G, c.1318C>T, c.1326_1327delCA, c.1336_1337delTT, c.1342_1342delG, c.1348A>T, c.1348G>A, c.1354_1354delG, c.1366G>A, c.1378_1378delT, c.1379C>T, c.1397C>G, c.1421C>T, c.1422G>A, c.1423_1423delA, c.1432G>T, c.1441C>T, c.1471_1471delC, c.1478_1485delCAGGGACA, c.1489A>T, c.1493C>T, c.1496_1496delC, c.1506_1506delT, c.1512A>T, c.1516A>T, c.1526C>G, c.1557_1557delT, c.1567G>T, c.1572G>A, c.1573C>A, c.1578G>T, c.1601G>C, c.1602_1605delAAAC, c.1608_1609insAA, c.1630C>T, c.1632A>G, c.1645_1645delA, c.1648C>T, c.1649G>A, c.1658_1659insG, c.1660C>T, c.1664_1664delC, c.1664_1665insC, c.1669C>T, c.1673_1674delAC, c.1680_1681insNN, c.1716_1716delT, c.1717C>T, c.1720C>T, c.1720_1720delC, c.1741C>T, c.1747G>T, c.1753_1753delT, c.1756_1757insT, c.1763C>A, c.1771C>T, c.1777C>T, c.1782_1782delC, c.1793_1793delA, c.1795_1798delCAAA, c.1799_1799delT, c.1800G>A, c.1802_1802delC, c.1819G>T, c.1823_1823delA, c.1825_1825delT, c.1837_1838insG, c.1842_1842delG, c.1842_1843insG, c.1843_1844insC, c.1843_1844insG, c.1847_1848insC, c.1849G>T, c.1851_1851delG, c.1859A>G, c.1860C>A, c.1860C>G, c.1864C>T, c.1876C>G, c.1876C>T, c.1882G>A, c.1887_1887delC, c.1892C>G, c.1894C>T, c.1899_1921del23, c.1900_1901insTG, c.1903C>T, c.1909_1911GAA>AT, c.1924C>T, c.1925_1925delA, c.1930C>T, c.1954C>T, c.1954_1954delC, c.1955_1955delA, c.1960C>T, c.1972_1972delC, c.1973A>C, c.1973_1973delA, c.1973_1974delAC, c.1974_1975delCC, c.1993_1994insAA, c.1996_1997delGA, c.19A>T, c.1_6009del6009, c.2000_2001insGACCA, c.2000_2016>C, c.2001_2001delT, c.2003_2003delT, c.2020C>T, c.2024C>A, c.2025_2026insA, c.2029_2030insT, c.2030C>G, c.2038A>G, c.2044_2045insC, c.2048_2082del35, c.2053C>T, c.2055_2056insA, c.2058A>T, c.2063A>G, c.2073T>G, c.2083_2084insA, c.2088C>T, c.2095T>A, c.2095_2096ins42, c.2101C>T, c.2116C>T, c.2131_2131delG, c.2133_2133delG, c.2144A>G, c.2146A>G, c.2147_2147delC, c.2149_2150delCA, c.2149_2150insA, c.2158C>T, c.2160G>T, c.2161_2162delCA, c.2166_2166delG, c.2171_2172delAT, c.2176_2179delCAGG, c.2179G>A, c.2183C>A, c.2185C>T, c.2191C>T, c.2195C>A, c.2198_2199insT, c.2200C>T, c.2218C>T, c.2224C>T, c.2227C>T, c.2236C>T, c.223A>T, c.2246_2249delAAAT, c.2271_2277delCCAGACT, c.2276C>A, c.2280_2280delT, c.2282_2282delC, c.2290_2291insC, c.2302G>C, c.2305_2305delC, c.2306_2306delA, c.2332C>T, c.2337T>C, c.2344G>T, c.2355_2355delT, c.2362G>A, c.2362G>T, c.2368C>T, c.2375C>A, c.2386G>T, c.238A>G, c.238C>T, c.2391C>T, c.2392G>T, c.2399C>G, c.2407C>T, c.241G>T, c.2422_2422delG, c.2428C>T, c.2438_2439insAA, c.2441G>A, c.2441_2441delG, c.2443_2444insAT, c.2447_2447delA, c.2449G>A, c.2449T>A, c.2450_2454delCCCCT, c.2452C>G, c.2474C>G, c.2477_2477delG, c.2477_2478GT>TA, c.2485G>A, c.2488_2489insA, c.2490_2491insA, c.2497_2497delT, c.2503C>T, c.2504C>G, c.2512A>G, c.2518_2518delC, c.2525C>A, c.2527G>T, c.2535_2536insT, c.2537C>A, c.2540_2543delAGAC, c.2546C>T, c.2552_2552delC, c.256_257insT, c.2570_2570delA, c.2571_2572insAAAC, c.2576_2577insAGAC, c.2582_2582delA, c.2586_2587insG, c.2596C>T, c.2599T>C, c.2604T>G, c.2604_2605insT, c.260A>C, c.2620C>G, c.2626C>T, c.2638_2638delC, c.2638_2641CACA>AC, c.2638delC, c.2639A>G, c.2641_2642insA, c.2643G>A, c.264T>C, c.2650_2651insC, c.2656C>T, c.2671C>T, c.268C>T, c.2692G>T, c.2703T>G, c.2710C>T, c.2721_2722insCT, c.2732C>T, c.2742_2742delT, c.2743G>C, c.2744C>T, c.2746C>T, c.2747_2748insA, c.275G>A, c.2767_2768insCATA, c.2768_2769insCATA, c.2797C>T, c.2800G>T, c.2815C>T, c.2818_2818delA, c.2824C>T, c.2827C>T, c.2839C>T, c.2848_2867del20, c.2855_2856insT, c.2862G>A, c.2864_2865insA, c.2866C>A, c.2870T>A, c.2870_2871insA, c.2878C>T, c.2887C>T, c.2896C>T, c.2896_2897delCA, c.2896_2897insTG, c.28G>C, c.290C>T, c.2914T>G, c.2918_2919insG, c.291_294delAGTT, c.2920C>T, c.2981A>G, c.2982_2982delC, c.2982_2983ins19, c.2984_2985insA, c.2999_2999delA, c.3001A>T, c.3009G>A, c.3009_3009delG, c.3045C>T, c.3048_3048delT, c.304_305delTC, c.3054_3066del13, c.3058C>T, c.3058_3059insA, c.305_307delCTC, c.3061C>T, c.3070_3110del41, c.3081_3081delC, c.3088_3088delC, c.3108C>T, c.3112_3121del10, c.3119T>G, c.3138_3138delT, c.3139_3140insA, c.3151C>T, c.3157C>T, c.3176C>G, c.3182_3182delC, c.3186C>T, c.318_331del14, c.3199A>T, c.3202C>T, c.3202_3203insA, c.3205_3205delA, c.3210delT, c.3214_3215insG, c.322C>T, c.3234_3235ins58, c.3237_3237A>CCC, c.3243_3243delA, c.324G>A, c.3264_3267delACAA, c.3269_3269delA, c.3270G>C, c.3278_3281delCCAA, c.3287_3288delCA, c.3301C>A, c.3305_3306insA, c.3309_3310delTT, c.3312_3312delT, c.3316G>C, c.3323_3323delC, c.3337_3337delG, c.3340_3341insA, c.3341_3342insA, c.3343delC, c.3344_3344delC, c.3344delC, c.3356T>G, c.336G>A, c.3379C>T, c.3404_3405insG, c.3409+1G>A, c.3410-2A>C, c.3411_3411delG, c.3417_3417delT, c.3426_3426delA, c.3430G>A, c.3431A>C, c.3443_3443delA, c.3444T>A, c.3445A>G, c.3447C>A, c.3448C>G, c.3448_3448delC, c.3453_3454insA, c.3456_3456delA, c.3461G>A, c.3467G>A, c.3483A>C, c.3487_3487delA, c.3489_3498CATGGAAGAA>TAAGGT, c.3491T>G, c.3500+10G>A, c.3500+2T>C, c.3500+3A>C, c.3500G>C, c.3501-1G>T, c.3508C>T, c.3508_3508delC, c.350G>A, c.3523A>G, c.3525_3525delT, c.3527G>C, c.3528_3528delG, c.3532G>T, c.3535_3536insA, c.3539T>G, c.3546_3547insC, c.3554A>C, c.3555_3555delA, c.3571C>T, c.3575G>T, c.3578G>T, c.3579T>G, c.3589_3594delAAGTGG, c.3593G>A, c.3593delG, c.3594+1delG, c.3594+2T>A, c.3594+3A>G, c.3604A>T, c.3609C>G, c.3619G>C, c.3619G>T, c.3621G>T, c.3622A>T, c.3623_3623delA, c.3632G>A, c.3640C>T, c.3643_3644insG, c.3646C>T, c.3655C>T, c.3656A>G, c.3656A>T, c.3657C>G, c.3658_3658delA, c.3661T>C, c.3662G>A, c.3665A>G, c.3667_3667delG, c.367C>A, c.3680T>A, c.3685C>A, c.3686T>G, c.368_368delG, c.3697T>G, c.3699G>A, c.3708_3716del9, c.3717_3718insAC, c.3717_3718insT, c.3718C>G, c.3720delG, c.3725A>T, c.3729_3729delA, c.3732_3733delCT, c.3735C>A, c.3735C>G, c.3737C>A, c.3743T>C, c.375C>T, c.375_375delC, c.375delC, c.3760A>T, c.3762_3763insA, c.3764_3765insA, c.3767G>A, c.3769_3770insA, c.3775_3776insGCTCA, c.3778_3778delA, c.3781C>T, c.3782G>A, c.3787T>C, c.3787T>G, c.3790G>C, c.3803+1G>A, c.3803+2_3insT, c.3803_3803+5delAGTAAG, c.3803_3804insT, c.3808A>C, c.3808A>G, c.3811T>G, c.3811_3812insT, c.3812G>A, c.3812G>C, c.3812_3813insG, c.3813C>G, c.3813_3813delC, c.3818G>C, c.3820C>G, c.3820C>T, c.3823G>A, c.3824G>A, c.3837_3838delAA, c.383_384insCC, c.3844_3845insTG, c.3851C>T, c.3854_3856delTCT, c.3859T>C, c.3860T>C, c.3861_3861delT, c.3862G>A, c.3863G>T, c.3866G>A, c.3866G>T, c.3869C>G, c.3871T>C, c.3885_3885delC, c.3890_3892delGAT, c.3893G>A, c.3894T>G, c.3895A>G, c.3895_3896insT, c.3897G>C, c.3899T>G, c.3904A>G, c.3908G>A, c.3909C>A, c.3921_3921delG, c.3921delG, c.3928_3929insT, c.3947delC, c.3953A>G, c.3954+1G>A, c.3954+2T>A, c.3954+2T>G, c.3955-2delA, c.3957_3957delA, c.395A>G, c.3965T>A, c.3965T>C, c.3965_3966insA, c.3967G>T, c.3970_3971delTC, c.3980A>C, c.4005_4009AACAT>TG, c.4010_4025del16, c.4011T>A, c.4011_4012insGTAT, c.4015A>T, c.4019T>C, c.4019T>G, c.4022C>A, c.403G>T, c.4044+1G>C, c.4044+1G>T, c.4044+2_4044+3insT, c.4048G>C, c.4053T>G, c.4055A>T, c.4060_4061delAG, c.4062delA, c.4064C>T, c.4070_4071delAG, c.4071_4071delG, c.4072T>G, c.4075C>T, c.4076G>A, c.4076G>C, c.4078C>A, c.4082G>A, c.4082G>T, c.4087A>T, c.4093_4094insAG, c.4097G>A, c.4099C>T, c.4102T>C, c.4106C>G, c.4106C>T, c.4109G>A, c.4112T>A, c.4113_4120delCACTGCAT, c.4126G>A, c.4128C>G, c.412C>?, c.4133G>A, c.4138C>T, c.4141_4142insG, c.4144C>T, c.4148_4148delG, c.4150G>C, c.4151A>T, c.4165C>T, c.4167_4168insGA, c.4183+2_4183+3insT, c.4183-1G>A, c.4183-1G>C, c.4186T>C, c.4188C>G, c.4193T>C, c.4208A>G, c.4210C>T, c.4213G>C, c.4214A>T, c.4225A>T, c.4240C>T, c.4249G>T, c.4251_4252insTT, c.4256C>G, c.4258_4261delTTAT, c.4258_4264delTTATACA, c.4260_4264ATACA>GTC, c.4263_4264insAT, c.4264_4265insTA, c.4266_4266delA, c.4266_4267insAA, c.4269C>A, c.4269C>T, c.426C>T, c.4271_4271delC, c.4279G>T, c.427G>T, c.4283_4283delA, c.4303C>T, c.4305G>T, c.4317_4317delA, c.4317_4318delAC, c.4317_4318insA, c.4317delA, c.4319_4319delG, c.431G>A, c.4333C>T, c.434G>A, c.4352G>A, c.4354C>T, c.4392C>A, c.4393C>T, c.4427C>T, c.4440_4440delC, c.4447G>T, c.444_445insA, c.4457C>G, c.4468G>T, c.4471A>T, c.4472A>G, c.4474G>A, c.4474G>T, c.4474_4474delG, c.4478_4478delA, c.4501C>T, c.4502_4505delAAAC, c.4510_4528del19, c.4513G>A, c.4527_4527delA, c.4527_4528insA, c.452_453delTG, c.4532T>A, c.4537+2T>C, c.4544_4545insT, c.4546C>T, c.4567C>T, c.4570C>T, c.4576_4576delC, c.4579C>T, c.4589_4599del11, c.4594C>T, c.459T>G, c.4600C>T, c.4609C>T, c.4615C>T, c.4618C>A, c.4619_4619delA, c.4624C>T, c.4634_4635AG>C, c.4636C>T, c.4639C>T, c.4642C>T, c.4645_4646insAGC, c.4661_4664delCAGA, c.4663_4664insA, c.4664_4665delAG, c.4667C>A, c.4668_4669insT, c.466C>T, c.4676_4677insA, c.4679_4680insA, c.4680_4681insA, c.4688C>T, c.4705_4706delTA, c.4713_4714insGAGA, c.4714C>T, c.4715G>A, c.4723_4745del23, c.4736A>C, c.4757C>A, c.4759G>A, c.4767T>C, c.4807C>T, c.4817G>C, c.481_482insT, c.4824T>G, c.4832C>A, c.4834_4835insA, c.4838_4839delAT, c.4850C>A, c.4853_4854insA, c.4853_4854insTA, c.4854C>G, c.4865_4865delT, c.4870C>T, c.4884T>A, c.4889C>A, c.4893T>G, c.4898_4899insG, c.4908_4909ins58, c.490_491delAC, c.4910_4911ins52, c.4913C>A, c.4935T>G, c.4936_4937ins50, c.4965G>A, c.4977T>G, c.4978A>G, c.4990C>T, c.4999_5006delCTGTCTAA, c.4999_5014del16, c.4_4delG, c.5036_5036delA, c.5038C>T, c.5041_5048delCCAAGGTT, c.5046_5046delG, c.5059C>T, c.5060_5061delAG, c.5071T>G, c.5087","p.(C1298_K1299)fs*?, p.(H667_H668)fs*(13_14), p.(S354_G355)fs*?, p.(S393_A394)fs*(49_50), p.0?, p.844fs*?, p.?, p.?del, p.?fs, p.?fs*?, p.A1071fs*11, p.A1072fs*4, p.A1080fs*3, p.A1153fs*73, p.A1223fs*3, p.A1241fs*12, p.A1264P, p.A1341E, p.A1344E, p.A1355*, p.A1355P, p.A1355V, p.A1355fs*8, p.A1381fs*20, p.A1476V, p.A1505T, p.A1505V, p.A1794G, p.A1794fs*10, p.A1863D, p.A1865G, p.A1876G, p.A1876V, p.A1882P, p.A1882fs*9, p.A211fs*13, p.A215V, p.A256G, p.A277T, p.A289fs*4, p.A298T, p.A304V, p.A308T, p.A347V, p.A478S, p.A493fs*8, p.A619fs*19, p.A707fs*9, p.A727T, p.A727fs*23, p.A728D, p.A912fs*?, p.A915P, p.A915V, p.A915fs*6, p.A950fs*15, p.A996fs*13, p.C1016fs*17, p.C1135Y, p.C1135fs*7, p.C1156Y, p.C1193F, p.C1193W, p.C1211Y, p.C1221R, p.C1221Y, p.C1263G, p.C1263R, p.C1271*, p.C1271G, p.C1271S, p.C1271W, p.C1271Y, p.C1271fs*29, p.C1271fs*92, p.C1273F, p.C1273S, p.C1289F, p.C1289Y, p.C1298W, p.C1298Y, p.C1298del, p.C1358G, p.C1378Y, p.C1396R, p.C1396W, p.C1464*, p.C1633fs*28, p.C1875R, p.C25R, p.C262fs*31, p.C314*, p.C314fs*17, p.C677fs*4, p.C784*, p.C88C, p.C973fs*3, p.D1113fs*4, p.D1143fs*9, p.D1242V, p.D1242fs*11, p.D1376E, p.D1376G, p.D1376N, p.D1384H, p.D1384V, p.D1427Y, p.D143Y, p.D1587N, p.D1704fs*11, p.D1730fs*15, p.D1750fs*4, p.D1844G, p.D666fs*14, p.D688G, p.D768H, p.D905fs*16, p.E1082fs*24, p.E10Q, p.E1106Q, p.E1137fs*15, p.E1144A, p.E1144K, p.E1178*, p.E1186fs*40, p.E1207*, p.E1207D, p.E1207Q, p.E121*, p.E1215fs*8, p.E1222G, p.E1234G, p.E1268fs*32, p.E1279fs*20, p.E1318G, p.E1320fs*43, p.E1323*, p.E1323fs*16, p.E135*, p.E1350Q, p.E1352V, p.E1357fs*43, p.E1357fs*6, p.E1405Q, p.E1405V, p.E1428*, p.E1428fs*20, p.E1437fs*1, p.E1483*, p.E1490*, p.E1492*, p.E1492K, p.E1492fs*79, p.E149fs*13, p.E1555fs*22, p.E1728fs*10, p.E1845fs*42, p.E1879A, p.E1918*, p.E227*, p.E248fs, p.E259*, p.E263fs*30, p.E283*, p.E2fs*13, p.E320*, p.E330fs*1, p.E350K, p.E368*, p.E433E, p.E448fs*2, p.E452fs*34, p.E456K, p.E503fs*30, p.E524E, p.E537fs*6, p.E576*, p.E583*, p.E628K, p.E635fs*15, p.E637fs*2, p.E711fs*40, p.E782*, p.E788*, p.E788K, p.E796*, p.E798*, p.E808fs*5, p.E81*, p.E817K, p.E829K, p.E843*, p.E846fs*1, p.E852*, p.E961*, p.F1104fs*2, p.F1104fs*25, p.F125F, p.F125fs*3, p.F1285del, p.F1287L, p.F1287S, p.F1287fs*75, p.F1287fs*76, p.F1300C, p.F1368L, p.F1368Y, p.F1377fs*22, p.F1706fs*13, p.F1901fs*4, p.F329fs*18, p.F352L, p.F519fs*14, p.F683fs*17, p.F797F, p.F797fs*18, p.F868L, p.G1145fs*12, p.G1152fs*5, p.G1154D, p.G1192V, p.G1256A, p.G1256D, p.G1275E, p.G1275R, p.G1282D, p.G1282fs*82, p.G1288S, p.G1288V, p.G1313*, p.G1361?, p.G1361D, p.G1361S, p.G1361V, p.G1365fs*84, p.G1370E, p.G1370V, p.G1606A, p.G1719R, p.G1731fs*14, p.G1735*, p.G1861R, p.G1869W, p.G1913D, p.G1913V, p.G349fs*3, p.G364fs*8, p.G364fs*?, p.G429R, p.G450R, p.G523*, p.G607*, p.G613fs*1, p.G773V, p.G898*, p.G908fs*14, p.G92E, p.G934*, p.H1036H, p.H1150D, p.H1150fs*2, p.H1219L, p.H1219Q, p.H1219R, p.H1219Y, p.H1325fs*13, p.H1380P, p.H1380Y, p.H1382Y, p.H1761fs*2, p.H1792fs*28, p.H1806Y, p.H1817N, p.H1868P, p.H1868R, p.H1868Y, p.H1881Q, p.H1881R, p.H1904?, p.H1904Q, p.H1904R, p.H1912P, p.H248Q, p.H558fs*8, p.H573Y, p.H573fs*7, p.H629fs*10, p.H658P, p.H658fs*22, p.H658fs*42, p.H667fs*28, p.H667fs*35, p.H682fs*11, p.H717fs*5, p.H717fs*6, p.H721fs*1, p.H724fs*29, p.H786fs*27, p.H863fs*9, p.H880R, p.H880fs*20, p.H880fs*41, p.H924fs*10, p.H955fs*17, p.H974Y, p.H994R, p.H994fs*13, p.I1024fs*5, p.I1140fs*12, p.I1163fs*63, p.I1175V, p.I1177fs*49, p.I1195V, p.I1762fs*3, p.I1871S, p.I1873N, p.I1873T, p.I197fs*10, p.I750fs*62, p.I7F, p.I830fs*16, p.K1001*, p.K1038fs*14, p.K1090N, p.K1090fs*16, p.K1185T, p.K1197R, p.K1197_W1198del, p.K1208*, p.K1208fs*18, p.K1243fs*10, p.K1254*, p.K1299E, p.K1299N, p.K1299fs*12, p.K1308fs*55, p.K1310fs*6, p.K132R, p.K1338fs*2, p.K1339*, p.K1363*, p.K1409*, p.K1422fs*27, p.K1439fs*9, p.K1491*, p.K1491R, p.K1493fs*78, p.K1509fs*62, p.K161fs*10, p.K1905E, p.K1911_L1916del, p.K201fs*1, p.K345fs*1, p.K450*, p.K504N, p.K561fs*8, p.K722fs*29, p.K845fs*28, p.K87T, p.K948fs*23, p.K959fs*15, p.L1040*, p.L107fs*8, p.L1101I, p.L1119*, p.L112L, p.L1151P, p.L1210P, p.L1229I, p.L1229R, p.L1240V, p.L1240fs*14, p.L1240fs*3, p.L1248P, p.L1322P, p.L1322Q, p.L1340P, p.L1340R, p.L1360M, p.L1360Q, p.L1360R, p.L1398P, p.L1398R, p.L1418fs*31, p.L1420fs*26, p.L1420fs*27, p.L1511*, p.L1515fs*56, p.L1515fs*63, p.L1531fs*43, p.L1622fs*1, p.L1637fs, p.L1646fs*66, p.L1667fs*17, p.L1667fs*23, p.L1721*, p.L1721fs*24, p.L1740*, p.L1780fs*40, p.L1801F, p.L1819*, p.L1819fs*1, p.L1855fs*29, p.L1872P, p.L1899P, p.L1899fs*9, p.L1971F, p.L225fs*23, p.L226fs*1, p.L230fs*23, p.L328R, p.L346P, p.L34F, p.L371*, p.L431fs*1, p.L446fs*8, p.L525I, p.L560fs, p.L590_H650del, p.L615fs*23, p.L615fs*24, p.L651P, p.L668fs*32, p.L676fs*5, p.L699M, p.L699fs*1, p.L720F, p.L757fs*12, p.L840fs*1, p.L862fs*8, p.L956I, p.L957*, p.M1028fs*5, p.M1164R, p.M1164fs*61, p.M1293I, p.M1388I, p.M1800fs*6, p.M1907fs*3, p.M475fs*11, p.M600I, p.M600V, p.M600fs*39, p.M695fs*17, p.M716V, p.M993fs*15, p.N1000fs*7, p.N1018fs*11, p.N1102fs*2, p.N1156I, p.N1156fs, p.N1260fs*6, p.N1266Y, p.N1390fs*59, p.N1403S, p.N1504fs*61, p.N1613fs*47, p.N1641I, p.N1743fs*17, p.N1892fs*14, p.N202fs*5, p.N250fs*4, p.N275S, p.N275fs*18, p.N281fs*1, p.N312S, p.N535fs*6, p.N595fs*6, p.N598fs*3, p.N608fs*31, p.N715S, p.N789fs*13, p.N801fs*16, p.N813fs*12, p.N816fs*8, p.N857fs*16, p.N861fs*12, p.N901K, p.N923fs*2, p.P101H, p.P1061fs*5, p.P1079fs*8, p.P1108fs*5, p.P1115fs*15, p.P1115fs*2, p.P1194A, p.P1237_S1239del, p.P1316fs*47, p.P1335_Y1337>D, p.P1367S, p.P1419R, p.P1575fs*31, p.P1575fs*33, p.P1617H, p.P1619fs*4, p.P1619fs*5, p.P1629fs*31, p.P1655P, p.P1681fs*2, p.P1681fs*3, p.P1723S, p.P174H, p.P174fs*9, p.P177fs*6, p.P1829fs*4, p.P1857S, p.P1857fs*14, p.P1889L, p.P1889R, p.P1889_N1890del, p.P1894H, p.P1937S, p.P1941S, p.P1962L, p.P22L, p.P333fs*14, p.P37L, p.P399L, p.P409fs*17, p.P411del, p.P429fs, p.P463fs*?, p.P474L, p.P474P, p.P499fs*34, p.P554S, p.P554fs*13, p.P555fs*5, p.P555fs*6, p.P587fs*51, p.P677R, p.P732Q, p.P761fs*52, p.P818A, p.P851fs*22, p.P869fs*3, p.P874A, p.P942S, p.Q1020*, p.Q1020fs*16, p.Q1021*, p.Q1021fs*6, p.Q1030fs*3, p.Q1051*, p.Q1053*, p.Q1068*, p.Q1068fs*13, p.Q108*, p.Q1084*, p.Q108Q, p.Q1127*, p.Q1138*, p.Q1170*, p.Q1170fs*56, p.Q1191*, p.Q1274*, p.Q1274E, p.Q129fs*17, p.Q1327P, p.Q1348R, p.Q1389*, p.Q1414*, p.Q1435*, p.Q1435H, p.Q1445*, p.Q1501*, p.Q1501fs*69, p.Q1510fs*68, p.Q1523*, p.Q1524*, p.Q1526fs*45, p.Q1527*, p.Q1529*, p.Q1532*, p.Q1532fs, p.Q1534*, p.Q1537*, p.Q1539*, p.Q1540K, p.Q1540fs*31, p.Q1542*, p.Q1545fs*26, p.Q1546*, p.Q1547*, p.Q1548*, p.Q1548_P1549insQ, p.Q156*, p.Q1603*, p.Q1624*, p.Q1627fs*33, p.Q1664*, p.Q1680*, p.Q1687*, p.Q1699*, p.Q1702*, p.Q1825*, p.Q1828*, p.Q1834*, p.Q1852*, p.Q232*, p.Q232R, p.Q255*, p.Q273fs*11, p.Q317*, p.Q317fs*30, p.Q321*, p.Q323*, p.Q324*, p.Q324H, p.Q324fs*23, p.Q325*, p.Q341fs*6, p.Q373fs*15, p.Q383*, p.Q403*, p.Q414*, p.Q414L, p.Q417*, p.Q440*, p.Q461*, p.Q481*, p.Q491fs*6, p.Q526*, p.Q526H, p.Q548L, p.Q557*, p.Q574*, p.Q574fs*6, p.Q591*, p.Q593*, p.Q599fs*1, p.Q620R, p.Q622*, p.Q626*, p.Q626E, p.Q632*, p.Q635*, p.Q642*, p.Q642fs*58, p.Q644*, p.Q652*, p.Q652fs*48, p.Q654*, p.Q674*, p.Q685*, p.Q690*, p.Q701*, p.Q706*, p.Q720*, p.Q726*, p.Q729*, p.Q731*, p.Q734*, p.Q734fs*20, p.Q740*, p.Q742*, p.Q743*, p.Q746*, p.Q758fs*53, p.Q764fs*5, p.Q764fs*7, p.Q769*, p.Q769fs*44, p.Q778*, p.Q790*, p.Q80*, p.Q803*, p.Q810*, p.Q831fs*15, p.Q847fs*25, p.Q860fs*13, p.Q866*, p.Q876*, p.Q884fs*17, p.Q886*, p.Q888*, p.Q891*, p.Q90*, p.Q904*, p.Q910*, p.Q916*, p.Q917fs*7, p.Q933*, p.Q939*, p.Q943*, p.Q947*, p.Q958fs*14, p.Q960*, p.Q960fs*50, p.Q963*, p.Q966*, p.Q966fs*42, p.Q966fs*5, p.R1067*, p.R1088fs, p.R1161S, p.R1161fs*64, p.R1167T, p.R1176T, p.R1176fs*50, p.R1179fs*7, p.R117H, p.R1202*, p.R1214Q, p.R1214W, p.R1216*, p.R1216Q, p.R123S, p.R123fs*5, p.R1261C, p.R1261G, p.R1261H, p.R1261L, p.R1302G, p.R1354fs*46, p.R1359C, p.R1359H, p.R1359P, p.R1366H, p.R1383fs*65, p.R1404*, p.R1440fs*37, p.R1440fs*38, p.R1440fs*40, p.R144H, p.R1451Q, p.R1452*, p.R1465*, p.R1465Q, p.R1516*, p.R1572Q, p.R1572W, p.R1572fs*7, p.R1660G, p.R1682fs*13, p.R1739I, p.R1878H, p.R1896G, p.R1896M, p.R1896S, p.R1966H, p.R1974M, p.R2000K, p.R506*, p.R534T, p.R544*, p.R544R, p.R550*, p.R550Q, p.R581C, p.R617fs*21, p.R617fs*22, p.R680G, p.R686S, p.R686fs*7, p.R814H, p.R814fs*10, p.R815fs*10, p.R835C, p.R881R, p.R881fs*20, p.R953fs*19, p.S1015S, p.S102_L103>F, p.S104fs*15, p.S1059*, p.S1190fs*3, p.S1203R, p.S1246*, p.S1284F, p.S1286P, p.S1290*, p.S1292R, p.S1303N, p.S1303R, p.S1303fs*58, p.S1369*, p.S1369L, p.S1424fs*24, p.S142S, p.S1441fs*7, p.S145N, p.S1481fs*90, p.S1486*, p.S1494*, p.S1525fs*53, p.S153S, p.S1556Y, p.S1556fs*22, p.S1561fs*17, p.S1563F, p.S1586*, p.S1611Y, p.S1612fs*2, p.S1630*, p.S1638*, p.S1638fs*40, p.S1638fs*42, p.S1688fs*4, p.S1691A, p.S1708fs*11, p.S1820fs*15, p.S1848*, p.S1853fs*34, p.S1870L, p.S1870P, p.S1898F, p.S189fs*18, p.S1944F, p.S214fs*11, p.S254fs*38, p.S268L, p.S268W, p.S282F, p.S289*, p.S315fs*31, p.S327L, p.S327fs*1, p.S354*, p.S356fs*18, p.S385*, p.S387I, p.S407fs*20, p.S412F, p.S420*, p.S460F, p.S460fs*26, p.S466C, p.S498F, p.S509*, p.S585fs*16, p.S588*, p.S602fs*37, p.S609fs*30, p.S631*, p.S675*, p.S696S, p.S716*, p.S716fs*35, p.S733F, p.S75C, p.S792*, p.S794*, p.S80G, p.S817T, p.S817fs*2, p.S825*, p.S826I, p.S826fs*15, p.S833fs*8, p.S835*, p.S842*, p.S846*, p.S86fs*14, p.S911L, p.S972A, p.S99fs*13, p.T1007A, p.T1047fs*11, p.T1047fs*8, p.T1047fs*9, p.T1069fs*13, p.T1069fs*7, p.T1078P, p.T1093fs*12, p.T1096fs*7, p.T1114I, p.T1114fs*16, p.T1114fs*?, p.T1149A, p.T1149T, p.T1183fs*3, p.T1220fs*6, p.T1257fs*11, p.T1259fs*9, p.T1270A, p.T1270P, p.T1372I, p.T1372fs*26, p.T1393P, p.T1554fs, p.T1554fs*16, p.T164fs*6, p.T1710fs*8, p.T1726fs*18, p.T1737fs*2, p.T1867_S1870del, p.T1883I, p.T1883fs*4, p.T1884A, p.T1884fs*8, p.T1980fs*24, p.T229fs*25, p.T27I, p.T313fs*33, p.T443fs*11, p.T492S, p.T497S, p.T549fs*12, p.T556fs*11, p.T665fs*36, p.T665fs*?, p.T691T, p.T759N, p.T779T, "
"TFPT","P0C1Z6","TCF3 fusion partner","Chromatin Modellers","INO80 Complex","Nucleus","PB010240","NA","c.12G>A, c.13C>G, c.141_142delTG, c.144_145delGT, c.152G>T, c.189G>C, c.209G>A, c.223C>T, c.236G>A, c.262C>T, c.263G>A, c.288C>A, c.331C>T, c.341A>G, c.362T>C, c.382G>A, c.3G>A, c.423G>T, c.444G>A, c.468G>A, c.504G>A, c.509G>A, c.511_513delAGG, c.53delT, c.54C>T, c.568C>T, c.578G>A, c.599G>A, c.605C>T, c.606A>G, c.658G>A, c.731A>G, c.733C>T, c.755C>G, c.760T>G, c.83T>C","p.*254G, p.A156A, p.A202A, p.A202V, p.D220N, p.E141D, p.E4E, p.E63D, p.F18F, p.F18fs*60, p.G128R, p.G51V, p.L28S, p.M121T, p.M1I, p.N96K, p.P168P, p.P245S, p.Q114R, p.Q5E, p.R111W, p.R170K, p.R171delR, p.R190W, p.R193Q, p.R200H, p.R70Q, p.R75W, p.R79H, p.R88C, p.R88H, p.S252C, p.S49fs*13, p.T148T, p.V48fs, p.Y244C"
"UCHL5","Q9Y5K5","Ubiquitin carboxyl-terminal hydrolase isozyme L5","Chromatin Modellers","INO80 Complex","Nucleus and Cytoplasm","PF01088, PB012274, PB004660","0050922","c.141-1G>T, c.217C>T, c.218G>A, c.223G>C, c.224A>G, c.228G>A, c.30C>T, c.346G>T, c.364G>C, c.369A>T, c.419A>G, c.429C>T, c.432C>T, c.434+2T>A, c.467C>T, c.482A>G, c.492C>G, c.534A>C, c.555G>T, c.60G>C, c.630-1G>T, c.632A>G, c.63C>T, c.643G>T, c.654T>C, c.67A>C, c.721C>A, c.751G>A, c.751G>C, c.780T>C, c.812T>C, c.81C>T, c.839G>T, c.83G>A, c.8G>T, c.964G>A, c.973G>T, c.979G>T, c.97G>T","p.?, p.A123A, p.A144A, p.A322T, p.A325S, p.C27C, p.D122H, p.D161G, p.D251H, p.D251N, p.D75G, p.D75H, p.E116*, p.E20D, p.E215*, p.E327*, p.E33*, p.F143F, p.F218F, p.G3V, p.H140R, p.H164Q, p.I260I, p.I271T, p.K23Q, p.L10L, p.L178F, p.L21L, p.P185P, p.Q241K, p.R280I, p.R28Q, p.R73*, p.R73Q, p.S156L, p.T76T, p.Y211C"
"UTY","O14607","Histone demethylase UTY","Histone Demethylasess (HDMs)","Jumonji (JmjC family)","Nucleus","PB002066, PF00515, PF13181, PF13431, PF13414, PB000604, PB002513, PB000972, PF02373","0047105, 0051253, 0049644, 0046495","c.1169G>T, c.124G>T, c.1264C>T, c.129G>A, c.1403G>C, c.1719G>A, c.1777delC, c.1911T>C, c.1979G>T, c.2252A>T, c.2793C>G, c.3170C>A, c.3272C>T, c.3430C>G, c.3751C>T, c.3786A>G, c.3846G>T, c.3909A>T, c.3955T>G, c.395G>T, c.430C>A","p.A1057E, p.E1282D, p.E42*, p.F1319V, p.F931L, p.G132V, p.G660V, p.H144N, p.H593fs*111, p.H751L, p.K1262K, p.L1144V, p.L573L, p.N637N, p.P1091L, p.P422S, p.Q1251*, p.R390I, p.R43R, p.R468P, p.V1303V"
"WHSC1","O96028","Histone-lysine N-methyltransferase NSD2","Histone Methyl Transferases (HMTs)","Lysine Methyl Transferases (KMT)","Nucleus","PF00855, PF00505, PB019816, PF00628, PF00855, PF00856, PB019816, PB007563, PB002825","0048228, 0047802, 0047119, 0050474, 0050473, 0035973, 0050473","c.-17C>T, c.1009G>A, c.1017G>A, c.1061A>T, c.106C>T, c.107_119del?, c.1081A>C, c.108G>A, c.1127C>A, c.1190T>C, c.1194G>T, c.1201C>T, c.1249G>A, c.124C>T, c.125G>A, c.1279G>A, c.1289A>G, c.1322G>T, c.1356G>A, c.1410G>T, c.141C>T, c.1422G>T, c.1502G>A, c.1504T>C, c.1574A>G, c.1577G>T, c.1596A>G, c.1627G>A, c.1653G>C, c.1656C>G, c.1678G>C, c.1685_1686insC, c.1697C>T, c.1718A>C, c.1740G>A, c.1756G>C, c.1777G>A, c.1798C>T, c.1804C>T, c.1816G>A, c.1887G>T, c.1901A>G, c.1903G>A, c.1921T>C, c.1922A>G, c.1924G>A, c.1936G>A, c.1937A>G, c.1957G>T, c.1979G>A, c.2027C>G, c.2028G>A, c.2043C>G, c.2049A>T, c.205G>A, c.2077G>A, c.2132C>A, c.2147C>A, c.2159G>C, c.2233delA, c.2264G>A, c.2271C>T, c.2281C>A, c.229G>A, c.2310C>T, c.2329C>T, c.2374T>C, c.2383G>A, c.2411C>T, c.2414T>C, c.2445C>A, c.2458C>T, c.2480C>T, c.2485G>A, c.2535C>A, c.2557_2557delT, c.2564C>A, c.2580C>T, c.2593G>T, c.2628G>A, c.2672A>G, c.2676-1G>T, c.2682G>A, c.2686G>A, c.2738A>G, c.2749G>T, c.274G>T, c.2754C>T, c.275G>A, c.2802G>A, c.2831G>A, c.2834_2835insC, c.2835_2836insC, c.2863G>A, c.2893G>C, c.2908C>T, c.2909G>T, c.2957G>A, c.295C>T, c.2992A>G, c.3050A>T, c.3090_3091GG>TC, c.310G>A, c.310G>T, c.3148G>A, c.3192G>T, c.3255G>C, c.3259G>C, c.3260A>G, c.3261A>G, c.3270C>T, c.3275A>G, c.3285G>A, c.3294C>T, c.3295G>A, c.3324C>T, c.3325G>A, c.3331G>A, c.3373_splice, c.3376C>T, c.3379A>G, c.3395C>T, c.3448A>G, c.3502G>A, c.3572G>A, c.3607_3608GG>AA, c.3680G>A, c.3683G>A, c.3730C>T, c.3744C>T, c.3787T>C, c.3842C>A, c.3858C>T, c.385delA, c.3873T>G, c.3875C>T, c.3884T>G, c.3905C>T, c.3925G>A, c.3932C>T, c.3955G>A, c.4000A>C, c.4000A>G, c.4002A>G, c.4017G>T, c.401A>G, c.4020_4021insC, c.4021_4021delC, c.4021delC, c.4046A>T, c.4057C>T, c.4072T>C, c.469A>T, c.493G>A, c.542A>G, c.548T>G, c.581G>T, c.592_592delA, c.62T>A, c.692C>T, c.778C>T, c.787C>T, c.796T>C, c.80T>A, c.841C>A, c.855A>C, c.858A>G, c.974G>A, c.997G>A",", p.?, p.A1109T, p.A165T, p.A333T, p.A427T, p.A586P, p.A593T, p.A606T, p.A693T, p.A711D, p.A815A, p.A827V, p.A896T, p.A934A, p.A965P, p.C1191Y, p.C720S, p.C845*, p.D1098D, p.D1125_splice, p.D1168N, p.D1286D, p.D1309N, p.D417N, p.D430G, p.D543N, p.D552E, p.D560H, p.D634G, p.D69N, p.D77N, p.E1031Q, p.E104*, p.E104K, p.E1050K, p.E1064D, p.E1087E, p.E1087G, p.E1087Q, p.E1095E, p.E1099K, p.E1111K, p.E1339D, p.E1344fs*>23, p.E285D, p.E339E, p.E470D, p.E474D, p.E563fs*>23, p.E635K, p.E642K, p.E646G, p.E646K, p.E683D, p.E917*, p.F1295C, p.F266L, p.F47F, p.F757F, p.F853fs, p.F918F, p.G1203K, p.G1248G, p.G1319R, p.G286G, p.G325D, p.G795R, p.G865C, p.G92C, p.G92D, p.G945fs, p.G955R, p.H1108H, p.H263Y, p.H354L, p.H913R, p.I1127V, p.I27N, p.I532M, p.I860I, p.K1085N, p.K1340fs, p.K1349M, p.K198fs, p.K361Q, p.K398N, p.K525R, p.K573T, p.K746fs*4, p.K876K, p.K998E, p.L183R, p.L281I, p.L681L, p.L761I, p.M21K, p.M397T, p.N1017I, p.N1090N, p.N134S, p.N157Y, p.P1132L, p.P1281H, p.P1291P, p.P1341fs, p.P1343fs*>23, p.P36P, p.P36S, p.P676P, p.P676R, p.P777S, p.P855H, p.Q181R, p.R1126C, p.R1227Q, p.R1228H, p.R1244C, p.R1334G, p.R1334R, p.R1353W, p.R260C, p.R401W, p.R42C, p.R42H, p.R441M, p.R452R, p.R501H, p.R526I, p.R600*, p.R602W, p.R660Q, p.R755Q, p.R820W, p.R944Q, p.R970C, p.R970L, p.R986H, p.R99C, p.S1292L, p.S1302L, p.S194I, p.S231L, p.S376Y, p.S580S, p.S629S, p.S716*, p.S770S, p.S804L, p.S946fs*21, p.T1150A, p.T129fs*5, p.T1311I, p.T551T, p.T566M, p.V337M, p.V653F, p.V805A, p.V829I, p.W1358R, p.W894*, p.Y1092C, p.Y1263H, p.Y502H, p.Y641C, p.Y641H, p.Y792H, p.Y891C"
"WHSC1L1","Q9BZ95","Histone-lysine N-methyltransferase NSD3","Histone Methyl Transferases (HMTs)","Lysine Methyl Transferases (KMT)","Nucleus and Chromosome","PF00855, PB019816, PB007848, PF00855, PF00856, PB019816, PB007563, PB002825","0048228, 0047802, 0047802, 0050473, 0050474, 0050474, 0037717","c.1010A>C, c.1015T>A, c.1055A>G, c.1081C>T, c.1126G>A, c.1136T>C, c.115G>A, c.1168T>C, c.1192C>A, c.1194G>A, c.119T>C, c.121G>A, c.1221A>C, c.1225A>G, c.1255_1255delA, c.1255delA, c.1259G>T, c.1261C>T, c.1271C>A, c.1295A>C, c.1306G>T, c.1309G>C, c.1328_1329insT, c.1336G>C, c.1409G>C, c.1418C>T, c.1444T>C, c.1531A>G, c.1541G>A, c.1552T>C, c.1553T>G, c.1581_splice, c.1594A>T, c.1667C>T, c.1690G>T, c.1708G>T, c.1722G>T, c.1768T>G, c.1808A>C, c.1809G>T, c.1876T>C, c.1904G>A, c.1910C>T, c.196C>G, c.2115_splice, c.2335G>A, c.2339G>A, c.2447T>C, c.261G>A, c.2660A>G, c.2693G>A, c.2729C>A, c.2758G>T, c.2869A>C, c.3197_3197delA, c.3197_3198insA, c.3212C>T, c.3278C>T, c.3455C>T, c.3521A>G, c.3547G>A, c.3558G>C, c.3734T>C, c.381_382insA, c.3830C>G, c.3859C>T, c.3905_3905delA, c.3925_3926insAAGA, c.4151C>G, c.4268A>C, c.550G>A, c.587A>G, c.594A>T, c.597A>C, c.631C>T, c.632G>A, c.701T>C, c.721G>T, c.736G>T, c.747A>G, c.779C>A, c.806A>G, c.824G>C, c.838A>C, c.86G>A, c.892A>G, c.928G>T, c.933G>A, c.960G>T, c.977G>C","p.A1277G, p.A320A, p.A41T, p.A473V, p.A564S, p.D39N, p.E1183K, p.E184K, p.E241*, p.E246*, p.E337A, p.E352G, p.E376K, p.E437Q, p.E446Q, p.F518C, p.F518L, p.G436W, p.G514E, p.G570C, p.G920C, p.I40T, p.K127fs, p.K1423T, p.K196R, p.K198N, p.K199N, p.K407N, p.K527_splice, p.K532*, p.K574N, p.K957Q, p.L1186F, p.L1245P, p.L339I, p.L379S, p.L66V, p.M816T, p.N1066fs, p.N1302fs, p.N511D, p.P1071L, p.P249P, p.P361S, p.Q269R, p.Q311Q, p.Q398K, p.Q398Q, p.Q432P, p.Q603H, p.Q603P, p.Q705_splice, p.Q87Q, p.R1287W, p.R1309fs, p.R211C, p.R211H, p.R29H, p.R326P, p.R420L, p.R421*, p.R635H, p.R780H, p.R898H, p.S1093L, p.S1384*, p.S409G, p.S424Y, p.S443fs, p.S482P, p.S590A, p.S626P, p.S637F, p.S910*, p.T1152M, p.T260K, p.T280P, p.T298A, p.T419fs, p.T419fs*8, p.T556M, p.V234A, p.V310F, p.V779I, p.W275S, p.W470S, p.Y1174C, p.Y390H, p.Y887C"
"YY1","P25490","Transcriptional repressor protein YY1","Chromatin Modellers","INO80 Complex","Nucleus","PF13894, PB011295, PB000057, PF13465, PF13465","0050784, 0044259, 0045966","c.1069T>C, c.1082G>A, c.1124G>A, c.1154G>T, c.1225A>G, c.127_129delGAG, c.206_207insCCA, c.207_209delCCA, c.283_284delAC, c.367G>A, c.381C>T, c.528C>T, c.759A>G, c.802A>G, c.941G>T","p.A123T, p.C385F, p.E253E, p.E43delE, p.F127F, p.F357L, p.G176G, p.G361E, p.H80_P81insH, p.H80delH, p.I268V, p.K409E, p.R314I, p.R375Q, p.T95fs*52"
