"gene","uni_id","position","residue","description"
"ACTL6A","O96019","2","S","Acetylation"
"ACTL6A","O96019","226","K","Ubiquitylation"
"ACTL6A","O96019","233","S","Phosphorylation"
"ACTL6A","O96019","233","S","Phosphorylation"
"ACTL6A","O96019","303","K","Ubiquitylation"
"ACTL6A","O96019","371","K","Ubiquitylation"
"ACTL6A","O96019","379","K","Ubiquitylation"
"ACTL6A","O96019","6","Y","Phosphorylation"
"ACTL6A","O96019","60","K","Ubiquitylation"
"ACTL6A","O96019","62","K","Ubiquitylation"
"ACTL6A","O96019","86","S","Phosphorylation"
"ACTL6B","O94805","244","S","Phosphorylation"
"ACTL6B","O94805","368","K","Ubiquitylation"
"PRMT9","Q6P2P2","235","K","Ubiquitylation"
"PRMT9","Q6P2P2","356","K","Ubiquitylation"
"PRMT9","Q6P2P2","549","T","Phosphorylation"
"PRMT9","Q6P2P2","549","T","Phosphorylation"
"PRMT1","Q99873","121","K","Ubiquitylation"
"PRMT1","Q99873","124","K","Ubiquitylation"
"PRMT1","Q99873","133","K","Ubiquitylation"
"PRMT1","Q99873","173","K","Ubiquitylation"
"PRMT1","Q99873","223","K","Ubiquitylation"
"PRMT1","Q99873","233","K","Ubiquitylation"
"PRMT1","Q99873","262","C","S-nitrosylation"
"PRMT1","Q99873","299","Y","Phosphorylation"
"PRMT1","Q99873","299","Y","Phosphorylation"
"PRMT1","Q99873","303","K","Ubiquitylation"
"PRMT1","Q99873","332","K","Ubiquitylation"
"PRMT2","P55345","125","Y","Phosphorylation"
"PRMT2","P55345","41","Y","Phosphorylation"
"PRMT3","O60678","187","K","Ubiquitylation"
"PRMT3","O60678","25","S","Phosphorylation"
"PRMT3","O60678","25","S","Phosphorylation"
"PRMT3","O60678","27","S","Phosphorylation"
"PRMT3","O60678","27","S","Phosphorylation"
"PRMT3","O60678","87","Y","Phosphorylation"
"PRMT5","O14744","12","S","Phosphorylation"
"PRMT5","O14744","2","A","Acetylation"
"PRMT5","O14744","200","K","Acetylation"
"PRMT5","O14744","200","K","Acetylation"
"PRMT5","O14744","22","C","S-nitrosylation"
"PRMT5","O14744","227","K","Ubiquitylation"
"PRMT5","O14744","240","K","Ubiquitylation"
"PRMT5","O14744","280","Y","Phosphorylation"
"PRMT5","O14744","283","Y","Phosphorylation"
"PRMT5","O14744","286","Y","Phosphorylation"
"PRMT5","O14744","297","Y","Phosphorylation"
"PRMT5","O14744","304","Y","Phosphorylation"
"PRMT5","O14744","307","Y","Phosphorylation"
"PRMT5","O14744","333","K","Ubiquitylation"
"PRMT5","O14744","387","K","Ubiquitylation"
"PRMT5","O14744","479","K","Ubiquitylation"
"PRMT5","O14744","490","K","Ubiquitylation"
"PRMT5","O14744","60","K","Ubiquitylation"
"PRMT5","O14744","85","K","Ubiquitylation"
"PRMT5","O14744","95","K","Ubiquitylation"
"PRMT6","Q96LA8","21","T","Phosphorylation"
"PRMT6","Q96LA8","21","T","Phosphorylation"
"PRMT7","Q9NVM4","262","C","S-nitrosylation"
"PRMT8","Q9NR22","122","T","Phosphorylation"
"PRMT8","Q9NR22","126","S","Phosphorylation"
"PRMT8","Q9NR22","2","G","Myristoylation"
"PRMT8","Q9NR22","58","R","Methylation"
"PRMT8","Q9NR22","58","R","Methylation"
"PRMT8","Q9NR22","73","R","Methylation"
"PRMT8","Q9NR22","73","R","Methylation"
"ARID1B","Q8NFD5","1189","S","Phosphorylation"
"ARID1B","Q8NFD5","1240","S","Phosphorylation"
"ARID1B","Q8NFD5","1242","T","Phosphorylation"
"ARID1B","Q8NFD5","1497","S","Phosphorylation"
"ARID1B","Q8NFD5","1501","S","Phosphorylation"
"ARID1B","Q8NFD5","1542","S","Phosphorylation"
"ARID1B","Q8NFD5","1555","S","Phosphorylation"
"ARID1B","Q8NFD5","1555","S","Phosphorylation"
"ARID1B","Q8NFD5","1557","S","Phosphorylation"
"ARID1B","Q8NFD5","1559","S","Phosphorylation"
"ARID1B","Q8NFD5","1559","S","Phosphorylation"
"ARID1B","Q8NFD5","1564","S","Phosphorylation"
"ARID1B","Q8NFD5","1566","K","Acetylation"
"ARID1B","Q8NFD5","1566","K","Acetylation"
"ARID1B","Q8NFD5","1710","S","Phosphorylation"
"ARID1B","Q8NFD5","1715","S","Phosphorylation"
"ARID1B","Q8NFD5","1777","K","Acetylation"
"ARID1B","Q8NFD5","1777","K","Acetylation"
"ARID1B","Q8NFD5","2","A","Acetylation"
"ARID1B","Q8NFD5","2097","K","Ubiquitylation"
"ARID1B","Q8NFD5","2187","K","Ubiquitylation"
"ARID1B","Q8NFD5","502","S","Phosphorylation"
"ARID1B","Q8NFD5","516","S","Phosphorylation"
"ARID1B","Q8NFD5","516","S","Phosphorylation"
"ARID1B","Q8NFD5","632","S","Phosphorylation"
"ACTR5","Q9H9F9","283","K","Ubiquitylation"
"ACTR8","Q9H981","132","S","Phosphorylation"
"ACTR8","Q9H981","132","S","Phosphorylation"
"ACTR8","Q9H981","225","K","Ubiquitylation"
"ACTR8","Q9H981","309","Y","Phosphorylation"
"ACTR8","Q9H981","315","S","Phosphorylation"
"ACTR8","Q9H981","412","S","Phosphorylation"
"ACTR8","Q9H981","412","S","Phosphorylation"
"ACTR8","Q9H981","431","K","Ubiquitylation"
"ACTR8","Q9H981","444","S","Phosphorylation"
"ACTR8","Q9H981","562","S","Phosphorylation"
"ASH1L","Q9NR48","1162","S","Phosphorylation"
"ASH1L","Q9NR48","1170","S","Phosphorylation"
"ASH1L","Q9NR48","1649","S","Phosphorylation"
"ASH1L","Q9NR48","1649","S","Phosphorylation"
"ASH1L","Q9NR48","1681","S","Phosphorylation"
"ASH1L","Q9NR48","1681","S","Phosphorylation"
"ASH1L","Q9NR48","1683","T","Phosphorylation"
"ASH1L","Q9NR48","1747","S","Phosphorylation"
"ASH1L","Q9NR48","1748","S","Phosphorylation"
"ASH1L","Q9NR48","22","S","Phosphorylation"
"ASH1L","Q9NR48","22","S","Phosphorylation"
"ASH1L","Q9NR48","230","S","Phosphorylation"
"ASH1L","Q9NR48","2781","Y","Phosphorylation"
"ASH1L","Q9NR48","2785","Y","Phosphorylation"
"ASH1L","Q9NR48","375","K","Acetylation"
"ASH1L","Q9NR48","402","K","Ubiquitylation"
"ASH1L","Q9NR48","402","K","Ubiquitylation"
"ASH1L","Q9NR48","406","K","Ubiquitylation"
"ASH1L","Q9NR48","406","K","Ubiquitylation"
"ASH1L","Q9NR48","557","S","Phosphorylation"
"ASH1L","Q9NR48","78","T","Phosphorylation"
"ASH1L","Q9NR48","918","S","Phosphorylation"
"ASH1L","Q9NR48","920","S","Phosphorylation"
"CARM1","Q86X55","2","A","Acetylation"
"CARM1","Q86X55","216","S","Phosphorylation"
"CARM1","Q86X55","216","S","Phosphorylation"
"CARM1","Q86X55","227","K","Ubiquitylation"
"CARM1","Q86X55","228","S","Phosphorylation"
"CARM1","Q86X55","276","K","Methylation"
"CARM1","Q86X55","470","K","Ubiquitylation"
"CARM1","Q86X55","49","R","Methylation"
"CREBBP","Q92793","1001","T","Phosphorylation"
"CREBBP","Q92793","1001","T","Phosphorylation"
"CREBBP","Q92793","1014","K","Acetylation"
"CREBBP","Q92793","1014","K","Acetylation"
"CREBBP","Q92793","1030","S","Phosphorylation"
"CREBBP","Q92793","1030","S","Phosphorylation"
"CREBBP","Q92793","1072","S","Phosphorylation"
"CREBBP","Q92793","1072","S","Phosphorylation"
"CREBBP","Q92793","1076","S","Phosphorylation"
"CREBBP","Q92793","1203","K","Acetylation"
"CREBBP","Q92793","121","S","Phosphorylation"
"CREBBP","Q92793","121","S","Phosphorylation"
"CREBBP","Q92793","1216","K","Acetylation"
"CREBBP","Q92793","1216","K","Acetylation"
"CREBBP","Q92793","124","S","Phosphorylation"
"CREBBP","Q92793","124","S","Phosphorylation"
"CREBBP","Q92793","1376","K","Acetylation"
"CREBBP","Q92793","1382","S","Phosphorylation"
"CREBBP","Q92793","1382","S","Phosphorylation"
"CREBBP","Q92793","1386","S","Phosphorylation"
"CREBBP","Q92793","1386","S","Phosphorylation"
"CREBBP","Q92793","1450","Y","Phosphorylation"
"CREBBP","Q92793","1457","Y","Phosphorylation"
"CREBBP","Q92793","1460","Y","Phosphorylation"
"CREBBP","Q92793","1535","K","Acetylation"
"CREBBP","Q92793","1554","K","Acetylation"
"CREBBP","Q92793","1583","K","Acetylation"
"CREBBP","Q92793","1583","K","Acetylation"
"CREBBP","Q92793","1586","K","Acetylation"
"CREBBP","Q92793","1587","K","Acetylation"
"CREBBP","Q92793","1588","K","Acetylation"
"CREBBP","Q92793","1588","K","Acetylation"
"CREBBP","Q92793","1591","K","Acetylation"
"CREBBP","Q92793","1591","K","Acetylation"
"CREBBP","Q92793","1592","K","Acetylation"
"CREBBP","Q92793","1592","K","Acetylation"
"CREBBP","Q92793","1595","K","Acetylation"
"CREBBP","Q92793","1595","K","Acetylation"
"CREBBP","Q92793","1597","K","Acetylation"
"CREBBP","Q92793","1597","K","Acetylation"
"CREBBP","Q92793","1627","K","Acetylation"
"CREBBP","Q92793","1711","K","Acetylation"
"CREBBP","Q92793","1741","K","Acetylation"
"CREBBP","Q92793","1741","K","Acetylation"
"CREBBP","Q92793","1744","K","Acetylation"
"CREBBP","Q92793","1744","K","Acetylation"
"CREBBP","Q92793","1755","S","Phosphorylation"
"CREBBP","Q92793","1755","S","Phosphorylation"
"CREBBP","Q92793","1763","S","Phosphorylation"
"CREBBP","Q92793","1771","S","Phosphorylation"
"CREBBP","Q92793","2","A","Acetylation"
"CREBBP","Q92793","2041","S","Phosphorylation"
"CREBBP","Q92793","2063","S","Phosphorylation"
"CREBBP","Q92793","2063","S","Phosphorylation"
"CREBBP","Q92793","2065","S","Phosphorylation"
"CREBBP","Q92793","2076","S","Phosphorylation"
"CREBBP","Q92793","2076","S","Phosphorylation"
"CREBBP","Q92793","2078","S","Phosphorylation"
"CREBBP","Q92793","2079","S","Phosphorylation"
"CREBBP","Q92793","2079","S","Phosphorylation"
"CREBBP","Q92793","2102","K","Ubiquitylation"
"CREBBP","Q92793","2322","S","Phosphorylation"
"CREBBP","Q92793","2356","S","Phosphorylation"
"CREBBP","Q92793","2364","S","Phosphorylation"
"CREBBP","Q92793","2372","S","Phosphorylation"
"CREBBP","Q92793","2377","S","Phosphorylation"
"CREBBP","Q92793","2382","S","Phosphorylation"
"CREBBP","Q92793","2390","T","Phosphorylation"
"CREBBP","Q92793","2394","S","Phosphorylation"
"CREBBP","Q92793","2406","S","Phosphorylation"
"CREBBP","Q92793","274","S","Phosphorylation"
"CREBBP","Q92793","274","S","Phosphorylation"
"CREBBP","Q92793","302","S","Phosphorylation (CAMK4)"
"CREBBP","Q92793","302","S","Phosphorylation"
"CREBBP","Q92793","437","S","Phosphorylation"
"CREBBP","Q92793","437","S","Phosphorylation (PRKCD)"
"CREBBP","Q92793","437","S","Phosphorylation"
"CREBBP","Q92793","601","R","Methylation"
"CREBBP","Q92793","659","Y","Phosphorylation"
"CREBBP","Q92793","702","R","Methylation"
"CREBBP","Q92793","714","R","Methylation"
"CREBBP","Q92793","742","R","Methylation"
"CREBBP","Q92793","768","R","Methylation"
"CREBBP","Q92793","78","S","Phosphorylation"
"CREBBP","Q92793","93","S","Phosphorylation"
"CDY1","Q9Y6F8","129","T","Phosphorylation"
"CDYL","Q9Y232","135","K","Methylation"
"CDYL","Q9Y232","135","K","Methylation"
"CDYL","Q9Y232","135","K","Methylation"
"CDYL","Q9Y232","135","K","Methylation"
"CDYL","Q9Y232","135","K","Methylation"
"CDYL","Q9Y232","135","K","Methylation"
"CDYL","Q9Y232","149","S","Phosphorylation"
"CDYL","Q9Y232","172","K","Ubiquitylation"
"CDYL","Q9Y232","201","S","Phosphorylation"
"CDYL","Q9Y232","201","S","Phosphorylation"
"CDYL","Q9Y232","207","T","Phosphorylation"
"CDYL","Q9Y232","214","S","Phosphorylation"
"CDYL","Q9Y232","216","S","Phosphorylation"
"CDYL","Q9Y232","216","S","Phosphorylation"
"CDYL","Q9Y232","230","T","Phosphorylation"
"CDYL","Q9Y232","538","K","Ubiquitylation"
"CDYL","Q9Y232","576","K","Ubiquitylation"
"CDYL","Q9Y232","589","K","Ubiquitylation"
"CDYL","Q9Y232","86","Y","Phosphorylation"
"CDYL","Q9Y232","88","S","Phosphorylation"
"CDYL","Q9Y232","88","S","Phosphorylation"
"CDYL","Q9Y232","92","T","Phosphorylation"
"CHD3","Q12873","1361","S","Phosphorylation"
"CHD3","Q12873","1361","S","Phosphorylation"
"CHD3","Q12873","1364","S","Phosphorylation"
"CHD3","Q12873","1364","S","Phosphorylation"
"CHD3","Q12873","1367","S","Phosphorylation"
"CHD3","Q12873","1367","S","Phosphorylation"
"CHD3","Q12873","1549","S","Phosphorylation"
"CHD3","Q12873","1549","S","Phosphorylation"
"CHD3","Q12873","1569","T","Phosphorylation"
"CHD3","Q12873","1601","S","Phosphorylation"
"CHD3","Q12873","1601","S","Phosphorylation"
"CHD3","Q12873","1605","S","Phosphorylation"
"CHD3","Q12873","1605","S","Phosphorylation"
"CHD3","Q12873","324","S","Phosphorylation"
"CHD3","Q12873","324","S","Phosphorylation"
"CHD3","Q12873","43","S","Phosphorylation"
"CHD3","Q12873","597","S","Phosphorylation"
"CHD3","Q12873","712","S","Phosphorylation"
"CHD3","Q12873","713","S","Phosphorylation"
"CHD3","Q12873","713","S","Phosphorylation"
"CHD3","Q12873","715","T","Phosphorylation"
"CHD3","Q12873","73","S","Phosphorylation"
"CHD3","Q12873","79","S","Phosphorylation"
"CHD3","Q12873","84","Y","Phosphorylation"
"CHD3","Q12873","860","T","Phosphorylation"
"CHD3","Q12873","861","S","Phosphorylation"
"CHD3","Q12873","866","T","Phosphorylation"
"CHD3","Q12873","874","S","Phosphorylation"
"CHD4","Q14839","1016","K","Ubiquitylation"
"CHD4","Q14839","103","S","Phosphorylation"
"CHD4","Q14839","103","S","Phosphorylation"
"CHD4","Q14839","105","S","Phosphorylation"
"CHD4","Q14839","1057","K","Ubiquitylation"
"CHD4","Q14839","108","S","Phosphorylation"
"CHD4","Q14839","1091","Y","Phosphorylation"
"CHD4","Q14839","1092","K","Ubiquitylation"
"CHD4","Q14839","110","Y","Phosphorylation"
"CHD4","Q14839","1233","D","Caspase"
"CHD4","Q14839","1252","K","Ubiquitylation"
"CHD4","Q14839","1276","Y","Phosphorylation"
"CHD4","Q14839","1304","K","Ubiquitylation"
"CHD4","Q14839","1308","S","Phosphorylation"
"CHD4","Q14839","1349","S","Phosphorylation"
"CHD4","Q14839","1349","S","Phosphorylation"
"CHD4","Q14839","1360","S","Phosphorylation"
"CHD4","Q14839","1364","S","Phosphorylation"
"CHD4","Q14839","1370","S","Phosphorylation"
"CHD4","Q14839","1370","S","Phosphorylation"
"CHD4","Q14839","1500","S","Phosphorylation"
"CHD4","Q14839","1531","S","Phosphorylation"
"CHD4","Q14839","1531","S","Phosphorylation"
"CHD4","Q14839","1535","S","Phosphorylation"
"CHD4","Q14839","1535","S","Phosphorylation"
"CHD4","Q14839","1537","S","Phosphorylation"
"CHD4","Q14839","1537","S","Phosphorylation"
"CHD4","Q14839","1540","T","Phosphorylation"
"CHD4","Q14839","1542","T","Phosphorylation"
"CHD4","Q14839","1542","T","Phosphorylation"
"CHD4","Q14839","1544","S","Phosphorylation"
"CHD4","Q14839","1549","T","Phosphorylation"
"CHD4","Q14839","1553","T","Phosphorylation"
"CHD4","Q14839","1553","T","Phosphorylation"
"CHD4","Q14839","1570","S","Phosphorylation"
"CHD4","Q14839","1570","S","Phosphorylation"
"CHD4","Q14839","1572","K","Ubiquitylation"
"CHD4","Q14839","1576","S","Phosphorylation"
"CHD4","Q14839","1576","S","Phosphorylation"
"CHD4","Q14839","1584","K","Ubiquitylation"
"CHD4","Q14839","1602","S","Phosphorylation"
"CHD4","Q14839","1602","S","Phosphorylation"
"CHD4","Q14839","1643","K","Acetylation"
"CHD4","Q14839","1643","K","Acetylation"
"CHD4","Q14839","1647","K","Ubiquitylation"
"CHD4","Q14839","1653","T","Phosphorylation"
"CHD4","Q14839","1679","T","Phosphorylation"
"CHD4","Q14839","1839","S","Phosphorylation"
"CHD4","Q14839","1852","K","Ubiquitylation"
"CHD4","Q14839","1855","K","Ubiquitylation"
"CHD4","Q14839","1865","K","Ubiquitylation"
"CHD4","Q14839","277","S","Phosphorylation"
"CHD4","Q14839","303","S","Phosphorylation"
"CHD4","Q14839","308","S","Phosphorylation"
"CHD4","Q14839","309","S","Phosphorylation"
"CHD4","Q14839","310","S","Phosphorylation"
"CHD4","Q14839","319","S","Phosphorylation"
"CHD4","Q14839","325","S","Phosphorylation"
"CHD4","Q14839","328","S","Phosphorylation"
"CHD4","Q14839","329","Y","Phosphorylation"
"CHD4","Q14839","330","S","Phosphorylation"
"CHD4","Q14839","332","S","Phosphorylation"
"CHD4","Q14839","335","S","Phosphorylation"
"CHD4","Q14839","336","T","Phosphorylation"
"CHD4","Q14839","337","S","Phosphorylation"
"CHD4","Q14839","428","S","Phosphorylation"
"CHD4","Q14839","428","S","Phosphorylation"
"CHD4","Q14839","44","S","Phosphorylation"
"CHD4","Q14839","46","T","Phosphorylation"
"CHD4","Q14839","504","K","Ubiquitylation"
"CHD4","Q14839","515","S","Phosphorylation"
"CHD4","Q14839","515","S","Phosphorylation"
"CHD4","Q14839","517","T","Phosphorylation"
"CHD4","Q14839","517","T","Phosphorylation"
"CHD4","Q14839","529","T","Phosphorylation"
"CHD4","Q14839","529","T","Phosphorylation"
"CHD4","Q14839","531","S","Phosphorylation"
"CHD4","Q14839","531","S","Phosphorylation"
"CHD4","Q14839","585","S","Phosphorylation"
"CHD4","Q14839","85","S","Phosphorylation"
"CHD4","Q14839","86","S","Phosphorylation"
"CHD4","Q14839","884","K","Acetylation"
"CHD4","Q14839","984","K","Acetylation"
"CHD4","Q14839","987","K","Acetylation"
"CHD4","Q14839","987","K","Acetylation"
"CHRAC1","Q9NRG0","102","K","Acetylation"
"CHRAC1","Q9NRG0","102","K","Acetylation"
"CHRAC1","Q9NRG0","124","S","Phosphorylation"
"CHRAC1","Q9NRG0","124","S","Phosphorylation"
"CHRAC1","Q9NRG0","2","A","Acetylation"
"DNMT3A","Q9Y6K1","105","S","Phosphorylation"
"DNMT3A","Q9Y6K1","105","S","Phosphorylation"
"DNMT3A","Q9Y6K1","200","K","Ubiquitylation"
"DNMT3A","Q9Y6K1","236","S","Phosphorylation"
"DNMT3A","Q9Y6K1","243","S","Phosphorylation"
"DNMT3A","Q9Y6K1","255","S","Phosphorylation"
"DNMT3A","Q9Y6K1","261","T","Phosphorylation"
"DNMT3A","Q9Y6K1","267","S","Phosphorylation"
"DNMT3A","Q9Y6K1","367","K","Ubiquitylation"
"DNMT3A","Q9Y6K1","75","S","Phosphorylation"
"DNMT3B","Q9UBC3","100","S","Phosphorylation"
"DNMT3B","Q9UBC3","110","S","Phosphorylation"
"DNMT3B","Q9UBC3","112","S","Phosphorylation"
"DNMT3B","Q9UBC3","113","S","Phosphorylation"
"DNMT3B","Q9UBC3","136","S","Phosphorylation"
"DNMT3B","Q9UBC3","195","S","Phosphorylation"
"DNMT3B","Q9UBC3","202","S","Phosphorylation"
"DNMT3B","Q9UBC3","209","S","Phosphorylation"
"DNMT3B","Q9UBC3","214","S","Phosphorylation"
"DNMT3B","Q9UBC3","353","T","Phosphorylation"
"DNMT3B","Q9UBC3","367","S","Phosphorylation"
"DNMT3B","Q9UBC3","383","T","Phosphorylation"
"DNMT3B","Q9UBC3","387","S","Phosphorylation"
"DNMT3B","Q9UBC3","53","S","Phosphorylation"
"DNMT3B","Q9UBC3","562","K","Ubiquitylation"
"DNMT3B","Q9UBC3","623","K","Ubiquitylation"
"DNMT3B","Q9UBC3","777","K","Ubiquitylation"
"DNMT3B","Q9UBC3","815","Y","Phosphorylation"
"DNMT3B","Q9UBC3","816","T","Phosphorylation"
"DNMT3B","Q9UBC3","819","S","Phosphorylation"
"DNMT3B","Q9UBC3","82","S","Phosphorylation"
"DNMT3B","Q9UBC3","96","T","Phosphorylation"
"DNMT1","P26358","1054","K","Acetylation"
"DNMT1","P26358","1054","K","Acetylation"
"DNMT1","P26358","1092","K","Ubiquitylation"
"DNMT1","P26358","1105","S","Phosphorylation"
"DNMT1","P26358","1105","S","Phosphorylation"
"DNMT1","P26358","1111","K","Acetylation"
"DNMT1","P26358","1111","K","Acetylation"
"DNMT1","P26358","1113","K","Acetylation"
"DNMT1","P26358","1113","K","Acetylation"
"DNMT1","P26358","1115","K","Acetylation"
"DNMT1","P26358","1115","K","Acetylation"
"DNMT1","P26358","1117","K","Acetylation"
"DNMT1","P26358","1117","K","Acetylation"
"DNMT1","P26358","1135","K","Sumoylation"
"DNMT1","P26358","1204","T","Phosphorylation"
"DNMT1","P26358","127","S","Phosphorylation"
"DNMT1","P26358","127","S","Phosphorylation"
"DNMT1","P26358","1323","K","Ubiquitylation"
"DNMT1","P26358","133","S","Phosphorylation"
"DNMT1","P26358","134","K","Ubiquitylation"
"DNMT1","P26358","1349","K","Acetylation"
"DNMT1","P26358","1349","K","Acetylation"
"DNMT1","P26358","137","T","Phosphorylation"
"DNMT1","P26358","137","T","Phosphorylation"
"DNMT1","P26358","141","S","Phosphorylation"
"DNMT1","P26358","1415","K","Acetylation"
"DNMT1","P26358","1415","K","Acetylation"
"DNMT1","P26358","142","K","Methylation"
"DNMT1","P26358","142","K","Methylation"
"DNMT1","P26358","143","S","Phosphorylation"
"DNMT1","P26358","143","S","Phosphorylation"
"DNMT1","P26358","148","K","Sumoylation"
"DNMT1","P26358","152","S","Phosphorylation"
"DNMT1","P26358","152","S","Phosphorylation"
"DNMT1","P26358","1535","K","Ubiquitylation"
"DNMT1","P26358","154","S","Phosphorylation"
"DNMT1","P26358","154","S","Phosphorylation"
"DNMT1","P26358","1572","K","Ubiquitylation"
"DNMT1","P26358","1586","K","Ubiquitylation"
"DNMT1","P26358","160","K","Acetylation"
"DNMT1","P26358","160","K","Acetylation"
"DNMT1","P26358","1609","K","Sumoylation"
"DNMT1","P26358","173","K","Acetylation"
"DNMT1","P26358","173","K","Acetylation"
"DNMT1","P26358","188","K","Acetylation"
"DNMT1","P26358","188","K","Acetylation"
"DNMT1","P26358","189","S","Phosphorylation"
"DNMT1","P26358","194","K","Sumoylation"
"DNMT1","P26358","208","T","Phosphorylation"
"DNMT1","P26358","209","S","Phosphorylation"
"DNMT1","P26358","259","K","Acetylation"
"DNMT1","P26358","259","K","Acetylation"
"DNMT1","P26358","312","S","Phosphorylation"
"DNMT1","P26358","346","S","Phosphorylation"
"DNMT1","P26358","359","Y","Phosphorylation"
"DNMT1","P26358","366","K","Acetylation"
"DNMT1","P26358","366","K","Acetylation"
"DNMT1","P26358","385","K","Ubiquitylation"
"DNMT1","P26358","394","S","Phosphorylation"
"DNMT1","P26358","394","S","Phosphorylation"
"DNMT1","P26358","398","S","Phosphorylation"
"DNMT1","P26358","399","Y","Phosphorylation"
"DNMT1","P26358","586","K","Ubiquitylation"
"DNMT1","P26358","591","T","Phosphorylation"
"DNMT1","P26358","675","K","Sumoylation"
"DNMT1","P26358","70","K","Methylation"
"DNMT1","P26358","70","K","Methylation"
"DNMT1","P26358","714","S","Phosphorylation"
"DNMT1","P26358","714","S","Phosphorylation"
"DNMT1","P26358","732","S","Phosphorylation"
"DNMT1","P26358","732","S","Phosphorylation"
"DNMT1","P26358","739","K","Sumoylation"
"DNMT1","P26358","749","K","Acetylation"
"DNMT1","P26358","749","K","Acetylation"
"DNMT1","P26358","88","K","Ubiquitylation"
"DNMT1","P26358","891","K","Acetylation"
"DNMT1","P26358","891","K","Acetylation"
"DNMT1","P26358","928","K","Ubiquitylation"
"DNMT1","P26358","954","S","Phosphorylation"
"DNMT1","P26358","954","S","Phosphorylation"
"DNMT1","P26358","957","K","Sumoylation"
"DNMT1","P26358","957","K","Acetylation"
"DNMT1","P26358","957","K","Acetylation"
"DNMT1","P26358","961","K","Ubiquitylation"
"DNMT1","P26358","961","K","Acetylation"
"DNMT1","P26358","961","K","Acetylation"
"DNMT1","P26358","969","Y","Phosphorylation"
"DNMT1","P26358","969","Y","Phosphorylation"
"DNMT1","P26358","975","K","Acetylation"
"DNMT1","P26358","975","K","Acetylation"
"DNMT1","P26358","981","K","Ubiquitylation"
"DNMT1","P26358","997","K","Ubiquitylation"
"DOT1L","Q8TEK3","1001","S","Phosphorylation"
"DOT1L","Q8TEK3","1001","S","Phosphorylation"
"DOT1L","Q8TEK3","1007","S","Phosphorylation"
"DOT1L","Q8TEK3","1008","S","Phosphorylation"
"DOT1L","Q8TEK3","1009","S","Phosphorylation"
"DOT1L","Q8TEK3","1009","S","Phosphorylation"
"DOT1L","Q8TEK3","1035","S","Phosphorylation"
"DOT1L","Q8TEK3","1059","S","Phosphorylation"
"DOT1L","Q8TEK3","1100","S","Phosphorylation"
"DOT1L","Q8TEK3","1104","S","Phosphorylation"
"DOT1L","Q8TEK3","1104","S","Phosphorylation"
"DOT1L","Q8TEK3","1213","S","Phosphorylation"
"DOT1L","Q8TEK3","1246","S","Phosphorylation"
"DOT1L","Q8TEK3","1246","S","Phosphorylation"
"DOT1L","Q8TEK3","1259","S","Phosphorylation"
"DOT1L","Q8TEK3","1348","S","Phosphorylation"
"DOT1L","Q8TEK3","1349","S","Phosphorylation"
"DOT1L","Q8TEK3","1349","S","Phosphorylation"
"DOT1L","Q8TEK3","1355","S","Phosphorylation"
"DOT1L","Q8TEK3","285","S","Phosphorylation"
"DOT1L","Q8TEK3","289","T","Phosphorylation"
"DOT1L","Q8TEK3","297","S","Phosphorylation"
"DOT1L","Q8TEK3","297","S","Phosphorylation"
"DOT1L","Q8TEK3","302","S","Phosphorylation"
"DOT1L","Q8TEK3","304","S","Phosphorylation"
"DOT1L","Q8TEK3","306","T","Phosphorylation"
"DOT1L","Q8TEK3","374","S","Phosphorylation"
"DOT1L","Q8TEK3","374","S","Phosphorylation"
"DOT1L","Q8TEK3","448","S","Phosphorylation"
"DOT1L","Q8TEK3","471","S","Phosphorylation"
"DOT1L","Q8TEK3","471","S","Phosphorylation"
"DOT1L","Q8TEK3","480","T","Phosphorylation"
"DOT1L","Q8TEK3","480","T","Phosphorylation"
"DOT1L","Q8TEK3","572","S","Phosphorylation"
"DOT1L","Q8TEK3","596","S","Phosphorylation"
"DOT1L","Q8TEK3","596","S","Phosphorylation"
"DOT1L","Q8TEK3","735","T","Phosphorylation"
"DOT1L","Q8TEK3","738","Y","Phosphorylation"
"DOT1L","Q8TEK3","741","S","Phosphorylation"
"DOT1L","Q8TEK3","751","T","Phosphorylation"
"DOT1L","Q8TEK3","753","S","Phosphorylation"
"DOT1L","Q8TEK3","771","Y","Phosphorylation"
"DOT1L","Q8TEK3","775","S","Phosphorylation"
"DOT1L","Q8TEK3","775","S","Phosphorylation"
"DOT1L","Q8TEK3","78","Y","Phosphorylation"
"DOT1L","Q8TEK3","786","S","Phosphorylation"
"DOT1L","Q8TEK3","822","S","Phosphorylation"
"DOT1L","Q8TEK3","822","S","Phosphorylation"
"DOT1L","Q8TEK3","826","S","Phosphorylation"
"DOT1L","Q8TEK3","826","S","Phosphorylation"
"DOT1L","Q8TEK3","834","S","Phosphorylation"
"DOT1L","Q8TEK3","834","S","Phosphorylation"
"DOT1L","Q8TEK3","84","S","Phosphorylation"
"DOT1L","Q8TEK3","899","S","Phosphorylation"
"DOT1L","Q8TEK3","899","S","Phosphorylation"
"DOT1L","Q8TEK3","900","T","Phosphorylation"
"DOT1L","Q8TEK3","900","T","Phosphorylation"
"DOT1L","Q8TEK3","902","S","Phosphorylation"
"DOT1L","Q8TEK3","902","S","Phosphorylation"
"DOT1L","Q8TEK3","984","T","Phosphorylation"
"DOT1L","Q8TEK3","997","S","Phosphorylation"
"EHMT1","Q9H9B1","1048","S","Phosphorylation"
"EHMT1","Q9H9B1","209","K","Ubiquitylation"
"EHMT1","Q9H9B1","239","K","Ubiquitylation"
"EHMT1","Q9H9B1","322","S","Phosphorylation"
"EHMT1","Q9H9B1","335","S","Phosphorylation"
"EHMT1","Q9H9B1","336","S","Phosphorylation"
"EHMT1","Q9H9B1","343","S","Phosphorylation"
"EHMT1","Q9H9B1","348","S","Phosphorylation"
"EHMT1","Q9H9B1","353","S","Phosphorylation"
"EHMT1","Q9H9B1","395","S","Phosphorylation"
"EHMT1","Q9H9B1","433","T","Phosphorylation"
"EHMT1","Q9H9B1","435","S","Phosphorylation"
"EHMT1","Q9H9B1","448","S","Phosphorylation"
"EHMT1","Q9H9B1","460","S","Phosphorylation"
"EHMT1","Q9H9B1","497","S","Phosphorylation"
"EHMT1","Q9H9B1","497","S","Phosphorylation"
"EHMT1","Q9H9B1","740","K","Ubiquitylation"
"EHMT1","Q9H9B1","827","K","Ubiquitylation"
"EHMT1","Q9H9B1","890","K","Ubiquitylation"
"EHMT1","Q9H9B1","895","K","Ubiquitylation"
"EHMT1","Q9H9B1","968","K","Ubiquitylation"
"EHMT2","Q96KQ7","1210","T","Phosphorylation"
"EHMT2","Q96KQ7","1210","T","Phosphorylation"
"EHMT2","Q96KQ7","135","T","Phosphorylation"
"EHMT2","Q96KQ7","140","S","Phosphorylation"
"EHMT2","Q96KQ7","140","S","Phosphorylation"
"EHMT2","Q96KQ7","146","S","Phosphorylation"
"EHMT2","Q96KQ7","171","T","Phosphorylation"
"EHMT2","Q96KQ7","172","T","Phosphorylation"
"EHMT2","Q96KQ7","173","S","Phosphorylation"
"EHMT2","Q96KQ7","173","S","Phosphorylation"
"EHMT2","Q96KQ7","185","K","Methylation"
"EHMT2","Q96KQ7","185","K","Methylation"
"EHMT2","Q96KQ7","2","A","Acetylation"
"EHMT2","Q96KQ7","211","S","Phosphorylation"
"EHMT2","Q96KQ7","232","S","Phosphorylation"
"EHMT2","Q96KQ7","232","S","Phosphorylation"
"EHMT2","Q96KQ7","246","S","Phosphorylation"
"EHMT2","Q96KQ7","246","S","Phosphorylation"
"EHMT2","Q96KQ7","336","S","Phosphorylation"
"EHMT2","Q96KQ7","350","S","Phosphorylation"
"EHMT2","Q96KQ7","379","S","Phosphorylation"
"EHMT2","Q96KQ7","40","S","Phosphorylation"
"EHMT2","Q96KQ7","401","S","Phosphorylation"
"EHMT2","Q96KQ7","413","S","Phosphorylation"
"EHMT2","Q96KQ7","44","T","Phosphorylation"
"EHMT2","Q96KQ7","555","T","Phosphorylation"
"EHMT2","Q96KQ7","569","S","Phosphorylation"
"EHMT2","Q96KQ7","569","S","Phosphorylation"
"EHMT2","Q96KQ7","69","S","Phosphorylation"
"EP300","Q09472","1001","K","Acetylation"
"EP300","Q09472","1020","K","Deacetylation"
"EP300","Q09472","1020","K","Sumoylation"
"EP300","Q09472","1020","K","Sumoylation"
"EP300","Q09472","1020","K","Acetylation"
"EP300","Q09472","1020","K","Acetylation"
"EP300","Q09472","1024","K","Deacetylation"
"EP300","Q09472","1024","K","Sumoylation"
"EP300","Q09472","1024","K","Sumoylation"
"EP300","Q09472","1024","K","Acetylation"
"EP300","Q09472","1024","K","Acetylation"
"EP300","Q09472","1037","S","Phosphorylation"
"EP300","Q09472","1038","S","Phosphorylation"
"EP300","Q09472","1038","S","Phosphorylation"
"EP300","Q09472","1045","K","Acetylation"
"EP300","Q09472","1046","K","Acetylation"
"EP300","Q09472","1047","K","Acetylation"
"EP300","Q09472","106","S","Phosphorylation"
"EP300","Q09472","1094","K","Acetylation"
"EP300","Q09472","1103","K","Acetylation"
"EP300","Q09472","1103","K","Acetylation"
"EP300","Q09472","1105","K","Acetylation"
"EP300","Q09472","1144","K","Acetylation"
"EP300","Q09472","1167","K","Acetylation"
"EP300","Q09472","1180","K","Acetylation"
"EP300","Q09472","12","S","Phosphorylation"
"EP300","Q09472","1203","K","Acetylation"
"EP300","Q09472","1228","K","Acetylation"
"EP300","Q09472","1295","S","Phosphorylation"
"EP300","Q09472","1296","T","Phosphorylation"
"EP300","Q09472","1331","K","Acetylation"
"EP300","Q09472","1336","K","Acetylation"
"EP300","Q09472","1336","K","Acetylation"
"EP300","Q09472","1340","K","Acetylation"
"EP300","Q09472","1414","Y","Phosphorylation"
"EP300","Q09472","1421","Y","Phosphorylation"
"EP300","Q09472","1424","Y","Phosphorylation"
"EP300","Q09472","1427","K","Acetylation"
"EP300","Q09472","1473","K","Acetylation"
"EP300","Q09472","1473","K","Acetylation"
"EP300","Q09472","1499","K","Acetylation"
"EP300","Q09472","1499","K","Acetylation"
"EP300","Q09472","1518","K","Acetylation"
"EP300","Q09472","1528","K","Acetylation"
"EP300","Q09472","1542","K","Acetylation"
"EP300","Q09472","1542","K","Acetylation"
"EP300","Q09472","1546","K","Acetylation"
"EP300","Q09472","1546","K","Acetylation"
"EP300","Q09472","1549","K","Acetylation"
"EP300","Q09472","1549","K","Acetylation"
"EP300","Q09472","1550","K","Acetylation"
"EP300","Q09472","1550","K","Acetylation"
"EP300","Q09472","1551","K","Acetylation"
"EP300","Q09472","1551","K","Acetylation"
"EP300","Q09472","1554","K","Acetylation"
"EP300","Q09472","1554","K","Acetylation"
"EP300","Q09472","1555","K","Acetylation"
"EP300","Q09472","1555","K","Acetylation"
"EP300","Q09472","1558","K","Acetylation"
"EP300","Q09472","1558","K","Acetylation"
"EP300","Q09472","1560","K","Acetylation"
"EP300","Q09472","1560","K","Acetylation"
"EP300","Q09472","1568","K","Acetylation"
"EP300","Q09472","1568","K","Acetylation"
"EP300","Q09472","1569","K","Acetylation"
"EP300","Q09472","1569","K","Acetylation"
"EP300","Q09472","1570","K","Acetylation"
"EP300","Q09472","1583","K","Acetylation"
"EP300","Q09472","1583","K","Acetylation"
"EP300","Q09472","1590","K","Acetylation"
"EP300","Q09472","1590","K","Acetylation"
"EP300","Q09472","1637","K","Ubiquitylation"
"EP300","Q09472","1637","K","Acetylation"
"EP300","Q09472","1637","K","Acetylation"
"EP300","Q09472","1674","K","Acetylation"
"EP300","Q09472","1674","K","Acetylation"
"EP300","Q09472","1699","K","Acetylation"
"EP300","Q09472","1704","K","Acetylation"
"EP300","Q09472","1707","K","Acetylation"
"EP300","Q09472","1734","S","Phosphorylation"
"EP300","Q09472","1760","K","Acetylation"
"EP300","Q09472","1762","K","Acetylation"
"EP300","Q09472","1769","K","Acetylation"
"EP300","Q09472","1772","K","Acetylation"
"EP300","Q09472","1774","K","Acetylation"
"EP300","Q09472","1783","K","Acetylation"
"EP300","Q09472","1794","K","Acetylation"
"EP300","Q09472","1800","K","Acetylation"
"EP300","Q09472","1810","K","Acetylation"
"EP300","Q09472","1812","K","Acetylation"
"EP300","Q09472","1834","S","Phosphorylation"
"EP300","Q09472","1834","S","Phosphorylation (AKT1)"
"EP300","Q09472","1834","S","Phosphorylation"
"EP300","Q09472","1857","T","Phosphorylation"
"EP300","Q09472","1857","T","Phosphorylation"
"EP300","Q09472","1859","T","Phosphorylation"
"EP300","Q09472","1859","T","Phosphorylation"
"EP300","Q09472","1960","T","Phosphorylation"
"EP300","Q09472","2","A","Acetylation"
"EP300","Q09472","2086","K","Acetylation"
"EP300","Q09472","2091","K","Acetylation"
"EP300","Q09472","2142","R","Methylation"
"EP300","Q09472","2142","R","Methylation"
"EP300","Q09472","2142","R","Citrullination"
"EP300","Q09472","2279","S","Phosphorylation"
"EP300","Q09472","2309","S","Phosphorylation"
"EP300","Q09472","2315","S","Phosphorylation"
"EP300","Q09472","2328","S","Phosphorylation"
"EP300","Q09472","2366","S","Phosphorylation"
"EP300","Q09472","24","S","Phosphorylation"
"EP300","Q09472","285","S","Phosphorylation"
"EP300","Q09472","285","S","Phosphorylation"
"EP300","Q09472","291","K","Acetylation"
"EP300","Q09472","292","K","Acetylation"
"EP300","Q09472","317","T","Phosphorylation"
"EP300","Q09472","336","K","Acetylation"
"EP300","Q09472","350","K","Acetylation"
"EP300","Q09472","373","K","Acetylation"
"EP300","Q09472","386","K","Acetylation"
"EP300","Q09472","404","K","Acetylation"
"EP300","Q09472","418","K","Acetylation"
"EP300","Q09472","423","K","Acetylation"
"EP300","Q09472","489","K","Acetylation"
"EP300","Q09472","569","K","Acetylation"
"EP300","Q09472","580","R","Methylation"
"EP300","Q09472","580","R","Methylation"
"EP300","Q09472","601","K","Acetylation"
"EP300","Q09472","604","R","Methylation"
"EP300","Q09472","604","R","Methylation"
"EP300","Q09472","611","Y","Phosphorylation"
"EP300","Q09472","614","K","Acetylation"
"EP300","Q09472","620","Y","Phosphorylation"
"EP300","Q09472","629","Y","Phosphorylation"
"EP300","Q09472","630","Y","Phosphorylation"
"EP300","Q09472","636","K","Acetylation"
"EP300","Q09472","636","K","Acetylation"
"EP300","Q09472","638","Y","Phosphorylation"
"EP300","Q09472","77","K","Acetylation"
"EP300","Q09472","79","K","Acetylation"
"EP300","Q09472","831","S","Phosphorylation"
"EP300","Q09472","833","S","Phosphorylation"
"EP300","Q09472","839","T","Phosphorylation"
"EP300","Q09472","841","T","Phosphorylation"
"EP300","Q09472","845","T","Phosphorylation"
"EP300","Q09472","885","T","Phosphorylation"
"EP300","Q09472","885","T","Phosphorylation"
"EP300","Q09472","887","T","Phosphorylation"
"EP300","Q09472","887","T","Phosphorylation"
"EP300","Q09472","89","S","Phosphorylation"
"EP300","Q09472","89","S","Phosphorylation (PRKCD)"
"EP300","Q09472","89","S","Phosphorylation"
"EP300","Q09472","89","S","Phosphorylation"
"EP300","Q09472","938","T","Phosphorylation"
"EP300","Q09472","970","K","Acetylation"
"EP300","Q09472","977","K","Acetylation"
"EP300","Q09472","977","K","Acetylation"
"EP300","Q09472","981","K","Acetylation"
"EP300","Q09472","981","K","Acetylation"
"EZH2","Q15910","21","S","Phosphorylation"
"EZH2","Q15910","21","S","Phosphorylation (AKT1)"
"EZH2","Q15910","21","S","Phosphorylation"
"EZH2","Q15910","339","T","Phosphorylation"
"EZH2","Q15910","339","T","Phosphorylation"
"EZH2","Q15910","345","T","Phosphorylation"
"EZH2","Q15910","345","T","Phosphorylation"
"EZH2","Q15910","362","S","Phosphorylation"
"EZH2","Q15910","363","S","Phosphorylation"
"EZH2","Q15910","363","S","Phosphorylation"
"EZH2","Q15910","366","S","Phosphorylation"
"EZH2","Q15910","366","S","Phosphorylation"
"EZH2","Q15910","367","T","Phosphorylation"
"EZH2","Q15910","367","T","Phosphorylation"
"EZH2","Q15910","380","S","Phosphorylation"
"EZH2","Q15910","380","S","Phosphorylation"
"EZH2","Q15910","416","T","Phosphorylation"
"EZH2","Q15910","487","T","Phosphorylation"
"EZH2","Q15910","487","T","Phosphorylation"
"EZH2","Q15910","61","K","Ubiquitylation"
"EZH2","Q15910","690","S","Phosphorylation"
"HR","O43593","416","S","Phosphorylation"
"HR","O43593","425","S","Phosphorylation"
"HR","O43593","6","S","Phosphorylation"
"HAT1","O14929","15","K","Ubiquitylation"
"HAT1","O14929","2","A","Acetylation"
"HAT1","O14929","26","K","Ubiquitylation"
"HAT1","O14929","280","K","Ubiquitylation"
"HAT1","O14929","304","K","Ubiquitylation"
"HAT1","O14929","320","K","Ubiquitylation"
"HAT1","O14929","350","S","Phosphorylation"
"HAT1","O14929","351","Y","Phosphorylation"
"HAT1","O14929","361","S","Phosphorylation"
"HAT1","O14929","361","S","Phosphorylation"
"HAT1","O14929","9","K","Ubiquitylation"
"HSPBAP1","Q96EW2","147","K","Ubiquitylation"
"HSPBAP1","Q96EW2","219","K","Ubiquitylation"
"HSPBAP1","Q96EW2","228","K","Ubiquitylation"
"HDAC11","Q96DB2","199","Y","Phosphorylation"
"HDAC11","Q96DB2","280","K","Ubiquitylation"
"HDAC1","Q13547","10","K","Ubiquitylation"
"HDAC1","Q13547","126","K","Ubiquitylation"
"HDAC1","Q13547","218","K","Acetylation"
"HDAC1","Q13547","220","K","Acetylation"
"HDAC1","Q13547","220","K","Acetylation"
"HDAC1","Q13547","221","Y","Phosphorylation"
"HDAC1","Q13547","221","Y","Phosphorylation"
"HDAC1","Q13547","222","Y","Phosphorylation"
"HDAC1","Q13547","226","Y","Phosphorylation"
"HDAC1","Q13547","237","Y","Phosphorylation"
"HDAC1","Q13547","242","K","Ubiquitylation"
"HDAC1","Q13547","361","K","Ubiquitylation"
"HDAC1","Q13547","361","K","Acetylation"
"HDAC1","Q13547","393","S","Phosphorylation"
"HDAC1","Q13547","393","S","Phosphorylation"
"HDAC1","Q13547","406","S","Phosphorylation"
"HDAC1","Q13547","406","S","Phosphorylation"
"HDAC1","Q13547","409","S","Phosphorylation"
"HDAC1","Q13547","410","S","Phosphorylation"
"HDAC1","Q13547","421","S","Phosphorylation"
"HDAC1","Q13547","421","S","Phosphorylation (CSNK2A1)"
"HDAC1","Q13547","421","S","Phosphorylation (CSNK2A2)"
"HDAC1","Q13547","421","S","Phosphorylation"
"HDAC1","Q13547","421","S","Phosphorylation"
"HDAC1","Q13547","423","S","Phosphorylation"
"HDAC1","Q13547","423","S","Phosphorylation (CSNK2A1)"
"HDAC1","Q13547","423","S","Phosphorylation (CSNK2A2)"
"HDAC1","Q13547","423","S","Phosphorylation"
"HDAC1","Q13547","423","S","Phosphorylation"
"HDAC1","Q13547","432","K","Acetylation"
"HDAC1","Q13547","432","K","Methylation"
"HDAC1","Q13547","432","K","Methylation"
"HDAC1","Q13547","438","K","Acetylation"
"HDAC1","Q13547","439","K","Acetylation"
"HDAC1","Q13547","441","K","Acetylation"
"HDAC1","Q13547","444","K","Sumoylation"
"HDAC1","Q13547","444","K","Sumoylation"
"HDAC1","Q13547","476","K","Sumoylation"
"HDAC1","Q13547","476","K","Sumoylation"
"HDAC1","Q13547","66","K","Ubiquitylation"
"HDAC1","Q13547","74","K","Ubiquitylation"
"HDAC1","Q13547","74","K","Acetylation"
"HDAC1","Q13547","74","K","Acetylation"
"HDAC1","Q13547","89","K","Ubiquitylation"
"HDAC1","Q13547","89","K","Acetylation"
"HDAC2","Q92769","11","K","Ubiquitylation"
"HDAC2","Q92769","243","K","Ubiquitylation"
"HDAC2","Q92769","262","C","S-nitrosylation"
"HDAC2","Q92769","274","C","S-nitrosylation"
"HDAC2","Q92769","304","Y","Phosphorylation"
"HDAC2","Q92769","362","K","Ubiquitylation"
"HDAC2","Q92769","394","S","Phosphorylation"
"HDAC2","Q92769","394","S","Phosphorylation"
"HDAC2","Q92769","394","S","Phosphorylation"
"HDAC2","Q92769","407","S","Phosphorylation"
"HDAC2","Q92769","407","S","Phosphorylation"
"HDAC2","Q92769","411","S","Phosphorylation"
"HDAC2","Q92769","422","S","Phosphorylation"
"HDAC2","Q92769","422","S","Phosphorylation"
"HDAC2","Q92769","422","S","Phosphorylation"
"HDAC2","Q92769","424","S","Phosphorylation"
"HDAC2","Q92769","424","S","Phosphorylation"
"HDAC2","Q92769","424","S","Phosphorylation"
"HDAC2","Q92769","67","K","Ubiquitylation"
"HDAC2","Q92769","75","K","Ubiquitylation"
"HDAC2","Q92769","75","K","Acetylation"
"HDAC2","Q92769","75","K","Acetylation"
"HDAC2","Q92769","90","K","Ubiquitylation"
"HDAC2","Q92769","90","K","Acetylation"
"HDAC3","O15379","404","Y","Phosphorylation"
"HDAC3","O15379","405","S","Phosphorylation"
"HDAC3","O15379","424","S","Phosphorylation"
"HDAC3","O15379","424","S","Phosphorylation (CSNK2A1)"
"HDAC3","O15379","424","S","Phosphorylation"
"HDAC3","O15379","44","K","Ubiquitylation"
"HDAC3","O15379","44","K","Ubiquitylation"
"HDAC4","P56524","210","S","Phosphorylation"
"HDAC4","P56524","236","K","Acetylation"
"HDAC4","P56524","246","S","Phosphorylation"
"HDAC4","P56524","246","S","Phosphorylation"
"HDAC4","P56524","265","S","Phosphorylation"
"HDAC4","P56524","266","S","Phosphorylation"
"HDAC4","P56524","278","T","Phosphorylation"
"HDAC4","P56524","298","S","Phosphorylation"
"HDAC4","P56524","302","S","Phosphorylation"
"HDAC4","P56524","339","S","Phosphorylation"
"HDAC4","P56524","350","S","Phosphorylation"
"HDAC4","P56524","350","S","Phosphorylation"
"HDAC4","P56524","467","S","Phosphorylation"
"HDAC4","P56524","467","S","Phosphorylation (CAMK4)"
"HDAC4","P56524","467","S","Phosphorylation"
"HDAC4","P56524","467","S","Phosphorylation"
"HDAC4","P56524","559","K","Sumoylation"
"HDAC4","P56524","559","K","Sumoylation"
"HDAC4","P56524","565","S","Phosphorylation"
"HDAC4","P56524","565","S","Phosphorylation"
"HDAC4","P56524","632","S","Phosphorylation"
"HDAC4","P56524","632","S","Phosphorylation (CAMK4)"
"HDAC4","P56524","632","S","Phosphorylation"
"HDAC4","P56524","632","S","Phosphorylation"
"HDAC4","P56524","633","S","Phosphorylation"
"HDAC4","P56524","633","S","Phosphorylation"
"HDAC4","P56524","636","S","Phosphorylation"
"HDAC4","P56524","638","T","Phosphorylation"
"HDAC5","Q9UQL6","1108","S","Phosphorylation"
"HDAC5","Q9UQL6","206","S","Phosphorylation"
"HDAC5","Q9UQL6","234","T","Phosphorylation"
"HDAC5","Q9UQL6","259","S","Phosphorylation"
"HDAC5","Q9UQL6","259","S","Phosphorylation (CAMK1)"
"HDAC5","Q9UQL6","259","S","Phosphorylation (PRKD1)"
"HDAC5","Q9UQL6","259","S","Phosphorylation"
"HDAC5","Q9UQL6","259","S","Phosphorylation"
"HDAC5","Q9UQL6","278","S","Phosphorylation"
"HDAC5","Q9UQL6","279","S","Phosphorylation"
"HDAC5","Q9UQL6","292","T","Phosphorylation"
"HDAC5","Q9UQL6","292","T","Phosphorylation"
"HDAC5","Q9UQL6","3","S","Phosphorylation"
"HDAC5","Q9UQL6","368","S","Phosphorylation"
"HDAC5","Q9UQL6","498","S","Phosphorylation"
"HDAC5","Q9UQL6","498","S","Phosphorylation (CAMK1)"
"HDAC5","Q9UQL6","498","S","Phosphorylation (PRKD1)"
"HDAC5","Q9UQL6","498","S","Phosphorylation"
"HDAC5","Q9UQL6","498","S","Phosphorylation"
"HDAC5","Q9UQL6","499","S","Phosphorylation (CAMK1)"
"HDAC5","Q9UQL6","499","S","Phosphorylation (PRKD1)"
"HDAC5","Q9UQL6","53","S","Phosphorylation"
"HDAC5","Q9UQL6","533","K","Acetylation"
"HDAC5","Q9UQL6","533","K","Acetylation"
"HDAC5","Q9UQL6","546","T","Phosphorylation"
"HDAC5","Q9UQL6","55","S","Phosphorylation"
"HDAC5","Q9UQL6","611","S","Phosphorylation"
"HDAC5","Q9UQL6","66","S","Phosphorylation"
"HDAC5","Q9UQL6","661","S","Phosphorylation"
"HDAC5","Q9UQL6","661","S","Phosphorylation"
"HDAC5","Q9UQL6","671","S","Phosphorylation"
"HDAC5","Q9UQL6","7","S","Phosphorylation"
"HDAC5","Q9UQL6","755","S","Phosphorylation"
"HDAC6","Q9UBN7","1088","D","Caspase"
"HDAC6","Q9UBN7","116","K","Ubiquitylation"
"HDAC6","Q9UBN7","22","S","Phosphorylation"
"HDAC6","Q9UBN7","22","S","Phosphorylation"
"HDAC6","Q9UBN7","30","T","Phosphorylation"
"HDAC6","Q9UBN7","30","T","Phosphorylation"
"HDAC6","Q9UBN7","458","S","Phosphorylation"
"HDAC6","Q9UBN7","570","Y","Phosphorylation"
"HDAC7","Q8WUI4","104","T","Phosphorylation"
"HDAC7","Q8WUI4","109","S","Phosphorylation"
"HDAC7","Q8WUI4","109","S","Phosphorylation"
"HDAC7","Q8WUI4","114","Y","Phosphorylation"
"HDAC7","Q8WUI4","114","Y","Phosphorylation"
"HDAC7","Q8WUI4","155","S","Phosphorylation"
"HDAC7","Q8WUI4","155","S","Phosphorylation (PRKD1)"
"HDAC7","Q8WUI4","155","S","Phosphorylation"
"HDAC7","Q8WUI4","181","S","Phosphorylation"
"HDAC7","Q8WUI4","181","S","Phosphorylation (PRKD1)"
"HDAC7","Q8WUI4","181","S","Phosphorylation"
"HDAC7","Q8WUI4","283","S","Phosphorylation"
"HDAC7","Q8WUI4","283","S","Phosphorylation"
"HDAC7","Q8WUI4","286","T","Phosphorylation"
"HDAC7","Q8WUI4","286","T","Phosphorylation"
"HDAC7","Q8WUI4","356","T","Phosphorylation"
"HDAC7","Q8WUI4","358","S","Phosphorylation"
"HDAC7","Q8WUI4","412","D","Caspase"
"HDAC7","Q8WUI4","486","S","Phosphorylation"
"HDAC7","Q8WUI4","487","S","Phosphorylation"
"HDAC7","Q8WUI4","487","S","Phosphorylation"
"HDAC7","Q8WUI4","526","S","Phosphorylation"
"HDAC7","Q8WUI4","603","K","Ubiquitylation"
"HDAC8","Q9BY41","221","K","Ubiquitylation"
"HDAC8","Q9BY41","370","K","Ubiquitylation"
"HDAC8","Q9BY41","39","S","Phosphorylation"
"HDAC8","Q9BY41","39","S","Phosphorylation (PRKACA)"
"HDAC8","Q9BY41","39","S","Phosphorylation"
"HDAC8","Q9BY41","39","S","Phosphorylation"
"HDAC9","Q9UKV0","22","S","Phosphorylation"
"HDAC9","Q9UKV0","22","S","Phosphorylation"
"HDAC9","Q9UKV0","220","S","Phosphorylation"
"HDAC9","Q9UKV0","239","S","Phosphorylation"
"HDAC9","Q9UKV0","240","S","Phosphorylation"
"HDAC9","Q9UKV0","253","S","Phosphorylation"
"HDAC9","Q9UKV0","451","S","Phosphorylation"
"HIF1AN","Q9NWT6","115","K","Ubiquitylation"
"HIF1AN","Q9NWT6","131","K","Ubiquitylation"
"HIF1AN","Q9NWT6","2","A","Acetylation"
"HIF1AN","Q9NWT6","345","K","Ubiquitylation"
"INO80B","Q9C086","119","Y","Phosphorylation"
"INO80B","Q9C086","127","S","Phosphorylation"
"INO80B","Q9C086","127","S","Phosphorylation"
"INO80B","Q9C086","130","S","Phosphorylation"
"INO80B","Q9C086","130","S","Phosphorylation"
"INO80B","Q9C086","132","S","Phosphorylation"
"INO80B","Q9C086","132","S","Phosphorylation"
"INO80B","Q9C086","138","S","Phosphorylation"
"INO80B","Q9C086","138","S","Phosphorylation"
"INO80B","Q9C086","168","K","Sumoylation"
"INO80B","Q9C086","215","K","Sumoylation"
"INO80B","Q9C086","243","T","Phosphorylation"
"INO80B","Q9C086","245","T","Phosphorylation"
"INO80B","Q9C086","248","T","Phosphorylation"
"INO80B","Q9C086","249","S","Phosphorylation"
"INO80B","Q9C086","351","S","Phosphorylation"
"INO80B","Q9C086","60","T","Phosphorylation"
"INO80B","Q9C086","63","S","Phosphorylation"
"INO80B","Q9C086","97","S","Phosphorylation"
"INO80B","Q9C086","97","S","Phosphorylation"
"INO80B","Q9C086","99","S","Phosphorylation"
"INO80B","Q9C086","99","S","Phosphorylation"
"INO80C","Q6PI98","13","T","Phosphorylation"
"INO80C","Q6PI98","21","K","Ubiquitylation"
"INO80C","Q6PI98","21","K","Ubiquitylation"
"INO80C","Q6PI98","22","K","Ubiquitylation"
"INO80C","Q6PI98","22","K","Ubiquitylation"
"INO80C","Q6PI98","26","S","Phosphorylation"
"INO80C","Q6PI98","37","Y","Phosphorylation"
"INO80C","Q6PI98","41","K","Ubiquitylation"
"INO80C","Q6PI98","41","K","Ubiquitylation"
"INO80D","Q53TQ3","411","S","Phosphorylation"
"INO80D","Q53TQ3","544","T","Phosphorylation"
"INO80D","Q53TQ3","700","S","Phosphorylation"
"INO80E","Q8NBZ0","11","Y","Phosphorylation"
"INO80E","Q8NBZ0","154","S","Phosphorylation"
"ING1","Q9UK53","318","T","Phosphorylation"
"ING1","Q9UK53","342","S","Phosphorylation"
"ING2","Q9H160","56","Y","Phosphorylation"
"ING3","Q9NXR8","140","S","Phosphorylation"
"ING3","Q9NXR8","164","K","Acetylation"
"ING3","Q9NXR8","264","K","Acetylation"
"ING3","Q9NXR8","264","K","Acetylation"
"ING4","Q9UNL4","112","K","Acetylation"
"ING4","Q9UNL4","112","K","Acetylation"
"ING4","Q9UNL4","114","K","Acetylation"
"ING4","Q9UNL4","127","K","Acetylation"
"ING4","Q9UNL4","127","K","Acetylation"
"ING4","Q9UNL4","129","K","Acetylation"
"ING4","Q9UNL4","129","K","Acetylation"
"ING4","Q9UNL4","146","K","Acetylation"
"ING4","Q9UNL4","146","K","Acetylation"
"ING4","Q9UNL4","148","K","Acetylation"
"ING4","Q9UNL4","148","K","Acetylation"
"ING4","Q9UNL4","150","S","Phosphorylation"
"ING4","Q9UNL4","156","K","Acetylation"
"ING4","Q9UNL4","156","K","Acetylation"
"ING4","Q9UNL4","236","K","Acetylation"
"ING4","Q9UNL4","52","S","Phosphorylation"
"ING4","Q9UNL4","66","K","Ubiquitylation"
"ING5","Q8WYH8","114","K","Acetylation"
"ING5","Q8WYH8","114","K","Acetylation"
"ING5","Q8WYH8","118","S","Phosphorylation"
"ING5","Q8WYH8","118","S","Phosphorylation"
"ING5","Q8WYH8","122","S","Phosphorylation"
"ING5","Q8WYH8","148","S","Phosphorylation"
"ING5","Q8WYH8","226","K","Acetylation"
"ING5","Q8WYH8","226","K","Acetylation"
"INO80","Q9ULG1","1136","Y","Phosphorylation"
"INO80","Q9ULG1","1139","Y","Phosphorylation"
"INO80","Q9ULG1","118","K","Acetylation"
"INO80","Q9ULG1","118","K","Acetylation"
"INO80","Q9ULG1","1487","S","Phosphorylation"
"INO80","Q9ULG1","1490","S","Phosphorylation"
"INO80","Q9ULG1","1490","S","Phosphorylation"
"INO80","Q9ULG1","1512","S","Phosphorylation"
"INO80","Q9ULG1","1512","S","Phosphorylation"
"INO80","Q9ULG1","1515","S","Phosphorylation"
"INO80","Q9ULG1","1516","S","Phosphorylation"
"INO80","Q9ULG1","1516","S","Phosphorylation"
"INO80","Q9ULG1","1550","T","Phosphorylation"
"INO80","Q9ULG1","1550","T","Phosphorylation"
"INO80","Q9ULG1","237","S","Phosphorylation"
"INO80","Q9ULG1","47","S","Phosphorylation"
"INO80","Q9ULG1","48","S","Phosphorylation"
"INO80","Q9ULG1","51","S","Phosphorylation"
"JARID2","Q92833","120","S","Phosphorylation"
"JARID2","Q92833","124","S","Phosphorylation"
"JARID2","Q92833","128","T","Phosphorylation"
"JARID2","Q92833","209","T","Phosphorylation"
"JARID2","Q92833","338","Y","Phosphorylation"
"JARID2","Q92833","378","K","Acetylation"
"JARID2","Q92833","378","K","Acetylation"
"JARID2","Q92833","455","S","Phosphorylation"
"JARID2","Q92833","78","S","Phosphorylation"
"JARID2","Q92833","86","S","Phosphorylation"
"JMJD1C","Q15652","101","S","Phosphorylation"
"JMJD1C","Q15652","1185","S","Phosphorylation"
"JMJD1C","Q15652","1187","T","Phosphorylation"
"JMJD1C","Q15652","1233","T","O-linked Glycosylation"
"JMJD1C","Q15652","1452","T","O-linked Glycosylation"
"JMJD1C","Q15652","1452","T","O-linked Glycosylation"
"JMJD1C","Q15652","1453","T","O-linked Glycosylation"
"JMJD1C","Q15652","1453","T","O-linked Glycosylation"
"JMJD1C","Q15652","1457","T","O-linked Glycosylation"
"JMJD1C","Q15652","1457","T","O-linked Glycosylation"
"JMJD1C","Q15652","154","S","Phosphorylation"
"JMJD1C","Q15652","1989","S","Phosphorylation"
"JMJD1C","Q15652","2005","S","Phosphorylation"
"JMJD1C","Q15652","2007","S","Phosphorylation"
"JMJD1C","Q15652","2047","S","Phosphorylation"
"JMJD1C","Q15652","2052","T","Phosphorylation"
"JMJD1C","Q15652","2053","S","Phosphorylation"
"JMJD1C","Q15652","317","S","Phosphorylation"
"JMJD1C","Q15652","319","S","Phosphorylation"
"JMJD1C","Q15652","320","S","Phosphorylation"
"JMJD1C","Q15652","373","S","Phosphorylation"
"JMJD1C","Q15652","373","S","Phosphorylation"
"JMJD1C","Q15652","376","S","Phosphorylation"
"JMJD1C","Q15652","376","S","Phosphorylation"
"JMJD1C","Q15652","378","S","Phosphorylation"
"JMJD1C","Q15652","379","S","Phosphorylation"
"JMJD1C","Q15652","379","S","Phosphorylation"
"JMJD1C","Q15652","384","S","Phosphorylation"
"JMJD1C","Q15652","430","S","Phosphorylation"
"JMJD1C","Q15652","430","S","Phosphorylation"
"JMJD1C","Q15652","501","S","Phosphorylation"
"JMJD1C","Q15652","505","T","Phosphorylation"
"JMJD1C","Q15652","552","K","Acetylation"
"JMJD1C","Q15652","552","K","Acetylation"
"JMJD1C","Q15652","617","S","Phosphorylation"
"JMJD1C","Q15652","622","T","Phosphorylation"
"JMJD1C","Q15652","638","S","Phosphorylation"
"JMJD1C","Q15652","638","S","Phosphorylation"
"JMJD1C","Q15652","641","S","Phosphorylation"
"JMJD1C","Q15652","641","S","Phosphorylation"
"JMJD1C","Q15652","652","S","Phosphorylation"
"JMJD1C","Q15652","943","S","Phosphorylation"
"JMJD4","Q9H9V9","161","Y","Phosphorylation"
"JMJD4","Q9H9V9","164","Y","Phosphorylation"
"JMJD4","Q9H9V9","166","K","Ubiquitylation"
"JMJD4","Q9H9V9","173","Y","Phosphorylation"
"JMJD4","Q9H9V9","181","Y","Phosphorylation"
"JMJD4","Q9H9V9","447","K","Ubiquitylation"
"JMJD6","Q6NYC1","135","S","Phosphorylation"
"JMJD6","Q6NYC1","151","K","Ubiquitylation"
"JMJD6","Q6NYC1","167","K","Ubiquitylation"
"JMJD8","Q96S16","130","Y","Phosphorylation"
"KAT2A","Q92830","289","K","Ubiquitylation"
"KAT2A","Q92830","734","Y","Phosphorylation"
"KAT2A","Q92830","734","Y","Phosphorylation"
"KAT2B","Q92831","416","K","Acetylation"
"KAT2B","Q92831","428","K","Acetylation"
"KAT2B","Q92831","430","K","Acetylation"
"KAT2B","Q92831","441","K","Acetylation"
"KAT2B","Q92831","442","K","Acetylation"
"KAT2B","Q92831","638","K","Methylation"
"KAT2B","Q92831","671","K","Methylation"
"KAT2B","Q92831","672","K","Methylation"
"KAT2B","Q92831","692","K","Methylation"
"KAT2B","Q92831","729","Y","Phosphorylation"
"KAT2B","Q92831","729","Y","Phosphorylation"
"KAT2B","Q92831","733","K","Acetylation"
"KAT2B","Q92831","733","K","Acetylation"
"KAT2B","Q92831","78","K","Acetylation"
"KAT2B","Q92831","78","K","Methylation"
"KAT2B","Q92831","79","K","Acetylation"
"KAT2B","Q92831","89","K","Methylation"
"KAT5","Q92993","155","S","Phosphorylation"
"KAT5","Q92993","199","S","Phosphorylation"
"KAT5","Q92993","202","S","Phosphorylation"
"KAT5","Q92993","230","K","Acetylation"
"KAT5","Q92993","268","K","Acetylation"
"KAT5","Q92993","282","K","Acetylation"
"KAT5","Q92993","35","K","Ubiquitylation"
"KAT5","Q92993","430","K","Sumoylation"
"KAT5","Q92993","430","K","Sumoylation"
"KAT5","Q92993","451","K","Sumoylation"
"KAT5","Q92993","451","K","Sumoylation"
"KAT5","Q92993","472","Y","Phosphorylation"
"KAT5","Q92993","52","K","Acetylation"
"KAT5","Q92993","52","K","Acetylation"
"KAT5","Q92993","86","S","Phosphorylation"
"KAT5","Q92993","86","S","Phosphorylation (CCNB1)"
"KAT5","Q92993","86","S","Phosphorylation (CDK1)"
"KAT5","Q92993","86","S","Phosphorylation"
"KAT5","Q92993","90","S","Phosphorylation"
"KAT5","Q92993","90","S","Phosphorylation (CCNB1)"
"KAT5","Q92993","90","S","Phosphorylation (CDK1)"
"KAT5","Q92993","90","S","Phosphorylation"
"KAT5","Q92993","90","S","Phosphorylation"
"KAT6A","Q92794","1007","K","Acetylation"
"KAT6A","Q92794","1007","K","Acetylation"
"KAT6A","Q92794","1089","S","Phosphorylation"
"KAT6A","Q92794","1104","S","Phosphorylation"
"KAT6A","Q92794","1113","S","Phosphorylation"
"KAT6A","Q92794","1113","S","Phosphorylation"
"KAT6A","Q92794","28","S","Phosphorylation"
"KAT6A","Q92794","350","K","Acetylation"
"KAT6A","Q92794","350","K","Acetylation"
"KAT6A","Q92794","355","K","Acetylation"
"KAT6A","Q92794","355","K","Acetylation"
"KAT6A","Q92794","415","K","Acetylation"
"KAT6A","Q92794","418","T","Phosphorylation"
"KAT6A","Q92794","418","T","Phosphorylation"
"KAT6A","Q92794","420","S","Phosphorylation"
"KAT6A","Q92794","420","S","Phosphorylation"
"KAT6A","Q92794","447","S","Phosphorylation"
"KAT6A","Q92794","449","T","Phosphorylation"
"KAT6A","Q92794","449","T","Phosphorylation"
"KAT6A","Q92794","473","S","Phosphorylation"
"KAT6A","Q92794","473","S","Phosphorylation"
"KAT6A","Q92794","604","K","Acetylation"
"KAT6A","Q92794","604","K","Acetylation"
"KAT6A","Q92794","815","K","Acetylation"
"KAT6A","Q92794","815","K","Acetylation"
"KAT6A","Q92794","842","S","Phosphorylation"
"KAT6A","Q92794","909","T","Phosphorylation"
"KAT6A","Q92794","909","T","Phosphorylation"
"KAT6A","Q92794","941","S","Phosphorylation"
"KAT6A","Q92794","941","S","Phosphorylation"
"KAT6B","Q8WYB5","1027","S","Phosphorylation"
"KAT6B","Q8WYB5","1027","S","Phosphorylation"
"KAT6B","Q8WYB5","1038","K","Acetylation"
"KAT6B","Q8WYB5","1038","K","Acetylation"
"KAT6B","Q8WYB5","1042","K","Acetylation"
"KAT6B","Q8WYB5","1042","K","Acetylation"
"KAT6B","Q8WYB5","1044","K","Acetylation"
"KAT6B","Q8WYB5","1044","K","Acetylation"
"KAT6B","Q8WYB5","1048","S","Phosphorylation"
"KAT6B","Q8WYB5","1048","S","Phosphorylation"
"KAT6B","Q8WYB5","1303","S","Phosphorylation"
"KAT6B","Q8WYB5","1915","T","Phosphorylation"
"KAT6B","Q8WYB5","1915","T","Phosphorylation"
"KAT6B","Q8WYB5","2070","Y","Phosphorylation"
"KAT6B","Q8WYB5","402","T","Phosphorylation"
"KAT6B","Q8WYB5","440","K","Acetylation"
"KAT6B","Q8WYB5","440","K","Acetylation"
"KAT6B","Q8WYB5","443","T","Phosphorylation"
"KAT6B","Q8WYB5","445","S","Phosphorylation"
"KAT6B","Q8WYB5","734","Y","Phosphorylation"
"KAT6B","Q8WYB5","738","Y","Phosphorylation"
"KAT6B","Q8WYB5","757","Y","Phosphorylation"
"KAT6B","Q8WYB5","785","K","Ubiquitylation"
"KAT6B","Q8WYB5","878","Y","Phosphorylation"
"KAT7","O95251","10","S","Phosphorylation"
"KAT7","O95251","100","S","Phosphorylation"
"KAT7","O95251","100","S","Phosphorylation"
"KAT7","O95251","102","S","Phosphorylation"
"KAT7","O95251","102","S","Phosphorylation"
"KAT7","O95251","104","T","Phosphorylation"
"KAT7","O95251","104","T","Phosphorylation"
"KAT7","O95251","111","S","Phosphorylation"
"KAT7","O95251","124","S","Phosphorylation"
"KAT7","O95251","124","S","Phosphorylation"
"KAT7","O95251","128","T","Phosphorylation"
"KAT7","O95251","128","T","Phosphorylation"
"KAT7","O95251","136","S","Phosphorylation"
"KAT7","O95251","138","S","Phosphorylation"
"KAT7","O95251","15","T","Phosphorylation"
"KAT7","O95251","158","S","Phosphorylation"
"KAT7","O95251","162","S","Phosphorylation"
"KAT7","O95251","164","S","Phosphorylation"
"KAT7","O95251","167","S","Phosphorylation"
"KAT7","O95251","178","S","Phosphorylation"
"KAT7","O95251","199","K","Acetylation"
"KAT7","O95251","199","K","Acetylation"
"KAT7","O95251","205","S","Phosphorylation"
"KAT7","O95251","331","T","Phosphorylation"
"KAT7","O95251","334","S","Phosphorylation"
"KAT7","O95251","338","K","Ubiquitylation"
"KAT7","O95251","45","S","Phosphorylation"
"KAT7","O95251","470","Y","Phosphorylation"
"KAT7","O95251","481","Y","Phosphorylation"
"KAT7","O95251","486","Y","Phosphorylation"
"KAT7","O95251","50","S","Phosphorylation"
"KAT7","O95251","50","S","Phosphorylation"
"KAT7","O95251","506","S","Phosphorylation"
"KAT7","O95251","512","S","Phosphorylation"
"KAT7","O95251","52","S","Phosphorylation"
"KAT7","O95251","52","S","Phosphorylation"
"KAT7","O95251","524","K","Ubiquitylation"
"KAT7","O95251","53","S","Phosphorylation"
"KAT7","O95251","53","S","Phosphorylation"
"KAT7","O95251","537","K","Ubiquitylation"
"KAT7","O95251","56","S","Phosphorylation"
"KAT7","O95251","56","S","Phosphorylation"
"KAT7","O95251","57","S","Phosphorylation"
"KAT7","O95251","57","S","Phosphorylation"
"KAT7","O95251","606","T","Phosphorylation"
"KAT7","O95251","64","S","Phosphorylation"
"KAT7","O95251","85","T","Phosphorylation"
"KAT7","O95251","85","T","Phosphorylation"
"KAT7","O95251","88","T","Phosphorylation"
"KAT7","O95251","88","T","Phosphorylation"
"KAT7","O95251","97","T","Phosphorylation"
"KAT7","O95251","99","S","Phosphorylation"
"KAT7","O95251","99","S","Phosphorylation"
"KAT8","Q9H7Z6","113","K","Acetylation"
"KAT8","Q9H7Z6","113","K","Acetylation"
"KAT8","Q9H7Z6","114","T","Phosphorylation"
"KAT8","Q9H7Z6","114","T","Phosphorylation"
"KAT8","Q9H7Z6","2","A","Acetylation"
"KAT8","Q9H7Z6","238","K","Acetylation"
"KAT8","Q9H7Z6","238","K","Acetylation"
"KAT8","Q9H7Z6","274","K","Acetylation"
"KAT8","Q9H7Z6","274","K","Acetylation"
"KAT8","Q9H7Z6","348","S","Phosphorylation"
"KAT8","Q9H7Z6","348","S","Phosphorylation"
"KAT8","Q9H7Z6","37","S","Phosphorylation"
"KAT8","Q9H7Z6","37","S","Phosphorylation"
"KAT8","Q9H7Z6","42","S","Phosphorylation"
"KAT8","Q9H7Z6","42","S","Phosphorylation"
"KAT8","Q9H7Z6","456","S","Phosphorylation"
"KAT8","Q9H7Z6","456","S","Phosphorylation"
"KDM1A","O60341","104","T","Phosphorylation"
"KDM1A","O60341","104","T","Phosphorylation"
"KDM1A","O60341","126","S","Phosphorylation"
"KDM1A","O60341","126","S","Phosphorylation"
"KDM1A","O60341","131","S","Phosphorylation"
"KDM1A","O60341","131","S","Phosphorylation"
"KDM1A","O60341","135","Y","Phosphorylation"
"KDM1A","O60341","136","Y","Phosphorylation"
"KDM1A","O60341","137","S","Phosphorylation"
"KDM1A","O60341","137","S","Phosphorylation"
"KDM1A","O60341","166","S","Phosphorylation"
"KDM1A","O60341","166","S","Phosphorylation"
"KDM1A","O60341","355","K","Ubiquitylation"
"KDM1A","O60341","374","K","Ubiquitylation"
"KDM1A","O60341","424","K","Ubiquitylation"
"KDM1A","O60341","432","K","Ubiquitylation"
"KDM1A","O60341","442","K","Ubiquitylation"
"KDM1A","O60341","447","K","Ubiquitylation"
"KDM1A","O60341","481","K","Ubiquitylation"
"KDM1A","O60341","503","K","Ubiquitylation"
"KDM1A","O60341","59","T","Phosphorylation"
"KDM1A","O60341","647","K","Ubiquitylation"
"KDM1A","O60341","744","K","Ubiquitylation"
"KDM1A","O60341","80","S","Phosphorylation"
"KDM1A","O60341","80","S","Phosphorylation"
"KDM1A","O60341","849","S","Phosphorylation"
"KDM1A","O60341","849","S","Phosphorylation"
"KDM1A","O60341","851","S","Phosphorylation"
"KDM1A","O60341","88","T","Phosphorylation"
"KDM1B","Q8NB78","109","K","Ubiquitylation"
"KDM1B","Q8NB78","13","S","Phosphorylation"
"KDM1B","Q8NB78","17","S","Phosphorylation"
"KDM1B","Q8NB78","17","S","Phosphorylation"
"KDM1B","Q8NB78","247","S","Phosphorylation"
"KDM1B","Q8NB78","378","K","Ubiquitylation"
"KDM1B","Q8NB78","481","K","Ubiquitylation"
"KDM1B","Q8NB78","518","K","Ubiquitylation"
"KDM1B","Q8NB78","649","K","Ubiquitylation"
"KDM2A","Q9Y2K7","1094","Y","Phosphorylation"
"KDM2A","Q9Y2K7","28","S","Phosphorylation"
"KDM2A","Q9Y2K7","28","S","Phosphorylation"
"KDM2A","Q9Y2K7","390","S","Phosphorylation"
"KDM2A","Q9Y2K7","390","S","Phosphorylation"
"KDM2A","Q9Y2K7","394","S","Phosphorylation"
"KDM2A","Q9Y2K7","394","S","Phosphorylation"
"KDM2A","Q9Y2K7","518","K","Ubiquitylation"
"KDM2A","Q9Y2K7","534","T","Phosphorylation"
"KDM2A","Q9Y2K7","534","T","Phosphorylation"
"KDM2A","Q9Y2K7","550","T","Phosphorylation"
"KDM2A","Q9Y2K7","550","T","Phosphorylation"
"KDM2A","Q9Y2K7","558","S","Phosphorylation"
"KDM2A","Q9Y2K7","558","S","Phosphorylation"
"KDM2A","Q9Y2K7","632","T","Phosphorylation"
"KDM2A","Q9Y2K7","632","T","Phosphorylation"
"KDM2A","Q9Y2K7","692","S","Phosphorylation"
"KDM2A","Q9Y2K7","692","S","Phosphorylation"
"KDM2A","Q9Y2K7","707","S","Phosphorylation"
"KDM2A","Q9Y2K7","713","T","Phosphorylation"
"KDM2A","Q9Y2K7","713","T","Phosphorylation"
"KDM2A","Q9Y2K7","718","S","Phosphorylation"
"KDM2A","Q9Y2K7","718","S","Phosphorylation"
"KDM2A","Q9Y2K7","720","T","Phosphorylation"
"KDM2A","Q9Y2K7","720","T","Phosphorylation"
"KDM2A","Q9Y2K7","721","S","Phosphorylation"
"KDM2A","Q9Y2K7","721","S","Phosphorylation"
"KDM2A","Q9Y2K7","731","S","Phosphorylation"
"KDM2A","Q9Y2K7","731","S","Phosphorylation"
"KDM2A","Q9Y2K7","739","S","Phosphorylation"
"KDM2A","Q9Y2K7","739","S","Phosphorylation"
"KDM2A","Q9Y2K7","740","S","Phosphorylation"
"KDM2A","Q9Y2K7","740","S","Phosphorylation"
"KDM2A","Q9Y2K7","832","S","Phosphorylation"
"KDM2A","Q9Y2K7","832","S","Phosphorylation"
"KDM2A","Q9Y2K7","844","T","Phosphorylation"
"KDM2A","Q9Y2K7","844","T","Phosphorylation"
"KDM2A","Q9Y2K7","869","S","Phosphorylation"
"KDM2A","Q9Y2K7","869","S","Phosphorylation"
"KDM2A","Q9Y2K7","883","S","Phosphorylation"
"KDM2B","Q8NHM5","1029","S","Phosphorylation"
"KDM2B","Q8NHM5","1031","S","Phosphorylation"
"KDM2B","Q8NHM5","134","S","Phosphorylation"
"KDM2B","Q8NHM5","145","T","Phosphorylation"
"KDM2B","Q8NHM5","223","Y","Phosphorylation"
"KDM2B","Q8NHM5","223","Y","Phosphorylation"
"KDM2B","Q8NHM5","443","S","Phosphorylation"
"KDM2B","Q8NHM5","444","T","Phosphorylation"
"KDM2B","Q8NHM5","445","S","Phosphorylation"
"KDM2B","Q8NHM5","447","T","Phosphorylation"
"KDM2B","Q8NHM5","474","S","Phosphorylation"
"KDM2B","Q8NHM5","474","S","Phosphorylation"
"KDM2B","Q8NHM5","477","S","Phosphorylation"
"KDM2B","Q8NHM5","480","S","Phosphorylation"
"KDM2B","Q8NHM5","493","T","Phosphorylation"
"KDM2B","Q8NHM5","493","T","Phosphorylation"
"KDM2B","Q8NHM5","495","T","Phosphorylation"
"KDM2B","Q8NHM5","497","S","Phosphorylation"
"KDM2B","Q8NHM5","497","S","Phosphorylation"
"KDM2B","Q8NHM5","50","Y","Phosphorylation"
"KDM2B","Q8NHM5","57","S","Phosphorylation"
"KDM2B","Q8NHM5","739","Y","Phosphorylation"
"KDM2B","Q8NHM5","758","K","Acetylation"
"KDM2B","Q8NHM5","765","K","Acetylation"
"KDM2B","Q8NHM5","795","S","Phosphorylation"
"KDM2B","Q8NHM5","823","T","Phosphorylation"
"KDM2B","Q8NHM5","832","S","Phosphorylation"
"KDM2B","Q8NHM5","842","S","Phosphorylation"
"KDM2B","Q8NHM5","890","K","Sumoylation"
"KDM2B","Q8NHM5","910","S","Phosphorylation"
"KDM2B","Q8NHM5","912","S","Phosphorylation"
"KDM2B","Q8NHM5","913","S","Phosphorylation"
"KDM2B","Q8NHM5","914","S","Phosphorylation"
"KDM2B","Q8NHM5","916","T","Phosphorylation"
"KDM2B","Q8NHM5","975","S","Phosphorylation"
"KDM2B","Q8NHM5","975","S","Phosphorylation"
"KDM2B","Q8NHM5","979","S","Phosphorylation"
"KDM2B","Q8NHM5","979","S","Phosphorylation"
"KDM3A","Q9Y4C1","1161","K","Ubiquitylation"
"KDM3A","Q9Y4C1","264","S","Phosphorylation"
"KDM3A","Q9Y4C1","265","S","Phosphorylation"
"KDM3A","Q9Y4C1","283","S","Phosphorylation"
"KDM3A","Q9Y4C1","308","T","Phosphorylation"
"KDM3A","Q9Y4C1","325","S","Phosphorylation"
"KDM3A","Q9Y4C1","445","S","Phosphorylation"
"KDM3A","Q9Y4C1","445","S","Phosphorylation"
"KDM3A","Q9Y4C1","463","S","Phosphorylation"
"KDM3A","Q9Y4C1","481","S","Phosphorylation"
"KDM3A","Q9Y4C1","595","Y","Phosphorylation"
"KDM3A","Q9Y4C1","691","K","Ubiquitylation"
"KDM3A","Q9Y4C1","851","K","Ubiquitylation"
"KDM3A","Q9Y4C1","895","K","Ubiquitylation"
"KDM3A","Q9Y4C1","895","K","Acetylation"
"KDM3A","Q9Y4C1","895","K","Acetylation"
"KDM3A","Q9Y4C1","905","K","Ubiquitylation"
"KDM3A","Q9Y4C1","918","K","Ubiquitylation"
"KDM3B","Q7LBC6","1193","K","Ubiquitylation"
"KDM3B","Q7LBC6","1249","K","Ubiquitylation"
"KDM3B","Q7LBC6","1251","S","Phosphorylation"
"KDM3B","Q7LBC6","1253","S","Phosphorylation"
"KDM3B","Q7LBC6","1267","S","Phosphorylation"
"KDM3B","Q7LBC6","1270","T","Phosphorylation"
"KDM3B","Q7LBC6","1272","K","Ubiquitylation"
"KDM3B","Q7LBC6","1287","K","Ubiquitylation"
"KDM3B","Q7LBC6","1303","K","Ubiquitylation"
"KDM3B","Q7LBC6","1327","K","Ubiquitylation"
"KDM3B","Q7LBC6","1516","K","Ubiquitylation"
"KDM3B","Q7LBC6","1600","K","Ubiquitylation"
"KDM3B","Q7LBC6","289","S","Phosphorylation"
"KDM3B","Q7LBC6","291","S","Phosphorylation"
"KDM3B","Q7LBC6","291","S","Phosphorylation"
"KDM3B","Q7LBC6","311","S","Phosphorylation"
"KDM3B","Q7LBC6","314","S","Phosphorylation"
"KDM3B","Q7LBC6","361","K","Acetylation"
"KDM3B","Q7LBC6","361","K","Acetylation"
"KDM3B","Q7LBC6","614","T","Phosphorylation"
"KDM3B","Q7LBC6","647","S","Phosphorylation"
"KDM3B","Q7LBC6","654","S","Phosphorylation"
"KDM3B","Q7LBC6","725","S","Phosphorylation"
"KDM3B","Q7LBC6","726","S","Phosphorylation"
"KDM3B","Q7LBC6","727","S","Phosphorylation"
"KDM3B","Q7LBC6","729","T","Phosphorylation"
"KDM3B","Q7LBC6","730","S","Phosphorylation"
"KDM3B","Q7LBC6","731","S","Phosphorylation"
"KDM3B","Q7LBC6","733","T","Phosphorylation"
"KDM3B","Q7LBC6","742","S","Phosphorylation"
"KDM3B","Q7LBC6","743","S","Phosphorylation"
"KDM3B","Q7LBC6","744","S","Phosphorylation"
"KDM3B","Q7LBC6","766","S","Phosphorylation"
"KDM3B","Q7LBC6","766","S","Phosphorylation"
"KDM3B","Q7LBC6","773","S","Phosphorylation"
"KDM3B","Q7LBC6","773","S","Phosphorylation"
"KDM3B","Q7LBC6","778","S","Phosphorylation"
"KDM3B","Q7LBC6","779","S","Phosphorylation"
"KDM3B","Q7LBC6","779","S","Phosphorylation"
"KDM3B","Q7LBC6","798","S","Phosphorylation"
"KDM3B","Q7LBC6","798","S","Phosphorylation"
"KDM3B","Q7LBC6","810","S","Phosphorylation"
"KDM3B","Q7LBC6","814","T","Phosphorylation"
"KDM3B","Q7LBC6","819","S","Phosphorylation"
"KDM3B","Q7LBC6","822","S","Phosphorylation"
"KDM3B","Q7LBC6","832","T","Phosphorylation"
"KDM4A","O75164","502","S","Phosphorylation"
"KDM4A","O75164","523","S","Phosphorylation"
"KDM4A","O75164","547","Y","Phosphorylation"
"KDM4A","O75164","547","Y","Phosphorylation"
"KDM4B","O94953","1056","K","Ubiquitylation"
"KDM4B","O94953","1065","T","Phosphorylation"
"KDM4B","O94953","1065","T","Phosphorylation"
"KDM4B","O94953","566","S","Phosphorylation"
"KDM4B","O94953","566","S","Phosphorylation"
"KDM4B","O94953","602","K","Acetylation"
"KDM4B","O94953","602","K","Acetylation"
"KDM4B","O94953","622","S","Phosphorylation"
"KDM4B","O94953","622","S","Phosphorylation"
"KDM4B","O94953","632","S","Phosphorylation"
"KDM4B","O94953","633","S","Phosphorylation"
"KDM4C","Q9H3R0","392","S","Phosphorylation"
"KDM4C","Q9H3R0","392","S","Phosphorylation"
"KDM4D","Q6B0I6","409","S","Phosphorylation"
"KDM4D","Q6B0I6","409","S","Phosphorylation"
"KDM5A","P29375","1111","S","Phosphorylation"
"KDM5A","P29375","1111","S","Phosphorylation"
"KDM5A","P29375","1329","S","Phosphorylation"
"KDM5A","P29375","1330","S","Phosphorylation"
"KDM5A","P29375","1331","S","Phosphorylation"
"KDM5A","P29375","1331","S","Phosphorylation"
"KDM5A","P29375","1343","T","Phosphorylation"
"KDM5A","P29375","1343","T","Phosphorylation"
"KDM5A","P29375","1345","S","Phosphorylation"
"KDM5A","P29375","1345","S","Phosphorylation"
"KDM5A","P29375","1382","K","Sumoylation"
"KDM5A","P29375","1423","S","Phosphorylation"
"KDM5A","P29375","148","Y","Phosphorylation"
"KDM5A","P29375","1488","S","Phosphorylation"
"KDM5A","P29375","1598","S","Phosphorylation"
"KDM5A","P29375","1598","S","Phosphorylation"
"KDM5A","P29375","1603","S","Phosphorylation"
"KDM5A","P29375","1603","S","Phosphorylation"
"KDM5A","P29375","1666","S","Phosphorylation"
"KDM5A","P29375","1666","S","Phosphorylation"
"KDM5A","P29375","1679","Y","Phosphorylation"
"KDM5A","P29375","425","K","Ubiquitylation"
"KDM5A","P29375","46","T","Phosphorylation"
"KDM5B","Q9UGL1","1011","K","Ubiquitylation"
"KDM5B","Q9UGL1","109","K","Ubiquitylation"
"KDM5B","Q9UGL1","1136","K","Ubiquitylation"
"KDM5B","Q9UGL1","1166","K","Ubiquitylation"
"KDM5B","Q9UGL1","1276","K","Ubiquitylation"
"KDM5B","Q9UGL1","1383","S","Phosphorylation"
"KDM5B","Q9UGL1","1383","S","Phosphorylation"
"KDM5B","Q9UGL1","1384","S","Phosphorylation"
"KDM5B","Q9UGL1","1384","S","Phosphorylation"
"KDM5B","Q9UGL1","1405","S","Phosphorylation"
"KDM5B","Q9UGL1","1405","S","Phosphorylation"
"KDM5B","Q9UGL1","832","K","Ubiquitylation"
"KDM5B","Q9UGL1","956","K","Ubiquitylation"
"KDM5B","Q9UGL1","986","S","Phosphorylation"
"KDM5C","P41229","1121","K","Ubiquitylation"
"KDM5C","P41229","1356","S","Phosphorylation"
"KDM5C","P41229","1358","T","Phosphorylation"
"KDM5C","P41229","1359","S","Phosphorylation"
"KDM5C","P41229","1359","S","Phosphorylation"
"KDM5C","P41229","301","S","Phosphorylation"
"KDM5C","P41229","317","S","Phosphorylation"
"KDM5C","P41229","317","S","Phosphorylation"
"KDM5C","P41229","896","S","Phosphorylation"
"KDM5C","P41229","897","S","Phosphorylation"
"KDM5D","Q9BY66","741","Y","Phosphorylation"
"KDM6A","O15550","1091","S","Phosphorylation"
"KDM6A","O15550","225","K","Ubiquitylation"
"KDM6A","O15550","769","S","Phosphorylation"
"KDM6A","O15550","769","S","Phosphorylation"
"KDM6A","O15550","818","S","Phosphorylation"
"KDM6A","O15550","818","S","Phosphorylation"
"KDM6A","O15550","827","T","Phosphorylation"
"KDM6A","O15550","829","S","Phosphorylation"
"KDM6A","O15550","829","S","Phosphorylation"
"KDM6B","O15054","1524","T","Phosphorylation"
"KDM6B","O15054","1528","S","Phosphorylation"
"KDM6B","O15054","1563","Y","Phosphorylation"
"KDM7A","Q6ZMT4","710","S","Phosphorylation"
"KDM7A","Q6ZMT4","714","S","Phosphorylation"
"MBD1","Q9UIS9","295","S","Phosphorylation"
"MBD1","Q9UIS9","295","S","Phosphorylation"
"MBD1","Q9UIS9","297","S","Phosphorylation"
"MBD1","Q9UIS9","301","T","Phosphorylation"
"MBD1","Q9UIS9","301","T","Phosphorylation"
"MBD1","Q9UIS9","391","S","Phosphorylation"
"MBD1","Q9UIS9","391","S","Phosphorylation"
"MBD1","Q9UIS9","393","S","Phosphorylation"
"MBD1","Q9UIS9","399","S","Phosphorylation"
"MBD1","Q9UIS9","399","S","Phosphorylation"
"MBD1","Q9UIS9","403","Y","Phosphorylation"
"MBD1","Q9UIS9","422","K","Ubiquitylation"
"MBD1","Q9UIS9","422","K","Acetylation"
"MBD1","Q9UIS9","422","K","Acetylation"
"MBD1","Q9UIS9","499","K","Sumoylation"
"MBD1","Q9UIS9","499","K","Sumoylation"
"MBD1","Q9UIS9","505","T","Phosphorylation"
"MBD1","Q9UIS9","52","Y","Phosphorylation"
"MBD1","Q9UIS9","52","Y","Phosphorylation"
"MBD1","Q9UIS9","538","K","Sumoylation"
"MBD1","Q9UIS9","538","K","Sumoylation"
"MBD1","Q9UIS9","570","T","Phosphorylation"
"MBD2","Q9UBB5","168","S","Phosphorylation"
"MBD2","Q9UBB5","181","S","Phosphorylation"
"MBD2","Q9UBB5","181","S","Phosphorylation"
"MBD2","Q9UBB5","183","S","Phosphorylation"
"MBD2","Q9UBB5","407","S","Phosphorylation"
"MBD2","Q9UBB5","407","S","Phosphorylation"
"MBD3","O95983","109","K","Acetylation"
"MBD3","O95983","109","K","Acetylation"
"MBD3","O95983","141","K","Ubiquitylation"
"MBD3","O95983","141","K","Acetylation"
"MBD3","O95983","141","K","Acetylation"
"MBD3","O95983","144","S","Phosphorylation"
"MBD3","O95983","144","S","Phosphorylation"
"MBD3","O95983","24","S","Phosphorylation (AURKA)"
"MBD3","O95983","24","S","Phosphorylation"
"MBD3","O95983","35","Y","Phosphorylation"
"MBD3","O95983","36","Y","Phosphorylation"
"MBD3","O95983","37","S","Phosphorylation"
"MBD3","O95983","4","K","Acetylation"
"MBD3","O95983","56","S","Phosphorylation"
"MBD3","O95983","56","S","Phosphorylation"
"MBD3","O95983","77","S","Phosphorylation"
"MBD3","O95983","85","S","Phosphorylation"
"MBD3","O95983","86","S","Phosphorylation"
"MBD4","O95243","165","S","Phosphorylation"
"MBD4","O95243","262","S","Phosphorylation"
"MBD4","O95243","318","S","Phosphorylation"
"MBD4","O95243","428","S","Phosphorylation"
"MBD4","O95243","484","K","Ubiquitylation"
"MCRS1","Q96EZ8","102","S","Phosphorylation"
"MCRS1","Q96EZ8","102","S","Phosphorylation"
"MCRS1","Q96EZ8","103","T","Phosphorylation"
"MCRS1","Q96EZ8","103","T","Phosphorylation"
"MCRS1","Q96EZ8","108","S","Phosphorylation"
"MCRS1","Q96EZ8","108","S","Phosphorylation"
"MCRS1","Q96EZ8","116","T","Phosphorylation"
"MCRS1","Q96EZ8","123","K","Acetylation"
"MCRS1","Q96EZ8","123","K","Acetylation"
"MCRS1","Q96EZ8","130","K","Acetylation"
"MCRS1","Q96EZ8","130","K","Acetylation"
"MCRS1","Q96EZ8","18","T","Phosphorylation"
"MCRS1","Q96EZ8","20","S","Phosphorylation"
"MCRS1","Q96EZ8","211","K","Ubiquitylation"
"MCRS1","Q96EZ8","219","K","Ubiquitylation"
"MCRS1","Q96EZ8","22","S","Phosphorylation"
"MCRS1","Q96EZ8","22","S","Phosphorylation"
"MCRS1","Q96EZ8","282","S","Phosphorylation"
"MCRS1","Q96EZ8","282","S","Phosphorylation"
"MECP2","P51608","116","S","Phosphorylation"
"MECP2","P51608","116","S","Phosphorylation"
"MECP2","P51608","119","K","Methylation"
"MECP2","P51608","120","Y","Phosphorylation"
"MECP2","P51608","130","K","Ubiquitylation"
"MECP2","P51608","149","S","Phosphorylation"
"MECP2","P51608","160","T","Phosphorylation"
"MECP2","P51608","166","S","Phosphorylation"
"MECP2","P51608","210","K","Methylation"
"MECP2","P51608","216","S","Phosphorylation"
"MECP2","P51608","228","T","Phosphorylation"
"MECP2","P51608","229","S","Phosphorylation"
"MECP2","P51608","357","S","Phosphorylation"
"MECP2","P51608","359","S","Phosphorylation"
"MECP2","P51608","360","S","Phosphorylation"
"MECP2","P51608","426","S","Phosphorylation"
"MECP2","P51608","426","S","Phosphorylation"
"MECP2","P51608","449","K","Acetylation"
"MECP2","P51608","449","K","Acetylation"
"MECP2","P51608","78","S","Phosphorylation"
"MECP2","P51608","80","S","Phosphorylation"
"MECP2","P51608","80","S","Phosphorylation"
"MINA","Q8IUF8","20","K","Acetylation"
"MINA","Q8IUF8","309","S","Phosphorylation"
"MINA","Q8IUF8","327","S","Phosphorylation"
"MINA","Q8IUF8","328","S","Phosphorylation"
"MINA","Q8IUF8","331","K","Ubiquitylation"
"MINA","Q8IUF8","342","Y","Phosphorylation"
"MINA","Q8IUF8","351","S","Phosphorylation"
"MINA","Q8IUF8","356","K","Ubiquitylation"
"MINA","Q8IUF8","439","K","Ubiquitylation"
"MINA","Q8IUF8","442","K","Ubiquitylation"
"MINA","Q8IUF8","76","Y","Phosphorylation"
"MINA","Q8IUF8","77","Y","Phosphorylation"
"MINA","Q8IUF8","95","Y","Phosphorylation"
"KMT2A","Q03164","1056","S","Phosphorylation"
"KMT2A","Q03164","1056","S","Phosphorylation"
"KMT2A","Q03164","1130","K","Acetylation"
"KMT2A","Q03164","1130","K","Acetylation"
"KMT2A","Q03164","1235","K","Acetylation"
"KMT2A","Q03164","1235","K","Acetylation"
"KMT2A","Q03164","1241","S","Phosphorylation"
"KMT2A","Q03164","1241","S","Phosphorylation"
"KMT2A","Q03164","136","S","Phosphorylation"
"KMT2A","Q03164","136","S","Phosphorylation"
"KMT2A","Q03164","1376","T","Phosphorylation"
"KMT2A","Q03164","153","S","Phosphorylation"
"KMT2A","Q03164","153","S","Phosphorylation"
"KMT2A","Q03164","161","S","Phosphorylation"
"KMT2A","Q03164","165","S","Phosphorylation"
"KMT2A","Q03164","167","S","Phosphorylation"
"KMT2A","Q03164","1682","S","Phosphorylation"
"KMT2A","Q03164","1684","S","Phosphorylation"
"KMT2A","Q03164","1685","S","Phosphorylation"
"KMT2A","Q03164","1837","S","Phosphorylation"
"KMT2A","Q03164","1837","S","Phosphorylation"
"KMT2A","Q03164","1839","T","Phosphorylation"
"KMT2A","Q03164","1839","T","Phosphorylation"
"KMT2A","Q03164","1845","T","Phosphorylation"
"KMT2A","Q03164","1845","T","Phosphorylation"
"KMT2A","Q03164","1858","S","Phosphorylation"
"KMT2A","Q03164","1858","S","Phosphorylation"
"KMT2A","Q03164","197","S","Phosphorylation"
"KMT2A","Q03164","197","S","Phosphorylation"
"KMT2A","Q03164","202","S","Phosphorylation"
"KMT2A","Q03164","202","S","Phosphorylation"
"KMT2A","Q03164","2094","T","Phosphorylation"
"KMT2A","Q03164","2098","S","Phosphorylation"
"KMT2A","Q03164","2098","S","Phosphorylation"
"KMT2A","Q03164","2147","T","Phosphorylation"
"KMT2A","Q03164","2147","T","Phosphorylation"
"KMT2A","Q03164","2149","S","Phosphorylation"
"KMT2A","Q03164","2151","S","Phosphorylation"
"KMT2A","Q03164","2151","S","Phosphorylation"
"KMT2A","Q03164","2153","T","Phosphorylation"
"KMT2A","Q03164","2153","T","Phosphorylation"
"KMT2A","Q03164","216","K","Ubiquitylation"
"KMT2A","Q03164","216","K","Ubiquitylation"
"KMT2A","Q03164","2196","S","Phosphorylation"
"KMT2A","Q03164","2198","S","Phosphorylation"
"KMT2A","Q03164","2199","S","Phosphorylation"
"KMT2A","Q03164","2199","S","Phosphorylation"
"KMT2A","Q03164","220","K","Ubiquitylation"
"KMT2A","Q03164","220","K","Ubiquitylation"
"KMT2A","Q03164","2201","S","Phosphorylation"
"KMT2A","Q03164","2201","S","Phosphorylation"
"KMT2A","Q03164","221","K","Ubiquitylation"
"KMT2A","Q03164","221","K","Ubiquitylation"
"KMT2A","Q03164","2388","S","Phosphorylation"
"KMT2A","Q03164","2391","S","Phosphorylation"
"KMT2A","Q03164","2525","T","Phosphorylation"
"KMT2A","Q03164","2525","T","Phosphorylation"
"KMT2A","Q03164","2666","D","Proteolytic Cleavage"
"KMT2A","Q03164","268","T","Phosphorylation"
"KMT2A","Q03164","2691","S","Phosphorylation"
"KMT2A","Q03164","2691","S","Phosphorylation"
"KMT2A","Q03164","2718","D","Proteolytic Cleavage"
"KMT2A","Q03164","2724","T","Phosphorylation"
"KMT2A","Q03164","2724","T","Phosphorylation"
"KMT2A","Q03164","2726","S","Phosphorylation"
"KMT2A","Q03164","2726","S","Phosphorylation"
"KMT2A","Q03164","2729","S","Phosphorylation"
"KMT2A","Q03164","2729","S","Phosphorylation"
"KMT2A","Q03164","2750","T","Phosphorylation"
"KMT2A","Q03164","279","S","Phosphorylation"
"KMT2A","Q03164","279","S","Phosphorylation"
"KMT2A","Q03164","283","S","Phosphorylation"
"KMT2A","Q03164","2866","S","Phosphorylation"
"KMT2A","Q03164","2866","S","Phosphorylation"
"KMT2A","Q03164","2870","S","Phosphorylation"
"KMT2A","Q03164","2871","S","Phosphorylation"
"KMT2A","Q03164","2938","S","Phosphorylation"
"KMT2A","Q03164","2940","T","Phosphorylation"
"KMT2A","Q03164","2940","T","Phosphorylation"
"KMT2A","Q03164","2953","S","Phosphorylation"
"KMT2A","Q03164","2955","S","Phosphorylation"
"KMT2A","Q03164","2955","S","Phosphorylation"
"KMT2A","Q03164","3028","T","Phosphorylation"
"KMT2A","Q03164","3036","S","Phosphorylation"
"KMT2A","Q03164","3036","S","Phosphorylation"
"KMT2A","Q03164","3038","T","Phosphorylation"
"KMT2A","Q03164","3050","S","Phosphorylation"
"KMT2A","Q03164","3053","S","Phosphorylation"
"KMT2A","Q03164","3057","S","Phosphorylation"
"KMT2A","Q03164","3067","T","Phosphorylation"
"KMT2A","Q03164","3213","T","Phosphorylation"
"KMT2A","Q03164","3216","S","Phosphorylation"
"KMT2A","Q03164","337","T","Phosphorylation"
"KMT2A","Q03164","337","T","Phosphorylation"
"KMT2A","Q03164","3372","T","Phosphorylation"
"KMT2A","Q03164","3372","T","Phosphorylation"
"KMT2A","Q03164","3508","S","Phosphorylation"
"KMT2A","Q03164","3510","T","Phosphorylation"
"KMT2A","Q03164","3511","S","Phosphorylation"
"KMT2A","Q03164","3511","S","Phosphorylation"
"KMT2A","Q03164","3515","S","Phosphorylation"
"KMT2A","Q03164","3515","S","Phosphorylation"
"KMT2A","Q03164","3517","S","Phosphorylation"
"KMT2A","Q03164","3517","S","Phosphorylation"
"KMT2A","Q03164","3518","S","Phosphorylation"
"KMT2A","Q03164","3518","S","Phosphorylation"
"KMT2A","Q03164","3525","S","Phosphorylation"
"KMT2A","Q03164","3525","S","Phosphorylation"
"KMT2A","Q03164","3527","S","Phosphorylation"
"KMT2A","Q03164","3644","S","Phosphorylation"
"KMT2A","Q03164","3707","K","Ubiquitylation"
"KMT2A","Q03164","3749","K","Acetylation"
"KMT2A","Q03164","3784","K","Ubiquitylation"
"KMT2A","Q03164","418","S","Phosphorylation"
"KMT2A","Q03164","424","T","Phosphorylation"
"KMT2A","Q03164","504","S","Phosphorylation"
"KMT2A","Q03164","506","T","Phosphorylation"
"KMT2A","Q03164","506","T","Phosphorylation"
"KMT2A","Q03164","516","S","Phosphorylation"
"KMT2A","Q03164","518","S","Phosphorylation"
"KMT2A","Q03164","518","S","Phosphorylation"
"KMT2A","Q03164","636","K","Acetylation"
"KMT2A","Q03164","636","K","Acetylation"
"KMT2A","Q03164","645","K","Ubiquitylation"
"KMT2A","Q03164","680","S","Phosphorylation"
"KMT2A","Q03164","680","S","Phosphorylation"
"KMT2A","Q03164","684","S","Phosphorylation"
"KMT2A","Q03164","742","S","Phosphorylation"
"KMT2A","Q03164","828","S","Phosphorylation"
"KMT2A","Q03164","829","S","Phosphorylation"
"KMT2A","Q03164","831","S","Phosphorylation"
"KMT2A","Q03164","831","S","Phosphorylation"
"KMT2A","Q03164","833","T","Phosphorylation"
"KMT2A","Q03164","840","T","Phosphorylation"
"KMT2A","Q03164","840","T","Phosphorylation"
"KMT2A","Q03164","897","S","Phosphorylation"
"KMT2A","Q03164","901","S","Phosphorylation"
"KMT2A","Q03164","926","S","Phosphorylation"
"KMT2A","Q03164","926","S","Phosphorylation"
"KMT2A","Q03164","972","T","Phosphorylation"
"KMT2A","Q03164","982","S","Phosphorylation"
"KMT2D","O14686","1180","S","Phosphorylation"
"KMT2D","O14686","1195","T","Phosphorylation"
"KMT2D","O14686","1293","S","Phosphorylation"
"KMT2D","O14686","1294","S","Phosphorylation"
"KMT2D","O14686","1298","S","Phosphorylation"
"KMT2D","O14686","1331","S","Phosphorylation"
"KMT2D","O14686","1332","T","Phosphorylation"
"KMT2D","O14686","1334","S","Phosphorylation"
"KMT2D","O14686","1335","S","Phosphorylation"
"KMT2D","O14686","1606","S","Phosphorylation"
"KMT2D","O14686","1647","T","Phosphorylation"
"KMT2D","O14686","1671","S","Phosphorylation"
"KMT2D","O14686","1671","S","Phosphorylation"
"KMT2D","O14686","1819","T","Phosphorylation"
"KMT2D","O14686","1820","S","Phosphorylation"
"KMT2D","O14686","1820","S","Phosphorylation"
"KMT2D","O14686","1834","S","Phosphorylation"
"KMT2D","O14686","1854","S","Phosphorylation"
"KMT2D","O14686","1865","T","Phosphorylation"
"KMT2D","O14686","1865","T","Phosphorylation"
"KMT2D","O14686","2155","S","Phosphorylation"
"KMT2D","O14686","2155","S","Phosphorylation"
"KMT2D","O14686","2228","T","Phosphorylation"
"KMT2D","O14686","2240","T","Phosphorylation"
"KMT2D","O14686","2246","K","Acetylation"
"KMT2D","O14686","2246","K","Acetylation"
"KMT2D","O14686","2274","S","Phosphorylation"
"KMT2D","O14686","2274","S","Phosphorylation"
"KMT2D","O14686","2295","S","Phosphorylation"
"KMT2D","O14686","2296","S","Phosphorylation"
"KMT2D","O14686","2296","S","Phosphorylation"
"KMT2D","O14686","2298","S","Phosphorylation"
"KMT2D","O14686","2299","Y","Phosphorylation"
"KMT2D","O14686","2309","S","Phosphorylation"
"KMT2D","O14686","2309","S","Phosphorylation"
"KMT2D","O14686","2311","S","Phosphorylation"
"KMT2D","O14686","2311","S","Phosphorylation"
"KMT2D","O14686","2323","T","Phosphorylation"
"KMT2D","O14686","2323","T","Phosphorylation"
"KMT2D","O14686","2451","S","Phosphorylation"
"KMT2D","O14686","2468","K","Acetylation"
"KMT2D","O14686","2468","K","Acetylation"
"KMT2D","O14686","2640","S","Phosphorylation"
"KMT2D","O14686","27","S","Phosphorylation"
"KMT2D","O14686","2726","S","Phosphorylation"
"KMT2D","O14686","2742","T","Phosphorylation"
"KMT2D","O14686","29","T","Phosphorylation"
"KMT2D","O14686","2907","Y","Phosphorylation"
"KMT2D","O14686","3079","K","Acetylation"
"KMT2D","O14686","31","S","Phosphorylation"
"KMT2D","O14686","3121","K","Acetylation"
"KMT2D","O14686","3130","S","Phosphorylation"
"KMT2D","O14686","3130","S","Phosphorylation"
"KMT2D","O14686","3155","K","Acetylation"
"KMT2D","O14686","3155","K","Acetylation"
"KMT2D","O14686","3197","T","Phosphorylation"
"KMT2D","O14686","3197","T","Phosphorylation"
"KMT2D","O14686","3199","S","Phosphorylation"
"KMT2D","O14686","3199","S","Phosphorylation"
"KMT2D","O14686","3433","K","Acetylation"
"KMT2D","O14686","3433","K","Acetylation"
"KMT2D","O14686","3620","S","Phosphorylation"
"KMT2D","O14686","3624","S","Phosphorylation"
"KMT2D","O14686","3837","S","Phosphorylation"
"KMT2D","O14686","386","D","Caspase"
"KMT2D","O14686","4004","K","Acetylation"
"KMT2D","O14686","4011","S","Phosphorylation"
"KMT2D","O14686","4215","S","Phosphorylation"
"KMT2D","O14686","4215","S","Phosphorylation"
"KMT2D","O14686","4359","S","Phosphorylation"
"KMT2D","O14686","4465","K","Ubiquitylation"
"KMT2D","O14686","4465","K","Acetylation"
"KMT2D","O14686","4465","K","Acetylation"
"KMT2D","O14686","45","S","Phosphorylation"
"KMT2D","O14686","4516","K","Acetylation"
"KMT2D","O14686","4516","K","Acetylation"
"KMT2D","O14686","4621","T","Phosphorylation"
"KMT2D","O14686","4625","S","Phosphorylation"
"KMT2D","O14686","4629","T","Phosphorylation"
"KMT2D","O14686","468","S","Phosphorylation"
"KMT2D","O14686","4738","S","Phosphorylation"
"KMT2D","O14686","4738","S","Phosphorylation"
"KMT2D","O14686","4776","K","Acetylation"
"KMT2D","O14686","4776","K","Acetylation"
"KMT2D","O14686","4780","S","Phosphorylation"
"KMT2D","O14686","4783","S","Phosphorylation"
"KMT2D","O14686","4787","T","Phosphorylation"
"KMT2D","O14686","48","S","Phosphorylation"
"KMT2D","O14686","4822","S","Phosphorylation"
"KMT2D","O14686","4822","S","Phosphorylation"
"KMT2D","O14686","4849","S","Phosphorylation"
"KMT2D","O14686","5276","K","Acetylation"
"KMT2D","O14686","5276","K","Acetylation"
"KMT2D","O14686","5374","T","Phosphorylation"
"KMT2D","O14686","5498","S","Phosphorylation"
"KMT2D","O14686","5499","S","Phosphorylation"
"KMT2D","O14686","609","S","Phosphorylation"
"KMT2D","O14686","618","S","Phosphorylation"
"KMT2D","O14686","654","S","Phosphorylation"
"KMT2D","O14686","762","S","Phosphorylation"
"KMT2C","Q8NEZ4","111","S","Phosphorylation"
"KMT2C","Q8NEZ4","113","S","Phosphorylation"
"KMT2C","Q8NEZ4","116","S","Phosphorylation"
"KMT2C","Q8NEZ4","119","S","Phosphorylation"
"KMT2C","Q8NEZ4","1219","T","Phosphorylation"
"KMT2C","Q8NEZ4","1248","S","Phosphorylation"
"KMT2C","Q8NEZ4","1250","S","Phosphorylation"
"KMT2C","Q8NEZ4","1251","S","Phosphorylation"
"KMT2C","Q8NEZ4","1301","S","Phosphorylation"
"KMT2C","Q8NEZ4","1493","S","Phosphorylation"
"KMT2C","Q8NEZ4","1508","K","Acetylation"
"KMT2C","Q8NEZ4","1508","K","Acetylation"
"KMT2C","Q8NEZ4","1772","K","Acetylation"
"KMT2C","Q8NEZ4","1772","K","Acetylation"
"KMT2C","Q8NEZ4","1991","S","Phosphorylation"
"KMT2C","Q8NEZ4","2003","T","Phosphorylation"
"KMT2C","Q8NEZ4","2009","K","Acetylation"
"KMT2C","Q8NEZ4","2009","K","Acetylation"
"KMT2C","Q8NEZ4","2695","S","Phosphorylation"
"KMT2C","Q8NEZ4","2795","K","Acetylation"
"KMT2C","Q8NEZ4","2802","K","Acetylation"
"KMT2C","Q8NEZ4","2802","K","Acetylation"
"KMT2C","Q8NEZ4","2809","K","Acetylation"
"KMT2C","Q8NEZ4","2809","K","Acetylation"
"KMT2C","Q8NEZ4","2814","K","Acetylation"
"KMT2C","Q8NEZ4","2824","T","Phosphorylation"
"KMT2C","Q8NEZ4","2831","S","Phosphorylation"
"KMT2C","Q8NEZ4","2832","K","Acetylation"
"KMT2C","Q8NEZ4","2832","K","Acetylation"
"KMT2C","Q8NEZ4","2930","S","Phosphorylation"
"KMT2C","Q8NEZ4","2935","S","Phosphorylation"
"KMT2C","Q8NEZ4","2937","S","Phosphorylation"
"KMT2C","Q8NEZ4","2942","T","Phosphorylation"
"KMT2C","Q8NEZ4","2946","S","Phosphorylation"
"KMT2C","Q8NEZ4","2952","S","Phosphorylation"
"KMT2C","Q8NEZ4","3124","S","Phosphorylation"
"KMT2C","Q8NEZ4","3714","K","Acetylation"
"KMT2C","Q8NEZ4","3714","K","Acetylation"
"KMT2C","Q8NEZ4","3945","K","Acetylation"
"KMT2C","Q8NEZ4","3945","K","Acetylation"
"KMT2C","Q8NEZ4","4006","S","Phosphorylation"
"KMT2C","Q8NEZ4","4018","Y","Phosphorylation"
"KMT2C","Q8NEZ4","4018","Y","Phosphorylation"
"KMT2C","Q8NEZ4","4022","S","Phosphorylation"
"KMT2C","Q8NEZ4","4022","S","Phosphorylation"
"KMT2C","Q8NEZ4","4034","S","Phosphorylation"
"KMT2C","Q8NEZ4","4034","S","Phosphorylation"
"KMT2C","Q8NEZ4","4050","S","Phosphorylation"
"KMT2C","Q8NEZ4","4050","S","Phosphorylation"
"KMT2C","Q8NEZ4","4227","S","Phosphorylation"
"KMT2C","Q8NEZ4","4267","S","Phosphorylation"
"KMT2C","Q8NEZ4","4300","S","Phosphorylation"
"KMT2C","Q8NEZ4","4304","S","Phosphorylation"
"KMT2C","Q8NEZ4","4388","T","Phosphorylation"
"KMT2C","Q8NEZ4","46","S","Phosphorylation"
"KMT2C","Q8NEZ4","625","S","Phosphorylation"
"KMT2C","Q8NEZ4","631","S","Phosphorylation"
"KMT2C","Q8NEZ4","758","K","Acetylation"
"KMT2C","Q8NEZ4","758","K","Acetylation"
"KMT2C","Q8NEZ4","827","K","Acetylation"
"KMT2C","Q8NEZ4","827","K","Acetylation"
"KMT2C","Q8NEZ4","89","S","Phosphorylation"
"KMT2B","Q9UMN6","1032","S","Phosphorylation"
"KMT2B","Q9UMN6","1032","S","Phosphorylation"
"KMT2B","Q9UMN6","1035","S","Phosphorylation"
"KMT2B","Q9UMN6","1035","S","Phosphorylation"
"KMT2B","Q9UMN6","1039","S","Phosphorylation"
"KMT2B","Q9UMN6","1092","S","Phosphorylation"
"KMT2B","Q9UMN6","1095","S","Phosphorylation"
"KMT2B","Q9UMN6","1164","S","Phosphorylation"
"KMT2B","Q9UMN6","1164","S","Phosphorylation"
"KMT2B","Q9UMN6","158","T","Phosphorylation"
"KMT2B","Q9UMN6","159","T","Phosphorylation"
"KMT2B","Q9UMN6","159","T","Phosphorylation"
"KMT2B","Q9UMN6","172","T","Phosphorylation"
"KMT2B","Q9UMN6","172","T","Phosphorylation"
"KMT2B","Q9UMN6","176","T","Phosphorylation"
"KMT2B","Q9UMN6","176","T","Phosphorylation"
"KMT2B","Q9UMN6","1930","S","Phosphorylation"
"KMT2B","Q9UMN6","1930","S","Phosphorylation"
"KMT2B","Q9UMN6","1935","T","Phosphorylation"
"KMT2B","Q9UMN6","1935","T","Phosphorylation"
"KMT2B","Q9UMN6","1936","S","Phosphorylation"
"KMT2B","Q9UMN6","2","A","Acetylation"
"KMT2B","Q9UMN6","2068","T","Phosphorylation"
"KMT2B","Q9UMN6","2070","S","Phosphorylation"
"KMT2B","Q9UMN6","2083","T","Phosphorylation"
"KMT2B","Q9UMN6","2083","T","Phosphorylation"
"KMT2B","Q9UMN6","2196","K","Ubiquitylation"
"KMT2B","Q9UMN6","2270","S","Phosphorylation"
"KMT2B","Q9UMN6","2296","K","Acetylation"
"KMT2B","Q9UMN6","2296","K","Acetylation"
"KMT2B","Q9UMN6","2604","Y","Phosphorylation"
"KMT2B","Q9UMN6","2605","S","Phosphorylation"
"KMT2B","Q9UMN6","351","S","Phosphorylation"
"KMT2B","Q9UMN6","351","S","Phosphorylation"
"KMT2B","Q9UMN6","797","K","Ubiquitylation"
"KMT2B","Q9UMN6","821","S","Phosphorylation"
"KMT2B","Q9UMN6","821","S","Phosphorylation"
"KMT2B","Q9UMN6","844","S","Phosphorylation"
"KMT2B","Q9UMN6","844","S","Phosphorylation"
"KMT2B","Q9UMN6","848","S","Phosphorylation"
"KMT2B","Q9UMN6","857","S","Phosphorylation"
"KMT2B","Q9UMN6","861","S","Phosphorylation"
"KMT2B","Q9UMN6","861","S","Phosphorylation"
"KMT2B","Q9UMN6","926","K","Acetylation"
"KMT2B","Q9UMN6","926","K","Acetylation"
"KMT2E","Q8IZD2","1070","S","Phosphorylation"
"KMT2E","Q8IZD2","1405","S","Phosphorylation"
"KMT2E","Q8IZD2","1405","S","Phosphorylation"
"KMT2E","Q8IZD2","440","T","O-linked Glycosylation"
"KMT2E","Q8IZD2","440","T","O-linked Glycosylation"
"KMT2E","Q8IZD2","653","S","Phosphorylation"
"KMT2E","Q8IZD2","655","S","Phosphorylation"
"KMT2E","Q8IZD2","657","S","Phosphorylation"
"KMT2E","Q8IZD2","845","S","Phosphorylation"
"KMT2E","Q8IZD2","854","S","Phosphorylation"
"KMT2E","Q8IZD2","912","T","Phosphorylation"
"MTA1","Q13330","208","K","Ubiquitylation"
"MTA1","Q13330","32","K","Ubiquitylation"
"MTA1","Q13330","361","K","Ubiquitylation"
"MTA1","Q13330","386","S","Phosphorylation"
"MTA1","Q13330","386","S","Phosphorylation"
"MTA1","Q13330","446","S","Phosphorylation"
"MTA1","Q13330","449","S","Phosphorylation"
"MTA1","Q13330","449","S","Phosphorylation"
"MTA1","Q13330","467","T","Phosphorylation"
"MTA1","Q13330","467","T","Phosphorylation"
"MTA1","Q13330","509","K","Sumoylation"
"MTA1","Q13330","520","S","Phosphorylation"
"MTA1","Q13330","520","S","Phosphorylation"
"MTA1","Q13330","522","S","Phosphorylation"
"MTA1","Q13330","522","S","Phosphorylation"
"MTA1","Q13330","527","K","Ubiquitylation"
"MTA1","Q13330","561","S","Phosphorylation"
"MTA1","Q13330","562","S","Phosphorylation"
"MTA1","Q13330","564","T","Phosphorylation"
"MTA1","Q13330","564","T","Phosphorylation"
"MTA1","Q13330","576","S","Phosphorylation"
"MTA1","Q13330","576","S","Phosphorylation"
"MTA1","Q13330","578","T","Phosphorylation"
"MTA1","Q13330","578","T","Phosphorylation"
"MTA1","Q13330","626","K","Acetylation"
"MTA1","Q13330","639","S","Phosphorylation"
"MTA1","Q13330","659","Y","Phosphorylation"
"MTA2","O94776","152","K","Ubiquitylation"
"MTA2","O94776","152","K","Acetylation"
"MTA2","O94776","152","K","Acetylation"
"MTA2","O94776","22","Y","Phosphorylation"
"MTA2","O94776","32","K","Ubiquitylation"
"MTA2","O94776","332","K","Acetylation"
"MTA2","O94776","341","K","Acetylation"
"MTA2","O94776","433","S","Phosphorylation"
"MTA2","O94776","433","S","Phosphorylation"
"MTA2","O94776","435","S","Phosphorylation"
"MTA2","O94776","435","S","Phosphorylation"
"MTA2","O94776","437","Y","Phosphorylation"
"MTA2","O94776","438","T","Phosphorylation"
"MTA2","O94776","439","T","Phosphorylation"
"MTA2","O94776","440","S","Phosphorylation"
"MTA2","O94776","460","K","Ubiquitylation"
"MTA2","O94776","483","Y","Phosphorylation"
"MTA2","O94776","505","T","Phosphorylation"
"MTA2","O94776","505","T","Phosphorylation"
"MTA2","O94776","508","K","Ubiquitylation"
"MTA2","O94776","519","T","Phosphorylation"
"MTA2","O94776","522","K","Ubiquitylation"
"MTA2","O94776","534","T","Phosphorylation"
"MTA2","O94776","534","T","Phosphorylation"
"MTA2","O94776","54","S","Phosphorylation"
"MTA2","O94776","540","T","Phosphorylation"
"MTA2","O94776","540","T","Phosphorylation"
"MTA2","O94776","548","S","Phosphorylation"
"MTA2","O94776","57","S","Phosphorylation"
"MTA2","O94776","57","S","Phosphorylation"
"MTA2","O94776","611","K","Ubiquitylation"
"MTA2","O94776","71","K","Ubiquitylation"
"MTA3","Q9BTC8","428","S","Phosphorylation"
"MTA3","Q9BTC8","430","S","Phosphorylation"
"MTA3","Q9BTC8","432","T","Phosphorylation"
"MTA3","Q9BTC8","433","T","Phosphorylation"
"MTA3","Q9BTC8","455","T","Phosphorylation"
"MTA3","Q9BTC8","457","S","Phosphorylation"
"MTA3","Q9BTC8","517","S","Phosphorylation"
"MTA3","Q9BTC8","519","S","Phosphorylation"
"MTA3","Q9BTC8","52","S","Phosphorylation"
"MTA3","Q9BTC8","54","T","Phosphorylation"
"MTA3","Q9BTC8","61","K","Ubiquitylation"
"NAT10","Q9H0A0","173","T","Phosphorylation"
"NAT10","Q9H0A0","190","S","Phosphorylation"
"NAT10","Q9H0A0","274","K","Ubiquitylation"
"NAT10","Q9H0A0","426","K","Acetylation"
"NAT10","Q9H0A0","426","K","Acetylation"
"NAT10","Q9H0A0","435","S","Phosphorylation"
"NAT10","Q9H0A0","435","S","Phosphorylation"
"NAT10","Q9H0A0","443","T","Phosphorylation"
"NAT10","Q9H0A0","447","K","Ubiquitylation"
"NAT10","Q9H0A0","450","T","Phosphorylation"
"NAT10","Q9H0A0","589","S","Phosphorylation"
"NAT10","Q9H0A0","809","S","Phosphorylation"
"NAT10","Q9H0A0","823","K","Ubiquitylation"
"NAT10","Q9H0A0","904","K","Ubiquitylation"
"NAT10","Q9H0A0","932","T","Phosphorylation"
"NAT10","Q9H0A0","932","T","Phosphorylation"
"NAT10","Q9H0A0","934","S","Phosphorylation"
"NAT10","Q9H0A0","934","S","Phosphorylation"
"NAT10","Q9H0A0","957","S","Phosphorylation"
"NAT10","Q9H0A0","984","S","Phosphorylation"
"NAT10","Q9H0A0","984","S","Phosphorylation"
"NAT10","Q9H0A0","987","S","Phosphorylation"
"NAT10","Q9H0A0","987","S","Phosphorylation"
"NAT10","Q9H0A0","990","S","Phosphorylation"
"NCOA1","Q15788","1006","S","Phosphorylation"
"NCOA1","Q15788","1026","T","Phosphorylation"
"NCOA1","Q15788","103","S","Phosphorylation"
"NCOA1","Q15788","103","S","Phosphorylation"
"NCOA1","Q15788","1033","S","Phosphorylation"
"NCOA1","Q15788","1033","S","Phosphorylation"
"NCOA1","Q15788","1179","T","Phosphorylation"
"NCOA1","Q15788","1179","T","Phosphorylation (MAPK1)"
"NCOA1","Q15788","1179","T","Phosphorylation"
"NCOA1","Q15788","1179","T","Phosphorylation"
"NCOA1","Q15788","1185","S","Phosphorylation"
"NCOA1","Q15788","1185","S","Phosphorylation (MAPK1)"
"NCOA1","Q15788","1185","S","Phosphorylation"
"NCOA1","Q15788","1185","S","Phosphorylation"
"NCOA1","Q15788","1250","S","Phosphorylation"
"NCOA1","Q15788","1271","T","Phosphorylation"
"NCOA1","Q15788","1279","S","Phosphorylation"
"NCOA1","Q15788","1426","T","Phosphorylation"
"NCOA1","Q15788","2","S","Acetylation"
"NCOA1","Q15788","2","S","Phosphorylation"
"NCOA1","Q15788","209","T","Phosphorylation"
"NCOA1","Q15788","22","S","Phosphorylation"
"NCOA1","Q15788","22","S","Phosphorylation"
"NCOA1","Q15788","26","T","Phosphorylation"
"NCOA1","Q15788","325","S","Phosphorylation"
"NCOA1","Q15788","372","S","Phosphorylation"
"NCOA1","Q15788","372","S","Phosphorylation"
"NCOA1","Q15788","395","S","Phosphorylation"
"NCOA1","Q15788","395","S","Phosphorylation (MAPK1)"
"NCOA1","Q15788","395","S","Phosphorylation"
"NCOA1","Q15788","395","S","Phosphorylation"
"NCOA1","Q15788","488","S","Phosphorylation"
"NCOA1","Q15788","517","S","Phosphorylation"
"NCOA1","Q15788","517","S","Phosphorylation"
"NCOA1","Q15788","565","S","Phosphorylation"
"NCOA1","Q15788","566","S","Phosphorylation"
"NCOA1","Q15788","569","S","Phosphorylation"
"NCOA1","Q15788","569","S","Phosphorylation"
"NCOA1","Q15788","582","S","Phosphorylation"
"NCOA1","Q15788","659","S","Phosphorylation"
"NCOA1","Q15788","661","T","Phosphorylation"
"NCOA1","Q15788","663","T","Phosphorylation"
"NCOA1","Q15788","664","S","Phosphorylation"
"NCOA1","Q15788","681","S","Phosphorylation"
"NCOA1","Q15788","684","T","Phosphorylation"
"NCOA1","Q15788","732","K","Sumoylation"
"NCOA1","Q15788","732","K","Sumoylation"
"NCOA1","Q15788","774","K","Sumoylation"
"NCOA1","Q15788","774","K","Sumoylation"
"NCOA1","Q15788","789","T","Phosphorylation"
"NCOA1","Q15788","979","T","Phosphorylation"
"NCOA1","Q15788","997","S","Phosphorylation"
"NCOA3","Q9Y6Q9","101","S","Phosphorylation"
"NCOA3","Q9Y6Q9","102","S","Phosphorylation"
"NCOA3","Q9Y6Q9","1033","S","Phosphorylation"
"NCOA3","Q9Y6Q9","1042","S","Phosphorylation"
"NCOA3","Q9Y6Q9","1048","S","Phosphorylation"
"NCOA3","Q9Y6Q9","1059","T","Phosphorylation"
"NCOA3","Q9Y6Q9","1062","S","Phosphorylation"
"NCOA3","Q9Y6Q9","1064","T","Phosphorylation"
"NCOA3","Q9Y6Q9","1067","T","Phosphorylation"
"NCOA3","Q9Y6Q9","1091","K","Methylation"
"NCOA3","Q9Y6Q9","1114","T","Phosphorylation"
"NCOA3","Q9Y6Q9","1194","K","Sumoylation"
"NCOA3","Q9Y6Q9","1329","S","Phosphorylation"
"NCOA3","Q9Y6Q9","1330","S","Phosphorylation"
"NCOA3","Q9Y6Q9","1357","Y","Phosphorylation"
"NCOA3","Q9Y6Q9","214","S","Phosphorylation"
"NCOA3","Q9Y6Q9","214","S","Phosphorylation"
"NCOA3","Q9Y6Q9","24","T","Phosphorylation"
"NCOA3","Q9Y6Q9","251","R","Methylation"
"NCOA3","Q9Y6Q9","274","S","Phosphorylation"
"NCOA3","Q9Y6Q9","282","T","Phosphorylation"
"NCOA3","Q9Y6Q9","284","S","Phosphorylation"
"NCOA3","Q9Y6Q9","287","S","Phosphorylation"
"NCOA3","Q9Y6Q9","288","S","Phosphorylation"
"NCOA3","Q9Y6Q9","429","S","Phosphorylation"
"NCOA3","Q9Y6Q9","505","S","Phosphorylation"
"NCOA3","Q9Y6Q9","505","S","Phosphorylation (MAPK14)"
"NCOA3","Q9Y6Q9","509","S","Phosphorylation"
"NCOA3","Q9Y6Q9","543","S","Phosphorylation"
"NCOA3","Q9Y6Q9","543","S","Phosphorylation (MAPK14)"
"NCOA3","Q9Y6Q9","551","S","Phosphorylation"
"NCOA3","Q9Y6Q9","551","S","Phosphorylation"
"NCOA3","Q9Y6Q9","601","S","Phosphorylation"
"NCOA3","Q9Y6Q9","601","S","Phosphorylation"
"NCOA3","Q9Y6Q9","616","K","Acetylation"
"NCOA3","Q9Y6Q9","616","K","Acetylation"
"NCOA3","Q9Y6Q9","619","K","Acetylation"
"NCOA3","Q9Y6Q9","619","K","Acetylation"
"NCOA3","Q9Y6Q9","620","K","Acetylation"
"NCOA3","Q9Y6Q9","620","K","Acetylation"
"NCOA3","Q9Y6Q9","687","K","Acetylation"
"NCOA3","Q9Y6Q9","687","K","Acetylation"
"NCOA3","Q9Y6Q9","694","S","Phosphorylation"
"NCOA3","Q9Y6Q9","723","K","Sumoylation"
"NCOA3","Q9Y6Q9","728","S","Phosphorylation"
"NCOA3","Q9Y6Q9","728","S","Phosphorylation"
"NCOA3","Q9Y6Q9","786","K","Sumoylation"
"NCOA3","Q9Y6Q9","840","K","Methylation"
"NCOA3","Q9Y6Q9","857","S","Phosphorylation"
"NCOA3","Q9Y6Q9","857","S","Phosphorylation (CHUK)"
"NCOA3","Q9Y6Q9","857","S","Phosphorylation (IKBKB)"
"NCOA3","Q9Y6Q9","857","S","Phosphorylation"
"NCOA3","Q9Y6Q9","860","S","Phosphorylation"
"NCOA3","Q9Y6Q9","860","S","Phosphorylation (MAPK14)"
"NCOA3","Q9Y6Q9","863","S","Phosphorylation"
"NCOA3","Q9Y6Q9","866","S","Phosphorylation"
"NCOA3","Q9Y6Q9","867","S","Phosphorylation"
"NCOA3","Q9Y6Q9","867","S","Phosphorylation (MAPK14)"
"NCOA3","Q9Y6Q9","867","S","Phosphorylation"
"MGEA5","O60502","240","K","Ubiquitylation"
"MGEA5","O60502","257","K","Ubiquitylation"
"MGEA5","O60502","268","S","Phosphorylation"
"MGEA5","O60502","297","K","Ubiquitylation"
"MGEA5","O60502","364","S","Phosphorylation"
"MGEA5","O60502","364","S","Phosphorylation"
"MGEA5","O60502","370","T","Phosphorylation"
"MGEA5","O60502","405","S","O-linked Glycosylation"
"MGEA5","O60502","709","T","Phosphorylation"
"MGEA5","O60502","723","K","Ubiquitylation"
"MGEA5","O60502","859","S","Phosphorylation"
"MGEA5","O60502","867","S","Phosphorylation"
"MGEA5","O60502","87","K","Ubiquitylation"
"MGEA5","O60502","873","S","Phosphorylation"
"MGEA5","O60502","896","C","S-nitrosylation"
"NFRKB","Q6P4R8","1022","S","Phosphorylation"
"NFRKB","Q6P4R8","1027","S","Phosphorylation"
"NFRKB","Q6P4R8","1035","T","Phosphorylation"
"NFRKB","Q6P4R8","1199","S","Phosphorylation"
"NFRKB","Q6P4R8","1202","T","Phosphorylation"
"NFRKB","Q6P4R8","1230","T","Phosphorylation"
"NFRKB","Q6P4R8","1237","K","Acetylation"
"NFRKB","Q6P4R8","1237","K","Acetylation"
"NFRKB","Q6P4R8","1273","T","O-linked Glycosylation"
"NFRKB","Q6P4R8","1291","S","Phosphorylation"
"NFRKB","Q6P4R8","1291","S","Phosphorylation"
"NFRKB","Q6P4R8","148","K","Ubiquitylation"
"NFRKB","Q6P4R8","148","K","Acetylation"
"NFRKB","Q6P4R8","176","S","Phosphorylation"
"NFRKB","Q6P4R8","176","S","Phosphorylation"
"NFRKB","Q6P4R8","178","S","Phosphorylation"
"NFRKB","Q6P4R8","226","S","Phosphorylation"
"NFRKB","Q6P4R8","226","S","Phosphorylation"
"NFRKB","Q6P4R8","228","S","Phosphorylation"
"NFRKB","Q6P4R8","228","S","Phosphorylation"
"NFRKB","Q6P4R8","298","S","Phosphorylation"
"NFRKB","Q6P4R8","298","S","Phosphorylation"
"NFRKB","Q6P4R8","351","S","Phosphorylation"
"NFRKB","Q6P4R8","351","S","Phosphorylation"
"NFRKB","Q6P4R8","376","S","Phosphorylation"
"NFRKB","Q6P4R8","376","S","Phosphorylation"
"NFRKB","Q6P4R8","499","T","Phosphorylation"
"NFRKB","Q6P4R8","750","T","O-linked Glycosylation"
"NFRKB","Q6P4R8","768","T","Phosphorylation"
"NFRKB","Q6P4R8","777","S","Phosphorylation"
"NFRKB","Q6P4R8","780","S","Phosphorylation"
"NFRKB","Q6P4R8","799","S","Phosphorylation"
"NFRKB","Q6P4R8","799","S","Phosphorylation"
"NFRKB","Q6P4R8","803","S","Phosphorylation"
"NFRKB","Q6P4R8","803","S","Phosphorylation"
"NFRKB","Q6P4R8","841","T","O-linked Glycosylation"
"NFRKB","Q6P4R8","866","T","O-linked Glycosylation"
"NSD1","Q96L73","1024","S","Phosphorylation"
"NSD1","Q96L73","1027","S","Phosphorylation"
"NSD1","Q96L73","1338","T","Phosphorylation"
"NSD1","Q96L73","1815","Y","Phosphorylation"
"NSD1","Q96L73","2086","K","Acetylation"
"NSD1","Q96L73","209","S","Phosphorylation"
"NSD1","Q96L73","2095","K","Acetylation"
"NSD1","Q96L73","2109","T","Phosphorylation"
"NSD1","Q96L73","217","S","Phosphorylation"
"NSD1","Q96L73","2330","S","Phosphorylation"
"NSD1","Q96L73","2369","S","Phosphorylation"
"NSD1","Q96L73","2374","S","Phosphorylation"
"NSD1","Q96L73","2378","T","Phosphorylation"
"NSD1","Q96L73","2462","T","Phosphorylation"
"NSD1","Q96L73","2471","S","Phosphorylation"
"NSD1","Q96L73","2471","S","Phosphorylation"
"NSD1","Q96L73","2573","S","Phosphorylation"
"NSD1","Q96L73","2599","S","Phosphorylation"
"NSD1","Q96L73","316","S","Phosphorylation"
"NSD1","Q96L73","483","S","Phosphorylation"
"NSD1","Q96L73","483","S","Phosphorylation"
"NSD1","Q96L73","486","S","Phosphorylation"
"NSD1","Q96L73","486","S","Phosphorylation"
"NSD1","Q96L73","758","S","Phosphorylation"
"NSD1","Q96L73","766","S","Phosphorylation"
"NSD1","Q96L73","780","S","Phosphorylation"
"NSD1","Q96L73","822","S","Phosphorylation"
"NSD1","Q96L73","865","K","Ubiquitylation"
"NSD1","Q96L73","886","K","Ubiquitylation"
"NSD1","Q96L73","936","Y","Phosphorylation"
"NSD1","Q96L73","938","S","Phosphorylation"
"NSD1","Q96L73","961","S","Phosphorylation"
"NSD1","Q96L73","962","T","Phosphorylation"
"WHSC1","O96028","102","S","Phosphorylation"
"WHSC1","O96028","102","S","Phosphorylation"
"WHSC1","O96028","110","T","Phosphorylation"
"WHSC1","O96028","110","T","Phosphorylation"
"WHSC1","O96028","114","T","Phosphorylation"
"WHSC1","O96028","114","T","Phosphorylation"
"WHSC1","O96028","115","T","Phosphorylation"
"WHSC1","O96028","115","T","Phosphorylation"
"WHSC1","O96028","121","S","Phosphorylation"
"WHSC1","O96028","121","S","Phosphorylation"
"WHSC1","O96028","172","S","Phosphorylation"
"WHSC1","O96028","175","Y","Phosphorylation"
"WHSC1","O96028","177","S","Phosphorylation"
"WHSC1","O96028","376","S","Phosphorylation"
"WHSC1","O96028","376","S","Phosphorylation"
"WHSC1","O96028","377","S","Phosphorylation"
"WHSC1","O96028","380","S","Phosphorylation"
"WHSC1","O96028","407","S","Phosphorylation"
"WHSC1","O96028","422","T","Phosphorylation"
"WHSC1","O96028","437","S","Phosphorylation"
"WHSC1","O96028","437","S","Phosphorylation"
"WHSC1","O96028","495","S","Phosphorylation"
"WHSC1","O96028","544","T","Phosphorylation"
"WHSC1","O96028","544","T","Phosphorylation"
"WHSC1","O96028","56","S","Phosphorylation"
"WHSC1","O96028","580","S","Phosphorylation"
"WHSC1","O96028","583","S","Phosphorylation"
"WHSC1","O96028","587","T","Phosphorylation"
"WHSC1","O96028","779","K","Acetylation"
"WHSC1","O96028","779","K","Acetylation"
"WHSC1","O96028","781","K","Acetylation"
"WHSC1","O96028","781","K","Acetylation"
"WHSC1L1","Q9BZ95","1065","K","Ubiquitylation"
"WHSC1L1","Q9BZ95","1391","K","Acetylation"
"WHSC1L1","Q9BZ95","1406","S","Phosphorylation"
"WHSC1L1","Q9BZ95","1415","S","Phosphorylation"
"WHSC1L1","Q9BZ95","150","S","Phosphorylation"
"WHSC1L1","Q9BZ95","424","S","Phosphorylation"
"WHSC1L1","Q9BZ95","556","T","Phosphorylation"
"WHSC1L1","Q9BZ95","556","T","Phosphorylation"
"WHSC1L1","Q9BZ95","561","S","Phosphorylation"
"WHSC1L1","Q9BZ95","571","S","Phosphorylation"
"WHSC1L1","Q9BZ95","571","S","Phosphorylation"
"WHSC1L1","Q9BZ95","587","S","Phosphorylation"
"WHSC1L1","Q9BZ95","590","S","Phosphorylation"
"WHSC1L1","Q9BZ95","637","S","Phosphorylation"
"WHSC1L1","Q9BZ95","638","T","Phosphorylation"
"WHSC1L1","Q9BZ95","671","S","Phosphorylation"
"WHSC1L1","Q9BZ95","790","K","Acetylation"
"WHSC1L1","Q9BZ95","790","K","Acetylation"
"PHF2","O75151","1056","S","Phosphorylation"
"PHF2","O75151","1056","S","Phosphorylation"
"PHF2","O75151","1058","S","Phosphorylation"
"PHF2","O75151","1059","S","Phosphorylation"
"PHF2","O75151","162","T","Phosphorylation"
"PHF2","O75151","175","K","Ubiquitylation"
"PHF2","O75151","427","K","Ubiquitylation"
"PHF2","O75151","458","S","Phosphorylation"
"PHF2","O75151","459","S","Phosphorylation"
"PHF2","O75151","474","S","Phosphorylation"
"PHF2","O75151","479","T","Phosphorylation"
"PHF2","O75151","537","S","Phosphorylation"
"PHF2","O75151","539","S","Phosphorylation"
"PHF2","O75151","539","S","Phosphorylation"
"PHF2","O75151","541","T","Phosphorylation"
"PHF2","O75151","625","S","Phosphorylation"
"PHF2","O75151","640","S","Phosphorylation"
"PHF2","O75151","654","T","Phosphorylation"
"PHF2","O75151","655","S","Phosphorylation"
"PHF2","O75151","677","Y","Phosphorylation"
"PHF2","O75151","681","S","Phosphorylation"
"PHF2","O75151","705","S","Phosphorylation"
"PHF2","O75151","730","S","Phosphorylation"
"PHF2","O75151","733","S","Phosphorylation"
"PHF2","O75151","734","S","Phosphorylation"
"PHF2","O75151","738","S","Phosphorylation"
"PHF2","O75151","757","S","Phosphorylation"
"PHF2","O75151","879","S","Phosphorylation"
"PHF2","O75151","882","S","Phosphorylation"
"PHF2","O75151","882","S","Phosphorylation"
"PHF2","O75151","899","S","Phosphorylation"
"PHF2","O75151","899","S","Phosphorylation"
"PHF2","O75151","904","Y","Phosphorylation"
"PHF2","O75151","905","S","Phosphorylation"
"PHF2","O75151","954","S","Phosphorylation"
"PHF8","Q9UPP1","1021","S","Phosphorylation"
"PHF8","Q9UPP1","120","S","Phosphorylation"
"PHF8","Q9UPP1","120","S","Phosphorylation"
"PHF8","Q9UPP1","303","Y","Phosphorylation"
"PHF8","Q9UPP1","621","S","Phosphorylation"
"PHF8","Q9UPP1","651","S","Phosphorylation"
"PHF8","Q9UPP1","69","S","Phosphorylation"
"PHF8","Q9UPP1","69","S","Phosphorylation"
"PHF8","Q9UPP1","704","Y","Phosphorylation"
"PHF8","Q9UPP1","705","T","Phosphorylation"
"PHF8","Q9UPP1","705","T","Phosphorylation"
"PHF8","Q9UPP1","706","T","Phosphorylation"
"PHF8","Q9UPP1","706","T","Phosphorylation"
"PHF8","Q9UPP1","722","S","Phosphorylation"
"PHF8","Q9UPP1","722","S","Phosphorylation"
"PHF8","Q9UPP1","753","S","Phosphorylation"
"PHF8","Q9UPP1","790","S","Phosphorylation"
"PHF8","Q9UPP1","804","S","Phosphorylation"
"PHF8","Q9UPP1","804","S","Phosphorylation"
"PHF8","Q9UPP1","826","S","Phosphorylation"
"PHF8","Q9UPP1","834","S","Phosphorylation"
"PHF8","Q9UPP1","852","Y","Phosphorylation"
"PHF8","Q9UPP1","854","S","Phosphorylation"
"PHF8","Q9UPP1","854","S","Phosphorylation"
"PHF8","Q9UPP1","857","S","Phosphorylation"
"PHF8","Q9UPP1","857","S","Phosphorylation"
"PHF8","Q9UPP1","880","S","Phosphorylation"
"PHF8","Q9UPP1","880","S","Phosphorylation"
"PHF8","Q9UPP1","904","S","Phosphorylation"
"PHF8","Q9UPP1","907","T","Phosphorylation"
"PRDM2","Q13029","1065","S","Phosphorylation"
"PRDM2","Q13029","1255","T","Phosphorylation"
"PRDM2","Q13029","1256","S","Phosphorylation"
"PRDM2","Q13029","1266","S","Phosphorylation"
"PRDM2","Q13029","1491","S","Phosphorylation"
"PRDM2","Q13029","421","S","Phosphorylation"
"PRDM2","Q13029","423","T","Phosphorylation"
"PRDM2","Q13029","427","S","Phosphorylation"
"PRDM2","Q13029","442","S","Phosphorylation"
"PRDM2","Q13029","641","T","Phosphorylation"
"PRDM2","Q13029","641","T","Phosphorylation"
"PRDM2","Q13029","643","S","Phosphorylation"
"PRDM2","Q13029","643","S","Phosphorylation"
"PRDM2","Q13029","737","T","Phosphorylation"
"PRDM2","Q13029","738","S","Phosphorylation"
"PRDM2","Q13029","739","S","Phosphorylation"
"PRDM2","Q13029","739","S","Phosphorylation"
"PRDM2","Q13029","743","S","Phosphorylation"
"PRDM2","Q13029","743","S","Phosphorylation"
"PRDM2","Q13029","747","S","Phosphorylation"
"PRDM2","Q13029","896","Y","Phosphorylation"
"PRDM2","Q13029","910","T","Phosphorylation"
"PRDM2","Q13029","914","S","Phosphorylation"
"PRDM9","Q9NQV7","844","K","Acetylation"
"RBBP4","Q09028","110","S","Phosphorylation"
"RBBP4","Q09028","110","S","Phosphorylation"
"RBBP4","Q09028","146","S","Phosphorylation"
"RBBP4","Q09028","146","S","Phosphorylation"
"RBBP4","Q09028","2","A","Acetylation"
"RBBP4","Q09028","22","K","Acetylation"
"RBBP4","Q09028","348","S","Phosphorylation"
"RBBP4","Q09028","355","S","Phosphorylation"
"RBBP4","Q09028","4","K","Ubiquitylation"
"RBBP4","Q09028","4","K","Ubiquitylation"
"RBBP4","Q09028","4","K","Acetylation"
"RBBP4","Q09028","4","K","Acetylation"
"RBBP7","Q16576","119","K","Acetylation"
"RBBP7","Q16576","119","K","Acetylation"
"RBBP7","Q16576","142","K","Ubiquitylation"
"RBBP7","Q16576","2","A","Acetylation"
"RBBP7","Q16576","21","K","Acetylation"
"RBBP7","Q16576","3","S","Phosphorylation"
"RBBP7","Q16576","3","S","Phosphorylation"
"RBBP7","Q16576","316","K","Ubiquitylation"
"RBBP7","Q16576","348","K","Ubiquitylation"
"RBBP7","Q16576","354","S","Phosphorylation"
"RBBP7","Q16576","354","S","Phosphorylation"
"RBBP7","Q16576","4","K","Ubiquitylation"
"RBBP7","Q16576","4","K","Ubiquitylation"
"RBBP7","Q16576","4","K","Acetylation"
"RBBP7","Q16576","4","K","Acetylation"
"RBBP7","Q16576","413","S","Phosphorylation"
"RBBP7","Q16576","413","S","Phosphorylation"
"RBBP7","Q16576","416","T","Phosphorylation"
"RBBP7","Q16576","416","T","Phosphorylation"
"RBBP7","Q16576","95","S","Phosphorylation"
"RBBP7","Q16576","98","D","Caspase"
"RING1","Q06587","12","K","Ubiquitylation"
"RING1","Q06587","140","S","Phosphorylation"
"RING1","Q06587","163","S","Phosphorylation"
"RING1","Q06587","166","T","Phosphorylation"
"RING1","Q06587","187","S","Phosphorylation"
"RING1","Q06587","187","S","Phosphorylation"
"RING1","Q06587","188","S","Phosphorylation"
"RING1","Q06587","188","S","Phosphorylation"
"RING1","Q06587","190","S","Phosphorylation"
"RING1","Q06587","190","S","Phosphorylation"
"RING1","Q06587","194","S","Phosphorylation"
"RING1","Q06587","211","S","Phosphorylation"
"RING1","Q06587","215","T","Phosphorylation"
"RING1","Q06587","220","T","Phosphorylation"
"RING1","Q06587","220","T","Phosphorylation"
"RING1","Q06587","229","S","Phosphorylation"
"RING1","Q06587","238","T","Phosphorylation"
"RING1","Q06587","248","S","Phosphorylation"
"RING1","Q06587","254","S","Phosphorylation"
"RING1","Q06587","275","K","Ubiquitylation"
"RING1","Q06587","297","K","Ubiquitylation"
"RING1","Q06587","38","S","Phosphorylation"
"RING1","Q06587","38","S","Phosphorylation"
"RING1","Q06587","398","C","S-nitrosylation"
"RUVBL1","Q9Y265","153","T","Phosphorylation"
"RUVBL1","Q9Y265","163","T","Phosphorylation"
"RUVBL1","Q9Y265","171","K","Ubiquitylation"
"RUVBL1","Q9Y265","182","K","Ubiquitylation"
"RUVBL1","Q9Y265","2","K","Acetylation"
"RUVBL1","Q9Y265","2","K","Acetylation"
"RUVBL1","Q9Y265","201","K","Ubiquitylation"
"RUVBL1","Q9Y265","22","K","Ubiquitylation"
"RUVBL1","Q9Y265","225","K","Sumoylation"
"RUVBL1","Q9Y265","281","K","Ubiquitylation"
"RUVBL1","Q9Y265","33","K","Ubiquitylation"
"RUVBL1","Q9Y265","363","T","Phosphorylation"
"RUVBL1","Q9Y265","400","K","Ubiquitylation"
"RUVBL1","Q9Y265","445","K","Ubiquitylation"
"RUVBL1","Q9Y265","453","K","Acetylation"
"RUVBL1","Q9Y265","453","K","Acetylation"
"RUVBL1","Q9Y265","76","K","Ubiquitylation"
"RUVBL2","Q9Y230","164","K","Ubiquitylation"
"RUVBL2","Q9Y230","184","K","Ubiquitylation"
"RUVBL2","Q9Y230","186","K","Ubiquitylation"
"RUVBL2","Q9Y230","197","K","Ubiquitylation"
"RUVBL2","Q9Y230","2","A","Acetylation"
"RUVBL2","Q9Y230","215","Y","Phosphorylation"
"RUVBL2","Q9Y230","220","S","Phosphorylation"
"RUVBL2","Q9Y230","220","S","Phosphorylation"
"RUVBL2","Q9Y230","234","K","Ubiquitylation"
"RUVBL2","Q9Y230","26","S","Phosphorylation"
"RUVBL2","Q9Y230","262","S","Phosphorylation"
"RUVBL2","Q9Y230","265","T","Phosphorylation"
"RUVBL2","Q9Y230","269","K","Ubiquitylation"
"RUVBL2","Q9Y230","279","K","Ubiquitylation"
"RUVBL2","Q9Y230","3","T","Phosphorylation"
"RUVBL2","Q9Y230","338","T","Phosphorylation"
"RUVBL2","Q9Y230","339","S","Phosphorylation"
"RUVBL2","Q9Y230","340","Y","Phosphorylation"
"RUVBL2","Q9Y230","365","K","Ubiquitylation"
"RUVBL2","Q9Y230","368","K","Ubiquitylation"
"RUVBL2","Q9Y230","417","K","Ubiquitylation"
"RUVBL2","Q9Y230","427","K","Ubiquitylation"
"RUVBL2","Q9Y230","430","Y","Phosphorylation"
"RUVBL2","Q9Y230","431","S","Phosphorylation"
"RUVBL2","Q9Y230","444","K","Ubiquitylation"
"RUVBL2","Q9Y230","456","K","Sumoylation"
"RUVBL2","Q9Y230","456","K","Ubiquitylation"
"RUVBL2","Q9Y230","81","T","Phosphorylation"
"RUVBL2","Q9Y230","9","K","Ubiquitylation"
"SETD1A","O15047","1103","S","Phosphorylation"
"SETD1A","O15047","1216","S","Phosphorylation"
"SETD1A","O15047","366","Y","Phosphorylation"
"SETD1A","O15047","464","S","Phosphorylation"
"SETD1A","O15047","468","S","Phosphorylation"
"SETD1A","O15047","468","S","Phosphorylation"
"SETD1A","O15047","470","S","Phosphorylation"
"SETD1A","O15047","470","S","Phosphorylation"
"SETD1A","O15047","476","T","Phosphorylation"
"SETD1A","O15047","504","S","Phosphorylation"
"SETD1A","O15047","508","S","Phosphorylation"
"SETD1A","O15047","508","S","Phosphorylation"
"SETD1A","O15047","510","T","Phosphorylation"
"SETD1A","O15047","540","T","Phosphorylation"
"SETD1A","O15047","562","T","Phosphorylation"
"SETD1A","O15047","565","S","Phosphorylation"
"SETD1A","O15047","904","S","Phosphorylation"
"SETD1A","O15047","907","S","Phosphorylation"
"SETD1A","O15047","915","S","Phosphorylation"
"SETD1A","O15047","916","T","Phosphorylation"
"SETD1A","O15047","916","T","Phosphorylation"
"SETD1A","O15047","958","S","Phosphorylation"
"SETD1A","O15047","963","S","Phosphorylation"
"SETD1A","O15047","969","S","Phosphorylation"
"SETD1A","O15047","972","S","Phosphorylation"
"SETD1A","O15047","973","S","Phosphorylation"
"SETD1B","Q9UPS6","1616","S","Phosphorylation"
"SETD1B","Q9UPS6","1616","S","Phosphorylation"
"SETD1B","Q9UPS6","1620","S","Phosphorylation"
"SETD1B","Q9UPS6","1620","S","Phosphorylation"
"SETD1B","Q9UPS6","1790","K","Acetylation"
"SETD1B","Q9UPS6","994","S","Phosphorylation"
"SETDB1","Q15047","1025","S","Phosphorylation"
"SETDB1","Q15047","1066","S","Phosphorylation"
"SETDB1","Q15047","1066","S","Phosphorylation"
"SETDB1","Q15047","110","S","Phosphorylation"
"SETDB1","Q15047","1101","T","Phosphorylation"
"SETDB1","Q15047","1103","S","Phosphorylation"
"SETDB1","Q15047","1104","S","Phosphorylation"
"SETDB1","Q15047","1106","T","Phosphorylation"
"SETDB1","Q15047","1108","S","Phosphorylation"
"SETDB1","Q15047","111","S","Phosphorylation"
"SETDB1","Q15047","1119","T","Phosphorylation"
"SETDB1","Q15047","112","S","Phosphorylation"
"SETDB1","Q15047","1124","S","Phosphorylation"
"SETDB1","Q15047","1130","S","Phosphorylation"
"SETDB1","Q15047","1135","T","Phosphorylation"
"SETDB1","Q15047","1137","S","Phosphorylation"
"SETDB1","Q15047","1138","S","Phosphorylation"
"SETDB1","Q15047","1140","S","Phosphorylation"
"SETDB1","Q15047","1179","S","Phosphorylation"
"SETDB1","Q15047","1179","S","Phosphorylation"
"SETDB1","Q15047","1180","T","Phosphorylation"
"SETDB1","Q15047","1180","T","Phosphorylation"
"SETDB1","Q15047","1190","S","Phosphorylation"
"SETDB1","Q15047","1190","S","Phosphorylation"
"SETDB1","Q15047","1197","T","Phosphorylation"
"SETDB1","Q15047","134","S","Phosphorylation"
"SETDB1","Q15047","137","S","Phosphorylation"
"SETDB1","Q15047","175","S","Phosphorylation"
"SETDB1","Q15047","175","S","Phosphorylation"
"SETDB1","Q15047","182","K","Ubiquitylation"
"SETDB1","Q15047","182","K","Ubiquitylation"
"SETDB1","Q15047","230","Y","Phosphorylation"
"SETDB1","Q15047","468","S","Phosphorylation"
"SETDB1","Q15047","474","S","Phosphorylation"
"SETDB1","Q15047","501","S","Phosphorylation"
"SETDB1","Q15047","504","S","Phosphorylation"
"SETDB1","Q15047","505","S","Phosphorylation"
"SETDB1","Q15047","507","T","Phosphorylation"
"SETDB1","Q15047","59","K","Ubiquitylation"
"SETDB1","Q15047","597","K","Ubiquitylation"
"SETDB1","Q15047","838","T","Phosphorylation"
"SETDB1","Q15047","838","T","Phosphorylation"
"SETDB1","Q15047","862","S","Phosphorylation"
"SETDB1","Q15047","872","S","Phosphorylation"
"SETDB1","Q15047","905","S","Phosphorylation"
"SETDB1","Q15047","906","S","Phosphorylation"
"SETD2","Q9BYW2","1084","S","Phosphorylation"
"SETD2","Q9BYW2","1206","S","Phosphorylation"
"SETD2","Q9BYW2","1228","S","Phosphorylation"
"SETD2","Q9BYW2","1228","S","Phosphorylation"
"SETD2","Q9BYW2","123","T","Phosphorylation"
"SETD2","Q9BYW2","130","S","Phosphorylation"
"SETD2","Q9BYW2","131","S","Phosphorylation"
"SETD2","Q9BYW2","131","S","Phosphorylation"
"SETD2","Q9BYW2","1413","S","Phosphorylation"
"SETD2","Q9BYW2","1413","S","Phosphorylation"
"SETD2","Q9BYW2","1415","S","Phosphorylation"
"SETD2","Q9BYW2","1415","S","Phosphorylation"
"SETD2","Q9BYW2","1417","S","Phosphorylation"
"SETD2","Q9BYW2","1417","S","Phosphorylation"
"SETD2","Q9BYW2","1472","Y","Phosphorylation"
"SETD2","Q9BYW2","1481","Y","Phosphorylation"
"SETD2","Q9BYW2","153","S","Phosphorylation"
"SETD2","Q9BYW2","1844","S","Phosphorylation"
"SETD2","Q9BYW2","1845","S","Phosphorylation"
"SETD2","Q9BYW2","1853","T","Phosphorylation"
"SETD2","Q9BYW2","1870","T","Phosphorylation"
"SETD2","Q9BYW2","1872","T","Phosphorylation"
"SETD2","Q9BYW2","1872","T","Phosphorylation"
"SETD2","Q9BYW2","1888","S","Phosphorylation"
"SETD2","Q9BYW2","1898","S","Phosphorylation"
"SETD2","Q9BYW2","1952","S","Phosphorylation"
"SETD2","Q9BYW2","1980","S","Phosphorylation"
"SETD2","Q9BYW2","1988","S","Phosphorylation"
"SETD2","Q9BYW2","1992","S","Phosphorylation"
"SETD2","Q9BYW2","1995","S","Phosphorylation"
"SETD2","Q9BYW2","2079","S","Phosphorylation"
"SETD2","Q9BYW2","2080","S","Phosphorylation"
"SETD2","Q9BYW2","2080","S","Phosphorylation"
"SETD2","Q9BYW2","2082","S","Phosphorylation"
"SETD2","Q9BYW2","2082","S","Phosphorylation"
"SETD2","Q9BYW2","2085","S","Phosphorylation"
"SETD2","Q9BYW2","321","S","Phosphorylation"
"SETD2","Q9BYW2","321","S","Phosphorylation"
"SETD2","Q9BYW2","323","S","Phosphorylation"
"SETD2","Q9BYW2","323","S","Phosphorylation"
"SETD2","Q9BYW2","458","S","Phosphorylation"
"SETD2","Q9BYW2","459","S","Phosphorylation"
"SETD2","Q9BYW2","461","S","Phosphorylation"
"SETD2","Q9BYW2","532","S","Phosphorylation"
"SETD2","Q9BYW2","532","S","Phosphorylation"
"SETD2","Q9BYW2","555","Y","Phosphorylation"
"SETD2","Q9BYW2","614","S","Phosphorylation"
"SETD2","Q9BYW2","614","S","Phosphorylation"
"SETD2","Q9BYW2","624","S","Phosphorylation"
"SETD2","Q9BYW2","624","S","Phosphorylation"
"SETD2","Q9BYW2","626","T","Phosphorylation"
"SETD2","Q9BYW2","626","T","Phosphorylation"
"SETD2","Q9BYW2","654","S","Phosphorylation"
"SETD2","Q9BYW2","656","S","Phosphorylation"
"SETD2","Q9BYW2","698","S","Phosphorylation"
"SETD2","Q9BYW2","701","S","Phosphorylation"
"SETD2","Q9BYW2","708","S","Phosphorylation"
"SETD2","Q9BYW2","708","S","Phosphorylation"
"SETD2","Q9BYW2","725","S","Phosphorylation"
"SETD2","Q9BYW2","742","S","Phosphorylation"
"SETD2","Q9BYW2","742","S","Phosphorylation"
"SETD2","Q9BYW2","744","S","Phosphorylation"
"SETD2","Q9BYW2","744","S","Phosphorylation"
"SETD2","Q9BYW2","749","T","Phosphorylation"
"SETD2","Q9BYW2","754","S","Phosphorylation"
"SETD2","Q9BYW2","754","S","Phosphorylation"
"SETD2","Q9BYW2","905","S","Phosphorylation"
"SETD2","Q9BYW2","905","S","Phosphorylation"
"SETD2","Q9BYW2","914","S","Phosphorylation"
"SETD3","Q86TU7","12","S","Phosphorylation"
"SETD3","Q86TU7","14","T","Phosphorylation"
"SETD3","Q86TU7","17","T","Phosphorylation"
"SETD3","Q86TU7","17","T","Phosphorylation"
"SETD3","Q86TU7","350","Y","Phosphorylation"
"SETD3","Q86TU7","513","S","Phosphorylation"
"SETD3","Q86TU7","513","S","Phosphorylation"
"SETD4","Q9NVD3","127","K","Ubiquitylation"
"SETD5","Q9C0A6","1020","S","Phosphorylation"
"SETD5","Q9C0A6","1020","S","Phosphorylation"
"SETD5","Q9C0A6","1026","S","Phosphorylation"
"SETD5","Q9C0A6","1027","S","Phosphorylation"
"SETD5","Q9C0A6","1094","S","Phosphorylation"
"SETD5","Q9C0A6","1096","S","Phosphorylation"
"SETD5","Q9C0A6","1103","S","Phosphorylation"
"SETD5","Q9C0A6","1104","S","Phosphorylation"
"SETD5","Q9C0A6","1106","S","Phosphorylation"
"SETD5","Q9C0A6","1108","S","Phosphorylation"
"SETD5","Q9C0A6","1118","S","Phosphorylation"
"SETD5","Q9C0A6","1119","S","Phosphorylation"
"SETD5","Q9C0A6","1124","S","Phosphorylation"
"SETD5","Q9C0A6","1125","S","Phosphorylation"
"SETD5","Q9C0A6","1125","S","Phosphorylation"
"SETD5","Q9C0A6","1198","S","Phosphorylation"
"SETD5","Q9C0A6","1198","S","Phosphorylation"
"SETD5","Q9C0A6","1203","S","Phosphorylation"
"SETD5","Q9C0A6","1269","S","Phosphorylation"
"SETD5","Q9C0A6","1269","S","Phosphorylation"
"SETD5","Q9C0A6","1299","Y","Phosphorylation"
"SETD5","Q9C0A6","1301","S","Phosphorylation"
"SETD5","Q9C0A6","474","T","Phosphorylation"
"SETD5","Q9C0A6","72","S","Phosphorylation"
"SETD5","Q9C0A6","72","S","Phosphorylation"
"SETD5","Q9C0A6","829","S","Phosphorylation"
"SETD5","Q9C0A6","838","Y","Phosphorylation"
"SETD5","Q9C0A6","852","S","Phosphorylation"
"SETD5","Q9C0A6","855","T","Phosphorylation"
"SETD5","Q9C0A6","890","S","Phosphorylation"
"SETD6","Q8TBK2","327","K","Ubiquitylation"
"SETD6","Q8TBK2","39","K","Ubiquitylation"
"SETD6","Q8TBK2","441","K","Ubiquitylation"
"SETD8","Q9NQR1","100","S","Phosphorylation"
"SETD8","Q9NQR1","100","S","Phosphorylation"
"SETD8","Q9NQR1","151","K","Sumoylation"
"SETD8","Q9NQR1","172","K","Sumoylation"
"SETD8","Q9NQR1","236","K","Ubiquitylation"
"SETD8","Q9NQR1","245","K","Ubiquitylation"
"SETD8","Q9NQR1","255","K","Ubiquitylation"
"SETD8","Q9NQR1","267","K","Ubiquitylation"
"SETD8","Q9NQR1","382","K","Ubiquitylation"
"SETD8","Q9NQR1","96","Y","Phosphorylation"
"SETMAR","Q53H47","325","T","Phosphorylation"
"SETMAR","Q53H47","325","T","Phosphorylation"
"SETMAR","Q53H47","328","T","Phosphorylation"
"SETMAR","Q53H47","328","T","Phosphorylation"
"SETMAR","Q53H47","330","K","Acetylation"
"SETMAR","Q53H47","335","K","Acetylation"
"SETMAR","Q53H47","378","K","Acetylation"
"SETMAR","Q53H47","495","S","Phosphorylation"
"SIRT1","Q96EB6","14","S","Phosphorylation"
"SIRT1","Q96EB6","14","S","Phosphorylation"
"SIRT1","Q96EB6","159","S","Phosphorylation"
"SIRT1","Q96EB6","16","S","Phosphorylation"
"SIRT1","Q96EB6","16","S","Phosphorylation"
"SIRT1","Q96EB6","162","S","Phosphorylation"
"SIRT1","Q96EB6","172","S","Phosphorylation"
"SIRT1","Q96EB6","172","S","Phosphorylation"
"SIRT1","Q96EB6","173","S","Phosphorylation"
"SIRT1","Q96EB6","173","S","Phosphorylation"
"SIRT1","Q96EB6","2","A","Acetylation"
"SIRT1","Q96EB6","238","K","Ubiquitylation"
"SIRT1","Q96EB6","26","S","Phosphorylation"
"SIRT1","Q96EB6","26","S","Phosphorylation"
"SIRT1","Q96EB6","27","S","Phosphorylation"
"SIRT1","Q96EB6","27","S","Phosphorylation"
"SIRT1","Q96EB6","311","K","Ubiquitylation"
"SIRT1","Q96EB6","333","S","Phosphorylation"
"SIRT1","Q96EB6","344","T","Phosphorylation"
"SIRT1","Q96EB6","47","S","Phosphorylation"
"SIRT1","Q96EB6","47","S","Phosphorylation"
"SIRT1","Q96EB6","525","S","Phosphorylation"
"SIRT1","Q96EB6","530","T","Phosphorylation"
"SIRT1","Q96EB6","530","T","Phosphorylation"
"SIRT1","Q96EB6","535","S","Phosphorylation"
"SIRT1","Q96EB6","535","S","Phosphorylation"
"SIRT1","Q96EB6","538","S","Phosphorylation"
"SIRT1","Q96EB6","539","S","Phosphorylation"
"SIRT1","Q96EB6","540","S","Phosphorylation"
"SIRT1","Q96EB6","544","T","Phosphorylation"
"SIRT1","Q96EB6","554","T","Phosphorylation"
"SIRT1","Q96EB6","569","S","Phosphorylation"
"SIRT1","Q96EB6","601","K","Ubiquitylation"
"SIRT1","Q96EB6","610","K","Ubiquitylation"
"SIRT1","Q96EB6","659","S","Phosphorylation"
"SIRT1","Q96EB6","661","S","Phosphorylation"
"SIRT1","Q96EB6","719","T","Phosphorylation"
"SIRT1","Q96EB6","719","T","Phosphorylation"
"SIRT1","Q96EB6","734","K","Sumoylation"
"SIRT1","Q96EB6","747","S","Phosphorylation"
"SIRT1","Q96EB6","747","S","Phosphorylation"
"SIRT2","Q8IXJ6","2","A","Acetylation"
"SIRT2","Q8IXJ6","23","S","Phosphorylation"
"SIRT2","Q8IXJ6","23","S","Phosphorylation"
"SIRT2","Q8IXJ6","25","S","Phosphorylation"
"SIRT2","Q8IXJ6","25","S","Phosphorylation"
"SIRT2","Q8IXJ6","27","S","Phosphorylation"
"SIRT2","Q8IXJ6","27","S","Phosphorylation"
"SIRT2","Q8IXJ6","364","S","Phosphorylation"
"SIRT2","Q8IXJ6","365","T","Phosphorylation"
"SIRT2","Q8IXJ6","366","S","Phosphorylation"
"SIRT2","Q8IXJ6","368","S","Phosphorylation"
"SIRT2","Q8IXJ6","368","S","Phosphorylation"
"SIRT2","Q8IXJ6","368","S","Phosphorylation"
"SIRT2","Q8IXJ6","372","S","Phosphorylation"
"SIRT2","Q8IXJ6","372","S","Phosphorylation"
"SIRT2","Q8IXJ6","46","S","Phosphorylation"
"SIRT2","Q8IXJ6","55","K","Ubiquitylation"
"SIRT3","Q9NTG7","101","S","Phosphorylation"
"SIRT3","Q9NTG7","103","S","Phosphorylation"
"SIRT3","Q9NTG7","105","S","Phosphorylation"
"SIRT3","Q9NTG7","114","S","Phosphorylation"
"SIRT3","Q9NTG7","117","S","Phosphorylation"
"SIRT3","Q9NTG7","118","S","Phosphorylation"
"SIRT3","Q9NTG7","391","T","Phosphorylation"
"SIRT4","Q9Y6E7","255","S","Phosphorylation"
"SIRT4","Q9Y6E7","255","S","Phosphorylation"
"SIRT4","Q9Y6E7","261","S","Phosphorylation"
"SIRT4","Q9Y6E7","261","S","Phosphorylation"
"SIRT4","Q9Y6E7","262","S","Phosphorylation"
"SIRT4","Q9Y6E7","262","S","Phosphorylation"
"SIRT5","Q9NXA8","160","S","Phosphorylation"
"SIRT6","Q8N6T7","10","S","Phosphorylation"
"SIRT6","Q8N6T7","160","K","Ubiquitylation"
"SIRT6","Q8N6T7","2","S","Acetylation"
"SIRT6","Q8N6T7","267","K","Ubiquitylation"
"SIRT6","Q8N6T7","294","T","Phosphorylation"
"SIRT6","Q8N6T7","294","T","Phosphorylation"
"SIRT6","Q8N6T7","303","S","Phosphorylation"
"SIRT6","Q8N6T7","303","S","Phosphorylation"
"SIRT6","Q8N6T7","330","S","Phosphorylation"
"SMARCA1","P28370","1021","S","Phosphorylation"
"SMARCA1","P28370","1038","K","Acetylation"
"SMARCA1","P28370","1039","K","Acetylation"
"SMARCA1","P28370","112","S","Phosphorylation"
"SMARCA1","P28370","116","S","Phosphorylation"
"SMARCA1","P28370","116","S","Phosphorylation"
"SMARCA1","P28370","118","T","Phosphorylation"
"SMARCA1","P28370","118","T","Phosphorylation"
"SMARCA1","P28370","119","S","Phosphorylation"
"SMARCA1","P28370","119","S","Phosphorylation"
"SMARCA1","P28370","179","K","Ubiquitylation"
"SMARCA1","P28370","416","Y","Phosphorylation"
"SMARCA1","P28370","427","Y","Phosphorylation"
"SMARCA1","P28370","429","K","Ubiquitylation"
"SMARCA1","P28370","662","K","Ubiquitylation"
"SMARCA1","P28370","713","S","Phosphorylation"
"SMARCA1","P28370","725","S","Phosphorylation"
"SMARCA1","P28370","725","S","Phosphorylation"
"SMARCA1","P28370","770","S","Phosphorylation"
"SMARCA1","P28370","851","K","Ubiquitylation"
"SMARCA1","P28370","954","Y","Phosphorylation"
"SMARCA1","P28370","985","Y","Phosphorylation"
"SMARCA5","O60264","113","T","Phosphorylation"
"SMARCA5","O60264","113","T","Phosphorylation"
"SMARCA5","O60264","115","T","Phosphorylation"
"SMARCA5","O60264","115","T","Phosphorylation"
"SMARCA5","O60264","116","S","Phosphorylation"
"SMARCA5","O60264","116","S","Phosphorylation"
"SMARCA5","O60264","132","K","Ubiquitylation"
"SMARCA5","O60264","137","S","Phosphorylation"
"SMARCA5","O60264","137","S","Phosphorylation"
"SMARCA5","O60264","160","K","Ubiquitylation"
"SMARCA5","O60264","176","K","Ubiquitylation"
"SMARCA5","O60264","2","S","Acetylation"
"SMARCA5","O60264","2","S","Phosphorylation"
"SMARCA5","O60264","254","T","Phosphorylation"
"SMARCA5","O60264","257","S","Phosphorylation"
"SMARCA5","O60264","418","K","Ubiquitylation"
"SMARCA5","O60264","430","K","Ubiquitylation"
"SMARCA5","O60264","440","K","Acetylation"
"SMARCA5","O60264","440","K","Acetylation"
"SMARCA5","O60264","506","S","Phosphorylation"
"SMARCA5","O60264","647","K","Ubiquitylation"
"SMARCA5","O60264","66","S","Phosphorylation"
"SMARCA5","O60264","66","S","Phosphorylation"
"SMARCA5","O60264","699","S","Phosphorylation"
"SMARCA5","O60264","699","S","Phosphorylation"
"SMARCA5","O60264","724","K","Ubiquitylation"
"SMARCA5","O60264","755","S","Phosphorylation"
"SMARCA5","O60264","755","S","Phosphorylation"
"SMARCA5","O60264","814","K","Ubiquitylation"
"SMARCA5","O60264","825","S","Phosphorylation"
"SMARCA5","O60264","83","K","Ubiquitylation"
"SMARCA5","O60264","834","K","Ubiquitylation"
"SMARCA5","O60264","836","K","Ubiquitylation"
"SMARCA5","O60264","847","K","Ubiquitylation"
"SMARCA5","O60264","99","T","Phosphorylation"
"SMARCC1","Q92922","171","Y","Phosphorylation"
"SMARCC1","Q92922","2","A","Acetylation"
"SMARCC1","Q92922","310","S","Phosphorylation"
"SMARCC1","Q92922","310","S","Phosphorylation"
"SMARCC1","Q92922","319","S","Phosphorylation"
"SMARCC1","Q92922","319","S","Phosphorylation"
"SMARCC1","Q92922","328","S","Phosphorylation"
"SMARCC1","Q92922","328","S","Phosphorylation"
"SMARCC1","Q92922","330","S","Phosphorylation"
"SMARCC1","Q92922","330","S","Phosphorylation"
"SMARCC1","Q92922","335","T","Phosphorylation"
"SMARCC1","Q92922","335","T","Phosphorylation"
"SMARCC1","Q92922","337","T","Phosphorylation"
"SMARCC1","Q92922","337","T","Phosphorylation"
"SMARCC1","Q92922","339","S","Phosphorylation"
"SMARCC1","Q92922","339","S","Phosphorylation"
"SMARCC1","Q92922","345","K","Acetylation"
"SMARCC1","Q92922","345","K","Acetylation"
"SMARCC1","Q92922","346","K","Acetylation"
"SMARCC1","Q92922","346","K","Acetylation"
"SMARCC1","Q92922","350","S","Phosphorylation"
"SMARCC1","Q92922","354","K","Acetylation"
"SMARCC1","Q92922","354","K","Acetylation"
"SMARCC1","Q92922","357","S","Phosphorylation"
"SMARCC1","Q92922","357","S","Phosphorylation"
"SMARCC1","Q92922","359","K","Acetylation"
"SMARCC1","Q92922","359","K","Acetylation"
"SMARCC1","Q92922","395","S","Phosphorylation"
"SMARCC1","Q92922","398","T","Phosphorylation"
"SMARCC1","Q92922","404","T","Phosphorylation"
"SMARCC1","Q92922","421","K","Ubiquitylation"
"SMARCC1","Q92922","428","K","Ubiquitylation"
"SMARCC1","Q92922","573","S","Phosphorylation"
"SMARCC1","Q92922","573","S","Phosphorylation"
"SMARCC1","Q92922","588","K","Ubiquitylation"
"SMARCC1","Q92922","592","K","Ubiquitylation"
"SMARCC1","Q92922","608","K","Acetylation"
"SMARCC1","Q92922","716","K","Ubiquitylation"
"SMARCC1","Q92922","822","S","Phosphorylation"
"SMARCC1","Q92922","825","S","Phosphorylation"
"SMARCC1","Q92922","829","K","Ubiquitylation"
"SMARCC1","Q92922","830","S","Phosphorylation"
"SMARCC1","Q92922","880","K","Ubiquitylation"
"SMARCC1","Q92922","882","K","Ubiquitylation"
"SMARCC1","Q92922","905","K","Ubiquitylation"
"SMARCC1","Q92922","906","K","Ubiquitylation"
"SMARCC1","Q92922","910","K","Ubiquitylation"
"SMARCC1","Q92922","925","K","Ubiquitylation"
"SMARCC1","Q92922","948","K","Ubiquitylation"
"SMARCC1","Q92922","948","K","Acetylation"
"SMARCC1","Q92922","948","K","Acetylation"
"SMARCC2","Q8TAQ2","102","S","Phosphorylation"
"SMARCC2","Q8TAQ2","1208","T","Phosphorylation"
"SMARCC2","Q8TAQ2","145","C","S-nitrosylation"
"SMARCC2","Q8TAQ2","275","K","Ubiquitylation"
"SMARCC2","Q8TAQ2","283","S","Phosphorylation"
"SMARCC2","Q8TAQ2","283","S","Phosphorylation"
"SMARCC2","Q8TAQ2","286","S","Phosphorylation"
"SMARCC2","Q8TAQ2","286","S","Phosphorylation"
"SMARCC2","Q8TAQ2","296","Y","Phosphorylation"
"SMARCC2","Q8TAQ2","296","Y","Phosphorylation"
"SMARCC2","Q8TAQ2","302","S","Phosphorylation"
"SMARCC2","Q8TAQ2","302","S","Phosphorylation"
"SMARCC2","Q8TAQ2","304","S","Phosphorylation"
"SMARCC2","Q8TAQ2","304","S","Phosphorylation"
"SMARCC2","Q8TAQ2","306","S","Phosphorylation"
"SMARCC2","Q8TAQ2","306","S","Phosphorylation"
"SMARCC2","Q8TAQ2","308","T","Phosphorylation"
"SMARCC2","Q8TAQ2","321","S","Phosphorylation"
"SMARCC2","Q8TAQ2","322","T","Phosphorylation"
"SMARCC2","Q8TAQ2","322","T","Phosphorylation"
"SMARCC2","Q8TAQ2","326","K","Acetylation"
"SMARCC2","Q8TAQ2","326","K","Acetylation"
"SMARCC2","Q8TAQ2","347","S","Phosphorylation"
"SMARCC2","Q8TAQ2","347","S","Phosphorylation"
"SMARCC2","Q8TAQ2","399","S","Phosphorylation"
"SMARCC2","Q8TAQ2","465","Y","Phosphorylation"
"SMARCC2","Q8TAQ2","548","T","Phosphorylation"
"SMARCC2","Q8TAQ2","564","K","Ubiquitylation"
"SMARCC2","Q8TAQ2","568","K","Ubiquitylation"
"SMARCC2","Q8TAQ2","694","K","Ubiquitylation"
"SMARCC2","Q8TAQ2","806","S","Phosphorylation"
"SMARCC2","Q8TAQ2","806","S","Phosphorylation"
"SMARCC2","Q8TAQ2","810","S","Phosphorylation"
"SMARCC2","Q8TAQ2","813","S","Phosphorylation"
"SMARCC2","Q8TAQ2","841","S","Phosphorylation"
"SMARCC2","Q8TAQ2","872","K","Ubiquitylation"
"SMARCC2","Q8TAQ2","874","K","Ubiquitylation"
"SMARCC2","Q8TAQ2","897","K","Ubiquitylation"
"SMARCC2","Q8TAQ2","898","K","Ubiquitylation"
"SMARCC2","Q8TAQ2","902","K","Ubiquitylation"
"SMARCC2","Q8TAQ2","940","K","Ubiquitylation"
"SMARCC2","Q8TAQ2","941","Y","Phosphorylation"
"SMARCC2","Q8TAQ2","969","S","Phosphorylation"
"SMARCD1","Q96GM5","223","K","Ubiquitylation"
"SMARCD1","Q96GM5","273","K","Ubiquitylation"
"SMARCD1","Q96GM5","386","K","Ubiquitylation"
"SMARCD1","Q96GM5","435","K","Ubiquitylation"
"SMARCD1","Q96GM5","464","K","Ubiquitylation"
"SMARCD2","Q92925","185","K","Acetylation"
"SMARCD2","Q92925","203","S","Phosphorylation"
"SMARCD2","Q92925","217","T","Phosphorylation"
"SMARCD2","Q92925","217","T","Phosphorylation"
"SMARCD2","Q92925","338","Y","Phosphorylation"
"SMARCD2","Q92925","483","T","Phosphorylation"
"SMARCD2","Q92925","483","T","Phosphorylation"
"SMARCD3","Q6STE5","162","S","Phosphorylation"
"SMARCD3","Q6STE5","175","S","Phosphorylation"
"SMARCD3","Q6STE5","178","S","Phosphorylation"
"SMARCD3","Q6STE5","178","S","Phosphorylation"
"SMARCD3","Q6STE5","189","K","Ubiquitylation"
"SMARCD3","Q6STE5","413","S","Phosphorylation"
"SMARCD3","Q6STE5","426","S","Phosphorylation"
"SMYD2","Q9NRG4","377","Y","Phosphorylation"
"SMYD3","Q9H7B4","122","K","Ubiquitylation"
"SMYD3","Q9H7B4","124","Y","Phosphorylation"
"SMYD3","Q9H7B4","239","Y","Phosphorylation"
"SMYD3","Q9H7B4","378","K","Ubiquitylation"
"SMYD3","Q9H7B4","391","K","Ubiquitylation"
"SMYD5","Q6GMV2","207","K","Ubiquitylation"
"SUV39H1","O43463","121","K","Ubiquitylation"
"SUV39H1","O43463","138","K","Ubiquitylation"
"SUV39H1","O43463","266","K","Acetylation"
"SUV39H1","O43463","391","S","Phosphorylation"
"SUV39H1","O43463","391","S","Phosphorylation"
"SUV39H2","Q9H5I1","2","A","Acetylation"
"SUV39H2","Q9H5I1","248","T","Phosphorylation"
"SUV39H2","Q9H5I1","303","T","Phosphorylation"
"SUV39H2","Q9H5I1","310","Y","Phosphorylation"
"SUV39H2","Q9H5I1","316","T","Phosphorylation"
"SUV39H2","Q9H5I1","381","S","Phosphorylation"
"SUV39H2","Q9H5I1","381","S","Phosphorylation"
"SUV39H2","Q9H5I1","382","S","Phosphorylation"
"SUV39H2","Q9H5I1","382","S","Phosphorylation"
"SUV39H2","Q9H5I1","384","S","Phosphorylation"
"SUV39H2","Q9H5I1","384","S","Phosphorylation"
"SUV39H2","Q9H5I1","388","S","Phosphorylation"
"SUV39H2","Q9H5I1","388","S","Phosphorylation"
"SUV420H1","Q4FZB7","107","S","Phosphorylation"
"SUV420H1","Q4FZB7","307","Y","Phosphorylation"
"SUV420H1","Q4FZB7","322","Y","Phosphorylation"
"SUV420H1","Q4FZB7","726","S","Phosphorylation"
"SUV420H2","Q86Y97","122","K","Ubiquitylation"
"SUV420H2","Q86Y97","416","T","Phosphorylation"
"SUV420H2","Q86Y97","422","T","Phosphorylation"
"SUV420H2","Q86Y97","449","S","Phosphorylation"
"SUV420H2","Q86Y97","452","S","Phosphorylation"
"TAF1","P21675","1138","S","Phosphorylation"
"TAF1","P21675","1150","T","Phosphorylation"
"TAF1","P21675","1154","T","Phosphorylation"
"TAF1","P21675","1155","S","Phosphorylation"
"TAF1","P21675","1158","S","Phosphorylation"
"TAF1","P21675","1360","T","Phosphorylation"
"TAF1","P21675","1366","Y","Phosphorylation"
"TAF1","P21675","137","S","Phosphorylation"
"TAF1","P21675","1391","S","Phosphorylation"
"TAF1","P21675","1680","T","Phosphorylation"
"TAF1","P21675","1826","S","Phosphorylation"
"TAF1","P21675","1826","S","Phosphorylation"
"TAF1","P21675","307","S","Phosphorylation"
"TAF1","P21675","521","T","Phosphorylation"
"TAF1","P21675","522","S","Phosphorylation"
"TAF1","P21675","524","S","Phosphorylation"
"TAF1","P21675","526","S","Phosphorylation"
"TAF1","P21675","701","K","Ubiquitylation"
"TAF1","P21675","888","Y","Phosphorylation"
"TAF1","P21675","889","Y","Phosphorylation"
"TET1","Q8NFU7","1155","S","Phosphorylation"
"TET1","Q8NFU7","1641","Y","Phosphorylation"
"TET1","Q8NFU7","871","S","Phosphorylation"
"TET2","Q6N021","1107","S","Phosphorylation"
"TET2","Q6N021","1107","S","Phosphorylation"
"TET2","Q6N021","1109","S","Phosphorylation"
"TET2","Q6N021","1114","T","Phosphorylation"
"TET2","Q6N021","1122","T","Phosphorylation"
"TET2","Q6N021","1345","Y","Phosphorylation"
"TET2","Q6N021","1345","Y","Phosphorylation"
"TET2","Q6N021","53","K","Acetylation"
"TET2","Q6N021","53","K","Acetylation"
"TET2","Q6N021","97","T","Phosphorylation"
"TET2","Q6N021","97","T","Phosphorylation"
"TET2","Q6N021","99","S","Phosphorylation"
"TET2","Q6N021","99","S","Phosphorylation"
"GTF3C4","Q9UKN8","1","M","Acetylation"
"GTF3C4","Q9UKN8","137","K","Ubiquitylation"
"GTF3C4","Q9UKN8","225","K","Ubiquitylation"
"GTF3C4","Q9UKN8","33","K","Ubiquitylation"
"GTF3C4","Q9UKN8","364","K","Ubiquitylation"
"GTF3C4","Q9UKN8","380","Y","Phosphorylation"
"GTF3C4","Q9UKN8","383","Y","Phosphorylation"
"GTF3C4","Q9UKN8","398","Y","Phosphorylation"
"GTF3C4","Q9UKN8","467","K","Ubiquitylation"
"GTF3C4","Q9UKN8","571","T","Phosphorylation"
"GTF3C4","Q9UKN8","604","S","Phosphorylation"
"GTF3C4","Q9UKN8","611","S","Phosphorylation"
"GTF3C4","Q9UKN8","611","S","Phosphorylation"
"GTF3C4","Q9UKN8","629","K","Ubiquitylation"
"GTF3C4","Q9UKN8","652","S","Phosphorylation"
"GTF3C4","Q9UKN8","807","K","Ubiquitylation"
"TFPT","P0C1Z6","145","S","Phosphorylation"
"TFPT","P0C1Z6","167","S","Phosphorylation"
"TFPT","P0C1Z6","180","S","Phosphorylation"
"TFPT","P0C1Z6","180","S","Phosphorylation"
"TFPT","P0C1Z6","188","S","Phosphorylation"
"TFPT","P0C1Z6","188","S","Phosphorylation"
"TFPT","P0C1Z6","207","T","Phosphorylation"
"TFPT","P0C1Z6","244","Y","Phosphorylation"
"TFPT","P0C1Z6","246","T","Phosphorylation"
"TFPT","P0C1Z6","249","S","Phosphorylation"
"TFPT","P0C1Z6","249","S","Phosphorylation"
"TFPT","P0C1Z6","252","S","Phosphorylation"
"TFPT","P0C1Z6","252","S","Phosphorylation"
"YY1","P25490","118","S","Phosphorylation"
"YY1","P25490","118","S","Phosphorylation"
"YY1","P25490","184","S","Phosphorylation"
"YY1","P25490","184","S","Phosphorylation"
"YY1","P25490","203","K","Ubiquitylation"
"YY1","P25490","247","S","Phosphorylation"
"YY1","P25490","247","S","Phosphorylation"
"YY1","P25490","251","Y","Phosphorylation"
"YY1","P25490","258","K","Ubiquitylation"
"YY1","P25490","288","K","Sumoylation"
"YY1","P25490","288","K","Ubiquitylation"
"YY1","P25490","348","T","Phosphorylation"
"YY1","P25490","348","T","Phosphorylation"
"YY1","P25490","365","S","Phosphorylation"
"YY1","P25490","378","T","Phosphorylation"
"YY1","P25490","378","T","Phosphorylation"
"YY1","P25490","39","T","Phosphorylation"
"UCHL5","Q9Y5K5","126","K","Ubiquitylation"
"UCHL5","Q9Y5K5","154","K","Ubiquitylation"
"UCHL5","Q9Y5K5","158","K","Ubiquitylation"
"UCHL5","Q9Y5K5","158","K","Acetylation"
"UCHL5","Q9Y5K5","158","K","Acetylation"
"UCHL5","Q9Y5K5","210","K","Ubiquitylation"
"UCHL5","Q9Y5K5","234","K","Ubiquitylation"
"UCHL5","Q9Y5K5","277","K","Ubiquitylation"
"UCHL5","Q9Y5K5","315","K","Ubiquitylation"
"UTY","O14607","1033","T","Phosphorylation"
"UTY","O14607","1038","S","Phosphorylation"
